rank_cutoff,count_2018_onward,n,share_2018_onward,wilson_low,wilson_high,binom_p_calendar,binom_p_half
10,10,10,1.0,0.7224672001371107,0.9999999999999999,5.7665039062499975e-09,0.0009765625
25,24,25,0.96,0.8045593626380625,0.9929037664980127,3.602500009950039e-19,7.748603820800781e-07
50,43,50,0.86,0.7381380628941446,0.9304916657298371,1.2293156808319795e-28,1.049338713698944e-07
100,79,100,0.79,0.7002003116591013,0.858343459380847,5.7486707846311825e-46,2.1686833167108188e-09
