rank_cutoff,count_2018_onward,n,share_2018_onward,wilson_low,wilson_high,binom_p_calendar,binom_p_half
10,10,10,1.000,0.722,1.000,0.000000000576,0.0009765625
25,24,25,0.960,0.804,0.993,0.00000000000000068,0.000000775
50,42,50,0.840,0.713,0.918,0.00000000000000000000000011,0.000000020
100,79,100,0.790,0.700,0.858,0.000000000000000000000000000000000000000000000000018,0.000000000000006
