# Generated BASE magnetogram
# x/y units: Mm; z unit: gauss; z is the magnetogram value visualized as height.
v -128.00000 -128.00000 59.22100
v -125.98425 -128.00000 6.10186
v -123.96850 -128.00000 -34.83908
v -121.95276 -128.00000 60.77303
v -119.93701 -128.00000 -63.51636
v -117.92126 -128.00000 7.96182
v -115.90551 -128.00000 -22.82402
v -113.88976 -128.00000 -15.26682
v -111.87402 -128.00000 0.25461
v -109.85827 -128.00000 3.06907
v -107.84252 -128.00000 -20.43545
v -105.82677 -128.00000 -23.03974
v -103.81102 -128.00000 17.76030
v -101.79528 -128.00000 -56.08718
v -99.77953 -128.00000 28.17865
v -97.76378 -128.00000 -14.17171
v -95.74803 -128.00000 -21.19063
v -93.73228 -128.00000 3.45297
v -91.71654 -128.00000 -26.05927
v -89.70079 -128.00000 38.08073
v -87.68504 -128.00000 1.22696
v -85.66929 -128.00000 -5.42910
v -83.65354 -128.00000 64.90641
v -81.63780 -128.00000 17.17122
v -79.62205 -128.00000 33.90890
v -77.60630 -128.00000 -8.43314
v -75.59055 -128.00000 -7.85481
v -73.57480 -128.00000 54.97477
v -71.55906 -128.00000 -2.95701
v -69.54331 -128.00000 13.19234
v -67.52756 -128.00000 -6.97209
v -65.51181 -128.00000 5.13767
v -63.49606 -128.00000 13.79661
v -61.48031 -128.00000 4.45761
v -59.46457 -128.00000 10.97350
v -57.44882 -128.00000 -6.14883
v -55.43307 -128.00000 18.83222
v -53.41732 -128.00000 30.22419
v -51.40157 -128.00000 -17.28059
v -49.38583 -128.00000 46.27907
v -47.37008 -128.00000 -42.72416
v -45.35433 -128.00000 17.26725
v -43.33858 -128.00000 -18.81676
v -41.32283 -128.00000 -7.85019
v -39.30709 -128.00000 27.78480
v -37.29134 -128.00000 -0.96975
v -35.27559 -128.00000 31.75098
v -33.25984 -128.00000 -22.11769
v -31.24409 -128.00000 49.53974
v -29.22835 -128.00000 -8.37723
v -27.21260 -128.00000 29.89036
v -25.19685 -128.00000 18.36411
v -23.18110 -128.00000 -2.44145
v -21.16535 -128.00000 -13.09626
v -19.14961 -128.00000 52.37992
v -17.13386 -128.00000 6.97165
v -15.11811 -128.00000 9.75553
v -13.10236 -128.00000 21.97978
v -11.08661 -128.00000 -26.30070
v -9.07087 -128.00000 19.06168
v -7.05512 -128.00000 15.69550
v -5.03937 -128.00000 -0.53333
v -3.02362 -128.00000 27.45258
v -1.00787 -128.00000 -40.01023
v 1.00787 -128.00000 14.89931
v 3.02362 -128.00000 35.42595
v 5.03937 -128.00000 9.23077
v 7.05512 -128.00000 38.37901
v 9.07087 -128.00000 -41.20063
v 11.08661 -128.00000 19.85476
v 13.10236 -128.00000 21.14411
v 15.11811 -128.00000 16.05329
v 17.13386 -128.00000 8.53167
v 19.14961 -128.00000 5.62650
v 21.16535 -128.00000 -12.12895
v 23.18110 -128.00000 19.08809
v 25.19685 -128.00000 1.27549
v 27.21260 -128.00000 -15.87500
v 29.22835 -128.00000 38.13976
v 31.24409 -128.00000 -3.47071
v 33.25984 -128.00000 14.43168
v 35.27559 -128.00000 23.87929
v 37.29134 -128.00000 -30.37652
v 39.30709 -128.00000 23.87409
v 41.32283 -128.00000 -27.64685
v 43.33858 -128.00000 39.53386
v 45.35433 -128.00000 -34.20993
v 47.37008 -128.00000 44.88504
v 49.38583 -128.00000 -34.09732
v 51.40157 -128.00000 -13.87787
v 53.41732 -128.00000 19.79821
v 55.43307 -128.00000 -18.37513
v 57.44882 -128.00000 38.62310
v 59.46457 -128.00000 9.76703
v 61.48031 -128.00000 17.63303
v 63.49606 -128.00000 -5.60538
v 65.51181 -128.00000 36.06186
v 67.52756 -128.00000 0.04807
v 69.54331 -128.00000 -38.29875
v 71.55906 -128.00000 53.64042
v 73.57480 -128.00000 -16.51920
v 75.59055 -128.00000 -6.99925
v 77.60630 -128.00000 15.57948
v 79.62205 -128.00000 33.84246
v 81.63780 -128.00000 -24.80427
v 83.65354 -128.00000 22.49753
v 85.66929 -128.00000 -16.61209
v 87.68504 -128.00000 -15.29434
v 89.70079 -128.00000 45.22341
v 91.71654 -128.00000 32.68232
v 93.73228 -128.00000 -32.52317
v 95.74803 -128.00000 21.97627
v 97.76378 -128.00000 -37.27429
v 99.77953 -128.00000 18.84009
v 101.79528 -128.00000 -49.72169
v 103.81102 -128.00000 -43.94316
v 105.82677 -128.00000 25.83774
v 107.84252 -128.00000 -13.04432
v 109.85827 -128.00000 -33.04529
v 111.87402 -128.00000 60.40228
v 113.88976 -128.00000 -76.11008
v 115.90551 -128.00000 60.58716
v 117.92126 -128.00000 -28.29852
v 119.93701 -128.00000 -3.75764
v 121.95276 -128.00000 20.09382
v 123.96850 -128.00000 -33.98690
v 125.98425 -128.00000 39.21096
v 128.00000 -128.00000 7.41195
v -128.00000 -125.98425 40.08514
v -125.98425 -125.98425 -5.12424
v -123.96850 -125.98425 -7.59239
v -121.95276 -125.98425 -14.53688
v -119.93701 -125.98425 13.49397
v -117.92126 -125.98425 3.74563
v -115.90551 -125.98425 -1.37592
v -113.88976 -125.98425 3.53413
v -111.87402 -125.98425 3.62659
v -109.85827 -125.98425 2.42092
v -107.84252 -125.98425 16.14400
v -105.82677 -125.98425 9.10587
v -103.81102 -125.98425 -4.57286
v -101.79528 -125.98425 10.62022
v -99.77953 -125.98425 1.58879
v -97.76378 -125.98425 4.63589
v -95.74803 -125.98425 7.93850
v -93.73228 -125.98425 4.70197
v -91.71654 -125.98425 13.02350
v -89.70079 -125.98425 18.59661
v -87.68504 -125.98425 11.94308
v -85.66929 -125.98425 2.51994
v -83.65354 -125.98425 5.54795
v -81.63780 -125.98425 11.22361
v -79.62205 -125.98425 6.07781
v -77.60630 -125.98425 -3.60190
v -75.59055 -125.98425 8.17336
v -73.57480 -125.98425 12.56164
v -71.55906 -125.98425 4.43389
v -69.54331 -125.98425 -5.82239
v -67.52756 -125.98425 3.96027
v -65.51181 -125.98425 9.33990
v -63.49606 -125.98425 6.30577
v -61.48031 -125.98425 -0.10910
v -59.46457 -125.98425 8.83324
v -57.44882 -125.98425 14.55825
v -55.43307 -125.98425 39.54974
v -53.41732 -125.98425 14.44269
v -51.40157 -125.98425 -3.03634
v -49.38583 -125.98425 -2.85126
v -47.37008 -125.98425 22.45023
v -45.35433 -125.98425 12.31923
v -43.33858 -125.98425 11.62687
v -41.32283 -125.98425 10.69196
v -39.30709 -125.98425 10.49894
v -37.29134 -125.98425 5.31187
v -35.27559 -125.98425 -1.51689
v -33.25984 -125.98425 12.72033
v -31.24409 -125.98425 5.84792
v -29.22835 -125.98425 4.26389
v -27.21260 -125.98425 8.28874
v -25.19685 -125.98425 7.04384
v -23.18110 -125.98425 10.07042
v -21.16535 -125.98425 4.16572
v -19.14961 -125.98425 0.12297
v -17.13386 -125.98425 1.16011
v -15.11811 -125.98425 12.18270
v -13.10236 -125.98425 -1.15551
v -11.08661 -125.98425 11.15790
v -9.07087 -125.98425 18.93504
v -7.05512 -125.98425 11.44201
v -5.03937 -125.98425 3.14368
v -3.02362 -125.98425 8.94285
v -1.00787 -125.98425 -6.31402
v 1.00787 -125.98425 0.89828
v 3.02362 -125.98425 10.74957
v 5.03937 -125.98425 14.34302
v 7.05512 -125.98425 5.51528
v 9.07087 -125.98425 8.29989
v 11.08661 -125.98425 2.66440
v 13.10236 -125.98425 8.08399
v 15.11811 -125.98425 13.26420
v 17.13386 -125.98425 14.87068
v 19.14961 -125.98425 2.59206
v 21.16535 -125.98425 -10.32744
v 23.18110 -125.98425 6.02568
v 25.19685 -125.98425 12.25334
v 27.21260 -125.98425 8.13653
v 29.22835 -125.98425 4.85857
v 31.24409 -125.98425 -1.29623
v 33.25984 -125.98425 4.86804
v 35.27559 -125.98425 6.43929
v 37.29134 -125.98425 8.07020
v 39.30709 -125.98425 -8.45563
v 41.32283 -125.98425 -2.55078
v 43.33858 -125.98425 19.73337
v 45.35433 -125.98425 17.11748
v 47.37008 -125.98425 -4.53896
v 49.38583 -125.98425 2.49972
v 51.40157 -125.98425 -1.18675
v 53.41732 -125.98425 -3.43548
v 55.43307 -125.98425 8.93761
v 57.44882 -125.98425 15.83566
v 59.46457 -125.98425 12.33519
v 61.48031 -125.98425 -0.90512
v 63.49606 -125.98425 -5.44328
v 65.51181 -125.98425 2.12043
v 67.52756 -125.98425 -0.83484
v 69.54331 -125.98425 5.32753
v 71.55906 -125.98425 1.52604
v 73.57480 -125.98425 -3.17941
v 75.59055 -125.98425 6.07276
v 77.60630 -125.98425 12.25599
v 79.62205 -125.98425 -0.91442
v 81.63780 -125.98425 21.92200
v 83.65354 -125.98425 -1.63909
v 85.66929 -125.98425 3.42972
v 87.68504 -125.98425 18.60190
v 89.70079 -125.98425 -1.08933
v 91.71654 -125.98425 1.38364
v 93.73228 -125.98425 2.28038
v 95.74803 -125.98425 -6.06120
v 97.76378 -125.98425 -5.96529
v 99.77953 -125.98425 6.54158
v 101.79528 -125.98425 4.61650
v 103.81102 -125.98425 1.17758
v 105.82677 -125.98425 -1.32337
v 107.84252 -125.98425 -14.67623
v 109.85827 -125.98425 1.96102
v 111.87402 -125.98425 -6.17514
v 113.88976 -125.98425 18.12323
v 115.90551 -125.98425 -10.70629
v 117.92126 -125.98425 8.57545
v 119.93701 -125.98425 0.84383
v 121.95276 -125.98425 1.51254
v 123.96850 -125.98425 -9.14123
v 125.98425 -125.98425 37.99360
v 128.00000 -125.98425 39.62613
v -128.00000 -123.96850 22.19833
v -125.98425 -123.96850 -2.81304
v -123.96850 -123.96850 6.41353
v -121.95276 -123.96850 0.14348
v -119.93701 -123.96850 -3.67338
v -117.92126 -123.96850 7.17264
v -115.90551 -123.96850 1.11979
v -113.88976 -123.96850 2.04613
v -111.87402 -123.96850 2.13105
v -109.85827 -123.96850 4.32305
v -107.84252 -123.96850 3.16247
v -105.82677 -123.96850 1.31944
v -103.81102 -123.96850 -3.64385
v -101.79528 -123.96850 11.78891
v -99.77953 -123.96850 -1.47659
v -97.76378 -123.96850 9.87663
v -95.74803 -123.96850 12.26744
v -93.73228 -123.96850 5.79370
v -91.71654 -123.96850 19.48948
v -89.70079 -123.96850 14.55648
v -87.68504 -123.96850 21.34732
v -85.66929 -123.96850 27.33657
v -83.65354 -123.96850 -8.05521
v -81.63780 -123.96850 0.97303
v -79.62205 -123.96850 8.51424
v -77.60630 -123.96850 4.86649
v -75.59055 -123.96850 22.36460
v -73.57480 -123.96850 8.11116
v -71.55906 -123.96850 4.04091
v -69.54331 -123.96850 6.28678
v -67.52756 -123.96850 0.29626
v -65.51181 -123.96850 4.31277
v -63.49606 -123.96850 7.93311
v -61.48031 -123.96850 8.52843
v -59.46457 -123.96850 7.04876
v -57.44882 -123.96850 29.45501
v -55.43307 -123.96850 40.58296
v -53.41732 -123.96850 15.91798
v -51.40157 -123.96850 18.64005
v -49.38583 -123.96850 33.56307
v -47.37008 -123.96850 32.11844
v -45.35433 -123.96850 30.20720
v -43.33858 -123.96850 10.88251
v -41.32283 -123.96850 9.14219
v -39.30709 -123.96850 4.77338
v -37.29134 -123.96850 5.41086
v -35.27559 -123.96850 7.72735
v -33.25984 -123.96850 7.93895
v -31.24409 -123.96850 1.99718
v -29.22835 -123.96850 9.77608
v -27.21260 -123.96850 9.55979
v -25.19685 -123.96850 2.91360
v -23.18110 -123.96850 8.26559
v -21.16535 -123.96850 9.14353
v -19.14961 -123.96850 2.27324
v -17.13386 -123.96850 8.10590
v -15.11811 -123.96850 4.01661
v -13.10236 -123.96850 6.07872
v -11.08661 -123.96850 5.71644
v -9.07087 -123.96850 9.67973
v -7.05512 -123.96850 15.26014
v -5.03937 -123.96850 2.99468
v -3.02362 -123.96850 -6.79320
v -1.00787 -123.96850 19.58987
v 1.00787 -123.96850 15.79556
v 3.02362 -123.96850 12.12882
v 5.03937 -123.96850 9.30598
v 7.05512 -123.96850 9.57332
v 9.07087 -123.96850 9.52766
v 11.08661 -123.96850 9.49736
v 13.10236 -123.96850 3.75626
v 15.11811 -123.96850 7.12813
v 17.13386 -123.96850 5.50045
v 19.14961 -123.96850 1.06666
v 21.16535 -123.96850 -0.30229
v 23.18110 -123.96850 2.71617
v 25.19685 -123.96850 10.59796
v 27.21260 -123.96850 12.02231
v 29.22835 -123.96850 3.92941
v 31.24409 -123.96850 6.36199
v 33.25984 -123.96850 2.20895
v 35.27559 -123.96850 3.25885
v 37.29134 -123.96850 5.44355
v 39.30709 -123.96850 5.54575
v 41.32283 -123.96850 11.73778
v 43.33858 -123.96850 9.95226
v 45.35433 -123.96850 8.74005
v 47.37008 -123.96850 -4.04901
v 49.38583 -123.96850 -2.52883
v 51.40157 -123.96850 -4.59142
v 53.41732 -123.96850 8.91419
v 55.43307 -123.96850 16.83898
v 57.44882 -123.96850 -9.78672
v 59.46457 -123.96850 3.54581
v 61.48031 -123.96850 4.01982
v 63.49606 -123.96850 9.12541
v 65.51181 -123.96850 -18.96311
v 67.52756 -123.96850 -2.57783
v 69.54331 -123.96850 31.28671
v 71.55906 -123.96850 35.32529
v 73.57480 -123.96850 11.67788
v 75.59055 -123.96850 20.64742
v 77.60630 -123.96850 4.19608
v 79.62205 -123.96850 10.62383
v 81.63780 -123.96850 13.23820
v 83.65354 -123.96850 0.25573
v 85.66929 -123.96850 6.40087
v 87.68504 -123.96850 11.45542
v 89.70079 -123.96850 5.35916
v 91.71654 -123.96850 6.74204
v 93.73228 -123.96850 -4.61652
v 95.74803 -123.96850 9.04965
v 97.76378 -123.96850 -4.26986
v 99.77953 -123.96850 2.36346
v 101.79528 -123.96850 6.06724
v 103.81102 -123.96850 12.86428
v 105.82677 -123.96850 -4.69457
v 107.84252 -123.96850 -0.48662
v 109.85827 -123.96850 -0.23824
v 111.87402 -123.96850 8.09014
v 113.88976 -123.96850 22.12556
v 115.90551 -123.96850 13.14321
v 117.92126 -123.96850 31.43880
v 119.93701 -123.96850 6.33298
v 121.95276 -123.96850 19.16280
v 123.96850 -123.96850 34.00479
v 125.98425 -123.96850 30.17166
v 128.00000 -123.96850 43.74132
v -128.00000 -121.95276 -21.59618
v -125.98425 -121.95276 -3.01537
v -123.96850 -121.95276 -1.90793
v -121.95276 -121.95276 7.55803
v -119.93701 -121.95276 0.79133
v -117.92126 -121.95276 4.96846
v -115.90551 -121.95276 2.78307
v -113.88976 -121.95276 3.12029
v -111.87402 -121.95276 11.15413
v -109.85827 -121.95276 3.52834
v -107.84252 -121.95276 0.47576
v -105.82677 -121.95276 -0.33733
v -103.81102 -121.95276 4.89788
v -101.79528 -121.95276 8.41207
v -99.77953 -121.95276 -0.33802
v -97.76378 -121.95276 16.28599
v -95.74803 -121.95276 -0.97919
v -93.73228 -121.95276 19.30597
v -91.71654 -121.95276 13.75222
v -89.70079 -121.95276 2.59409
v -87.68504 -121.95276 21.93678
v -85.66929 -121.95276 7.77535
v -83.65354 -121.95276 12.05100
v -81.63780 -121.95276 5.10105
v -79.62205 -121.95276 4.67338
v -77.60630 -121.95276 1.21864
v -75.59055 -121.95276 5.34845
v -73.57480 -121.95276 9.32967
v -71.55906 -121.95276 8.20866
v -69.54331 -121.95276 8.72511
v -67.52756 -121.95276 14.74398
v -65.51181 -121.95276 -0.75519
v -63.49606 -121.95276 7.65037
v -61.48031 -121.95276 1.90326
v -59.46457 -121.95276 13.15368
v -57.44882 -121.95276 2.06962
v -55.43307 -121.95276 8.64223
v -53.41732 -121.95276 41.42707
v -51.40157 -121.95276 67.65334
v -49.38583 -121.95276 56.68756
v -47.37008 -121.95276 45.22170
v -45.35433 -121.95276 10.95470
v -43.33858 -121.95276 18.48587
v -41.32283 -121.95276 -3.07509
v -39.30709 -121.95276 13.58766
v -37.29134 -121.95276 8.47040
v -35.27559 -121.95276 13.40172
v -33.25984 -121.95276 4.56289
v -31.24409 -121.95276 7.98068
v -29.22835 -121.95276 6.03283
v -27.21260 -121.95276 5.31364
v -25.19685 -121.95276 8.76223
v -23.18110 -121.95276 8.05761
v -21.16535 -121.95276 8.64759
v -19.14961 -121.95276 7.34266
v -17.13386 -121.95276 11.04493
v -15.11811 -121.95276 4.12042
v -13.10236 -121.95276 10.15156
v -11.08661 -121.95276 8.16979
v -9.07087 -121.95276 5.05690
v -7.05512 -121.95276 16.81883
v -5.03937 -121.95276 -16.22186
v -3.02362 -121.95276 -10.29684
v -1.00787 -121.95276 11.50187
v 1.00787 -121.95276 27.91607
v 3.02362 -121.95276 36.20712
v 5.03937 -121.95276 12.68298
v 7.05512 -121.95276 8.01902
v 9.07087 -121.95276 9.03625
v 11.08661 -121.95276 6.48051
v 13.10236 -121.95276 11.74178
v 15.11811 -121.95276 9.21203
v 17.13386 -121.95276 11.63054
v 19.14961 -121.95276 6.84402
v 21.16535 -121.95276 10.48771
v 23.18110 -121.95276 15.97737
v 25.19685 -121.95276 6.35083
v 27.21260 -121.95276 6.05351
v 29.22835 -121.95276 9.75361
v 31.24409 -121.95276 7.94873
v 33.25984 -121.95276 9.17561
v 35.27559 -121.95276 8.10541
v 37.29134 -121.95276 2.53568
v 39.30709 -121.95276 3.03812
v 41.32283 -121.95276 9.36743
v 43.33858 -121.95276 5.65473
v 45.35433 -121.95276 4.37289
v 47.37008 -121.95276 -0.81026
v 49.38583 -121.95276 15.01807
v 51.40157 -121.95276 -3.62559
v 53.41732 -121.95276 1.34869
v 55.43307 -121.95276 6.00158
v 57.44882 -121.95276 5.78215
v 59.46457 -121.95276 -10.72829
v 61.48031 -121.95276 -22.01960
v 63.49606 -121.95276 12.78940
v 65.51181 -121.95276 -2.01410
v 67.52756 -121.95276 -2.06450
v 69.54331 -121.95276 20.21095
v 71.55906 -121.95276 26.36029
v 73.57480 -121.95276 2.97180
v 75.59055 -121.95276 17.60807
v 77.60630 -121.95276 10.41143
v 79.62205 -121.95276 6.61275
v 81.63780 -121.95276 8.43033
v 83.65354 -121.95276 -1.25507
v 85.66929 -121.95276 -1.38644
v 87.68504 -121.95276 9.18077
v 89.70079 -121.95276 8.24282
v 91.71654 -121.95276 12.20418
v 93.73228 -121.95276 -6.27584
v 95.74803 -121.95276 20.40279
v 97.76378 -121.95276 3.15318
v 99.77953 -121.95276 -5.85803
v 101.79528 -121.95276 13.82738
v 103.81102 -121.95276 -1.69647
v 105.82677 -121.95276 12.24410
v 107.84252 -121.95276 -2.26775
v 109.85827 -121.95276 9.73606
v 111.87402 -121.95276 18.66291
v 113.88976 -121.95276 13.81694
v 115.90551 -121.95276 5.85526
v 117.92126 -121.95276 31.25294
v 119.93701 -121.95276 16.78110
v 121.95276 -121.95276 20.48823
v 123.96850 -121.95276 32.61793
v 125.98425 -121.95276 10.91368
v 128.00000 -121.95276 -8.27300
v -128.00000 -119.93701 -25.97077
v -125.98425 -119.93701 -1.24200
v -123.96850 -119.93701 -0.68506
v -121.95276 -119.93701 10.31095
v -119.93701 -119.93701 9.22713
v -117.92126 -119.93701 3.84590
v -115.90551 -119.93701 6.62367
v -113.88976 -119.93701 8.64641
v -111.87402 -119.93701 7.19392
v -109.85827 -119.93701 4.19738
v -107.84252 -119.93701 24.32659
v -105.82677 -119.93701 -8.55669
v -103.81102 -119.93701 2.74621
v -101.79528 -119.93701 5.64792
v -99.77953 -119.93701 4.82740
v -97.76378 -119.93701 4.13828
v -95.74803 -119.93701 3.28270
v -93.73228 -119.93701 18.05597
v -91.71654 -119.93701 17.03667
v -89.70079 -119.93701 15.53944
v -87.68504 -119.93701 5.28067
v -85.66929 -119.93701 9.23276
v -83.65354 -119.93701 11.33751
v -81.63780 -119.93701 3.07253
v -79.62205 -119.93701 8.28258
v -77.60630 -119.93701 11.31004
v -75.59055 -119.93701 -1.04596
v -73.57480 -119.93701 13.71406
v -71.55906 -119.93701 12.19829
v -69.54331 -119.93701 -3.49382
v -67.52756 -119.93701 7.80957
v -65.51181 -119.93701 2.81209
v -63.49606 -119.93701 7.73098
v -61.48031 -119.93701 4.24898
v -59.46457 -119.93701 9.07324
v -57.44882 -119.93701 31.98157
v -55.43307 -119.93701 19.99968
v -53.41732 -119.93701 43.66352
v -51.40157 -119.93701 77.34664
v -49.38583 -119.93701 64.22290
v -47.37008 -119.93701 22.59419
v -45.35433 -119.93701 8.88507
v -43.33858 -119.93701 9.82092
v -41.32283 -119.93701 0.65183
v -39.30709 -119.93701 8.54550
v -37.29134 -119.93701 13.44180
v -35.27559 -119.93701 0.50472
v -33.25984 -119.93701 13.38457
v -31.24409 -119.93701 5.55839
v -29.22835 -119.93701 7.21857
v -27.21260 -119.93701 6.27149
v -25.19685 -119.93701 7.09227
v -23.18110 -119.93701 7.15973
v -21.16535 -119.93701 5.81786
v -19.14961 -119.93701 8.51143
v -17.13386 -119.93701 8.87310
v -15.11811 -119.93701 10.25346
v -13.10236 -119.93701 6.97994
v -11.08661 -119.93701 3.62315
v -9.07087 -119.93701 8.54762
v -7.05512 -119.93701 0.69026
v -5.03937 -119.93701 18.31718
v -3.02362 -119.93701 9.15001
v -1.00787 -119.93701 21.09562
v 1.00787 -119.93701 16.38213
v 3.02362 -119.93701 5.90009
v 5.03937 -119.93701 19.63437
v 7.05512 -119.93701 9.65924
v 9.07087 -119.93701 16.21861
v 11.08661 -119.93701 4.15136
v 13.10236 -119.93701 7.45151
v 15.11811 -119.93701 2.90042
v 17.13386 -119.93701 11.19361
v 19.14961 -119.93701 7.00863
v 21.16535 -119.93701 3.48887
v 23.18110 -119.93701 6.14397
v 25.19685 -119.93701 4.24701
v 27.21260 -119.93701 10.47511
v 29.22835 -119.93701 7.29354
v 31.24409 -119.93701 7.40811
v 33.25984 -119.93701 4.03194
v 35.27559 -119.93701 8.20587
v 37.29134 -119.93701 3.09094
v 39.30709 -119.93701 6.89080
v 41.32283 -119.93701 14.28186
v 43.33858 -119.93701 2.24278
v 45.35433 -119.93701 -1.34127
v 47.37008 -119.93701 23.42750
v 49.38583 -119.93701 -1.94339
v 51.40157 -119.93701 9.91663
v 53.41732 -119.93701 6.71371
v 55.43307 -119.93701 4.31506
v 57.44882 -119.93701 20.99827
v 59.46457 -119.93701 -18.66636
v 61.48031 -119.93701 7.02244
v 63.49606 -119.93701 27.56324
v 65.51181 -119.93701 2.41985
v 67.52756 -119.93701 0.03429
v 69.54331 -119.93701 5.48096
v 71.55906 -119.93701 14.00331
v 73.57480 -119.93701 6.11004
v 75.59055 -119.93701 4.93376
v 77.60630 -119.93701 6.88343
v 79.62205 -119.93701 -6.20304
v 81.63780 -119.93701 17.84035
v 83.65354 -119.93701 -0.07041
v 85.66929 -119.93701 5.18149
v 87.68504 -119.93701 6.07406
v 89.70079 -119.93701 6.41560
v 91.71654 -119.93701 1.45797
v 93.73228 -119.93701 10.45295
v 95.74803 -119.93701 7.49335
v 97.76378 -119.93701 -11.91439
v 99.77953 -119.93701 3.68409
v 101.79528 -119.93701 1.58218
v 103.81102 -119.93701 6.28613
v 105.82677 -119.93701 7.72908
v 107.84252 -119.93701 6.01861
v 109.85827 -119.93701 10.25054
v 111.87402 -119.93701 6.76058
v 113.88976 -119.93701 14.77860
v 115.90551 -119.93701 -14.52068
v 117.92126 -119.93701 6.77224
v 119.93701 -119.93701 26.46196
v 121.95276 -119.93701 25.14419
v 123.96850 -119.93701 -0.33565
v 125.98425 -119.93701 4.03377
v 128.00000 -119.93701 34.33780
v -128.00000 -117.92126 3.56049
v -125.98425 -117.92126 13.59403
v -123.96850 -117.92126 1.69162
v -121.95276 -117.92126 9.88383
v -119.93701 -117.92126 7.53367
v -117.92126 -117.92126 5.20525
v -115.90551 -117.92126 7.40875
v -113.88976 -117.92126 12.31930
v -111.87402 -117.92126 5.45699
v -109.85827 -117.92126 12.14803
v -107.84252 -117.92126 1.70497
v -105.82677 -117.92126 4.15593
v -103.81102 -117.92126 8.00075
v -101.79528 -117.92126 7.50841
v -99.77953 -117.92126 7.70081
v -97.76378 -117.92126 8.63833
v -95.74803 -117.92126 2.13112
v -93.73228 -117.92126 8.92658
v -91.71654 -117.92126 7.96251
v -89.70079 -117.92126 6.30422
v -87.68504 -117.92126 -2.93521
v -85.66929 -117.92126 7.67868
v -83.65354 -117.92126 7.93005
v -81.63780 -117.92126 5.51224
v -79.62205 -117.92126 10.29675
v -77.60630 -117.92126 8.46809
v -75.59055 -117.92126 6.69566
v -73.57480 -117.92126 12.95368
v -71.55906 -117.92126 0.18830
v -69.54331 -117.92126 4.32769
v -67.52756 -117.92126 9.20794
v -65.51181 -117.92126 2.75098
v -63.49606 -117.92126 10.94497
v -61.48031 -117.92126 13.67667
v -59.46457 -117.92126 0.42312
v -57.44882 -117.92126 5.50665
v -55.43307 -117.92126 -5.60379
v -53.41732 -117.92126 69.62745
v -51.40157 -117.92126 94.34686
v -49.38583 -117.92126 21.24000
v -47.37008 -117.92126 -4.29069
v -45.35433 -117.92126 -6.64872
v -43.33858 -117.92126 12.06516
v -41.32283 -117.92126 4.02902
v -39.30709 -117.92126 12.47524
v -37.29134 -117.92126 8.88599
v -35.27559 -117.92126 6.39685
v -33.25984 -117.92126 17.56666
v -31.24409 -117.92126 7.99595
v -29.22835 -117.92126 7.86158
v -27.21260 -117.92126 9.97887
v -25.19685 -117.92126 7.76819
v -23.18110 -117.92126 7.31885
v -21.16535 -117.92126 3.83357
v -19.14961 -117.92126 7.75497
v -17.13386 -117.92126 10.90632
v -15.11811 -117.92126 4.38772
v -13.10236 -117.92126 8.05143
v -11.08661 -117.92126 14.23505
v -9.07087 -117.92126 23.90488
v -7.05512 -117.92126 6.56674
v -5.03937 -117.92126 17.26709
v -3.02362 -117.92126 42.62347
v -1.00787 -117.92126 54.21765
v 1.00787 -117.92126 12.37778
v 3.02362 -117.92126 11.47473
v 5.03937 -117.92126 11.92260
v 7.05512 -117.92126 15.63687
v 9.07087 -117.92126 11.25974
v 11.08661 -117.92126 4.83604
v 13.10236 -117.92126 13.57889
v 15.11811 -117.92126 13.82204
v 17.13386 -117.92126 -2.47399
v 19.14961 -117.92126 -1.41542
v 21.16535 -117.92126 8.63095
v 23.18110 -117.92126 10.43360
v 25.19685 -117.92126 14.20658
v 27.21260 -117.92126 15.04279
v 29.22835 -117.92126 10.97865
v 31.24409 -117.92126 15.61372
v 33.25984 -117.92126 5.47265
v 35.27559 -117.92126 8.33271
v 37.29134 -117.92126 11.95438
v 39.30709 -117.92126 13.90104
v 41.32283 -117.92126 9.33148
v 43.33858 -117.92126 2.19753
v 45.35433 -117.92126 4.56637
v 47.37008 -117.92126 9.25148
v 49.38583 -117.92126 4.66808
v 51.40157 -117.92126 9.76736
v 53.41732 -117.92126 15.44712
v 55.43307 -117.92126 0.67137
v 57.44882 -117.92126 4.44778
v 59.46457 -117.92126 -8.26669
v 61.48031 -117.92126 -4.16198
v 63.49606 -117.92126 4.67502
v 65.51181 -117.92126 8.00196
v 67.52756 -117.92126 12.76270
v 69.54331 -117.92126 3.66802
v 71.55906 -117.92126 8.22881
v 73.57480 -117.92126 5.69103
v 75.59055 -117.92126 8.68786
v 77.60630 -117.92126 12.66806
v 79.62205 -117.92126 13.67367
v 81.63780 -117.92126 5.14030
v 83.65354 -117.92126 3.76138
v 85.66929 -117.92126 10.18825
v 87.68504 -117.92126 16.18003
v 89.70079 -117.92126 6.72918
v 91.71654 -117.92126 8.29110
v 93.73228 -117.92126 19.10604
v 95.74803 -117.92126 15.00439
v 97.76378 -117.92126 14.52898
v 99.77953 -117.92126 8.72499
v 101.79528 -117.92126 4.81523
v 103.81102 -117.92126 10.76331
v 105.82677 -117.92126 5.20247
v 107.84252 -117.92126 11.02038
v 109.85827 -117.92126 9.03528
v 111.87402 -117.92126 11.10976
v 113.88976 -117.92126 4.38377
v 115.90551 -117.92126 3.29652
v 117.92126 -117.92126 8.69999
v 119.93701 -117.92126 16.11243
v 121.95276 -117.92126 11.66410
v 123.96850 -117.92126 18.04556
v 125.98425 -117.92126 5.20407
v 128.00000 -117.92126 -1.65087
v -128.00000 -115.90551 -5.16483
v -125.98425 -115.90551 7.40194
v -123.96850 -115.90551 1.70237
v -121.95276 -115.90551 5.42736
v -119.93701 -115.90551 7.64655
v -117.92126 -115.90551 2.57791
v -115.90551 -115.90551 4.17978
v -113.88976 -115.90551 2.37152
v -111.87402 -115.90551 9.82652
v -109.85827 -115.90551 9.06575
v -107.84252 -115.90551 3.06590
v -105.82677 -115.90551 10.48808
v -103.81102 -115.90551 5.63231
v -101.79528 -115.90551 3.89023
v -99.77953 -115.90551 10.60155
v -97.76378 -115.90551 9.47776
v -95.74803 -115.90551 12.60068
v -93.73228 -115.90551 6.68310
v -91.71654 -115.90551 8.64452
v -89.70079 -115.90551 9.06133
v -87.68504 -115.90551 1.97362
v -85.66929 -115.90551 6.11225
v -83.65354 -115.90551 5.78758
v -81.63780 -115.90551 5.63866
v -79.62205 -115.90551 7.65112
v -77.60630 -115.90551 5.27487
v -75.59055 -115.90551 10.71559
v -73.57480 -115.90551 5.55827
v -71.55906 -115.90551 5.37520
v -69.54331 -115.90551 8.45925
v -67.52756 -115.90551 5.70342
v -65.51181 -115.90551 7.60040
v -63.49606 -115.90551 21.56259
v -61.48031 -115.90551 -1.01145
v -59.46457 -115.90551 3.37826
v -57.44882 -115.90551 32.71063
v -55.43307 -115.90551 2.10121
v -53.41732 -115.90551 18.78803
v -51.40157 -115.90551 24.35494
v -49.38583 -115.90551 10.00275
v -47.37008 -115.90551 -0.21632
v -45.35433 -115.90551 9.02549
v -43.33858 -115.90551 10.02435
v -41.32283 -115.90551 6.01095
v -39.30709 -115.90551 8.75952
v -37.29134 -115.90551 2.44071
v -35.27559 -115.90551 -0.30690
v -33.25984 -115.90551 6.83695
v -31.24409 -115.90551 7.58374
v -29.22835 -115.90551 9.70852
v -27.21260 -115.90551 7.64510
v -25.19685 -115.90551 5.51470
v -23.18110 -115.90551 8.97854
v -21.16535 -115.90551 9.97937
v -19.14961 -115.90551 8.75593
v -17.13386 -115.90551 3.41660
v -15.11811 -115.90551 7.96645
v -13.10236 -115.90551 6.14714
v -11.08661 -115.90551 14.17343
v -9.07087 -115.90551 2.70172
v -7.05512 -115.90551 19.06287
v -5.03937 -115.90551 36.97986
v -3.02362 -115.90551 44.59560
v -1.00787 -115.90551 7.03519
v 1.00787 -115.90551 26.87773
v 3.02362 -115.90551 3.38445
v 5.03937 -115.90551 13.73648
v 7.05512 -115.90551 9.61978
v 9.07087 -115.90551 11.09204
v 11.08661 -115.90551 16.46104
v 13.10236 -115.90551 10.42945
v 15.11811 -115.90551 37.45279
v 17.13386 -115.90551 35.25200
v 19.14961 -115.90551 7.52498
v 21.16535 -115.90551 10.74775
v 23.18110 -115.90551 20.71026
v 25.19685 -115.90551 17.25376
v 27.21260 -115.90551 11.18491
v 29.22835 -115.90551 7.42399
v 31.24409 -115.90551 3.15596
v 33.25984 -115.90551 5.31129
v 35.27559 -115.90551 8.98580
v 37.29134 -115.90551 6.58369
v 39.30709 -115.90551 5.93164
v 41.32283 -115.90551 11.31642
v 43.33858 -115.90551 20.97441
v 45.35433 -115.90551 5.71541
v 47.37008 -115.90551 -0.88994
v 49.38583 -115.90551 3.31618
v 51.40157 -115.90551 17.69080
v 53.41732 -115.90551 3.38223
v 55.43307 -115.90551 8.19432
v 57.44882 -115.90551 5.32347
v 59.46457 -115.90551 -1.10178
v 61.48031 -115.90551 2.15954
v 63.49606 -115.90551 5.34310
v 65.51181 -115.90551 4.19779
v 67.52756 -115.90551 8.21402
v 69.54331 -115.90551 6.78640
v 71.55906 -115.90551 7.54429
v 73.57480 -115.90551 2.41198
v 75.59055 -115.90551 0.52823
v 77.60630 -115.90551 6.19166
v 79.62205 -115.90551 2.78769
v 81.63780 -115.90551 11.63564
v 83.65354 -115.90551 12.50723
v 85.66929 -115.90551 3.34821
v 87.68504 -115.90551 10.01454
v 89.70079 -115.90551 3.87806
v 91.71654 -115.90551 -8.96990
v 93.73228 -115.90551 -1.24966
v 95.74803 -115.90551 16.72012
v 97.76378 -115.90551 23.73807
v 99.77953 -115.90551 35.43807
v 101.79528 -115.90551 18.10319
v 103.81102 -115.90551 -0.38890
v 105.82677 -115.90551 7.81545
v 107.84252 -115.90551 7.63491
v 109.85827 -115.90551 9.35466
v 111.87402 -115.90551 10.73967
v 113.88976 -115.90551 5.40795
v 115.90551 -115.90551 10.70530
v 117.92126 -115.90551 8.24075
v 119.93701 -115.90551 14.66472
v 121.95276 -115.90551 -2.43982
v 123.96850 -115.90551 7.62135
v 125.98425 -115.90551 16.08928
v 128.00000 -115.90551 15.14118
v -128.00000 -113.88976 10.98237
v -125.98425 -113.88976 13.89926
v -123.96850 -113.88976 4.97546
v -121.95276 -113.88976 10.59617
v -119.93701 -113.88976 9.09919
v -117.92126 -113.88976 7.01586
v -115.90551 -113.88976 9.69431
v -113.88976 -113.88976 9.82274
v -111.87402 -113.88976 9.49820
v -109.85827 -113.88976 3.15943
v -107.84252 -113.88976 7.86623
v -105.82677 -113.88976 11.17207
v -103.81102 -113.88976 6.27243
v -101.79528 -113.88976 7.23476
v -99.77953 -113.88976 4.52757
v -97.76378 -113.88976 3.64083
v -95.74803 -113.88976 7.60652
v -93.73228 -113.88976 6.32471
v -91.71654 -113.88976 7.37475
v -89.70079 -113.88976 7.39012
v -87.68504 -113.88976 7.31021
v -85.66929 -113.88976 8.73013
v -83.65354 -113.88976 6.03236
v -81.63780 -113.88976 8.08773
v -79.62205 -113.88976 6.78520
v -77.60630 -113.88976 7.95412
v -75.59055 -113.88976 9.20456
v -73.57480 -113.88976 5.21881
v -71.55906 -113.88976 12.12700
v -69.54331 -113.88976 5.99119
v -67.52756 -113.88976 5.23893
v -65.51181 -113.88976 8.16883
v -63.49606 -113.88976 6.40993
v -61.48031 -113.88976 2.41500
v -59.46457 -113.88976 18.10648
v -57.44882 -113.88976 0.92037
v -55.43307 -113.88976 11.82635
v -53.41732 -113.88976 13.23698
v -51.40157 -113.88976 13.09414
v -49.38583 -113.88976 -0.63896
v -47.37008 -113.88976 -1.85891
v -45.35433 -113.88976 9.09879
v -43.33858 -113.88976 8.12185
v -41.32283 -113.88976 8.61712
v -39.30709 -113.88976 7.84237
v -37.29134 -113.88976 11.87809
v -35.27559 -113.88976 6.52218
v -33.25984 -113.88976 6.42426
v -31.24409 -113.88976 9.05582
v -29.22835 -113.88976 8.39354
v -27.21260 -113.88976 6.84038
v -25.19685 -113.88976 10.64721
v -23.18110 -113.88976 4.35387
v -21.16535 -113.88976 4.54770
v -19.14961 -113.88976 8.97629
v -17.13386 -113.88976 9.91059
v -15.11811 -113.88976 19.48899
v -13.10236 -113.88976 6.73108
v -11.08661 -113.88976 7.97946
v -9.07087 -113.88976 11.40528
v -7.05512 -113.88976 8.17960
v -5.03937 -113.88976 24.86309
v -3.02362 -113.88976 20.99830
v -1.00787 -113.88976 -10.99556
v 1.00787 -113.88976 10.13041
v 3.02362 -113.88976 12.05710
v 5.03937 -113.88976 16.79908
v 7.05512 -113.88976 15.26960
v 9.07087 -113.88976 10.43096
v 11.08661 -113.88976 18.73025
v 13.10236 -113.88976 25.45891
v 15.11811 -113.88976 31.60283
v 17.13386 -113.88976 30.80099
v 19.14961 -113.88976 53.26675
v 21.16535 -113.88976 30.93075
v 23.18110 -113.88976 32.19573
v 25.19685 -113.88976 21.48421
v 27.21260 -113.88976 11.22063
v 29.22835 -113.88976 12.71868
v 31.24409 -113.88976 6.54378
v 33.25984 -113.88976 21.91781
v 35.27559 -113.88976 6.23266
v 37.29134 -113.88976 5.25427
v 39.30709 -113.88976 10.29457
v 41.32283 -113.88976 13.56622
v 43.33858 -113.88976 16.69546
v 45.35433 -113.88976 -0.76918
v 47.37008 -113.88976 3.81641
v 49.38583 -113.88976 -2.52541
v 51.40157 -113.88976 9.21616
v 53.41732 -113.88976 5.59142
v 55.43307 -113.88976 12.53028
v 57.44882 -113.88976 10.24756
v 59.46457 -113.88976 0.57182
v 61.48031 -113.88976 -0.40621
v 63.49606 -113.88976 9.55603
v 65.51181 -113.88976 10.43635
v 67.52756 -113.88976 10.43278
v 69.54331 -113.88976 5.75959
v 71.55906 -113.88976 7.53836
v 73.57480 -113.88976 7.99189
v 75.59055 -113.88976 7.67240
v 77.60630 -113.88976 6.89600
v 79.62205 -113.88976 6.48042
v 81.63780 -113.88976 8.85961
v 83.65354 -113.88976 4.27862
v 85.66929 -113.88976 5.74735
v 87.68504 -113.88976 10.83612
v 89.70079 -113.88976 7.43651
v 91.71654 -113.88976 0.02873
v 93.73228 -113.88976 7.97804
v 95.74803 -113.88976 18.29402
v 97.76378 -113.88976 1.56943
v 99.77953 -113.88976 15.67411
v 101.79528 -113.88976 -0.60729
v 103.81102 -113.88976 3.10594
v 105.82677 -113.88976 8.34447
v 107.84252 -113.88976 3.02306
v 109.85827 -113.88976 8.43668
v 111.87402 -113.88976 11.10470
v 113.88976 -113.88976 6.62644
v 115.90551 -113.88976 8.53379
v 117.92126 -113.88976 9.36876
v 119.93701 -113.88976 13.61763
v 121.95276 -113.88976 4.49243
v 123.96850 -113.88976 11.43224
v 125.98425 -113.88976 4.11965
v 128.00000 -113.88976 17.12205
v -128.00000 -111.87402 36.01274
v -125.98425 -111.87402 20.54123
v -123.96850 -111.87402 7.75771
v -121.95276 -111.87402 12.99488
v -119.93701 -111.87402 3.98850
v -117.92126 -111.87402 5.48714
v -115.90551 -111.87402 9.14986
v -113.88976 -111.87402 1.04360
v -111.87402 -111.87402 9.79426
v -109.85827 -111.87402 5.78609
v -107.84252 -111.87402 6.68590
v -105.82677 -111.87402 7.95962
v -103.81102 -111.87402 6.52508
v -101.79528 -111.87402 8.12589
v -99.77953 -111.87402 5.45052
v -97.76378 -111.87402 8.28900
v -95.74803 -111.87402 5.22427
v -93.73228 -111.87402 7.49240
v -91.71654 -111.87402 7.41073
v -89.70079 -111.87402 5.75749
v -87.68504 -111.87402 7.89155
v -85.66929 -111.87402 7.52430
v -83.65354 -111.87402 6.27822
v -81.63780 -111.87402 8.21280
v -79.62205 -111.87402 7.56383
v -77.60630 -111.87402 7.69460
v -75.59055 -111.87402 9.45139
v -73.57480 -111.87402 9.67687
v -71.55906 -111.87402 7.98477
v -69.54331 -111.87402 11.01714
v -67.52756 -111.87402 2.31336
v -65.51181 -111.87402 6.55174
v -63.49606 -111.87402 5.75824
v -61.48031 -111.87402 8.75795
v -59.46457 -111.87402 7.79168
v -57.44882 -111.87402 2.72443
v -55.43307 -111.87402 11.27413
v -53.41732 -111.87402 1.57822
v -51.40157 -111.87402 12.15397
v -49.38583 -111.87402 -0.23613
v -47.37008 -111.87402 11.43126
v -45.35433 -111.87402 7.46534
v -43.33858 -111.87402 5.50493
v -41.32283 -111.87402 8.67931
v -39.30709 -111.87402 7.98808
v -37.29134 -111.87402 9.65099
v -35.27559 -111.87402 7.26796
v -33.25984 -111.87402 6.79115
v -31.24409 -111.87402 10.14778
v -29.22835 -111.87402 7.46193
v -27.21260 -111.87402 7.45579
v -25.19685 -111.87402 8.77615
v -23.18110 -111.87402 7.68704
v -21.16535 -111.87402 11.70756
v -19.14961 -111.87402 5.13973
v -17.13386 -111.87402 5.60840
v -15.11811 -111.87402 28.07210
v -13.10236 -111.87402 21.21053
v -11.08661 -111.87402 7.43093
v -9.07087 -111.87402 11.08489
v -7.05512 -111.87402 0.97435
v -5.03937 -111.87402 39.53219
v -3.02362 -111.87402 19.96608
v -1.00787 -111.87402 0.01702
v 1.00787 -111.87402 -6.78955
v 3.02362 -111.87402 11.30894
v 5.03937 -111.87402 5.46524
v 7.05512 -111.87402 37.11502
v 9.07087 -111.87402 20.52568
v 11.08661 -111.87402 25.79694
v 13.10236 -111.87402 6.24015
v 15.11811 -111.87402 58.40268
v 17.13386 -111.87402 68.08403
v 19.14961 -111.87402 62.32928
v 21.16535 -111.87402 37.26335
v 23.18110 -111.87402 62.09703
v 25.19685 -111.87402 36.24361
v 27.21260 -111.87402 12.71771
v 29.22835 -111.87402 16.13379
v 31.24409 -111.87402 12.80196
v 33.25984 -111.87402 23.02562
v 35.27559 -111.87402 6.23154
v 37.29134 -111.87402 9.42551
v 39.30709 -111.87402 9.06697
v 41.32283 -111.87402 9.62893
v 43.33858 -111.87402 0.50405
v 45.35433 -111.87402 9.68952
v 47.37008 -111.87402 8.55415
v 49.38583 -111.87402 1.49082
v 51.40157 -111.87402 9.98585
v 53.41732 -111.87402 10.98326
v 55.43307 -111.87402 7.78243
v 57.44882 -111.87402 1.44147
v 59.46457 -111.87402 11.73830
v 61.48031 -111.87402 -5.71226
v 63.49606 -111.87402 6.10535
v 65.51181 -111.87402 6.07819
v 67.52756 -111.87402 8.81953
v 69.54331 -111.87402 7.70092
v 71.55906 -111.87402 5.04103
v 73.57480 -111.87402 5.40519
v 75.59055 -111.87402 6.25251
v 77.60630 -111.87402 5.31393
v 79.62205 -111.87402 7.99259
v 81.63780 -111.87402 1.52692
v 83.65354 -111.87402 7.65852
v 85.66929 -111.87402 6.97441
v 87.68504 -111.87402 8.26919
v 89.70079 -111.87402 9.14215
v 91.71654 -111.87402 10.72482
v 93.73228 -111.87402 12.68646
v 95.74803 -111.87402 4.49803
v 97.76378 -111.87402 -34.57061
v 99.77953 -111.87402 -25.02479
v 101.79528 -111.87402 7.45287
v 103.81102 -111.87402 10.79743
v 105.82677 -111.87402 6.60229
v 107.84252 -111.87402 13.30093
v 109.85827 -111.87402 7.92851
v 111.87402 -111.87402 7.49613
v 113.88976 -111.87402 10.41272
v 115.90551 -111.87402 7.91692
v 117.92126 -111.87402 6.44452
v 119.93701 -111.87402 9.60819
v 121.95276 -111.87402 5.76078
v 123.96850 -111.87402 3.08611
v 125.98425 -111.87402 3.49008
v 128.00000 -111.87402 35.57238
v -128.00000 -109.85827 26.86086
v -125.98425 -109.85827 10.35328
v -123.96850 -109.85827 -2.57949
v -121.95276 -109.85827 -0.70689
v -119.93701 -109.85827 7.91494
v -117.92126 -109.85827 12.13529
v -115.90551 -109.85827 6.00446
v -113.88976 -109.85827 3.64411
v -111.87402 -109.85827 5.46882
v -109.85827 -109.85827 2.35403
v -107.84252 -109.85827 6.69383
v -105.82677 -109.85827 7.28977
v -103.81102 -109.85827 6.06358
v -101.79528 -109.85827 9.33431
v -99.77953 -109.85827 5.48953
v -97.76378 -109.85827 5.96226
v -95.74803 -109.85827 7.85669
v -93.73228 -109.85827 5.64324
v -91.71654 -109.85827 6.78443
v -89.70079 -109.85827 8.90569
v -87.68504 -109.85827 4.88552
v -85.66929 -109.85827 7.40913
v -83.65354 -109.85827 9.42128
v -81.63780 -109.85827 5.87374
v -79.62205 -109.85827 8.47647
v -77.60630 -109.85827 6.01733
v -75.59055 -109.85827 10.49320
v -73.57480 -109.85827 6.62693
v -71.55906 -109.85827 10.80326
v -69.54331 -109.85827 21.22581
v -67.52756 -109.85827 3.42212
v -65.51181 -109.85827 8.19470
v -63.49606 -109.85827 15.46178
v -61.48031 -109.85827 5.56776
v -59.46457 -109.85827 9.58079
v -57.44882 -109.85827 2.90058
v -55.43307 -109.85827 7.41729
v -53.41732 -109.85827 9.42606
v -51.40157 -109.85827 10.19795
v -49.38583 -109.85827 0.09909
v -47.37008 -109.85827 6.24692
v -45.35433 -109.85827 6.50431
v -43.33858 -109.85827 8.62960
v -41.32283 -109.85827 9.98738
v -39.30709 -109.85827 9.03845
v -37.29134 -109.85827 7.49596
v -35.27559 -109.85827 8.34181
v -33.25984 -109.85827 8.33286
v -31.24409 -109.85827 7.30374
v -29.22835 -109.85827 6.52738
v -27.21260 -109.85827 10.63285
v -25.19685 -109.85827 6.18693
v -23.18110 -109.85827 8.73303
v -21.16535 -109.85827 6.77788
v -19.14961 -109.85827 2.75838
v -17.13386 -109.85827 -4.26545
v -15.11811 -109.85827 8.30894
v -13.10236 -109.85827 7.77043
v -11.08661 -109.85827 6.28962
v -9.07087 -109.85827 2.55854
v -7.05512 -109.85827 -14.66009
v -5.03937 -109.85827 12.15806
v -3.02362 -109.85827 12.82396
v -1.00787 -109.85827 7.95623
v 1.00787 -109.85827 9.14316
v 3.02362 -109.85827 5.03357
v 5.03937 -109.85827 1.30098
v 7.05512 -109.85827 15.82453
v 9.07087 -109.85827 14.05331
v 11.08661 -109.85827 14.46706
v 13.10236 -109.85827 21.17840
v 15.11811 -109.85827 36.02861
v 17.13386 -109.85827 11.53454
v 19.14961 -109.85827 21.26910
v 21.16535 -109.85827 14.46810
v 23.18110 -109.85827 26.60648
v 25.19685 -109.85827 3.71940
v 27.21260 -109.85827 12.47917
v 29.22835 -109.85827 2.99672
v 31.24409 -109.85827 1.06300
v 33.25984 -109.85827 14.19834
v 35.27559 -109.85827 7.76650
v 37.29134 -109.85827 17.60428
v 39.30709 -109.85827 7.30170
v 41.32283 -109.85827 3.12494
v 43.33858 -109.85827 -4.01132
v 45.35433 -109.85827 8.07533
v 47.37008 -109.85827 14.72252
v 49.38583 -109.85827 8.12113
v 51.40157 -109.85827 7.80934
v 53.41732 -109.85827 8.98961
v 55.43307 -109.85827 2.78865
v 57.44882 -109.85827 12.26765
v 59.46457 -109.85827 -6.33225
v 61.48031 -109.85827 2.19937
v 63.49606 -109.85827 10.56652
v 65.51181 -109.85827 7.53915
v 67.52756 -109.85827 7.20633
v 69.54331 -109.85827 7.85006
v 71.55906 -109.85827 3.94549
v 73.57480 -109.85827 5.96421
v 75.59055 -109.85827 10.08742
v 77.60630 -109.85827 12.93487
v 79.62205 -109.85827 3.79915
v 81.63780 -109.85827 10.83649
v 83.65354 -109.85827 5.59637
v 85.66929 -109.85827 6.68852
v 87.68504 -109.85827 7.03090
v 89.70079 -109.85827 6.68424
v 91.71654 -109.85827 4.48256
v 93.73228 -109.85827 2.05128
v 95.74803 -109.85827 12.11582
v 97.76378 -109.85827 -16.34294
v 99.77953 -109.85827 -18.00017
v 101.79528 -109.85827 -4.98183
v 103.81102 -109.85827 10.55363
v 105.82677 -109.85827 8.17694
v 107.84252 -109.85827 9.11080
v 109.85827 -109.85827 10.48991
v 111.87402 -109.85827 9.33006
v 113.88976 -109.85827 7.56429
v 115.90551 -109.85827 9.05285
v 117.92126 -109.85827 12.46537
v 119.93701 -109.85827 7.69435
v 121.95276 -109.85827 7.83617
v 123.96850 -109.85827 2.42030
v 125.98425 -109.85827 9.35850
v 128.00000 -109.85827 41.09732
v -128.00000 -107.84252 -6.52646
v -125.98425 -107.84252 4.97304
v -123.96850 -107.84252 -9.39743
v -121.95276 -107.84252 -10.97928
v -119.93701 -107.84252 2.10698
v -117.92126 -107.84252 3.33571
v -115.90551 -107.84252 0.68755
v -113.88976 -107.84252 5.28697
v -111.87402 -107.84252 9.63195
v -109.85827 -107.84252 6.67330
v -107.84252 -107.84252 10.58332
v -105.82677 -107.84252 2.28664
v -103.81102 -107.84252 9.04657
v -101.79528 -107.84252 1.15164
v -99.77953 -107.84252 12.07515
v -97.76378 -107.84252 7.12608
v -95.74803 -107.84252 4.96363
v -93.73228 -107.84252 5.55324
v -91.71654 -107.84252 7.51850
v -89.70079 -107.84252 5.17651
v -87.68504 -107.84252 5.94157
v -85.66929 -107.84252 9.43211
v -83.65354 -107.84252 7.13000
v -81.63780 -107.84252 7.41649
v -79.62205 -107.84252 7.35675
v -77.60630 -107.84252 11.00326
v -75.59055 -107.84252 10.24065
v -73.57480 -107.84252 2.19162
v -71.55906 -107.84252 12.02126
v -69.54331 -107.84252 5.48639
v -67.52756 -107.84252 7.82266
v -65.51181 -107.84252 10.17583
v -63.49606 -107.84252 15.65532
v -61.48031 -107.84252 15.07250
v -59.46457 -107.84252 4.91762
v -57.44882 -107.84252 7.75741
v -55.43307 -107.84252 6.26148
v -53.41732 -107.84252 6.75232
v -51.40157 -107.84252 11.48364
v -49.38583 -107.84252 6.49611
v -47.37008 -107.84252 5.70170
v -45.35433 -107.84252 7.63389
v -43.33858 -107.84252 7.00054
v -41.32283 -107.84252 5.84247
v -39.30709 -107.84252 8.15157
v -37.29134 -107.84252 7.85761
v -35.27559 -107.84252 8.60186
v -33.25984 -107.84252 4.16505
v -31.24409 -107.84252 8.49813
v -29.22835 -107.84252 5.37249
v -27.21260 -107.84252 7.41951
v -25.19685 -107.84252 10.62878
v -23.18110 -107.84252 1.37602
v -21.16535 -107.84252 14.75809
v -19.14961 -107.84252 -2.38836
v -17.13386 -107.84252 3.76173
v -15.11811 -107.84252 16.52984
v -13.10236 -107.84252 8.46651
v -11.08661 -107.84252 11.59682
v -9.07087 -107.84252 15.93719
v -7.05512 -107.84252 4.60002
v -5.03937 -107.84252 6.51860
v -3.02362 -107.84252 9.03651
v -1.00787 -107.84252 11.72047
v 1.00787 -107.84252 11.91535
v 3.02362 -107.84252 4.79079
v 5.03937 -107.84252 12.13615
v 7.05512 -107.84252 8.98017
v 9.07087 -107.84252 11.46662
v 11.08661 -107.84252 2.76075
v 13.10236 -107.84252 11.12909
v 15.11811 -107.84252 21.25838
v 17.13386 -107.84252 18.98719
v 19.14961 -107.84252 12.95293
v 21.16535 -107.84252 12.28463
v 23.18110 -107.84252 4.63721
v 25.19685 -107.84252 4.55354
v 27.21260 -107.84252 4.16867
v 29.22835 -107.84252 3.64079
v 31.24409 -107.84252 7.48000
v 33.25984 -107.84252 6.97940
v 35.27559 -107.84252 6.86912
v 37.29134 -107.84252 3.86160
v 39.30709 -107.84252 8.48903
v 41.32283 -107.84252 2.17481
v 43.33858 -107.84252 6.37669
v 45.35433 -107.84252 6.62958
v 47.37008 -107.84252 -0.25281
v 49.38583 -107.84252 5.36420
v 51.40157 -107.84252 10.85513
v 53.41732 -107.84252 0.20591
v 55.43307 -107.84252 8.10791
v 57.44882 -107.84252 9.29346
v 59.46457 -107.84252 5.59661
v 61.48031 -107.84252 12.28169
v 63.49606 -107.84252 4.36519
v 65.51181 -107.84252 8.79291
v 67.52756 -107.84252 11.86978
v 69.54331 -107.84252 5.64029
v 71.55906 -107.84252 3.94496
v 73.57480 -107.84252 7.04490
v 75.59055 -107.84252 9.82486
v 77.60630 -107.84252 6.06656
v 79.62205 -107.84252 4.64601
v 81.63780 -107.84252 11.51004
v 83.65354 -107.84252 1.96443
v 85.66929 -107.84252 9.71042
v 87.68504 -107.84252 5.69231
v 89.70079 -107.84252 10.42959
v 91.71654 -107.84252 7.29652
v 93.73228 -107.84252 12.72874
v 95.74803 -107.84252 -5.15644
v 97.76378 -107.84252 -8.54384
v 99.77953 -107.84252 21.12717
v 101.79528 -107.84252 9.53211
v 103.81102 -107.84252 5.69974
v 105.82677 -107.84252 7.36994
v 107.84252 -107.84252 7.65849
v 109.85827 -107.84252 9.13052
v 111.87402 -107.84252 6.72651
v 113.88976 -107.84252 9.20713
v 115.90551 -107.84252 7.18423
v 117.92126 -107.84252 6.21506
v 119.93701 -107.84252 5.68009
v 121.95276 -107.84252 4.73101
v 123.96850 -107.84252 6.90552
v 125.98425 -107.84252 15.01953
v 128.00000 -107.84252 -8.71751
v -128.00000 -105.82677 40.33142
v -125.98425 -105.82677 11.02363
v -123.96850 -105.82677 3.04795
v -121.95276 -105.82677 24.06784
v -119.93701 -105.82677 -7.83360
v -117.92126 -105.82677 -5.01488
v -115.90551 -105.82677 7.74695
v -113.88976 -105.82677 8.87164
v -111.87402 -105.82677 -1.06421
v -109.85827 -105.82677 4.97898
v -107.84252 -105.82677 4.61348
v -105.82677 -105.82677 -6.40374
v -103.81102 -105.82677 4.74860
v -101.79528 -105.82677 1.25913
v -99.77953 -105.82677 5.75484
v -97.76378 -105.82677 10.62945
v -95.74803 -105.82677 11.47080
v -93.73228 -105.82677 7.01483
v -91.71654 -105.82677 5.03162
v -89.70079 -105.82677 7.86310
v -87.68504 -105.82677 9.36633
v -85.66929 -105.82677 6.92595
v -83.65354 -105.82677 5.15850
v -81.63780 -105.82677 6.54078
v -79.62205 -105.82677 8.59738
v -77.60630 -105.82677 12.21516
v -75.59055 -105.82677 5.69191
v -73.57480 -105.82677 10.76511
v -71.55906 -105.82677 1.93573
v -69.54331 -105.82677 16.02584
v -67.52756 -105.82677 41.21950
v -65.51181 -105.82677 8.92785
v -63.49606 -105.82677 8.61777
v -61.48031 -105.82677 8.21016
v -59.46457 -105.82677 6.75117
v -57.44882 -105.82677 6.52924
v -55.43307 -105.82677 11.67675
v -53.41732 -105.82677 10.43099
v -51.40157 -105.82677 7.41161
v -49.38583 -105.82677 8.56825
v -47.37008 -105.82677 9.05731
v -45.35433 -105.82677 6.79449
v -43.33858 -105.82677 10.58732
v -41.32283 -105.82677 6.73134
v -39.30709 -105.82677 4.82510
v -37.29134 -105.82677 8.92438
v -35.27559 -105.82677 9.06656
v -33.25984 -105.82677 -0.97217
v -31.24409 -105.82677 8.94120
v -29.22835 -105.82677 9.26526
v -27.21260 -105.82677 8.88645
v -25.19685 -105.82677 3.12392
v -23.18110 -105.82677 3.98559
v -21.16535 -105.82677 8.14316
v -19.14961 -105.82677 11.00624
v -17.13386 -105.82677 13.48613
v -15.11811 -105.82677 4.12781
v -13.10236 -105.82677 4.43027
v -11.08661 -105.82677 15.93208
v -9.07087 -105.82677 9.80701
v -7.05512 -105.82677 9.97890
v -5.03937 -105.82677 11.76715
v -3.02362 -105.82677 10.05766
v -1.00787 -105.82677 12.94824
v 1.00787 -105.82677 3.75635
v 3.02362 -105.82677 1.84300
v 5.03937 -105.82677 13.13999
v 7.05512 -105.82677 2.38565
v 9.07087 -105.82677 9.51390
v 11.08661 -105.82677 2.96812
v 13.10236 -105.82677 7.20600
v 15.11811 -105.82677 7.58520
v 17.13386 -105.82677 10.88545
v 19.14961 -105.82677 8.92932
v 21.16535 -105.82677 8.64624
v 23.18110 -105.82677 3.49692
v 25.19685 -105.82677 12.44863
v 27.21260 -105.82677 3.11641
v 29.22835 -105.82677 6.09951
v 31.24409 -105.82677 7.79110
v 33.25984 -105.82677 8.26506
v 35.27559 -105.82677 6.81168
v 37.29134 -105.82677 9.70708
v 39.30709 -105.82677 9.35464
v 41.32283 -105.82677 1.44467
v 43.33858 -105.82677 8.73734
v 45.35433 -105.82677 9.27563
v 47.37008 -105.82677 8.01703
v 49.38583 -105.82677 8.60458
v 51.40157 -105.82677 16.20249
v 53.41732 -105.82677 6.06063
v 55.43307 -105.82677 5.38021
v 57.44882 -105.82677 4.78714
v 59.46457 -105.82677 9.66880
v 61.48031 -105.82677 9.03537
v 63.49606 -105.82677 6.71979
v 65.51181 -105.82677 7.46314
v 67.52756 -105.82677 9.31059
v 69.54331 -105.82677 8.45932
v 71.55906 -105.82677 5.04154
v 73.57480 -105.82677 11.57310
v 75.59055 -105.82677 0.75458
v 77.60630 -105.82677 0.51714
v 79.62205 -105.82677 5.51395
v 81.63780 -105.82677 11.96807
v 83.65354 -105.82677 9.74114
v 85.66929 -105.82677 9.51465
v 87.68504 -105.82677 5.07391
v 89.70079 -105.82677 5.01978
v 91.71654 -105.82677 2.24840
v 93.73228 -105.82677 17.07098
v 95.74803 -105.82677 15.32001
v 97.76378 -105.82677 -16.46943
v 99.77953 -105.82677 13.66605
v 101.79528 -105.82677 6.73040
v 103.81102 -105.82677 8.72677
v 105.82677 -105.82677 7.93961
v 107.84252 -105.82677 8.78703
v 109.85827 -105.82677 10.53818
v 111.87402 -105.82677 8.49352
v 113.88976 -105.82677 8.88540
v 115.90551 -105.82677 12.11249
v 117.92126 -105.82677 12.04401
v 119.93701 -105.82677 7.87249
v 121.95276 -105.82677 2.29251
v 123.96850 -105.82677 12.58910
v 125.98425 -105.82677 4.26209
v 128.00000 -105.82677 20.21765
v -128.00000 -103.81102 -11.72468
v -125.98425 -103.81102 -1.75706
v -123.96850 -103.81102 6.35826
v -121.95276 -103.81102 -12.65306
v -119.93701 -103.81102 13.78822
v -117.92126 -103.81102 2.29665
v -115.90551 -103.81102 7.18543
v -113.88976 -103.81102 4.65109
v -111.87402 -103.81102 10.28819
v -109.85827 -103.81102 23.78957
v -107.84252 -103.81102 0.49652
v -105.82677 -103.81102 2.97018
v -103.81102 -103.81102 -3.37503
v -101.79528 -103.81102 7.11055
v -99.77953 -103.81102 2.95106
v -97.76378 -103.81102 10.78477
v -95.74803 -103.81102 9.64873
v -93.73228 -103.81102 7.46669
v -91.71654 -103.81102 9.24808
v -89.70079 -103.81102 7.06993
v -87.68504 -103.81102 7.47283
v -85.66929 -103.81102 7.75633
v -83.65354 -103.81102 10.32783
v -81.63780 -103.81102 6.63600
v -79.62205 -103.81102 0.42577
v -77.60630 -103.81102 3.17410
v -75.59055 -103.81102 9.14602
v -73.57480 -103.81102 7.62890
v -71.55906 -103.81102 0.29364
v -69.54331 -103.81102 20.66470
v -67.52756 -103.81102 0.85684
v -65.51181 -103.81102 15.50003
v -63.49606 -103.81102 2.83084
v -61.48031 -103.81102 1.88957
v -59.46457 -103.81102 5.71725
v -57.44882 -103.81102 11.12666
v -55.43307 -103.81102 8.02463
v -53.41732 -103.81102 6.80379
v -51.40157 -103.81102 8.77709
v -49.38583 -103.81102 6.36964
v -47.37008 -103.81102 8.15625
v -45.35433 -103.81102 8.45402
v -43.33858 -103.81102 4.07470
v -41.32283 -103.81102 9.18016
v -39.30709 -103.81102 8.86493
v -37.29134 -103.81102 5.54928
v -35.27559 -103.81102 15.94672
v -33.25984 -103.81102 5.62558
v -31.24409 -103.81102 -4.21109
v -29.22835 -103.81102 12.84626
v -27.21260 -103.81102 6.29178
v -25.19685 -103.81102 11.45483
v -23.18110 -103.81102 3.99978
v -21.16535 -103.81102 7.21209
v -19.14961 -103.81102 5.67812
v -17.13386 -103.81102 9.42917
v -15.11811 -103.81102 11.49287
v -13.10236 -103.81102 3.25861
v -11.08661 -103.81102 0.01555
v -9.07087 -103.81102 15.85101
v -7.05512 -103.81102 16.85700
v -5.03937 -103.81102 8.04514
v -3.02362 -103.81102 9.46563
v -1.00787 -103.81102 8.87050
v 1.00787 -103.81102 11.51417
v 3.02362 -103.81102 21.38012
v 5.03937 -103.81102 8.60008
v 7.05512 -103.81102 2.40126
v 9.07087 -103.81102 8.17210
v 11.08661 -103.81102 10.31515
v 13.10236 -103.81102 15.66472
v 15.11811 -103.81102 2.28083
v 17.13386 -103.81102 -1.77006
v 19.14961 -103.81102 9.35502
v 21.16535 -103.81102 10.41623
v 23.18110 -103.81102 4.66214
v 25.19685 -103.81102 8.49072
v 27.21260 -103.81102 8.10880
v 29.22835 -103.81102 6.64330
v 31.24409 -103.81102 4.69835
v 33.25984 -103.81102 10.30338
v 35.27559 -103.81102 8.59852
v 37.29134 -103.81102 0.39599
v 39.30709 -103.81102 8.32487
v 41.32283 -103.81102 5.67776
v 43.33858 -103.81102 4.02652
v 45.35433 -103.81102 9.26965
v 47.37008 -103.81102 11.64300
v 49.38583 -103.81102 1.23611
v 51.40157 -103.81102 57.70552
v 53.41732 -103.81102 10.27711
v 55.43307 -103.81102 4.63895
v 57.44882 -103.81102 9.44966
v 59.46457 -103.81102 10.03640
v 61.48031 -103.81102 9.44818
v 63.49606 -103.81102 9.61820
v 65.51181 -103.81102 7.48847
v 67.52756 -103.81102 6.65677
v 69.54331 -103.81102 7.90510
v 71.55906 -103.81102 4.41293
v 73.57480 -103.81102 0.27092
v 75.59055 -103.81102 3.35393
v 77.60630 -103.81102 2.74890
v 79.62205 -103.81102 3.57856
v 81.63780 -103.81102 9.69620
v 83.65354 -103.81102 9.46297
v 85.66929 -103.81102 6.17029
v 87.68504 -103.81102 6.00139
v 89.70079 -103.81102 2.96823
v 91.71654 -103.81102 8.27253
v 93.73228 -103.81102 14.59680
v 95.74803 -103.81102 6.85516
v 97.76378 -103.81102 -19.85336
v 99.77953 -103.81102 14.77589
v 101.79528 -103.81102 9.00267
v 103.81102 -103.81102 9.74473
v 105.82677 -103.81102 7.62569
v 107.84252 -103.81102 7.34371
v 109.85827 -103.81102 6.25673
v 111.87402 -103.81102 8.76296
v 113.88976 -103.81102 10.73752
v 115.90551 -103.81102 6.95682
v 117.92126 -103.81102 7.81536
v 119.93701 -103.81102 6.89202
v 121.95276 -103.81102 6.29991
v 123.96850 -103.81102 5.03359
v 125.98425 -103.81102 4.70434
v 128.00000 -103.81102 35.56230
v -128.00000 -101.79528 66.72137
v -125.98425 -101.79528 28.39311
v -123.96850 -101.79528 -1.55099
v -121.95276 -101.79528 -0.22728
v -119.93701 -101.79528 18.31255
v -117.92126 -101.79528 15.13464
v -115.90551 -101.79528 7.11608
v -113.88976 -101.79528 1.95375
v -111.87402 -101.79528 2.45336
v -109.85827 -101.79528 25.22099
v -107.84252 -101.79528 -1.82500
v -105.82677 -101.79528 20.26952
v -103.81102 -101.79528 3.40149
v -101.79528 -101.79528 1.17103
v -99.77953 -101.79528 7.77022
v -97.76378 -101.79528 5.91314
v -95.74803 -101.79528 11.45814
v -93.73228 -101.79528 7.60312
v -91.71654 -101.79528 6.99496
v -89.70079 -101.79528 4.64707
v -87.68504 -101.79528 5.99248
v -85.66929 -101.79528 7.63506
v -83.65354 -101.79528 7.96136
v -81.63780 -101.79528 2.06429
v -79.62205 -101.79528 5.51679
v -77.60630 -101.79528 13.37252
v -75.59055 -101.79528 6.67702
v -73.57480 -101.79528 2.34893
v -71.55906 -101.79528 8.83531
v -69.54331 -101.79528 2.99038
v -67.52756 -101.79528 16.78325
v -65.51181 -101.79528 1.70485
v -63.49606 -101.79528 6.08747
v -61.48031 -101.79528 3.18733
v -59.46457 -101.79528 8.30952
v -57.44882 -101.79528 16.39715
v -55.43307 -101.79528 2.21923
v -53.41732 -101.79528 10.09767
v -51.40157 -101.79528 8.14392
v -49.38583 -101.79528 5.32626
v -47.37008 -101.79528 6.82062
v -45.35433 -101.79528 6.75502
v -43.33858 -101.79528 7.07589
v -41.32283 -101.79528 8.82560
v -39.30709 -101.79528 8.90003
v -37.29134 -101.79528 5.73088
v -35.27559 -101.79528 8.61979
v -33.25984 -101.79528 12.58502
v -31.24409 -101.79528 3.62449
v -29.22835 -101.79528 8.50753
v -27.21260 -101.79528 10.40128
v -25.19685 -101.79528 7.07125
v -23.18110 -101.79528 7.28746
v -21.16535 -101.79528 9.55508
v -19.14961 -101.79528 8.20054
v -17.13386 -101.79528 13.15815
v -15.11811 -101.79528 9.11868
v -13.10236 -101.79528 5.79623
v -11.08661 -101.79528 9.80288
v -9.07087 -101.79528 13.78238
v -7.05512 -101.79528 13.09373
v -5.03937 -101.79528 10.67295
v -3.02362 -101.79528 11.82913
v -1.00787 -101.79528 7.71944
v 1.00787 -101.79528 9.04179
v 3.02362 -101.79528 9.05200
v 5.03937 -101.79528 7.87479
v 7.05512 -101.79528 -8.47737
v 9.07087 -101.79528 16.97952
v 11.08661 -101.79528 10.04106
v 13.10236 -101.79528 6.59279
v 15.11811 -101.79528 0.30152
v 17.13386 -101.79528 3.33108
v 19.14961 -101.79528 10.85561
v 21.16535 -101.79528 7.01317
v 23.18110 -101.79528 7.82837
v 25.19685 -101.79528 8.46255
v 27.21260 -101.79528 5.79788
v 29.22835 -101.79528 11.11957
v 31.24409 -101.79528 5.91591
v 33.25984 -101.79528 6.13904
v 35.27559 -101.79528 8.63422
v 37.29134 -101.79528 10.19219
v 39.30709 -101.79528 10.38350
v 41.32283 -101.79528 12.78313
v 43.33858 -101.79528 -0.28535
v 45.35433 -101.79528 7.31550
v 47.37008 -101.79528 3.71465
v 49.38583 -101.79528 -6.76218
v 51.40157 -101.79528 43.48148
v 53.41732 -101.79528 9.99168
v 55.43307 -101.79528 -7.65498
v 57.44882 -101.79528 -3.73156
v 59.46457 -101.79528 0.45948
v 61.48031 -101.79528 7.03019
v 63.49606 -101.79528 9.25975
v 65.51181 -101.79528 8.04262
v 67.52756 -101.79528 5.13252
v 69.54331 -101.79528 10.02122
v 71.55906 -101.79528 10.67716
v 73.57480 -101.79528 10.43346
v 75.59055 -101.79528 3.03720
v 77.60630 -101.79528 0.84433
v 79.62205 -101.79528 7.91826
v 81.63780 -101.79528 10.11008
v 83.65354 -101.79528 3.71224
v 85.66929 -101.79528 8.40030
v 87.68504 -101.79528 7.75610
v 89.70079 -101.79528 -1.06572
v 91.71654 -101.79528 15.28774
v 93.73228 -101.79528 -6.58688
v 95.74803 -101.79528 -2.00118
v 97.76378 -101.79528 -7.68801
v 99.77953 -101.79528 5.65697
v 101.79528 -101.79528 4.40994
v 103.81102 -101.79528 10.35919
v 105.82677 -101.79528 10.88946
v 107.84252 -101.79528 5.50532
v 109.85827 -101.79528 9.26795
v 111.87402 -101.79528 9.86489
v 113.88976 -101.79528 8.21254
v 115.90551 -101.79528 7.94780
v 117.92126 -101.79528 11.18388
v 119.93701 -101.79528 4.78369
v 121.95276 -101.79528 7.39654
v 123.96850 -101.79528 8.84723
v 125.98425 -101.79528 14.98686
v 128.00000 -101.79528 -6.86415
v -128.00000 -99.77953 2.14343
v -125.98425 -99.77953 23.20230
v -123.96850 -99.77953 19.91291
v -121.95276 -99.77953 3.79900
v -119.93701 -99.77953 4.24582
v -117.92126 -99.77953 4.98716
v -115.90551 -99.77953 10.31670
v -113.88976 -99.77953 3.80235
v -111.87402 -99.77953 3.87942
v -109.85827 -99.77953 5.94303
v -107.84252 -99.77953 9.13025
v -105.82677 -99.77953 4.25485
v -103.81102 -99.77953 12.88448
v -101.79528 -99.77953 7.91383
v -99.77953 -99.77953 6.25043
v -97.76378 -99.77953 3.32745
v -95.74803 -99.77953 8.88201
v -93.73228 -99.77953 4.30473
v -91.71654 -99.77953 6.94922
v -89.70079 -99.77953 7.85407
v -87.68504 -99.77953 6.60471
v -85.66929 -99.77953 8.04618
v -83.65354 -99.77953 6.39739
v -81.63780 -99.77953 0.81237
v -79.62205 -99.77953 11.62001
v -77.60630 -99.77953 6.19702
v -75.59055 -99.77953 8.26567
v -73.57480 -99.77953 9.74606
v -71.55906 -99.77953 7.75295
v -69.54331 -99.77953 4.83476
v -67.52756 -99.77953 -2.76135
v -65.51181 -99.77953 5.81341
v -63.49606 -99.77953 2.61559
v -61.48031 -99.77953 6.39160
v -59.46457 -99.77953 6.33923
v -57.44882 -99.77953 5.03601
v -55.43307 -99.77953 3.70942
v -53.41732 -99.77953 9.76099
v -51.40157 -99.77953 7.79795
v -49.38583 -99.77953 8.72361
v -47.37008 -99.77953 4.93814
v -45.35433 -99.77953 5.13353
v -43.33858 -99.77953 7.82098
v -41.32283 -99.77953 5.80938
v -39.30709 -99.77953 6.10094
v -37.29134 -99.77953 8.41026
v -35.27559 -99.77953 11.83258
v -33.25984 -99.77953 9.92782
v -31.24409 -99.77953 10.12584
v -29.22835 -99.77953 4.17551
v -27.21260 -99.77953 7.08016
v -25.19685 -99.77953 2.37391
v -23.18110 -99.77953 3.89574
v -21.16535 -99.77953 11.29055
v -19.14961 -99.77953 9.18234
v -17.13386 -99.77953 8.84346
v -15.11811 -99.77953 8.28648
v -13.10236 -99.77953 9.40034
v -11.08661 -99.77953 7.67882
v -9.07087 -99.77953 9.44751
v -7.05512 -99.77953 7.24686
v -5.03937 -99.77953 11.92365
v -3.02362 -99.77953 8.59434
v -1.00787 -99.77953 10.04798
v 1.00787 -99.77953 6.28664
v 3.02362 -99.77953 -6.74469
v 5.03937 -99.77953 21.13448
v 7.05512 -99.77953 45.38169
v 9.07087 -99.77953 22.66086
v 11.08661 -99.77953 24.08781
v 13.10236 -99.77953 10.79387
v 15.11811 -99.77953 9.51978
v 17.13386 -99.77953 11.30814
v 19.14961 -99.77953 3.15688
v 21.16535 -99.77953 5.09411
v 23.18110 -99.77953 11.64958
v 25.19685 -99.77953 7.75695
v 27.21260 -99.77953 10.31715
v 29.22835 -99.77953 10.28246
v 31.24409 -99.77953 6.08964
v 33.25984 -99.77953 7.31170
v 35.27559 -99.77953 16.38844
v 37.29134 -99.77953 6.35002
v 39.30709 -99.77953 1.39523
v 41.32283 -99.77953 2.32119
v 43.33858 -99.77953 3.37303
v 45.35433 -99.77953 8.56149
v 47.37008 -99.77953 3.69040
v 49.38583 -99.77953 -11.40876
v 51.40157 -99.77953 -0.54418
v 53.41732 -99.77953 31.51169
v 55.43307 -99.77953 15.81677
v 57.44882 -99.77953 2.83268
v 59.46457 -99.77953 -0.30163
v 61.48031 -99.77953 1.81983
v 63.49606 -99.77953 7.63372
v 65.51181 -99.77953 7.05399
v 67.52756 -99.77953 6.74142
v 69.54331 -99.77953 5.78352
v 71.55906 -99.77953 9.97849
v 73.57480 -99.77953 6.80772
v 75.59055 -99.77953 6.33730
v 77.60630 -99.77953 7.83043
v 79.62205 -99.77953 5.22985
v 81.63780 -99.77953 7.86765
v 83.65354 -99.77953 5.51605
v 85.66929 -99.77953 6.48685
v 87.68504 -99.77953 8.12219
v 89.70079 -99.77953 7.47298
v 91.71654 -99.77953 4.95261
v 93.73228 -99.77953 17.29184
v 95.74803 -99.77953 17.95592
v 97.76378 -99.77953 -9.34290
v 99.77953 -99.77953 4.12483
v 101.79528 -99.77953 8.78265
v 103.81102 -99.77953 7.06858
v 105.82677 -99.77953 7.25126
v 107.84252 -99.77953 5.68775
v 109.85827 -99.77953 6.65011
v 111.87402 -99.77953 5.41699
v 113.88976 -99.77953 7.63294
v 115.90551 -99.77953 8.86040
v 117.92126 -99.77953 4.45701
v 119.93701 -99.77953 7.69110
v 121.95276 -99.77953 1.14233
v 123.96850 -99.77953 9.20405
v 125.98425 -99.77953 0.88441
v 128.00000 -99.77953 34.92242
v -128.00000 -97.76378 61.76656
v -125.98425 -97.76378 42.49506
v -123.96850 -97.76378 39.83199
v -121.95276 -97.76378 26.91783
v -119.93701 -97.76378 2.59768
v -117.92126 -97.76378 14.69570
v -115.90551 -97.76378 6.33588
v -113.88976 -97.76378 8.38046
v -111.87402 -97.76378 3.93095
v -109.85827 -97.76378 4.10380
v -107.84252 -97.76378 9.72594
v -105.82677 -97.76378 8.10082
v -103.81102 -97.76378 9.99978
v -101.79528 -97.76378 3.37514
v -99.77953 -97.76378 8.61230
v -97.76378 -97.76378 12.15692
v -95.74803 -97.76378 6.15348
v -93.73228 -97.76378 4.03467
v -91.71654 -97.76378 7.59099
v -89.70079 -97.76378 12.76347
v -87.68504 -97.76378 11.20877
v -85.66929 -97.76378 9.22850
v -83.65354 -97.76378 4.98061
v -81.63780 -97.76378 3.40862
v -79.62205 -97.76378 15.75481
v -77.60630 -97.76378 10.13492
v -75.59055 -97.76378 8.15341
v -73.57480 -97.76378 8.53282
v -71.55906 -97.76378 6.11714
v -69.54331 -97.76378 11.49821
v -67.52756 -97.76378 10.38571
v -65.51181 -97.76378 -2.08059
v -63.49606 -97.76378 7.76281
v -61.48031 -97.76378 13.58568
v -59.46457 -97.76378 13.34441
v -57.44882 -97.76378 5.91544
v -55.43307 -97.76378 12.67762
v -53.41732 -97.76378 7.05552
v -51.40157 -97.76378 9.17167
v -49.38583 -97.76378 12.75175
v -47.37008 -97.76378 6.35746
v -45.35433 -97.76378 4.43908
v -43.33858 -97.76378 8.32863
v -41.32283 -97.76378 10.94628
v -39.30709 -97.76378 12.98502
v -37.29134 -97.76378 4.13229
v -35.27559 -97.76378 9.86682
v -33.25984 -97.76378 6.05897
v -31.24409 -97.76378 4.25722
v -29.22835 -97.76378 12.22169
v -27.21260 -97.76378 3.18555
v -25.19685 -97.76378 3.45277
v -23.18110 -97.76378 6.87120
v -21.16535 -97.76378 10.45195
v -19.14961 -97.76378 8.09928
v -17.13386 -97.76378 5.02182
v -15.11811 -97.76378 6.23103
v -13.10236 -97.76378 13.52852
v -11.08661 -97.76378 13.98185
v -9.07087 -97.76378 14.19442
v -7.05512 -97.76378 9.70506
v -5.03937 -97.76378 5.63002
v -3.02362 -97.76378 7.92797
v -1.00787 -97.76378 13.30067
v 1.00787 -97.76378 24.64570
v 3.02362 -97.76378 17.68047
v 5.03937 -97.76378 23.13163
v 7.05512 -97.76378 56.24179
v 9.07087 -97.76378 17.33465
v 11.08661 -97.76378 32.31507
v 13.10236 -97.76378 20.68018
v 15.11811 -97.76378 15.35575
v 17.13386 -97.76378 6.83491
v 19.14961 -97.76378 7.26008
v 21.16535 -97.76378 8.61968
v 23.18110 -97.76378 8.84139
v 25.19685 -97.76378 7.89350
v 27.21260 -97.76378 8.28728
v 29.22835 -97.76378 10.06535
v 31.24409 -97.76378 6.63127
v 33.25984 -97.76378 7.27438
v 35.27559 -97.76378 10.18636
v 37.29134 -97.76378 8.36356
v 39.30709 -97.76378 12.31829
v 41.32283 -97.76378 37.21170
v 43.33858 -97.76378 15.47739
v 45.35433 -97.76378 3.52835
v 47.37008 -97.76378 10.62868
v 49.38583 -97.76378 10.55110
v 51.40157 -97.76378 -0.21390
v 53.41732 -97.76378 6.58206
v 55.43307 -97.76378 0.76560
v 57.44882 -97.76378 3.58938
v 59.46457 -97.76378 4.53039
v 61.48031 -97.76378 5.14062
v 63.49606 -97.76378 6.54395
v 65.51181 -97.76378 7.77491
v 67.52756 -97.76378 10.71402
v 69.54331 -97.76378 12.03324
v 71.55906 -97.76378 7.80046
v 73.57480 -97.76378 9.98962
v 75.59055 -97.76378 3.93069
v 77.60630 -97.76378 9.37441
v 79.62205 -97.76378 6.67306
v 81.63780 -97.76378 4.94078
v 83.65354 -97.76378 6.12555
v 85.66929 -97.76378 6.95082
v 87.68504 -97.76378 7.85710
v 89.70079 -97.76378 9.88511
v 91.71654 -97.76378 7.01348
v 93.73228 -97.76378 23.18162
v 95.74803 -97.76378 1.58288
v 97.76378 -97.76378 -4.73944
v 99.77953 -97.76378 1.67647
v 101.79528 -97.76378 7.84164
v 103.81102 -97.76378 10.84115
v 105.82677 -97.76378 11.71183
v 107.84252 -97.76378 8.02740
v 109.85827 -97.76378 9.99084
v 111.87402 -97.76378 6.57814
v 113.88976 -97.76378 14.67785
v 115.90551 -97.76378 6.41204
v 117.92126 -97.76378 4.22723
v 119.93701 -97.76378 9.83941
v 121.95276 -97.76378 9.63795
v 123.96850 -97.76378 9.92456
v 125.98425 -97.76378 7.69743
v 128.00000 -97.76378 -8.49038
v -128.00000 -95.74803 23.05719
v -125.98425 -95.74803 5.13959
v -123.96850 -95.74803 19.02013
v -121.95276 -95.74803 12.62016
v -119.93701 -95.74803 4.62247
v -117.92126 -95.74803 1.38987
v -115.90551 -95.74803 10.02445
v -113.88976 -95.74803 7.75524
v -111.87402 -95.74803 6.06483
v -109.85827 -95.74803 7.26202
v -107.84252 -95.74803 2.82216
v -105.82677 -95.74803 0.69070
v -103.81102 -95.74803 6.64794
v -101.79528 -95.74803 2.42399
v -99.77953 -95.74803 15.71203
v -97.76378 -95.74803 9.73500
v -95.74803 -95.74803 5.76868
v -93.73228 -95.74803 6.53061
v -91.71654 -95.74803 6.31515
v -89.70079 -95.74803 14.25324
v -87.68504 -95.74803 4.05095
v -85.66929 -95.74803 4.34419
v -83.65354 -95.74803 8.19710
v -81.63780 -95.74803 2.49133
v -79.62205 -95.74803 7.82791
v -77.60630 -95.74803 7.88724
v -75.59055 -95.74803 7.55218
v -73.57480 -95.74803 6.49031
v -71.55906 -95.74803 7.87392
v -69.54331 -95.74803 8.02075
v -67.52756 -95.74803 3.97783
v -65.51181 -95.74803 6.51013
v -63.49606 -95.74803 6.41241
v -61.48031 -95.74803 2.41901
v -59.46457 -95.74803 10.26082
v -57.44882 -95.74803 7.37035
v -55.43307 -95.74803 8.77112
v -53.41732 -95.74803 3.64708
v -51.40157 -95.74803 13.13755
v -49.38583 -95.74803 3.85021
v -47.37008 -95.74803 10.03984
v -45.35433 -95.74803 6.71453
v -43.33858 -95.74803 8.48113
v -41.32283 -95.74803 1.77814
v -39.30709 -95.74803 4.73821
v -37.29134 -95.74803 2.67753
v -35.27559 -95.74803 5.37572
v -33.25984 -95.74803 4.22307
v -31.24409 -95.74803 8.79532
v -29.22835 -95.74803 10.13152
v -27.21260 -95.74803 8.07491
v -25.19685 -95.74803 5.86353
v -23.18110 -95.74803 10.47376
v -21.16535 -95.74803 6.73929
v -19.14961 -95.74803 5.13931
v -17.13386 -95.74803 4.49536
v -15.11811 -95.74803 0.42699
v -13.10236 -95.74803 3.92032
v -11.08661 -95.74803 2.44010
v -9.07087 -95.74803 1.86570
v -7.05512 -95.74803 4.01274
v -5.03937 -95.74803 -0.26992
v -3.02362 -95.74803 3.47972
v -1.00787 -95.74803 13.67309
v 1.00787 -95.74803 16.82488
v 3.02362 -95.74803 33.53253
v 5.03937 -95.74803 43.94212
v 7.05512 -95.74803 22.40879
v 9.07087 -95.74803 21.97026
v 11.08661 -95.74803 30.57619
v 13.10236 -95.74803 6.88827
v 15.11811 -95.74803 -1.95271
v 17.13386 -95.74803 20.55815
v 19.14961 -95.74803 6.98421
v 21.16535 -95.74803 4.03181
v 23.18110 -95.74803 10.53846
v 25.19685 -95.74803 6.40306
v 27.21260 -95.74803 6.22655
v 29.22835 -95.74803 8.31165
v 31.24409 -95.74803 8.76680
v 33.25984 -95.74803 10.94824
v 35.27559 -95.74803 7.64912
v 37.29134 -95.74803 4.94947
v 39.30709 -95.74803 13.58703
v 41.32283 -95.74803 3.21559
v 43.33858 -95.74803 8.96307
v 45.35433 -95.74803 11.76739
v 47.37008 -95.74803 2.52465
v 49.38583 -95.74803 11.55238
v 51.40157 -95.74803 6.46376
v 53.41732 -95.74803 2.34192
v 55.43307 -95.74803 14.16472
v 57.44882 -95.74803 4.12048
v 59.46457 -95.74803 8.68595
v 61.48031 -95.74803 5.24249
v 63.49606 -95.74803 1.97856
v 65.51181 -95.74803 4.82610
v 67.52756 -95.74803 4.23605
v 69.54331 -95.74803 7.86085
v 71.55906 -95.74803 3.70531
v 73.57480 -95.74803 9.82534
v 75.59055 -95.74803 6.58931
v 77.60630 -95.74803 3.92418
v 79.62205 -95.74803 7.09838
v 81.63780 -95.74803 9.36009
v 83.65354 -95.74803 6.94533
v 85.66929 -95.74803 3.15675
v 87.68504 -95.74803 5.40091
v 89.70079 -95.74803 10.06452
v 91.71654 -95.74803 14.17304
v 93.73228 -95.74803 5.95039
v 95.74803 -95.74803 11.44883
v 97.76378 -95.74803 21.87434
v 99.77953 -95.74803 9.46502
v 101.79528 -95.74803 9.78537
v 103.81102 -95.74803 9.44859
v 105.82677 -95.74803 7.17186
v 107.84252 -95.74803 7.33114
v 109.85827 -95.74803 8.89382
v 111.87402 -95.74803 8.57429
v 113.88976 -95.74803 5.85084
v 115.90551 -95.74803 4.56095
v 117.92126 -95.74803 11.19334
v 119.93701 -95.74803 1.63082
v 121.95276 -95.74803 -0.91474
v 123.96850 -95.74803 6.90769
v 125.98425 -95.74803 -1.11988
v 128.00000 -95.74803 24.06715
v -128.00000 -93.73228 7.54971
v -125.98425 -93.73228 14.12086
v -123.96850 -93.73228 14.16740
v -121.95276 -93.73228 5.81588
v -119.93701 -93.73228 6.53757
v -117.92126 -93.73228 4.56064
v -115.90551 -93.73228 5.92127
v -113.88976 -93.73228 7.60353
v -111.87402 -93.73228 7.18189
v -109.85827 -93.73228 7.07591
v -107.84252 -93.73228 4.33298
v -105.82677 -93.73228 11.21256
v -103.81102 -93.73228 3.25024
v -101.79528 -93.73228 -2.37909
v -99.77953 -93.73228 15.91953
v -97.76378 -93.73228 0.08704
v -95.74803 -93.73228 12.88251
v -93.73228 -93.73228 5.90542
v -91.71654 -93.73228 6.94970
v -89.70079 -93.73228 7.70059
v -87.68504 -93.73228 7.21051
v -85.66929 -93.73228 3.66992
v -83.65354 -93.73228 7.53303
v -81.63780 -93.73228 3.40633
v -79.62205 -93.73228 15.10894
v -77.60630 -93.73228 8.66605
v -75.59055 -93.73228 6.37772
v -73.57480 -93.73228 8.30441
v -71.55906 -93.73228 6.18869
v -69.54331 -93.73228 9.93327
v -67.52756 -93.73228 5.12109
v -65.51181 -93.73228 5.56620
v -63.49606 -93.73228 6.05823
v -61.48031 -93.73228 6.61075
v -59.46457 -93.73228 3.72903
v -57.44882 -93.73228 8.56863
v -55.43307 -93.73228 7.91786
v -53.41732 -93.73228 2.67168
v -51.40157 -93.73228 1.21839
v -49.38583 -93.73228 9.23359
v -47.37008 -93.73228 6.65518
v -45.35433 -93.73228 7.80870
v -43.33858 -93.73228 6.34273
v -41.32283 -93.73228 6.05791
v -39.30709 -93.73228 13.62353
v -37.29134 -93.73228 12.89209
v -35.27559 -93.73228 5.54100
v -33.25984 -93.73228 6.82287
v -31.24409 -93.73228 4.48231
v -29.22835 -93.73228 8.08815
v -27.21260 -93.73228 9.17632
v -25.19685 -93.73228 11.99279
v -23.18110 -93.73228 4.02729
v -21.16535 -93.73228 7.59436
v -19.14961 -93.73228 2.34471
v -17.13386 -93.73228 2.49154
v -15.11811 -93.73228 2.36858
v -13.10236 -93.73228 17.46534
v -11.08661 -93.73228 6.50359
v -9.07087 -93.73228 3.99280
v -7.05512 -93.73228 8.97001
v -5.03937 -93.73228 5.63767
v -3.02362 -93.73228 10.46000
v -1.00787 -93.73228 24.56543
v 1.00787 -93.73228 15.51583
v 3.02362 -93.73228 -25.95677
v 5.03937 -93.73228 20.01646
v 7.05512 -93.73228 61.18191
v 9.07087 -93.73228 85.21718
v 11.08661 -93.73228 8.72428
v 13.10236 -93.73228 -4.87684
v 15.11811 -93.73228 9.67705
v 17.13386 -93.73228 12.78489
v 19.14961 -93.73228 7.82794
v 21.16535 -93.73228 12.50115
v 23.18110 -93.73228 7.97774
v 25.19685 -93.73228 5.17944
v 27.21260 -93.73228 7.12081
v 29.22835 -93.73228 7.27563
v 31.24409 -93.73228 9.15019
v 33.25984 -93.73228 7.26051
v 35.27559 -93.73228 8.77438
v 37.29134 -93.73228 11.89386
v 39.30709 -93.73228 9.90709
v 41.32283 -93.73228 1.05420
v 43.33858 -93.73228 7.50051
v 45.35433 -93.73228 4.32498
v 47.37008 -93.73228 4.14843
v 49.38583 -93.73228 4.97012
v 51.40157 -93.73228 3.06661
v 53.41732 -93.73228 5.31598
v 55.43307 -93.73228 6.87844
v 57.44882 -93.73228 5.67559
v 59.46457 -93.73228 4.98132
v 61.48031 -93.73228 5.49381
v 63.49606 -93.73228 4.82153
v 65.51181 -93.73228 5.23952
v 67.52756 -93.73228 1.99597
v 69.54331 -93.73228 7.42292
v 71.55906 -93.73228 9.46313
v 73.57480 -93.73228 5.73646
v 75.59055 -93.73228 -2.23329
v 77.60630 -93.73228 4.66137
v 79.62205 -93.73228 8.23300
v 81.63780 -93.73228 7.22368
v 83.65354 -93.73228 3.54981
v 85.66929 -93.73228 -3.93270
v 87.68504 -93.73228 4.04500
v 89.70079 -93.73228 -1.14793
v 91.71654 -93.73228 5.46886
v 93.73228 -93.73228 4.20503
v 95.74803 -93.73228 14.67226
v 97.76378 -93.73228 11.83023
v 99.77953 -93.73228 3.49268
v 101.79528 -93.73228 4.26611
v 103.81102 -93.73228 9.60974
v 105.82677 -93.73228 12.37773
v 107.84252 -93.73228 12.85505
v 109.85827 -93.73228 9.38120
v 111.87402 -93.73228 6.99425
v 113.88976 -93.73228 11.66978
v 115.90551 -93.73228 9.28418
v 117.92126 -93.73228 22.41543
v 119.93701 -93.73228 4.12590
v 121.95276 -93.73228 -4.22437
v 123.96850 -93.73228 8.69361
v 125.98425 -93.73228 3.79341
v 128.00000 -93.73228 0.79948
v -128.00000 -91.71654 14.90067
v -125.98425 -91.71654 22.73957
v -123.96850 -91.71654 -4.35059
v -121.95276 -91.71654 10.40058
v -119.93701 -91.71654 4.82657
v -117.92126 -91.71654 7.38761
v -115.90551 -91.71654 4.69177
v -113.88976 -91.71654 6.70316
v -111.87402 -91.71654 7.44757
v -109.85827 -91.71654 5.80691
v -107.84252 -91.71654 3.74860
v -105.82677 -91.71654 5.50993
v -103.81102 -91.71654 8.99884
v -101.79528 -91.71654 9.26777
v -99.77953 -91.71654 4.40977
v -97.76378 -91.71654 2.09292
v -95.74803 -91.71654 6.92441
v -93.73228 -91.71654 7.34878
v -91.71654 -91.71654 4.68004
v -89.70079 -91.71654 9.31233
v -87.68504 -91.71654 7.45451
v -85.66929 -91.71654 5.88789
v -83.65354 -91.71654 9.92323
v -81.63780 -91.71654 2.03296
v -79.62205 -91.71654 -3.20193
v -77.60630 -91.71654 21.54569
v -75.59055 -91.71654 10.07529
v -73.57480 -91.71654 7.80221
v -71.55906 -91.71654 6.39564
v -69.54331 -91.71654 3.92200
v -67.52756 -91.71654 7.32091
v -65.51181 -91.71654 5.91533
v -63.49606 -91.71654 7.10565
v -61.48031 -91.71654 3.29865
v -59.46457 -91.71654 5.20540
v -57.44882 -91.71654 7.62948
v -55.43307 -91.71654 3.31290
v -53.41732 -91.71654 8.25116
v -51.40157 -91.71654 4.04325
v -49.38583 -91.71654 3.93972
v -47.37008 -91.71654 11.49803
v -45.35433 -91.71654 11.76140
v -43.33858 -91.71654 6.52803
v -41.32283 -91.71654 3.09683
v -39.30709 -91.71654 8.69704
v -37.29134 -91.71654 9.36630
v -35.27559 -91.71654 5.84273
v -33.25984 -91.71654 7.09275
v -31.24409 -91.71654 2.79555
v -29.22835 -91.71654 14.22539
v -27.21260 -91.71654 11.07743
v -25.19685 -91.71654 6.09316
v -23.18110 -91.71654 3.35070
v -21.16535 -91.71654 1.12564
v -19.14961 -91.71654 27.35001
v -17.13386 -91.71654 13.82100
v -15.11811 -91.71654 4.70918
v -13.10236 -91.71654 20.67570
v -11.08661 -91.71654 1.13683
v -9.07087 -91.71654 -3.32847
v -7.05512 -91.71654 7.39532
v -5.03937 -91.71654 7.65566
v -3.02362 -91.71654 10.89522
v -1.00787 -91.71654 4.58834
v 1.00787 -91.71654 -5.40278
v 3.02362 -91.71654 23.06483
v 5.03937 -91.71654 37.73750
v 7.05512 -91.71654 126.05537
v 9.07087 -91.71654 134.87520
v 11.08661 -91.71654 29.36432
v 13.10236 -91.71654 21.49067
v 15.11811 -91.71654 40.75383
v 17.13386 -91.71654 17.57085
v 19.14961 -91.71654 19.24181
v 21.16535 -91.71654 11.50430
v 23.18110 -91.71654 5.94649
v 25.19685 -91.71654 10.59593
v 27.21260 -91.71654 9.46810
v 29.22835 -91.71654 10.89753
v 31.24409 -91.71654 10.00775
v 33.25984 -91.71654 4.87255
v 35.27559 -91.71654 13.21548
v 37.29134 -91.71654 14.04653
v 39.30709 -91.71654 8.60662
v 41.32283 -91.71654 17.35489
v 43.33858 -91.71654 6.32193
v 45.35433 -91.71654 7.00469
v 47.37008 -91.71654 5.63209
v 49.38583 -91.71654 8.33792
v 51.40157 -91.71654 9.79311
v 53.41732 -91.71654 7.56391
v 55.43307 -91.71654 2.20678
v 57.44882 -91.71654 0.51543
v 59.46457 -91.71654 9.78781
v 61.48031 -91.71654 8.30599
v 63.49606 -91.71654 3.52159
v 65.51181 -91.71654 3.73180
v 67.52756 -91.71654 4.90028
v 69.54331 -91.71654 3.19512
v 71.55906 -91.71654 6.74184
v 73.57480 -91.71654 10.05583
v 75.59055 -91.71654 7.40289
v 77.60630 -91.71654 3.24677
v 79.62205 -91.71654 -9.18796
v 81.63780 -91.71654 2.79861
v 83.65354 -91.71654 4.45027
v 85.66929 -91.71654 7.46635
v 87.68504 -91.71654 11.75818
v 89.70079 -91.71654 11.51923
v 91.71654 -91.71654 9.64253
v 93.73228 -91.71654 7.19056
v 95.74803 -91.71654 4.31500
v 97.76378 -91.71654 8.13289
v 99.77953 -91.71654 7.72808
v 101.79528 -91.71654 10.55322
v 103.81102 -91.71654 9.24546
v 105.82677 -91.71654 11.50688
v 107.84252 -91.71654 8.90979
v 109.85827 -91.71654 4.53395
v 111.87402 -91.71654 6.43983
v 113.88976 -91.71654 15.09929
v 115.90551 -91.71654 11.43845
v 117.92126 -91.71654 -3.62221
v 119.93701 -91.71654 17.99812
v 121.95276 -91.71654 3.68026
v 123.96850 -91.71654 11.52776
v 125.98425 -91.71654 1.67484
v 128.00000 -91.71654 11.99411
v -128.00000 -89.70079 6.38173
v -125.98425 -89.70079 6.28970
v -123.96850 -89.70079 9.46907
v -121.95276 -89.70079 7.35078
v -119.93701 -89.70079 7.02402
v -117.92126 -89.70079 4.67543
v -115.90551 -89.70079 7.49543
v -113.88976 -89.70079 6.42335
v -111.87402 -89.70079 7.61817
v -109.85827 -89.70079 3.70644
v -107.84252 -89.70079 8.48756
v -105.82677 -89.70079 6.68900
v -103.81102 -89.70079 3.91743
v -101.79528 -89.70079 6.20226
v -99.77953 -89.70079 5.57644
v -97.76378 -89.70079 11.15359
v -95.74803 -89.70079 6.73299
v -93.73228 -89.70079 5.44735
v -91.71654 -89.70079 5.98637
v -89.70079 -89.70079 7.36469
v -87.68504 -89.70079 11.60210
v -85.66929 -89.70079 8.20863
v -83.65354 -89.70079 6.08577
v -81.63780 -89.70079 4.05444
v -79.62205 -89.70079 1.70136
v -77.60630 -89.70079 10.80396
v -75.59055 -89.70079 8.73239
v -73.57480 -89.70079 10.24560
v -71.55906 -89.70079 9.67274
v -69.54331 -89.70079 4.83979
v -67.52756 -89.70079 6.25587
v -65.51181 -89.70079 8.90551
v -63.49606 -89.70079 8.76759
v -61.48031 -89.70079 5.81556
v -59.46457 -89.70079 2.72337
v -57.44882 -89.70079 10.10601
v -55.43307 -89.70079 10.15232
v -53.41732 -89.70079 7.60241
v -51.40157 -89.70079 12.45945
v -49.38583 -89.70079 4.89249
v -47.37008 -89.70079 7.79461
v -45.35433 -89.70079 5.08999
v -43.33858 -89.70079 7.48679
v -41.32283 -89.70079 12.44126
v -39.30709 -89.70079 5.50478
v -37.29134 -89.70079 8.42927
v -35.27559 -89.70079 6.88947
v -33.25984 -89.70079 5.08783
v -31.24409 -89.70079 7.07849
v -29.22835 -89.70079 13.64894
v -27.21260 -89.70079 8.74910
v -25.19685 -89.70079 5.29486
v -23.18110 -89.70079 -1.46473
v -21.16535 -89.70079 3.35537
v -19.14961 -89.70079 40.55903
v -17.13386 -89.70079 10.51640
v -15.11811 -89.70079 7.23465
v -13.10236 -89.70079 10.87222
v -11.08661 -89.70079 -11.68379
v -9.07087 -89.70079 -2.28084
v -7.05512 -89.70079 16.53059
v -5.03937 -89.70079 -5.84651
v -3.02362 -89.70079 3.68958
v -1.00787 -89.70079 3.45642
v 1.00787 -89.70079 22.17203
v 3.02362 -89.70079 -19.24224
v 5.03937 -89.70079 170.31313
v 7.05512 -89.70079 127.11147
v 9.07087 -89.70079 48.97169
v 11.08661 -89.70079 93.78012
v 13.10236 -89.70079 55.41698
v 15.11811 -89.70079 29.59283
v 17.13386 -89.70079 9.69151
v 19.14961 -89.70079 9.23728
v 21.16535 -89.70079 6.64982
v 23.18110 -89.70079 6.20561
v 25.19685 -89.70079 10.75716
v 27.21260 -89.70079 7.64819
v 29.22835 -89.70079 8.10545
v 31.24409 -89.70079 12.34192
v 33.25984 -89.70079 5.55726
v 35.27559 -89.70079 8.71534
v 37.29134 -89.70079 12.88476
v 39.30709 -89.70079 6.53662
v 41.32283 -89.70079 13.52091
v 43.33858 -89.70079 7.50257
v 45.35433 -89.70079 5.40919
v 47.37008 -89.70079 3.48830
v 49.38583 -89.70079 10.62684
v 51.40157 -89.70079 6.99040
v 53.41732 -89.70079 4.77893
v 55.43307 -89.70079 2.23107
v 57.44882 -89.70079 -3.35522
v 59.46457 -89.70079 1.64416
v 61.48031 -89.70079 -3.17661
v 63.49606 -89.70079 -13.71995
v 65.51181 -89.70079 -7.65772
v 67.52756 -89.70079 1.76853
v 69.54331 -89.70079 6.52280
v 71.55906 -89.70079 13.37806
v 73.57480 -89.70079 13.69061
v 75.59055 -89.70079 7.68987
v 77.60630 -89.70079 1.59439
v 79.62205 -89.70079 15.16530
v 81.63780 -89.70079 16.86176
v 83.65354 -89.70079 6.78241
v 85.66929 -89.70079 11.03579
v 87.68504 -89.70079 10.86775
v 89.70079 -89.70079 15.80879
v 91.71654 -89.70079 -2.48267
v 93.73228 -89.70079 8.67376
v 95.74803 -89.70079 8.33350
v 97.76378 -89.70079 3.38889
v 99.77953 -89.70079 7.45946
v 101.79528 -89.70079 8.13409
v 103.81102 -89.70079 11.28343
v 105.82677 -89.70079 13.63058
v 107.84252 -89.70079 6.85790
v 109.85827 -89.70079 7.41644
v 111.87402 -89.70079 4.50406
v 113.88976 -89.70079 6.84335
v 115.90551 -89.70079 10.53038
v 117.92126 -89.70079 21.00354
v 119.93701 -89.70079 45.27504
v 121.95276 -89.70079 14.19951
v 123.96850 -89.70079 9.53439
v 125.98425 -89.70079 6.94940
v 128.00000 -89.70079 8.46298
v -128.00000 -87.68504 26.35497
v -125.98425 -87.68504 -0.52242
v -123.96850 -87.68504 11.79444
v -121.95276 -87.68504 4.87006
v -119.93701 -87.68504 8.66014
v -117.92126 -87.68504 6.45008
v -115.90551 -87.68504 6.66645
v -113.88976 -87.68504 6.05996
v -111.87402 -87.68504 6.15614
v -109.85827 -87.68504 7.63754
v -107.84252 -87.68504 5.12844
v -105.82677 -87.68504 9.18563
v -103.81102 -87.68504 9.41951
v -101.79528 -87.68504 4.71060
v -99.77953 -87.68504 5.47381
v -97.76378 -87.68504 10.02196
v -95.74803 -87.68504 7.81089
v -93.73228 -87.68504 7.79798
v -91.71654 -87.68504 8.79750
v -89.70079 -87.68504 4.09660
v -87.68504 -87.68504 8.18532
v -85.66929 -87.68504 6.55564
v -83.65354 -87.68504 7.32913
v -81.63780 -87.68504 4.63681
v -79.62205 -87.68504 7.68112
v -77.60630 -87.68504 4.08696
v -75.59055 -87.68504 2.40611
v -73.57480 -87.68504 9.12585
v -71.55906 -87.68504 6.28651
v -69.54331 -87.68504 8.80718
v -67.52756 -87.68504 6.33089
v -65.51181 -87.68504 3.27343
v -63.49606 -87.68504 9.96264
v -61.48031 -87.68504 -2.02851
v -59.46457 -87.68504 2.17771
v -57.44882 -87.68504 5.49497
v -55.43307 -87.68504 9.62040
v -53.41732 -87.68504 6.42564
v -51.40157 -87.68504 6.24386
v -49.38583 -87.68504 3.40243
v -47.37008 -87.68504 9.85171
v -45.35433 -87.68504 5.55163
v -43.33858 -87.68504 11.13845
v -41.32283 -87.68504 9.82291
v -39.30709 -87.68504 5.66656
v -37.29134 -87.68504 4.81609
v -35.27559 -87.68504 4.56903
v -33.25984 -87.68504 5.38307
v -31.24409 -87.68504 7.52203
v -29.22835 -87.68504 13.90177
v -27.21260 -87.68504 10.86720
v -25.19685 -87.68504 2.68993
v -23.18110 -87.68504 16.37654
v -21.16535 -87.68504 34.37737
v -19.14961 -87.68504 0.40663
v -17.13386 -87.68504 14.33007
v -15.11811 -87.68504 10.02816
v -13.10236 -87.68504 8.72278
v -11.08661 -87.68504 9.05155
v -9.07087 -87.68504 4.63253
v -7.05512 -87.68504 10.94091
v -5.03937 -87.68504 8.07894
v -3.02362 -87.68504 10.62463
v -1.00787 -87.68504 1.00697
v 1.00787 -87.68504 11.21955
v 3.02362 -87.68504 32.61697
v 5.03937 -87.68504 7.03436
v 7.05512 -87.68504 120.50197
v 9.07087 -87.68504 -2.73160
v 11.08661 -87.68504 -14.27547
v 13.10236 -87.68504 -1.51954
v 15.11811 -87.68504 3.12898
v 17.13386 -87.68504 9.06409
v 19.14961 -87.68504 4.68545
v 21.16535 -87.68504 6.66511
v 23.18110 -87.68504 16.00661
v 25.19685 -87.68504 7.49152
v 27.21260 -87.68504 10.68803
v 29.22835 -87.68504 7.67984
v 31.24409 -87.68504 10.16170
v 33.25984 -87.68504 10.53321
v 35.27559 -87.68504 7.52731
v 37.29134 -87.68504 23.49042
v 39.30709 -87.68504 13.38699
v 41.32283 -87.68504 -1.07604
v 43.33858 -87.68504 2.21811
v 45.35433 -87.68504 10.10818
v 47.37008 -87.68504 8.20533
v 49.38583 -87.68504 8.28595
v 51.40157 -87.68504 6.27422
v 53.41732 -87.68504 7.91845
v 55.43307 -87.68504 11.78793
v 57.44882 -87.68504 5.41295
v 59.46457 -87.68504 8.24134
v 61.48031 -87.68504 18.96529
v 63.49606 -87.68504 -3.24532
v 65.51181 -87.68504 2.60258
v 67.52756 -87.68504 3.63087
v 69.54331 -87.68504 2.63615
v 71.55906 -87.68504 8.51628
v 73.57480 -87.68504 6.49568
v 75.59055 -87.68504 3.01972
v 77.60630 -87.68504 7.47217
v 79.62205 -87.68504 29.04863
v 81.63780 -87.68504 -7.65839
v 83.65354 -87.68504 -21.84522
v 85.66929 -87.68504 7.71414
v 87.68504 -87.68504 -2.23333
v 89.70079 -87.68504 5.63457
v 91.71654 -87.68504 3.11811
v 93.73228 -87.68504 4.73384
v 95.74803 -87.68504 10.69327
v 97.76378 -87.68504 7.33077
v 99.77953 -87.68504 9.37495
v 101.79528 -87.68504 4.70335
v 103.81102 -87.68504 9.66494
v 105.82677 -87.68504 2.11195
v 107.84252 -87.68504 3.96848
v 109.85827 -87.68504 12.76534
v 111.87402 -87.68504 3.80399
v 113.88976 -87.68504 3.86560
v 115.90551 -87.68504 0.96867
v 117.92126 -87.68504 10.22736
v 119.93701 -87.68504 2.48787
v 121.95276 -87.68504 -25.05137
v 123.96850 -87.68504 0.98049
v 125.98425 -87.68504 0.67723
v 128.00000 -87.68504 7.36612
v -128.00000 -85.66929 22.34471
v -125.98425 -85.66929 5.05877
v -123.96850 -85.66929 9.35858
v -121.95276 -85.66929 0.62528
v -119.93701 -85.66929 2.15990
v -117.92126 -85.66929 5.99794
v -115.90551 -85.66929 5.33933
v -113.88976 -85.66929 8.57624
v -111.87402 -85.66929 8.07286
v -109.85827 -85.66929 6.00476
v -107.84252 -85.66929 8.32981
v -105.82677 -85.66929 6.13362
v -103.81102 -85.66929 8.23511
v -101.79528 -85.66929 3.70705
v -99.77953 -85.66929 7.46678
v -97.76378 -85.66929 6.69477
v -95.74803 -85.66929 9.72452
v -93.73228 -85.66929 4.41262
v -91.71654 -85.66929 7.70102
v -89.70079 -85.66929 8.93371
v -87.68504 -85.66929 6.17758
v -85.66929 -85.66929 3.64780
v -83.65354 -85.66929 5.27194
v -81.63780 -85.66929 7.33989
v -79.62205 -85.66929 6.34536
v -77.60630 -85.66929 14.68039
v -75.59055 -85.66929 4.26677
v -73.57480 -85.66929 2.04599
v -71.55906 -85.66929 7.26969
v -69.54331 -85.66929 12.11995
v -67.52756 -85.66929 4.51329
v -65.51181 -85.66929 11.25233
v -63.49606 -85.66929 4.34234
v -61.48031 -85.66929 1.57337
v -59.46457 -85.66929 3.15907
v -57.44882 -85.66929 4.00409
v -55.43307 -85.66929 6.79108
v -53.41732 -85.66929 10.75709
v -51.40157 -85.66929 3.29926
v -49.38583 -85.66929 9.59298
v -47.37008 -85.66929 2.44229
v -45.35433 -85.66929 2.37789
v -43.33858 -85.66929 12.66826
v -41.32283 -85.66929 5.12408
v -39.30709 -85.66929 6.08712
v -37.29134 -85.66929 3.23826
v -35.27559 -85.66929 5.07360
v -33.25984 -85.66929 6.94561
v -31.24409 -85.66929 0.06781
v -29.22835 -85.66929 1.73994
v -27.21260 -85.66929 -4.03128
v -25.19685 -85.66929 0.21152
v -23.18110 -85.66929 12.29177
v -21.16535 -85.66929 7.83044
v -19.14961 -85.66929 6.42192
v -17.13386 -85.66929 4.43080
v -15.11811 -85.66929 1.44851
v -13.10236 -85.66929 4.01763
v -11.08661 -85.66929 6.94875
v -9.07087 -85.66929 7.45788
v -7.05512 -85.66929 9.48546
v -5.03937 -85.66929 -2.09854
v -3.02362 -85.66929 12.03378
v -1.00787 -85.66929 -3.09975
v 1.00787 -85.66929 3.13871
v 3.02362 -85.66929 13.94852
v 5.03937 -85.66929 16.31573
v 7.05512 -85.66929 28.79304
v 9.07087 -85.66929 10.89151
v 11.08661 -85.66929 12.11727
v 13.10236 -85.66929 13.94847
v 15.11811 -85.66929 5.94212
v 17.13386 -85.66929 8.96529
v 19.14961 -85.66929 5.76826
v 21.16535 -85.66929 11.49002
v 23.18110 -85.66929 16.50856
v 25.19685 -85.66929 4.43420
v 27.21260 -85.66929 7.95287
v 29.22835 -85.66929 8.81470
v 31.24409 -85.66929 16.49732
v 33.25984 -85.66929 3.98956
v 35.27559 -85.66929 0.57136
v 37.29134 -85.66929 21.22733
v 39.30709 -85.66929 20.78299
v 41.32283 -85.66929 -0.06360
v 43.33858 -85.66929 20.43228
v 45.35433 -85.66929 9.16050
v 47.37008 -85.66929 8.46033
v 49.38583 -85.66929 9.57260
v 51.40157 -85.66929 5.13219
v 53.41732 -85.66929 4.89997
v 55.43307 -85.66929 9.22254
v 57.44882 -85.66929 2.69434
v 59.46457 -85.66929 2.01747
v 61.48031 -85.66929 18.13376
v 63.49606 -85.66929 -15.12351
v 65.51181 -85.66929 -4.87090
v 67.52756 -85.66929 10.40545
v 69.54331 -85.66929 14.96921
v 71.55906 -85.66929 9.83672
v 73.57480 -85.66929 14.99211
v 75.59055 -85.66929 10.26709
v 77.60630 -85.66929 -12.19444
v 79.62205 -85.66929 38.88009
v 81.63780 -85.66929 21.69708
v 83.65354 -85.66929 17.51921
v 85.66929 -85.66929 42.35572
v 87.68504 -85.66929 23.45740
v 89.70079 -85.66929 16.17482
v 91.71654 -85.66929 14.69709
v 93.73228 -85.66929 8.54130
v 95.74803 -85.66929 12.00862
v 97.76378 -85.66929 6.27108
v 99.77953 -85.66929 10.06507
v 101.79528 -85.66929 9.73688
v 103.81102 -85.66929 10.13639
v 105.82677 -85.66929 8.80670
v 107.84252 -85.66929 8.88431
v 109.85827 -85.66929 5.26440
v 111.87402 -85.66929 11.46129
v 113.88976 -85.66929 13.19507
v 115.90551 -85.66929 4.46117
v 117.92126 -85.66929 -17.31011
v 119.93701 -85.66929 -13.75891
v 121.95276 -85.66929 -14.79242
v 123.96850 -85.66929 -1.82154
v 125.98425 -85.66929 -3.40405
v 128.00000 -85.66929 8.36916
v -128.00000 -83.65354 2.82086
v -125.98425 -83.65354 -3.40476
v -123.96850 -83.65354 -4.03215
v -121.95276 -83.65354 0.61345
v -119.93701 -83.65354 5.39998
v -117.92126 -83.65354 6.71005
v -115.90551 -83.65354 5.01823
v -113.88976 -83.65354 8.21373
v -111.87402 -83.65354 6.44986
v -109.85827 -83.65354 4.05169
v -107.84252 -83.65354 6.54296
v -105.82677 -83.65354 8.83547
v -103.81102 -83.65354 5.95280
v -101.79528 -83.65354 7.06664
v -99.77953 -83.65354 3.89175
v -97.76378 -83.65354 11.40480
v -95.74803 -83.65354 0.29824
v -93.73228 -83.65354 2.33702
v -91.71654 -83.65354 8.25961
v -89.70079 -83.65354 10.20910
v -87.68504 -83.65354 9.60418
v -85.66929 -83.65354 11.23026
v -83.65354 -83.65354 11.63259
v -81.63780 -83.65354 2.96573
v -79.62205 -83.65354 4.53192
v -77.60630 -83.65354 13.13725
v -75.59055 -83.65354 -1.89221
v -73.57480 -83.65354 8.03014
v -71.55906 -83.65354 5.61955
v -69.54331 -83.65354 6.20212
v -67.52756 -83.65354 5.79623
v -65.51181 -83.65354 5.59736
v -63.49606 -83.65354 5.82607
v -61.48031 -83.65354 -0.18939
v -59.46457 -83.65354 1.86285
v -57.44882 -83.65354 2.87551
v -55.43307 -83.65354 8.16714
v -53.41732 -83.65354 10.63256
v -51.40157 -83.65354 4.55292
v -49.38583 -83.65354 8.55064
v -47.37008 -83.65354 11.01127
v -45.35433 -83.65354 12.00696
v -43.33858 -83.65354 2.15015
v -41.32283 -83.65354 6.91360
v -39.30709 -83.65354 6.04780
v -37.29134 -83.65354 5.55622
v -35.27559 -83.65354 6.38136
v -33.25984 -83.65354 8.13235
v -31.24409 -83.65354 8.93742
v -29.22835 -83.65354 22.31921
v -27.21260 -83.65354 13.55029
v -25.19685 -83.65354 -5.78834
v -23.18110 -83.65354 -4.45046
v -21.16535 -83.65354 10.22148
v -19.14961 -83.65354 -2.28389
v -17.13386 -83.65354 5.02161
v -15.11811 -83.65354 5.96466
v -13.10236 -83.65354 4.55008
v -11.08661 -83.65354 5.22226
v -9.07087 -83.65354 10.45157
v -7.05512 -83.65354 17.62913
v -5.03937 -83.65354 8.67250
v -3.02362 -83.65354 11.99860
v -1.00787 -83.65354 9.41367
v 1.00787 -83.65354 -0.46511
v 3.02362 -83.65354 11.54058
v 5.03937 -83.65354 22.81921
v 7.05512 -83.65354 3.23325
v 9.07087 -83.65354 11.52541
v 11.08661 -83.65354 19.02106
v 13.10236 -83.65354 9.95714
v 15.11811 -83.65354 11.09730
v 17.13386 -83.65354 17.00724
v 19.14961 -83.65354 8.36273
v 21.16535 -83.65354 10.74925
v 23.18110 -83.65354 19.49821
v 25.19685 -83.65354 4.42158
v 27.21260 -83.65354 6.19338
v 29.22835 -83.65354 10.53289
v 31.24409 -83.65354 4.81939
v 33.25984 -83.65354 9.52202
v 35.27559 -83.65354 6.12740
v 37.29134 -83.65354 5.81792
v 39.30709 -83.65354 16.28270
v 41.32283 -83.65354 -10.49604
v 43.33858 -83.65354 5.93919
v 45.35433 -83.65354 6.67856
v 47.37008 -83.65354 8.05846
v 49.38583 -83.65354 9.73676
v 51.40157 -83.65354 6.75600
v 53.41732 -83.65354 8.53124
v 55.43307 -83.65354 6.59584
v 57.44882 -83.65354 7.17625
v 59.46457 -83.65354 9.82522
v 61.48031 -83.65354 9.96470
v 63.49606 -83.65354 -10.51504
v 65.51181 -83.65354 1.50257
v 67.52756 -83.65354 6.98115
v 69.54331 -83.65354 3.26046
v 71.55906 -83.65354 7.03674
v 73.57480 -83.65354 10.48109
v 75.59055 -83.65354 12.62967
v 77.60630 -83.65354 9.13922
v 79.62205 -83.65354 31.75420
v 81.63780 -83.65354 42.17276
v 83.65354 -83.65354 26.05733
v 85.66929 -83.65354 36.37763
v 87.68504 -83.65354 20.75773
v 89.70079 -83.65354 17.92455
v 91.71654 -83.65354 18.63500
v 93.73228 -83.65354 12.43502
v 95.74803 -83.65354 11.15581
v 97.76378 -83.65354 6.65018
v 99.77953 -83.65354 10.81116
v 101.79528 -83.65354 8.50173
v 103.81102 -83.65354 10.20425
v 105.82677 -83.65354 5.58239
v 107.84252 -83.65354 5.17235
v 109.85827 -83.65354 7.31163
v 111.87402 -83.65354 -9.94696
v 113.88976 -83.65354 -8.13544
v 115.90551 -83.65354 -30.25645
v 117.92126 -83.65354 16.47636
v 119.93701 -83.65354 -43.65360
v 121.95276 -83.65354 -7.85391
v 123.96850 -83.65354 -6.99728
v 125.98425 -83.65354 6.80914
v 128.00000 -83.65354 0.30572
v -128.00000 -81.63780 -4.32719
v -125.98425 -81.63780 -7.83907
v -123.96850 -81.63780 7.45663
v -121.95276 -81.63780 -0.28546
v -119.93701 -81.63780 3.69543
v -117.92126 -81.63780 8.09763
v -115.90551 -81.63780 6.14898
v -113.88976 -81.63780 5.77125
v -111.87402 -81.63780 7.92687
v -109.85827 -81.63780 6.82185
v -107.84252 -81.63780 8.38685
v -105.82677 -81.63780 9.00459
v -103.81102 -81.63780 6.57118
v -101.79528 -81.63780 8.84615
v -99.77953 -81.63780 12.08748
v -97.76378 -81.63780 7.53392
v -95.74803 -81.63780 5.92093
v -93.73228 -81.63780 10.60867
v -91.71654 -81.63780 7.67549
v -89.70079 -81.63780 7.04515
v -87.68504 -81.63780 6.70628
v -85.66929 -81.63780 6.72700
v -83.65354 -81.63780 2.73287
v -81.63780 -81.63780 8.89923
v -79.62205 -81.63780 13.56709
v -77.60630 -81.63780 17.68812
v -75.59055 -81.63780 -0.35155
v -73.57480 -81.63780 11.35467
v -71.55906 -81.63780 10.30451
v -69.54331 -81.63780 5.59431
v -67.52756 -81.63780 8.36214
v -65.51181 -81.63780 2.81419
v -63.49606 -81.63780 8.80450
v -61.48031 -81.63780 6.11436
v -59.46457 -81.63780 10.96229
v -57.44882 -81.63780 -0.32468
v -55.43307 -81.63780 4.41384
v -53.41732 -81.63780 10.51651
v -51.40157 -81.63780 5.72158
v -49.38583 -81.63780 8.70390
v -47.37008 -81.63780 9.58759
v -45.35433 -81.63780 4.38704
v -43.33858 -81.63780 9.65457
v -41.32283 -81.63780 3.66853
v -39.30709 -81.63780 6.88498
v -37.29134 -81.63780 5.47819
v -35.27559 -81.63780 3.90200
v -33.25984 -81.63780 4.85366
v -31.24409 -81.63780 1.96805
v -29.22835 -81.63780 -14.54311
v -27.21260 -81.63780 6.79032
v -25.19685 -81.63780 9.77931
v -23.18110 -81.63780 7.63466
v -21.16535 -81.63780 4.54157
v -19.14961 -81.63780 -8.23216
v -17.13386 -81.63780 4.60431
v -15.11811 -81.63780 6.38184
v -13.10236 -81.63780 12.05598
v -11.08661 -81.63780 7.34561
v -9.07087 -81.63780 9.11449
v -7.05512 -81.63780 3.07560
v -5.03937 -81.63780 -5.08126
v -3.02362 -81.63780 8.99544
v -1.00787 -81.63780 12.60290
v 1.00787 -81.63780 9.47343
v 3.02362 -81.63780 9.58284
v 5.03937 -81.63780 17.46962
v 7.05512 -81.63780 14.57421
v 9.07087 -81.63780 13.63379
v 11.08661 -81.63780 27.39522
v 13.10236 -81.63780 9.14714
v 15.11811 -81.63780 4.11542
v 17.13386 -81.63780 9.75387
v 19.14961 -81.63780 0.50004
v 21.16535 -81.63780 4.46573
v 23.18110 -81.63780 16.55012
v 25.19685 -81.63780 4.04122
v 27.21260 -81.63780 9.64324
v 29.22835 -81.63780 9.96871
v 31.24409 -81.63780 7.90191
v 33.25984 -81.63780 8.22435
v 35.27559 -81.63780 7.97382
v 37.29134 -81.63780 16.66770
v 39.30709 -81.63780 8.92244
v 41.32283 -81.63780 2.21379
v 43.33858 -81.63780 4.23556
v 45.35433 -81.63780 8.81119
v 47.37008 -81.63780 6.26063
v 49.38583 -81.63780 11.01260
v 51.40157 -81.63780 5.17995
v 53.41732 -81.63780 3.04694
v 55.43307 -81.63780 8.22450
v 57.44882 -81.63780 3.38917
v 59.46457 -81.63780 5.11573
v 61.48031 -81.63780 11.80552
v 63.49606 -81.63780 3.03053
v 65.51181 -81.63780 11.22649
v 67.52756 -81.63780 6.86344
v 69.54331 -81.63780 13.24246
v 71.55906 -81.63780 8.49408
v 73.57480 -81.63780 17.41076
v 75.59055 -81.63780 19.64818
v 77.60630 -81.63780 25.31142
v 79.62205 -81.63780 72.37939
v 81.63780 -81.63780 43.55281
v 83.65354 -81.63780 31.93523
v 85.66929 -81.63780 17.18178
v 87.68504 -81.63780 54.23888
v 89.70079 -81.63780 27.14991
v 91.71654 -81.63780 11.36354
v 93.73228 -81.63780 6.40447
v 95.74803 -81.63780 7.65100
v 97.76378 -81.63780 6.39413
v 99.77953 -81.63780 11.75210
v 101.79528 -81.63780 8.79682
v 103.81102 -81.63780 5.64017
v 105.82677 -81.63780 10.49408
v 107.84252 -81.63780 7.22945
v 109.85827 -81.63780 23.13970
v 111.87402 -81.63780 48.44141
v 113.88976 -81.63780 -92.13503
v 115.90551 -81.63780 -114.98909
v 117.92126 -81.63780 -35.98923
v 119.93701 -81.63780 -52.33085
v 121.95276 -81.63780 -25.74783
v 123.96850 -81.63780 4.61515
v 125.98425 -81.63780 -2.94958
v 128.00000 -81.63780 10.79609
v -128.00000 -79.62205 -23.97347
v -125.98425 -79.62205 -8.50779
v -123.96850 -79.62205 9.48837
v -121.95276 -79.62205 11.52663
v -119.93701 -79.62205 10.44805
v -117.92126 -79.62205 -2.65669
v -115.90551 -79.62205 -6.00762
v -113.88976 -79.62205 4.74614
v -111.87402 -79.62205 7.03620
v -109.85827 -79.62205 9.26284
v -107.84252 -79.62205 6.73383
v -105.82677 -79.62205 6.34734
v -103.81102 -79.62205 5.53698
v -101.79528 -79.62205 6.79628
v -99.77953 -79.62205 12.27978
v -97.76378 -79.62205 -0.67659
v -95.74803 -79.62205 6.11994
v -93.73228 -79.62205 1.52528
v -91.71654 -79.62205 4.45133
v -89.70079 -79.62205 -0.41194
v -87.68504 -79.62205 11.23385
v -85.66929 -79.62205 18.84427
v -83.65354 -79.62205 11.13891
v -81.63780 -79.62205 9.41088
v -79.62205 -79.62205 0.17257
v -77.60630 -79.62205 17.18829
v -75.59055 -79.62205 -2.23482
v -73.57480 -79.62205 0.74021
v -71.55906 -79.62205 6.25247
v -69.54331 -79.62205 6.13637
v -67.52756 -79.62205 6.69126
v -65.51181 -79.62205 4.22406
v -63.49606 -79.62205 4.22627
v -61.48031 -79.62205 6.95691
v -59.46457 -79.62205 5.55356
v -57.44882 -79.62205 5.71566
v -55.43307 -79.62205 2.11896
v -53.41732 -79.62205 9.27860
v -51.40157 -79.62205 6.12311
v -49.38583 -79.62205 7.13446
v -47.37008 -79.62205 4.52770
v -45.35433 -79.62205 6.90745
v -43.33858 -79.62205 4.08717
v -41.32283 -79.62205 6.30612
v -39.30709 -79.62205 9.08451
v -37.29134 -79.62205 8.74091
v -35.27559 -79.62205 8.73884
v -33.25984 -79.62205 8.15723
v -31.24409 -79.62205 10.21663
v -29.22835 -79.62205 22.69060
v -27.21260 -79.62205 -0.37845
v -25.19685 -79.62205 -2.92906
v -23.18110 -79.62205 16.18342
v -21.16535 -79.62205 -4.28039
v -19.14961 -79.62205 -0.03394
v -17.13386 -79.62205 17.01821
v -15.11811 -79.62205 21.37410
v -13.10236 -79.62205 3.13871
v -11.08661 -79.62205 10.51032
v -9.07087 -79.62205 6.05861
v -7.05512 -79.62205 12.73640
v -5.03937 -79.62205 13.07545
v -3.02362 -79.62205 4.16829
v -1.00787 -79.62205 5.03956
v 1.00787 -79.62205 10.45982
v 3.02362 -79.62205 12.85509
v 5.03937 -79.62205 10.37821
v 7.05512 -79.62205 10.45422
v 9.07087 -79.62205 8.92183
v 11.08661 -79.62205 15.86681
v 13.10236 -79.62205 13.94508
v 15.11811 -79.62205 7.51851
v 17.13386 -79.62205 7.78472
v 19.14961 -79.62205 6.46348
v 21.16535 -79.62205 7.62870
v 23.18110 -79.62205 9.98467
v 25.19685 -79.62205 3.12671
v 27.21260 -79.62205 5.74043
v 29.22835 -79.62205 12.02244
v 31.24409 -79.62205 5.39939
v 33.25984 -79.62205 9.13033
v 35.27559 -79.62205 7.94627
v 37.29134 -79.62205 4.14048
v 39.30709 -79.62205 7.41146
v 41.32283 -79.62205 5.49278
v 43.33858 -79.62205 5.26047
v 45.35433 -79.62205 5.79218
v 47.37008 -79.62205 5.87634
v 49.38583 -79.62205 4.07539
v 51.40157 -79.62205 7.90006
v 53.41732 -79.62205 8.22385
v 55.43307 -79.62205 6.71511
v 57.44882 -79.62205 8.76151
v 59.46457 -79.62205 9.60074
v 61.48031 -79.62205 4.97031
v 63.49606 -79.62205 7.23056
v 65.51181 -79.62205 4.04410
v 67.52756 -79.62205 10.08431
v 69.54331 -79.62205 2.31287
v 71.55906 -79.62205 11.79218
v 73.57480 -79.62205 14.07511
v 75.59055 -79.62205 8.49076
v 77.60630 -79.62205 13.51170
v 79.62205 -79.62205 56.40216
v 81.63780 -79.62205 120.22556
v 83.65354 -79.62205 88.17603
v 85.66929 -79.62205 52.45860
v 87.68504 -79.62205 73.20908
v 89.70079 -79.62205 18.14452
v 91.71654 -79.62205 13.68918
v 93.73228 -79.62205 15.51017
v 95.74803 -79.62205 6.96532
v 97.76378 -79.62205 -0.23078
v 99.77953 -79.62205 10.57692
v 101.79528 -79.62205 6.07608
v 103.81102 -79.62205 9.58885
v 105.82677 -79.62205 7.19639
v 107.84252 -79.62205 2.95987
v 109.85827 -79.62205 -8.62333
v 111.87402 -79.62205 13.34828
v 113.88976 -79.62205 -28.71622
v 115.90551 -79.62205 -53.91211
v 117.92126 -79.62205 -68.94814
v 119.93701 -79.62205 -9.90033
v 121.95276 -79.62205 -3.71587
v 123.96850 -79.62205 13.61339
v 125.98425 -79.62205 3.39778
v 128.00000 -79.62205 6.39663
v -128.00000 -77.60630 -6.35211
v -125.98425 -77.60630 7.47040
v -123.96850 -77.60630 -0.00729
v -121.95276 -77.60630 3.61454
v -119.93701 -77.60630 5.04341
v -117.92126 -77.60630 6.78394
v -115.90551 -77.60630 8.46064
v -113.88976 -77.60630 4.16711
v -111.87402 -77.60630 6.18710
v -109.85827 -77.60630 6.70749
v -107.84252 -77.60630 7.69640
v -105.82677 -77.60630 9.44896
v -103.81102 -77.60630 5.45249
v -101.79528 -77.60630 2.62621
v -99.77953 -77.60630 -0.47931
v -97.76378 -77.60630 8.78752
v -95.74803 -77.60630 0.29360
v -93.73228 -77.60630 -0.36819
v -91.71654 -77.60630 0.68215
v -89.70079 -77.60630 -5.05651
v -87.68504 -77.60630 12.39005
v -85.66929 -77.60630 6.44962
v -83.65354 -77.60630 3.18540
v -81.63780 -77.60630 9.82855
v -79.62205 -77.60630 9.12670
v -77.60630 -77.60630 5.87228
v -75.59055 -77.60630 5.93048
v -73.57480 -77.60630 6.55957
v -71.55906 -77.60630 8.28594
v -69.54331 -77.60630 1.21458
v -67.52756 -77.60630 7.54465
v -65.51181 -77.60630 8.49510
v -63.49606 -77.60630 7.04123
v -61.48031 -77.60630 5.00235
v -59.46457 -77.60630 9.75621
v -57.44882 -77.60630 12.64211
v -55.43307 -77.60630 9.17170
v -53.41732 -77.60630 3.09153
v -51.40157 -77.60630 1.93079
v -49.38583 -77.60630 6.61108
v -47.37008 -77.60630 10.56132
v -45.35433 -77.60630 2.79103
v -43.33858 -77.60630 1.98184
v -41.32283 -77.60630 -1.41849
v -39.30709 -77.60630 2.41557
v -37.29134 -77.60630 7.52420
v -35.27559 -77.60630 6.39656
v -33.25984 -77.60630 2.61246
v -31.24409 -77.60630 11.52766
v -29.22835 -77.60630 3.02562
v -27.21260 -77.60630 8.15135
v -25.19685 -77.60630 3.23005
v -23.18110 -77.60630 -1.61916
v -21.16535 -77.60630 -0.73292
v -19.14961 -77.60630 -0.61046
v -17.13386 -77.60630 3.93367
v -15.11811 -77.60630 4.82548
v -13.10236 -77.60630 13.19759
v -11.08661 -77.60630 4.54955
v -9.07087 -77.60630 2.85811
v -7.05512 -77.60630 10.25395
v -5.03937 -77.60630 8.70342
v -3.02362 -77.60630 10.69921
v -1.00787 -77.60630 3.65884
v 1.00787 -77.60630 4.44763
v 3.02362 -77.60630 7.29266
v 5.03937 -77.60630 14.05602
v 7.05512 -77.60630 7.32243
v 9.07087 -77.60630 9.25359
v 11.08661 -77.60630 9.44583
v 13.10236 -77.60630 7.35451
v 15.11811 -77.60630 5.76478
v 17.13386 -77.60630 5.55357
v 19.14961 -77.60630 6.96458
v 21.16535 -77.60630 11.03854
v 23.18110 -77.60630 10.41601
v 25.19685 -77.60630 12.35627
v 27.21260 -77.60630 2.97177
v 29.22835 -77.60630 6.21173
v 31.24409 -77.60630 7.97944
v 33.25984 -77.60630 7.90203
v 35.27559 -77.60630 5.92211
v 37.29134 -77.60630 9.90228
v 39.30709 -77.60630 3.65022
v 41.32283 -77.60630 -2.65909
v 43.33858 -77.60630 14.28814
v 45.35433 -77.60630 12.03019
v 47.37008 -77.60630 8.86375
v 49.38583 -77.60630 9.37356
v 51.40157 -77.60630 5.43778
v 53.41732 -77.60630 9.04838
v 55.43307 -77.60630 5.06708
v 57.44882 -77.60630 8.87673
v 59.46457 -77.60630 8.72149
v 61.48031 -77.60630 6.32890
v 63.49606 -77.60630 2.53837
v 65.51181 -77.60630 4.85001
v 67.52756 -77.60630 12.16584
v 69.54331 -77.60630 8.58939
v 71.55906 -77.60630 -0.42945
v 73.57480 -77.60630 19.75493
v 75.59055 -77.60630 19.91434
v 77.60630 -77.60630 12.36105
v 79.62205 -77.60630 42.75664
v 81.63780 -77.60630 7.69211
v 83.65354 -77.60630 2.56661
v 85.66929 -77.60630 18.54647
v 87.68504 -77.60630 51.24021
v 89.70079 -77.60630 13.26425
v 91.71654 -77.60630 18.55196
v 93.73228 -77.60630 2.53391
v 95.74803 -77.60630 4.59342
v 97.76378 -77.60630 13.40786
v 99.77953 -77.60630 11.88335
v 101.79528 -77.60630 5.29616
v 103.81102 -77.60630 6.91933
v 105.82677 -77.60630 2.43184
v 107.84252 -77.60630 9.60165
v 109.85827 -77.60630 10.17668
v 111.87402 -77.60630 40.02629
v 113.88976 -77.60630 -6.37804
v 115.90551 -77.60630 12.67663
v 117.92126 -77.60630 -26.33824
v 119.93701 -77.60630 3.48477
v 121.95276 -77.60630 11.43515
v 123.96850 -77.60630 6.17729
v 125.98425 -77.60630 15.22701
v 128.00000 -77.60630 15.56895
v -128.00000 -75.59055 13.98559
v -125.98425 -75.59055 10.68633
v -123.96850 -75.59055 -1.81477
v -121.95276 -75.59055 9.62339
v -119.93701 -75.59055 0.71057
v -117.92126 -75.59055 10.29529
v -115.90551 -75.59055 -3.66992
v -113.88976 -75.59055 8.85920
v -111.87402 -75.59055 6.09672
v -109.85827 -75.59055 4.87144
v -107.84252 -75.59055 7.37379
v -105.82677 -75.59055 7.02679
v -103.81102 -75.59055 3.33164
v -101.79528 -75.59055 5.22005
v -99.77953 -75.59055 -7.86445
v -97.76378 -75.59055 11.97758
v -95.74803 -75.59055 7.46918
v -93.73228 -75.59055 -5.73213
v -91.71654 -75.59055 0.53421
v -89.70079 -75.59055 -25.47449
v -87.68504 -75.59055 6.60578
v -85.66929 -75.59055 8.14203
v -83.65354 -75.59055 1.05527
v -81.63780 -75.59055 9.25142
v -79.62205 -75.59055 12.89473
v -77.60630 -75.59055 7.42153
v -75.59055 -75.59055 -0.76778
v -73.57480 -75.59055 6.84078
v -71.55906 -75.59055 0.50678
v -69.54331 -75.59055 -1.08398
v -67.52756 -75.59055 12.58990
v -65.51181 -75.59055 6.87579
v -63.49606 -75.59055 2.11761
v -61.48031 -75.59055 10.65257
v -59.46457 -75.59055 6.20749
v -57.44882 -75.59055 9.33465
v -55.43307 -75.59055 -1.22561
v -53.41732 -75.59055 -1.84842
v -51.40157 -75.59055 1.28043
v -49.38583 -75.59055 -4.80755
v -47.37008 -75.59055 0.07002
v -45.35433 -75.59055 7.04301
v -43.33858 -75.59055 6.26494
v -41.32283 -75.59055 6.27875
v -39.30709 -75.59055 4.32592
v -37.29134 -75.59055 4.90978
v -35.27559 -75.59055 9.25451
v -33.25984 -75.59055 -0.92869
v -31.24409 -75.59055 -0.92670
v -29.22835 -75.59055 12.92139
v -27.21260 -75.59055 8.56066
v -25.19685 -75.59055 13.05766
v -23.18110 -75.59055 1.99514
v -21.16535 -75.59055 4.31429
v -19.14961 -75.59055 5.27104
v -17.13386 -75.59055 9.37408
v -15.11811 -75.59055 10.45413
v -13.10236 -75.59055 8.47743
v -11.08661 -75.59055 1.68581
v -9.07087 -75.59055 9.40988
v -7.05512 -75.59055 15.37279
v -5.03937 -75.59055 11.16189
v -3.02362 -75.59055 4.47851
v -1.00787 -75.59055 11.03444
v 1.00787 -75.59055 4.69284
v 3.02362 -75.59055 9.42827
v 5.03937 -75.59055 9.75152
v 7.05512 -75.59055 4.42597
v 9.07087 -75.59055 9.65860
v 11.08661 -75.59055 6.07705
v 13.10236 -75.59055 6.87784
v 15.11811 -75.59055 8.42330
v 17.13386 -75.59055 6.59215
v 19.14961 -75.59055 12.54985
v 21.16535 -75.59055 6.47136
v 23.18110 -75.59055 21.26061
v 25.19685 -75.59055 12.45112
v 27.21260 -75.59055 7.31869
v 29.22835 -75.59055 10.55487
v 31.24409 -75.59055 2.88591
v 33.25984 -75.59055 7.75470
v 35.27559 -75.59055 9.48240
v 37.29134 -75.59055 7.17632
v 39.30709 -75.59055 6.19493
v 41.32283 -75.59055 -1.11104
v 43.33858 -75.59055 8.13652
v 45.35433 -75.59055 3.41243
v 47.37008 -75.59055 9.57108
v 49.38583 -75.59055 8.79169
v 51.40157 -75.59055 3.68595
v 53.41732 -75.59055 10.53750
v 55.43307 -75.59055 9.92831
v 57.44882 -75.59055 8.40331
v 59.46457 -75.59055 10.33353
v 61.48031 -75.59055 4.20799
v 63.49606 -75.59055 5.15913
v 65.51181 -75.59055 7.14472
v 67.52756 -75.59055 6.12062
v 69.54331 -75.59055 12.14239
v 71.55906 -75.59055 11.18152
v 73.57480 -75.59055 3.10581
v 75.59055 -75.59055 3.99920
v 77.60630 -75.59055 21.99702
v 79.62205 -75.59055 10.83391
v 81.63780 -75.59055 12.01525
v 83.65354 -75.59055 -14.01620
v 85.66929 -75.59055 -21.47307
v 87.68504 -75.59055 14.46902
v 89.70079 -75.59055 -4.20063
v 91.71654 -75.59055 1.85973
v 93.73228 -75.59055 6.38461
v 95.74803 -75.59055 12.27410
v 97.76378 -75.59055 7.79893
v 99.77953 -75.59055 8.20973
v 101.79528 -75.59055 7.30141
v 103.81102 -75.59055 9.00177
v 105.82677 -75.59055 5.82704
v 107.84252 -75.59055 6.17321
v 109.85827 -75.59055 14.42272
v 111.87402 -75.59055 -7.42797
v 113.88976 -75.59055 9.84459
v 115.90551 -75.59055 -30.59981
v 117.92126 -75.59055 30.42750
v 119.93701 -75.59055 -11.49007
v 121.95276 -75.59055 -13.06094
v 123.96850 -75.59055 6.59495
v 125.98425 -75.59055 -4.69217
v 128.00000 -75.59055 -1.75459
v -128.00000 -73.57480 15.74986
v -125.98425 -73.57480 4.87404
v -123.96850 -73.57480 7.37919
v -121.95276 -73.57480 8.05919
v -119.93701 -73.57480 8.91673
v -117.92126 -73.57480 8.62864
v -115.90551 -73.57480 10.01400
v -113.88976 -73.57480 12.20678
v -111.87402 -73.57480 8.28560
v -109.85827 -73.57480 1.87447
v -107.84252 -73.57480 7.66824
v -105.82677 -73.57480 5.96977
v -103.81102 -73.57480 6.85814
v -101.79528 -73.57480 1.41906
v -99.77953 -73.57480 -1.35343
v -97.76378 -73.57480 -6.90414
v -95.74803 -73.57480 -30.82112
v -93.73228 -73.57480 -6.57738
v -91.71654 -73.57480 -34.98150
v -89.70079 -73.57480 -2.77487
v -87.68504 -73.57480 1.41350
v -85.66929 -73.57480 6.29147
v -83.65354 -73.57480 2.64045
v -81.63780 -73.57480 7.31041
v -79.62205 -73.57480 15.10594
v -77.60630 -73.57480 4.78403
v -75.59055 -73.57480 11.85266
v -73.57480 -73.57480 -1.52830
v -71.55906 -73.57480 4.74751
v -69.54331 -73.57480 -7.98518
v -67.52756 -73.57480 6.47493
v -65.51181 -73.57480 -8.36403
v -63.49606 -73.57480 -7.67985
v -61.48031 -73.57480 17.75140
v -59.46457 -73.57480 18.16591
v -57.44882 -73.57480 13.87928
v -55.43307 -73.57480 7.15961
v -53.41732 -73.57480 7.41990
v -51.40157 -73.57480 -4.80043
v -49.38583 -73.57480 -7.29662
v -47.37008 -73.57480 -2.51466
v -45.35433 -73.57480 1.24745
v -43.33858 -73.57480 3.86654
v -41.32283 -73.57480 7.41617
v -39.30709 -73.57480 5.76209
v -37.29134 -73.57480 6.08045
v -35.27559 -73.57480 8.98532
v -33.25984 -73.57480 6.16056
v -31.24409 -73.57480 4.00532
v -29.22835 -73.57480 5.77295
v -27.21260 -73.57480 7.30921
v -25.19685 -73.57480 11.90429
v -23.18110 -73.57480 9.33577
v -21.16535 -73.57480 4.72685
v -19.14961 -73.57480 6.70287
v -17.13386 -73.57480 12.13629
v -15.11811 -73.57480 7.44859
v -13.10236 -73.57480 11.75226
v -11.08661 -73.57480 9.43890
v -9.07087 -73.57480 -0.16738
v -7.05512 -73.57480 6.15064
v -5.03937 -73.57480 8.82591
v -3.02362 -73.57480 5.67702
v -1.00787 -73.57480 8.73914
v 1.00787 -73.57480 7.00434
v 3.02362 -73.57480 10.69338
v 5.03937 -73.57480 9.29476
v 7.05512 -73.57480 13.35732
v 9.07087 -73.57480 3.60367
v 11.08661 -73.57480 3.09527
v 13.10236 -73.57480 7.96681
v 15.11811 -73.57480 5.86506
v 17.13386 -73.57480 6.31524
v 19.14961 -73.57480 9.26075
v 21.16535 -73.57480 2.96688
v 23.18110 -73.57480 19.55018
v 25.19685 -73.57480 13.12888
v 27.21260 -73.57480 -2.90358
v 29.22835 -73.57480 14.39626
v 31.24409 -73.57480 4.37391
v 33.25984 -73.57480 10.88905
v 35.27559 -73.57480 3.44826
v 37.29134 -73.57480 11.06450
v 39.30709 -73.57480 5.81133
v 41.32283 -73.57480 10.75515
v 43.33858 -73.57480 4.36662
v 45.35433 -73.57480 5.47156
v 47.37008 -73.57480 8.77162
v 49.38583 -73.57480 4.66285
v 51.40157 -73.57480 4.15337
v 53.41732 -73.57480 5.61891
v 55.43307 -73.57480 7.46862
v 57.44882 -73.57480 9.23088
v 59.46457 -73.57480 6.93151
v 61.48031 -73.57480 10.18641
v 63.49606 -73.57480 4.00205
v 65.51181 -73.57480 8.53911
v 67.52756 -73.57480 4.23621
v 69.54331 -73.57480 2.55889
v 71.55906 -73.57480 5.65184
v 73.57480 -73.57480 9.74826
v 75.59055 -73.57480 8.76727
v 77.60630 -73.57480 -4.26081
v 79.62205 -73.57480 0.78193
v 81.63780 -73.57480 -2.02195
v 83.65354 -73.57480 3.61645
v 85.66929 -73.57480 10.82556
v 87.68504 -73.57480 28.00552
v 89.70079 -73.57480 -11.59063
v 91.71654 -73.57480 14.04156
v 93.73228 -73.57480 3.54139
v 95.74803 -73.57480 10.86368
v 97.76378 -73.57480 4.37965
v 99.77953 -73.57480 9.21294
v 101.79528 -73.57480 7.40862
v 103.81102 -73.57480 11.43051
v 105.82677 -73.57480 8.52744
v 107.84252 -73.57480 11.89892
v 109.85827 -73.57480 15.38863
v 111.87402 -73.57480 9.71462
v 113.88976 -73.57480 5.56870
v 115.90551 -73.57480 -4.81081
v 117.92126 -73.57480 2.10030
v 119.93701 -73.57480 20.28711
v 121.95276 -73.57480 12.54497
v 123.96850 -73.57480 -2.31321
v 125.98425 -73.57480 -10.21537
v 128.00000 -73.57480 -27.84006
v -128.00000 -71.55906 15.11204
v -125.98425 -71.55906 6.92142
v -123.96850 -71.55906 5.00427
v -121.95276 -71.55906 3.00628
v -119.93701 -71.55906 6.74707
v -117.92126 -71.55906 13.61352
v -115.90551 -71.55906 6.32870
v -113.88976 -71.55906 -10.20203
v -111.87402 -71.55906 11.67061
v -109.85827 -71.55906 8.53852
v -107.84252 -71.55906 4.99485
v -105.82677 -71.55906 6.68156
v -103.81102 -71.55906 3.12731
v -101.79528 -71.55906 6.99208
v -99.77953 -71.55906 0.89758
v -97.76378 -71.55906 6.09859
v -95.74803 -71.55906 -8.23885
v -93.73228 -71.55906 -14.10989
v -91.71654 -71.55906 2.75150
v -89.70079 -71.55906 -5.70986
v -87.68504 -71.55906 9.08368
v -85.66929 -71.55906 4.60952
v -83.65354 -71.55906 2.97757
v -81.63780 -71.55906 6.23224
v -79.62205 -71.55906 4.71135
v -77.60630 -71.55906 8.94183
v -75.59055 -71.55906 1.12817
v -73.57480 -71.55906 7.02814
v -71.55906 -71.55906 8.07800
v -69.54331 -71.55906 -1.01900
v -67.52756 -71.55906 10.57901
v -65.51181 -71.55906 -3.86041
v -63.49606 -71.55906 19.13284
v -61.48031 -71.55906 35.46521
v -59.46457 -71.55906 21.01808
v -57.44882 -71.55906 7.12672
v -55.43307 -71.55906 1.46679
v -53.41732 -71.55906 -4.12857
v -51.40157 -71.55906 5.35556
v -49.38583 -71.55906 -3.79469
v -47.37008 -71.55906 2.43748
v -45.35433 -71.55906 -3.52173
v -43.33858 -71.55906 8.46752
v -41.32283 -71.55906 5.90102
v -39.30709 -71.55906 4.68281
v -37.29134 -71.55906 6.16490
v -35.27559 -71.55906 12.99387
v -33.25984 -71.55906 3.04614
v -31.24409 -71.55906 9.38942
v -29.22835 -71.55906 7.45570
v -27.21260 -71.55906 5.96904
v -25.19685 -71.55906 4.06755
v -23.18110 -71.55906 7.06307
v -21.16535 -71.55906 4.20745
v -19.14961 -71.55906 11.29036
v -17.13386 -71.55906 5.41374
v -15.11811 -71.55906 6.84314
v -13.10236 -71.55906 8.71735
v -11.08661 -71.55906 8.18639
v -9.07087 -71.55906 15.24055
v -7.05512 -71.55906 -3.56833
v -5.03937 -71.55906 5.94419
v -3.02362 -71.55906 4.99958
v -1.00787 -71.55906 9.10425
v 1.00787 -71.55906 8.18196
v 3.02362 -71.55906 8.80781
v 5.03937 -71.55906 15.85490
v 7.05512 -71.55906 -5.85494
v 9.07087 -71.55906 -2.34513
v 11.08661 -71.55906 3.18280
v 13.10236 -71.55906 8.37504
v 15.11811 -71.55906 8.98224
v 17.13386 -71.55906 7.45224
v 19.14961 -71.55906 3.97421
v 21.16535 -71.55906 5.32602
v 23.18110 -71.55906 5.66229
v 25.19685 -71.55906 6.69709
v 27.21260 -71.55906 6.26252
v 29.22835 -71.55906 9.23081
v 31.24409 -71.55906 -0.60406
v 33.25984 -71.55906 6.75623
v 35.27559 -71.55906 5.56885
v 37.29134 -71.55906 3.74026
v 39.30709 -71.55906 6.84633
v 41.32283 -71.55906 7.11571
v 43.33858 -71.55906 8.58756
v 45.35433 -71.55906 5.34382
v 47.37008 -71.55906 11.41788
v 49.38583 -71.55906 2.22416
v 51.40157 -71.55906 4.69916
v 53.41732 -71.55906 7.63367
v 55.43307 -71.55906 12.21303
v 57.44882 -71.55906 6.50431
v 59.46457 -71.55906 10.04531
v 61.48031 -71.55906 10.39596
v 63.49606 -71.55906 5.08615
v 65.51181 -71.55906 9.06645
v 67.52756 -71.55906 11.82408
v 69.54331 -71.55906 4.48540
v 71.55906 -71.55906 9.14374
v 73.57480 -71.55906 -2.16361
v 75.59055 -71.55906 10.52469
v 77.60630 -71.55906 11.61841
v 79.62205 -71.55906 1.16426
v 81.63780 -71.55906 -8.97312
v 83.65354 -71.55906 15.64948
v 85.66929 -71.55906 1.05936
v 87.68504 -71.55906 21.87630
v 89.70079 -71.55906 -8.13341
v 91.71654 -71.55906 -9.67598
v 93.73228 -71.55906 16.16039
v 95.74803 -71.55906 4.52241
v 97.76378 -71.55906 -5.03071
v 99.77953 -71.55906 5.38113
v 101.79528 -71.55906 7.50085
v 103.81102 -71.55906 9.27578
v 105.82677 -71.55906 7.93024
v 107.84252 -71.55906 5.35777
v 109.85827 -71.55906 7.06365
v 111.87402 -71.55906 13.28983
v 113.88976 -71.55906 11.66682
v 115.90551 -71.55906 6.10295
v 117.92126 -71.55906 5.77293
v 119.93701 -71.55906 10.09381
v 121.95276 -71.55906 2.12945
v 123.96850 -71.55906 1.54692
v 125.98425 -71.55906 0.90892
v 128.00000 -71.55906 -6.90975
v -128.00000 -69.54331 6.31018
v -125.98425 -69.54331 20.28344
v -123.96850 -69.54331 -1.81942
v -121.95276 -69.54331 12.70321
v -119.93701 -69.54331 10.02032
v -117.92126 -69.54331 -1.05117
v -115.90551 -69.54331 4.13240
v -113.88976 -69.54331 2.23898
v -111.87402 -69.54331 7.90851
v -109.85827 -69.54331 8.36740
v -107.84252 -69.54331 11.29874
v -105.82677 -69.54331 3.85667
v -103.81102 -69.54331 4.44078
v -101.79528 -69.54331 4.60135
v -99.77953 -69.54331 7.71752
v -97.76378 -69.54331 4.73754
v -95.74803 -69.54331 14.52069
v -93.73228 -69.54331 -5.28578
v -91.71654 -69.54331 -3.63006
v -89.70079 -69.54331 -0.93319
v -87.68504 -69.54331 8.67756
v -85.66929 -69.54331 6.04317
v -83.65354 -69.54331 6.47915
v -81.63780 -69.54331 9.99693
v -79.62205 -69.54331 7.45225
v -77.60630 -69.54331 4.38242
v -75.59055 -69.54331 1.16626
v -73.57480 -69.54331 7.90185
v -71.55906 -69.54331 24.81939
v -69.54331 -69.54331 -33.60695
v -67.52756 -69.54331 -33.00888
v -65.51181 -69.54331 -38.41550
v -63.49606 -69.54331 14.00029
v -61.48031 -69.54331 54.91755
v -59.46457 -69.54331 11.30456
v -57.44882 -69.54331 -2.80160
v -55.43307 -69.54331 2.03066
v -53.41732 -69.54331 4.30178
v -51.40157 -69.54331 6.76073
v -49.38583 -69.54331 1.23268
v -47.37008 -69.54331 4.31340
v -45.35433 -69.54331 3.44025
v -43.33858 -69.54331 0.52324
v -41.32283 -69.54331 6.73446
v -39.30709 -69.54331 8.46896
v -37.29134 -69.54331 7.19407
v -35.27559 -69.54331 7.15746
v -33.25984 -69.54331 6.07714
v -31.24409 -69.54331 8.30004
v -29.22835 -69.54331 10.02993
v -27.21260 -69.54331 -0.66162
v -25.19685 -69.54331 -5.22709
v -23.18110 -69.54331 0.30879
v -21.16535 -69.54331 5.04272
v -19.14961 -69.54331 7.23696
v -17.13386 -69.54331 7.15138
v -15.11811 -69.54331 12.65564
v -13.10236 -69.54331 5.97630
v -11.08661 -69.54331 9.39738
v -9.07087 -69.54331 5.24724
v -7.05512 -69.54331 15.89715
v -5.03937 -69.54331 4.53411
v -3.02362 -69.54331 -5.54137
v -1.00787 -69.54331 4.55329
v 1.00787 -69.54331 7.61805
v 3.02362 -69.54331 9.16614
v 5.03937 -69.54331 15.20513
v 7.05512 -69.54331 2.01473
v 9.07087 -69.54331 5.82888
v 11.08661 -69.54331 -4.49587
v 13.10236 -69.54331 0.76288
v 15.11811 -69.54331 5.72701
v 17.13386 -69.54331 -0.23710
v 19.14961 -69.54331 8.34690
v 21.16535 -69.54331 10.38632
v 23.18110 -69.54331 10.15173
v 25.19685 -69.54331 14.59232
v 27.21260 -69.54331 7.03498
v 29.22835 -69.54331 5.60044
v 31.24409 -69.54331 9.36155
v 33.25984 -69.54331 3.99613
v 35.27559 -69.54331 3.35375
v 37.29134 -69.54331 8.57338
v 39.30709 -69.54331 8.18802
v 41.32283 -69.54331 5.43142
v 43.33858 -69.54331 9.20576
v 45.35433 -69.54331 8.98277
v 47.37008 -69.54331 3.33887
v 49.38583 -69.54331 7.99009
v 51.40157 -69.54331 5.52840
v 53.41732 -69.54331 10.06626
v 55.43307 -69.54331 14.20767
v 57.44882 -69.54331 5.08785
v 59.46457 -69.54331 -1.14653
v 61.48031 -69.54331 9.95518
v 63.49606 -69.54331 9.87316
v 65.51181 -69.54331 6.96053
v 67.52756 -69.54331 11.75252
v 69.54331 -69.54331 -1.73601
v 71.55906 -69.54331 9.93064
v 73.57480 -69.54331 12.45701
v 75.59055 -69.54331 11.63962
v 77.60630 -69.54331 7.15651
v 79.62205 -69.54331 23.68980
v 81.63780 -69.54331 -0.64189
v 83.65354 -69.54331 8.59859
v 85.66929 -69.54331 20.21114
v 87.68504 -69.54331 10.05075
v 89.70079 -69.54331 -46.44846
v 91.71654 -69.54331 -19.27204
v 93.73228 -69.54331 34.08757
v 95.74803 -69.54331 37.65139
v 97.76378 -69.54331 -22.62723
v 99.77953 -69.54331 -0.30787
v 101.79528 -69.54331 4.09158
v 103.81102 -69.54331 9.61391
v 105.82677 -69.54331 7.10228
v 107.84252 -69.54331 10.42294
v 109.85827 -69.54331 7.54999
v 111.87402 -69.54331 11.87604
v 113.88976 -69.54331 6.61664
v 115.90551 -69.54331 8.57809
v 117.92126 -69.54331 11.30323
v 119.93701 -69.54331 8.07501
v 121.95276 -69.54331 14.15568
v 123.96850 -69.54331 -3.07887
v 125.98425 -69.54331 13.66188
v 128.00000 -69.54331 14.14915
v -128.00000 -67.52756 16.04573
v -125.98425 -67.52756 12.85299
v -123.96850 -67.52756 0.96264
v -121.95276 -67.52756 4.34259
v -119.93701 -67.52756 -2.03734
v -117.92126 -67.52756 6.82811
v -115.90551 -67.52756 9.82536
v -113.88976 -67.52756 4.24156
v -111.87402 -67.52756 4.38014
v -109.85827 -67.52756 14.37467
v -107.84252 -67.52756 2.73600
v -105.82677 -67.52756 3.60073
v -103.81102 -67.52756 5.83810
v -101.79528 -67.52756 3.71952
v -99.77953 -67.52756 6.34495
v -97.76378 -67.52756 3.74343
v -95.74803 -67.52756 2.73242
v -93.73228 -67.52756 -3.93040
v -91.71654 -67.52756 9.62991
v -89.70079 -67.52756 13.33600
v -87.68504 -67.52756 3.54124
v -85.66929 -67.52756 6.00045
v -83.65354 -67.52756 12.68351
v -81.63780 -67.52756 8.53412
v -79.62205 -67.52756 6.79500
v -77.60630 -67.52756 5.36255
v -75.59055 -67.52756 7.51491
v -73.57480 -67.52756 -5.66368
v -71.55906 -67.52756 -3.05697
v -69.54331 -67.52756 -3.80776
v -67.52756 -67.52756 28.54528
v -65.51181 -67.52756 -91.55112
v -63.49606 -67.52756 -114.17155
v -61.48031 -67.52756 -26.21939
v -59.46457 -67.52756 -30.83594
v -57.44882 -67.52756 -21.05791
v -55.43307 -67.52756 2.30085
v -53.41732 -67.52756 -4.14165
v -51.40157 -67.52756 9.07201
v -49.38583 -67.52756 5.54010
v -47.37008 -67.52756 8.62976
v -45.35433 -67.52756 9.29812
v -43.33858 -67.52756 3.68971
v -41.32283 -67.52756 10.68684
v -39.30709 -67.52756 11.21631
v -37.29134 -67.52756 6.09769
v -35.27559 -67.52756 9.58762
v -33.25984 -67.52756 7.66076
v -31.24409 -67.52756 7.12532
v -29.22835 -67.52756 6.40344
v -27.21260 -67.52756 7.84892
v -25.19685 -67.52756 5.84262
v -23.18110 -67.52756 4.04280
v -21.16535 -67.52756 2.79042
v -19.14961 -67.52756 7.40370
v -17.13386 -67.52756 8.29313
v -15.11811 -67.52756 4.43162
v -13.10236 -67.52756 9.76738
v -11.08661 -67.52756 -2.50919
v -9.07087 -67.52756 6.68142
v -7.05512 -67.52756 7.27592
v -5.03937 -67.52756 24.27508
v -3.02362 -67.52756 2.37242
v -1.00787 -67.52756 4.22320
v 1.00787 -67.52756 5.35930
v 3.02362 -67.52756 1.33335
v 5.03937 -67.52756 14.08228
v 7.05512 -67.52756 0.04238
v 9.07087 -67.52756 29.22853
v 11.08661 -67.52756 16.79439
v 13.10236 -67.52756 4.50239
v 15.11811 -67.52756 -0.51632
v 17.13386 -67.52756 11.58813
v 19.14961 -67.52756 5.42226
v 21.16535 -67.52756 3.41121
v 23.18110 -67.52756 2.95380
v 25.19685 -67.52756 8.07743
v 27.21260 -67.52756 7.16099
v 29.22835 -67.52756 7.62131
v 31.24409 -67.52756 6.84053
v 33.25984 -67.52756 5.15721
v 35.27559 -67.52756 12.17654
v 37.29134 -67.52756 4.19786
v 39.30709 -67.52756 5.24981
v 41.32283 -67.52756 8.25772
v 43.33858 -67.52756 12.57658
v 45.35433 -67.52756 6.86300
v 47.37008 -67.52756 7.70478
v 49.38583 -67.52756 5.53912
v 51.40157 -67.52756 11.79875
v 53.41732 -67.52756 10.07544
v 55.43307 -67.52756 -2.21957
v 57.44882 -67.52756 29.39185
v 59.46457 -67.52756 16.86101
v 61.48031 -67.52756 16.20444
v 63.49606 -67.52756 9.37250
v 65.51181 -67.52756 2.61384
v 67.52756 -67.52756 9.81470
v 69.54331 -67.52756 4.29407
v 71.55906 -67.52756 5.76874
v 73.57480 -67.52756 3.14662
v 75.59055 -67.52756 8.94154
v 77.60630 -67.52756 13.95011
v 79.62205 -67.52756 16.25461
v 81.63780 -67.52756 14.52301
v 83.65354 -67.52756 33.04253
v 85.66929 -67.52756 54.38437
v 87.68504 -67.52756 16.44384
v 89.70079 -67.52756 7.29808
v 91.71654 -67.52756 4.61279
v 93.73228 -67.52756 26.77553
v 95.74803 -67.52756 19.02461
v 97.76378 -67.52756 -2.28618
v 99.77953 -67.52756 19.59896
v 101.79528 -67.52756 6.33793
v 103.81102 -67.52756 3.64998
v 105.82677 -67.52756 13.79711
v 107.84252 -67.52756 8.77404
v 109.85827 -67.52756 7.78895
v 111.87402 -67.52756 6.86551
v 113.88976 -67.52756 6.91851
v 115.90551 -67.52756 14.57831
v 117.92126 -67.52756 8.92330
v 119.93701 -67.52756 1.65402
v 121.95276 -67.52756 -11.75716
v 123.96850 -67.52756 -1.53703
v 125.98425 -67.52756 13.41004
v 128.00000 -67.52756 1.65244
v -128.00000 -65.51181 26.29263
v -125.98425 -65.51181 -5.12734
v -123.96850 -65.51181 3.52251
v -121.95276 -65.51181 3.50895
v -119.93701 -65.51181 3.59676
v -117.92126 -65.51181 -1.26496
v -115.90551 -65.51181 7.56160
v -113.88976 -65.51181 8.27979
v -111.87402 -65.51181 -1.95838
v -109.85827 -65.51181 -3.25886
v -107.84252 -65.51181 7.00482
v -105.82677 -65.51181 11.23259
v -103.81102 -65.51181 5.05430
v -101.79528 -65.51181 5.18799
v -99.77953 -65.51181 11.69488
v -97.76378 -65.51181 9.31124
v -95.74803 -65.51181 2.67621
v -93.73228 -65.51181 18.18052
v -91.71654 -65.51181 4.23309
v -89.70079 -65.51181 7.17305
v -87.68504 -65.51181 25.19981
v -85.66929 -65.51181 6.03863
v -83.65354 -65.51181 2.80412
v -81.63780 -65.51181 5.62596
v -79.62205 -65.51181 3.79501
v -77.60630 -65.51181 2.56817
v -75.59055 -65.51181 0.32100
v -73.57480 -65.51181 0.35692
v -71.55906 -65.51181 6.75143
v -69.54331 -65.51181 16.23410
v -67.52756 -65.51181 -6.33779
v -65.51181 -65.51181 -0.33464
v -63.49606 -65.51181 -97.12427
v -61.48031 -65.51181 -48.45597
v -59.46457 -65.51181 -41.30875
v -57.44882 -65.51181 -1.41148
v -55.43307 -65.51181 3.64114
v -53.41732 -65.51181 2.01666
v -51.40157 -65.51181 5.50929
v -49.38583 -65.51181 5.67314
v -47.37008 -65.51181 1.30926
v -45.35433 -65.51181 6.86457
v -43.33858 -65.51181 6.64647
v -41.32283 -65.51181 8.53096
v -39.30709 -65.51181 5.39025
v -37.29134 -65.51181 5.62941
v -35.27559 -65.51181 6.18174
v -33.25984 -65.51181 4.83006
v -31.24409 -65.51181 4.96538
v -29.22835 -65.51181 3.10615
v -27.21260 -65.51181 7.64491
v -25.19685 -65.51181 9.74601
v -23.18110 -65.51181 10.08633
v -21.16535 -65.51181 3.82514
v -19.14961 -65.51181 5.95214
v -17.13386 -65.51181 7.64926
v -15.11811 -65.51181 11.73312
v -13.10236 -65.51181 4.71026
v -11.08661 -65.51181 3.13834
v -9.07087 -65.51181 8.75525
v -7.05512 -65.51181 6.88652
v -5.03937 -65.51181 11.54934
v -3.02362 -65.51181 18.69163
v -1.00787 -65.51181 -2.44158
v 1.00787 -65.51181 8.96787
v 3.02362 -65.51181 7.95230
v 5.03937 -65.51181 10.61276
v 7.05512 -65.51181 -10.80670
v 9.07087 -65.51181 2.65457
v 11.08661 -65.51181 10.69220
v 13.10236 -65.51181 -15.34783
v 15.11811 -65.51181 -5.88233
v 17.13386 -65.51181 -18.96619
v 19.14961 -65.51181 9.47150
v 21.16535 -65.51181 9.76799
v 23.18110 -65.51181 13.31685
v 25.19685 -65.51181 7.16413
v 27.21260 -65.51181 5.92088
v 29.22835 -65.51181 4.53406
v 31.24409 -65.51181 10.06456
v 33.25984 -65.51181 15.89344
v 35.27559 -65.51181 1.92488
v 37.29134 -65.51181 4.82261
v 39.30709 -65.51181 13.18165
v 41.32283 -65.51181 0.15389
v 43.33858 -65.51181 2.68286
v 45.35433 -65.51181 6.99807
v 47.37008 -65.51181 5.25287
v 49.38583 -65.51181 15.83493
v 51.40157 -65.51181 17.68211
v 53.41732 -65.51181 4.37697
v 55.43307 -65.51181 8.48382
v 57.44882 -65.51181 24.64252
v 59.46457 -65.51181 -0.03346
v 61.48031 -65.51181 10.74554
v 63.49606 -65.51181 21.22754
v 65.51181 -65.51181 12.86186
v 67.52756 -65.51181 -5.43172
v 69.54331 -65.51181 1.97947
v 71.55906 -65.51181 12.32536
v 73.57480 -65.51181 8.06289
v 75.59055 -65.51181 10.63846
v 77.60630 -65.51181 5.74708
v 79.62205 -65.51181 14.63603
v 81.63780 -65.51181 30.41236
v 83.65354 -65.51181 40.76099
v 85.66929 -65.51181 47.82436
v 87.68504 -65.51181 6.62134
v 89.70079 -65.51181 22.17694
v 91.71654 -65.51181 19.13112
v 93.73228 -65.51181 27.25769
v 95.74803 -65.51181 21.64721
v 97.76378 -65.51181 8.75561
v 99.77953 -65.51181 17.39097
v 101.79528 -65.51181 1.22521
v 103.81102 -65.51181 10.42856
v 105.82677 -65.51181 12.87265
v 107.84252 -65.51181 10.94547
v 109.85827 -65.51181 13.07349
v 111.87402 -65.51181 9.73143
v 113.88976 -65.51181 10.25794
v 115.90551 -65.51181 9.42767
v 117.92126 -65.51181 11.72126
v 119.93701 -65.51181 8.50574
v 121.95276 -65.51181 -15.66108
v 123.96850 -65.51181 -2.56740
v 125.98425 -65.51181 8.72462
v 128.00000 -65.51181 12.19964
v -128.00000 -63.49606 20.49312
v -125.98425 -63.49606 -7.37332
v -123.96850 -63.49606 1.41523
v -121.95276 -63.49606 -1.56298
v -119.93701 -63.49606 4.37822
v -117.92126 -63.49606 16.80170
v -115.90551 -63.49606 15.59708
v -113.88976 -63.49606 -4.35177
v -111.87402 -63.49606 -15.21199
v -109.85827 -63.49606 -7.32621
v -107.84252 -63.49606 6.05911
v -105.82677 -63.49606 5.03172
v -103.81102 -63.49606 7.10681
v -101.79528 -63.49606 4.45987
v -99.77953 -63.49606 2.41703
v -97.76378 -63.49606 6.70195
v -95.74803 -63.49606 6.76138
v -93.73228 -63.49606 0.86913
v -91.71654 -63.49606 3.30693
v -89.70079 -63.49606 16.64722
v -87.68504 -63.49606 1.96770
v -85.66929 -63.49606 14.91930
v -83.65354 -63.49606 -4.17147
v -81.63780 -63.49606 14.29448
v -79.62205 -63.49606 9.77641
v -77.60630 -63.49606 9.72230
v -75.59055 -63.49606 3.80283
v -73.57480 -63.49606 2.14889
v -71.55906 -63.49606 14.79288
v -69.54331 -63.49606 1.90276
v -67.52756 -63.49606 -6.66248
v -65.51181 -63.49606 -30.93217
v -63.49606 -63.49606 -61.46442
v -61.48031 -63.49606 -44.67332
v -59.46457 -63.49606 -26.66551
v -57.44882 -63.49606 27.69468
v -55.43307 -63.49606 4.77537
v -53.41732 -63.49606 4.36532
v -51.40157 -63.49606 8.56448
v -49.38583 -63.49606 6.82366
v -47.37008 -63.49606 5.56092
v -45.35433 -63.49606 7.87329
v -43.33858 -63.49606 7.37547
v -41.32283 -63.49606 6.36743
v -39.30709 -63.49606 -0.13397
v -37.29134 -63.49606 6.54298
v -35.27559 -63.49606 11.78283
v -33.25984 -63.49606 8.16138
v -31.24409 -63.49606 3.43194
v -29.22835 -63.49606 7.30755
v -27.21260 -63.49606 7.72537
v -25.19685 -63.49606 5.72202
v -23.18110 -63.49606 8.59102
v -21.16535 -63.49606 5.90379
v -19.14961 -63.49606 5.57804
v -17.13386 -63.49606 10.29798
v -15.11811 -63.49606 6.14846
v -13.10236 -63.49606 8.67585
v -11.08661 -63.49606 4.50070
v -9.07087 -63.49606 8.91657
v -7.05512 -63.49606 5.39162
v -5.03937 -63.49606 14.32654
v -3.02362 -63.49606 5.44320
v -1.00787 -63.49606 -0.13806
v 1.00787 -63.49606 6.37820
v 3.02362 -63.49606 8.05717
v 5.03937 -63.49606 6.96765
v 7.05512 -63.49606 -7.26471
v 9.07087 -63.49606 4.54029
v 11.08661 -63.49606 -6.98732
v 13.10236 -63.49606 1.90332
v 15.11811 -63.49606 -15.66891
v 17.13386 -63.49606 -2.58640
v 19.14961 -63.49606 5.39544
v 21.16535 -63.49606 3.47356
v 23.18110 -63.49606 8.54059
v 25.19685 -63.49606 9.64998
v 27.21260 -63.49606 6.87046
v 29.22835 -63.49606 8.54694
v 31.24409 -63.49606 6.47710
v 33.25984 -63.49606 2.76277
v 35.27559 -63.49606 -0.51531
v 37.29134 -63.49606 6.85781
v 39.30709 -63.49606 4.26671
v 41.32283 -63.49606 12.34878
v 43.33858 -63.49606 6.92016
v 45.35433 -63.49606 4.24905
v 47.37008 -63.49606 7.25701
v 49.38583 -63.49606 8.84539
v 51.40157 -63.49606 2.13867
v 53.41732 -63.49606 -32.66854
v 55.43307 -63.49606 61.13702
v 57.44882 -63.49606 52.33352
v 59.46457 -63.49606 18.77221
v 61.48031 -63.49606 2.45792
v 63.49606 -63.49606 8.91034
v 65.51181 -63.49606 -13.75360
v 67.52756 -63.49606 -13.74867
v 69.54331 -63.49606 11.01947
v 71.55906 -63.49606 14.28770
v 73.57480 -63.49606 4.22097
v 75.59055 -63.49606 18.59697
v 77.60630 -63.49606 27.56361
v 79.62205 -63.49606 20.03709
v 81.63780 -63.49606 34.66083
v 83.65354 -63.49606 -21.41016
v 85.66929 -63.49606 29.57150
v 87.68504 -63.49606 38.48211
v 89.70079 -63.49606 36.55208
v 91.71654 -63.49606 30.54025
v 93.73228 -63.49606 24.61392
v 95.74803 -63.49606 24.27902
v 97.76378 -63.49606 14.16928
v 99.77953 -63.49606 17.76188
v 101.79528 -63.49606 10.88130
v 103.81102 -63.49606 9.94333
v 105.82677 -63.49606 6.90340
v 107.84252 -63.49606 7.70382
v 109.85827 -63.49606 9.54551
v 111.87402 -63.49606 5.29683
v 113.88976 -63.49606 16.57424
v 115.90551 -63.49606 29.54885
v 117.92126 -63.49606 7.10948
v 119.93701 -63.49606 15.92700
v 121.95276 -63.49606 -9.65730
v 123.96850 -63.49606 17.73567
v 125.98425 -63.49606 18.89331
v 128.00000 -63.49606 -3.76934
v -128.00000 -61.48031 12.87890
v -125.98425 -61.48031 -7.25741
v -123.96850 -61.48031 -1.90184
v -121.95276 -61.48031 5.88421
v -119.93701 -61.48031 0.36892
v -117.92126 -61.48031 -3.11698
v -115.90551 -61.48031 10.63609
v -113.88976 -61.48031 -7.63763
v -111.87402 -61.48031 -1.46151
v -109.85827 -61.48031 1.46702
v -107.84252 -61.48031 1.16038
v -105.82677 -61.48031 10.45750
v -103.81102 -61.48031 7.74659
v -101.79528 -61.48031 10.80543
v -99.77953 -61.48031 12.68131
v -97.76378 -61.48031 10.30956
v -95.74803 -61.48031 -0.94359
v -93.73228 -61.48031 6.82791
v -91.71654 -61.48031 -1.17591
v -89.70079 -61.48031 21.25700
v -87.68504 -61.48031 8.70731
v -85.66929 -61.48031 6.71617
v -83.65354 -61.48031 -18.50309
v -81.63780 -61.48031 1.23325
v -79.62205 -61.48031 7.46434
v -77.60630 -61.48031 5.32380
v -75.59055 -61.48031 19.74538
v -73.57480 -61.48031 12.41494
v -71.55906 -61.48031 -1.00736
v -69.54331 -61.48031 -38.86131
v -67.52756 -61.48031 -78.94198
v -65.51181 -61.48031 -114.44744
v -63.49606 -61.48031 -54.47813
v -61.48031 -61.48031 -24.81108
v -59.46457 -61.48031 12.79444
v -57.44882 -61.48031 -2.65289
v -55.43307 -61.48031 -5.37447
v -53.41732 -61.48031 2.08290
v -51.40157 -61.48031 4.07917
v -49.38583 -61.48031 4.51585
v -47.37008 -61.48031 5.06676
v -45.35433 -61.48031 7.10553
v -43.33858 -61.48031 7.92061
v -41.32283 -61.48031 4.38921
v -39.30709 -61.48031 4.70742
v -37.29134 -61.48031 -0.48030
v -35.27559 -61.48031 13.32071
v -33.25984 -61.48031 5.48561
v -31.24409 -61.48031 5.88198
v -29.22835 -61.48031 3.32918
v -27.21260 -61.48031 7.44334
v -25.19685 -61.48031 7.64241
v -23.18110 -61.48031 8.05500
v -21.16535 -61.48031 4.78296
v -19.14961 -61.48031 6.52281
v -17.13386 -61.48031 6.47409
v -15.11811 -61.48031 5.49145
v -13.10236 -61.48031 8.95039
v -11.08661 -61.48031 7.96039
v -9.07087 -61.48031 7.81561
v -7.05512 -61.48031 5.18999
v -5.03937 -61.48031 -1.40878
v -3.02362 -61.48031 3.53690
v -1.00787 -61.48031 6.94013
v 1.00787 -61.48031 2.80579
v 3.02362 -61.48031 2.74380
v 5.03937 -61.48031 15.58023
v 7.05512 -61.48031 5.97125
v 9.07087 -61.48031 4.06674
v 11.08661 -61.48031 16.87909
v 13.10236 -61.48031 -9.56195
v 15.11811 -61.48031 8.02017
v 17.13386 -61.48031 5.57584
v 19.14961 -61.48031 11.73884
v 21.16535 -61.48031 7.75410
v 23.18110 -61.48031 6.59501
v 25.19685 -61.48031 10.47151
v 27.21260 -61.48031 3.54552
v 29.22835 -61.48031 3.89016
v 31.24409 -61.48031 7.35715
v 33.25984 -61.48031 6.09594
v 35.27559 -61.48031 13.17191
v 37.29134 -61.48031 0.95160
v 39.30709 -61.48031 2.16884
v 41.32283 -61.48031 -0.84246
v 43.33858 -61.48031 7.35130
v 45.35433 -61.48031 11.33942
v 47.37008 -61.48031 9.78903
v 49.38583 -61.48031 4.22745
v 51.40157 -61.48031 16.54665
v 53.41732 -61.48031 -5.75655
v 55.43307 -61.48031 43.62964
v 57.44882 -61.48031 50.50324
v 59.46457 -61.48031 -11.06806
v 61.48031 -61.48031 -2.37834
v 63.49606 -61.48031 6.94663
v 65.51181 -61.48031 17.98816
v 67.52756 -61.48031 -8.00302
v 69.54331 -61.48031 16.47161
v 71.55906 -61.48031 9.45868
v 73.57480 -61.48031 6.77441
v 75.59055 -61.48031 28.91905
v 77.60630 -61.48031 9.80948
v 79.62205 -61.48031 15.03400
v 81.63780 -61.48031 38.83925
v 83.65354 -61.48031 22.38429
v 85.66929 -61.48031 42.71762
v 87.68504 -61.48031 54.36907
v 89.70079 -61.48031 34.36448
v 91.71654 -61.48031 40.50069
v 93.73228 -61.48031 45.80884
v 95.74803 -61.48031 43.22746
v 97.76378 -61.48031 28.97557
v 99.77953 -61.48031 8.16990
v 101.79528 -61.48031 7.00722
v 103.81102 -61.48031 -0.75058
v 105.82677 -61.48031 3.14224
v 107.84252 -61.48031 0.89498
v 109.85827 -61.48031 12.93944
v 111.87402 -61.48031 25.24336
v 113.88976 -61.48031 10.73781
v 115.90551 -61.48031 34.01011
v 117.92126 -61.48031 6.39350
v 119.93701 -61.48031 31.46483
v 121.95276 -61.48031 25.93018
v 123.96850 -61.48031 29.81566
v 125.98425 -61.48031 30.55858
v 128.00000 -61.48031 44.30950
v -128.00000 -59.46457 6.17734
v -125.98425 -59.46457 3.13413
v -123.96850 -59.46457 1.81425
v -121.95276 -59.46457 7.11031
v -119.93701 -59.46457 0.50774
v -117.92126 -59.46457 2.74565
v -115.90551 -59.46457 5.06612
v -113.88976 -59.46457 -9.21555
v -111.87402 -59.46457 4.40131
v -109.85827 -59.46457 -2.71089
v -107.84252 -59.46457 7.39411
v -105.82677 -59.46457 -0.99573
v -103.81102 -59.46457 -1.56518
v -101.79528 -59.46457 10.24230
v -99.77953 -59.46457 4.05609
v -97.76378 -59.46457 3.26255
v -95.74803 -59.46457 2.97138
v -93.73228 -59.46457 5.93757
v -91.71654 -59.46457 24.74749
v -89.70079 -59.46457 1.78218
v -87.68504 -59.46457 8.76159
v -85.66929 -59.46457 0.84887
v -83.65354 -59.46457 20.64954
v -81.63780 -59.46457 8.20431
v -79.62205 -59.46457 3.18313
v -77.60630 -59.46457 6.74209
v -75.59055 -59.46457 12.73080
v -73.57480 -59.46457 14.48295
v -71.55906 -59.46457 -0.38759
v -69.54331 -59.46457 -27.67904
v -67.52756 -59.46457 -100.95114
v -65.51181 -59.46457 -57.03795
v -63.49606 -59.46457 -17.89301
v -61.48031 -59.46457 -82.11152
v -59.46457 -59.46457 -16.62690
v -57.44882 -59.46457 15.50071
v -55.43307 -59.46457 18.78425
v -53.41732 -59.46457 8.53325
v -51.40157 -59.46457 0.16953
v -49.38583 -59.46457 12.06703
v -47.37008 -59.46457 10.34950
v -45.35433 -59.46457 -4.55361
v -43.33858 -59.46457 11.97134
v -41.32283 -59.46457 3.27929
v -39.30709 -59.46457 12.74218
v -37.29134 -59.46457 3.76203
v -35.27559 -59.46457 2.68901
v -33.25984 -59.46457 5.87630
v -31.24409 -59.46457 3.79853
v -29.22835 -59.46457 6.03925
v -27.21260 -59.46457 6.46725
v -25.19685 -59.46457 7.85153
v -23.18110 -59.46457 9.00506
v -21.16535 -59.46457 6.44192
v -19.14961 -59.46457 1.37526
v -17.13386 -59.46457 10.20056
v -15.11811 -59.46457 2.72230
v -13.10236 -59.46457 3.27839
v -11.08661 -59.46457 2.45937
v -9.07087 -59.46457 5.39496
v -7.05512 -59.46457 4.40365
v -5.03937 -59.46457 7.55548
v -3.02362 -59.46457 5.32037
v -1.00787 -59.46457 4.82733
v 1.00787 -59.46457 7.96517
v 3.02362 -59.46457 4.59998
v 5.03937 -59.46457 8.73355
v 7.05512 -59.46457 12.54391
v 9.07087 -59.46457 -2.98433
v 11.08661 -59.46457 16.54087
v 13.10236 -59.46457 -0.48240
v 15.11811 -59.46457 2.51410
v 17.13386 -59.46457 5.91571
v 19.14961 -59.46457 6.93235
v 21.16535 -59.46457 6.83014
v 23.18110 -59.46457 6.14175
v 25.19685 -59.46457 7.45681
v 27.21260 -59.46457 6.02163
v 29.22835 -59.46457 9.28034
v 31.24409 -59.46457 0.44596
v 33.25984 -59.46457 13.23322
v 35.27559 -59.46457 0.91794
v 37.29134 -59.46457 8.59063
v 39.30709 -59.46457 7.52919
v 41.32283 -59.46457 4.21964
v 43.33858 -59.46457 5.65817
v 45.35433 -59.46457 7.57866
v 47.37008 -59.46457 11.68336
v 49.38583 -59.46457 10.71520
v 51.40157 -59.46457 18.65725
v 53.41732 -59.46457 10.91426
v 55.43307 -59.46457 50.31678
v 57.44882 -59.46457 52.06700
v 59.46457 -59.46457 21.46321
v 61.48031 -59.46457 8.00678
v 63.49606 -59.46457 21.41107
v 65.51181 -59.46457 44.11329
v 67.52756 -59.46457 4.82792
v 69.54331 -59.46457 22.66877
v 71.55906 -59.46457 14.60727
v 73.57480 -59.46457 3.62842
v 75.59055 -59.46457 10.56709
v 77.60630 -59.46457 38.01260
v 79.62205 -59.46457 17.87095
v 81.63780 -59.46457 28.79886
v 83.65354 -59.46457 54.34103
v 85.66929 -59.46457 31.02447
v 87.68504 -59.46457 45.82156
v 89.70079 -59.46457 11.77487
v 91.71654 -59.46457 20.73542
v 93.73228 -59.46457 10.42555
v 95.74803 -59.46457 43.30904
v 97.76378 -59.46457 23.24232
v 99.77953 -59.46457 7.41562
v 101.79528 -59.46457 9.01474
v 103.81102 -59.46457 -21.82129
v 105.82677 -59.46457 4.84613
v 107.84252 -59.46457 4.16204
v 109.85827 -59.46457 4.24182
v 111.87402 -59.46457 5.23302
v 113.88976 -59.46457 30.42138
v 115.90551 -59.46457 59.25850
v 117.92126 -59.46457 38.42183
v 119.93701 -59.46457 85.62190
v 121.95276 -59.46457 73.16448
v 123.96850 -59.46457 56.92544
v 125.98425 -59.46457 24.26100
v 128.00000 -59.46457 8.09187
v -128.00000 -57.44882 7.74394
v -125.98425 -57.44882 25.73490
v -123.96850 -57.44882 7.46104
v -121.95276 -57.44882 12.73898
v -119.93701 -57.44882 6.48146
v -117.92126 -57.44882 -3.25438
v -115.90551 -57.44882 5.49789
v -113.88976 -57.44882 -0.85642
v -111.87402 -57.44882 -2.87757
v -109.85827 -57.44882 5.83090
v -107.84252 -57.44882 1.65766
v -105.82677 -57.44882 12.95006
v -103.81102 -57.44882 -9.52963
v -101.79528 -57.44882 -0.42348
v -99.77953 -57.44882 5.95579
v -97.76378 -57.44882 2.27562
v -95.74803 -57.44882 8.40182
v -93.73228 -57.44882 11.89304
v -91.71654 -57.44882 -16.56139
v -89.70079 -57.44882 -7.97198
v -87.68504 -57.44882 -7.22527
v -85.66929 -57.44882 -2.64758
v -83.65354 -57.44882 11.29985
v -81.63780 -57.44882 -4.89038
v -79.62205 -57.44882 6.64799
v -77.60630 -57.44882 3.63627
v -75.59055 -57.44882 3.20560
v -73.57480 -57.44882 6.66810
v -71.55906 -57.44882 -0.66357
v -69.54331 -57.44882 -14.55491
v -67.52756 -57.44882 -3.98945
v -65.51181 -57.44882 -56.51755
v -63.49606 -57.44882 -36.59772
v -61.48031 -57.44882 -33.73061
v -59.46457 -57.44882 14.54786
v -57.44882 -57.44882 24.81295
v -55.43307 -57.44882 4.04542
v -53.41732 -57.44882 1.19435
v -51.40157 -57.44882 4.80339
v -49.38583 -57.44882 4.11980
v -47.37008 -57.44882 5.67056
v -45.35433 -57.44882 -15.65271
v -43.33858 -57.44882 8.33453
v -41.32283 -57.44882 5.98428
v -39.30709 -57.44882 10.31996
v -37.29134 -57.44882 4.23243
v -35.27559 -57.44882 6.49002
v -33.25984 -57.44882 8.11089
v -31.24409 -57.44882 1.91034
v -29.22835 -57.44882 4.56432
v -27.21260 -57.44882 10.37510
v -25.19685 -57.44882 1.97069
v -23.18110 -57.44882 8.13049
v -21.16535 -57.44882 4.31204
v -19.14961 -57.44882 8.98536
v -17.13386 -57.44882 8.11995
v -15.11811 -57.44882 7.05975
v -13.10236 -57.44882 3.46790
v -11.08661 -57.44882 8.15766
v -9.07087 -57.44882 5.94357
v -7.05512 -57.44882 1.02784
v -5.03937 -57.44882 9.89020
v -3.02362 -57.44882 9.67006
v -1.00787 -57.44882 2.18047
v 1.00787 -57.44882 7.81321
v 3.02362 -57.44882 10.61740
v 5.03937 -57.44882 14.65659
v 7.05512 -57.44882 9.47631
v 9.07087 -57.44882 11.12263
v 11.08661 -57.44882 4.08650
v 13.10236 -57.44882 7.58924
v 15.11811 -57.44882 12.52694
v 17.13386 -57.44882 8.79771
v 19.14961 -57.44882 6.08159
v 21.16535 -57.44882 8.11848
v 23.18110 -57.44882 7.36827
v 25.19685 -57.44882 6.53152
v 27.21260 -57.44882 7.87626
v 29.22835 -57.44882 7.37053
v 31.24409 -57.44882 6.28673
v 33.25984 -57.44882 5.93742
v 35.27559 -57.44882 5.71887
v 37.29134 -57.44882 7.69883
v 39.30709 -57.44882 7.05706
v 41.32283 -57.44882 2.49282
v 43.33858 -57.44882 6.43142
v 45.35433 -57.44882 6.67184
v 47.37008 -57.44882 4.06675
v 49.38583 -57.44882 8.94781
v 51.40157 -57.44882 44.43920
v 53.41732 -57.44882 37.21253
v 55.43307 -57.44882 25.44609
v 57.44882 -57.44882 24.88835
v 59.46457 -57.44882 -50.88289
v 61.48031 -57.44882 20.66587
v 63.49606 -57.44882 18.85882
v 65.51181 -57.44882 28.72454
v 67.52756 -57.44882 -9.33444
v 69.54331 -57.44882 -14.60143
v 71.55906 -57.44882 21.15635
v 73.57480 -57.44882 12.79072
v 75.59055 -57.44882 11.04899
v 77.60630 -57.44882 11.20407
v 79.62205 -57.44882 39.21679
v 81.63780 -57.44882 34.42382
v 83.65354 -57.44882 72.54332
v 85.66929 -57.44882 35.56702
v 87.68504 -57.44882 -5.22849
v 89.70079 -57.44882 -20.15464
v 91.71654 -57.44882 42.12581
v 93.73228 -57.44882 -20.64589
v 95.74803 -57.44882 80.06668
v 97.76378 -57.44882 24.23980
v 99.77953 -57.44882 33.29248
v 101.79528 -57.44882 -39.59160
v 103.81102 -57.44882 5.79779
v 105.82677 -57.44882 20.59681
v 107.84252 -57.44882 7.28622
v 109.85827 -57.44882 9.20493
v 111.87402 -57.44882 14.97294
v 113.88976 -57.44882 0.99188
v 115.90551 -57.44882 86.61857
v 117.92126 -57.44882 66.96418
v 119.93701 -57.44882 34.47494
v 121.95276 -57.44882 21.54497
v 123.96850 -57.44882 49.94085
v 125.98425 -57.44882 41.39481
v 128.00000 -57.44882 43.78558
v -128.00000 -55.43307 14.67847
v -125.98425 -55.43307 19.05670
v -123.96850 -55.43307 13.14694
v -121.95276 -55.43307 1.40013
v -119.93701 -55.43307 -3.94253
v -117.92126 -55.43307 2.91989
v -115.90551 -55.43307 -5.87557
v -113.88976 -55.43307 -4.58647
v -111.87402 -55.43307 4.92166
v -109.85827 -55.43307 0.48079
v -107.84252 -55.43307 14.57357
v -105.82677 -55.43307 0.51505
v -103.81102 -55.43307 -20.04859
v -101.79528 -55.43307 6.60370
v -99.77953 -55.43307 5.53351
v -97.76378 -55.43307 5.05775
v -95.74803 -55.43307 13.31472
v -93.73228 -55.43307 -9.83621
v -91.71654 -55.43307 0.26554
v -89.70079 -55.43307 -6.35592
v -87.68504 -55.43307 -11.52266
v -85.66929 -55.43307 7.45281
v -83.65354 -55.43307 2.93509
v -81.63780 -55.43307 3.93178
v -79.62205 -55.43307 6.16088
v -77.60630 -55.43307 9.24583
v -75.59055 -55.43307 10.04813
v -73.57480 -55.43307 8.90974
v -71.55906 -55.43307 -12.94709
v -69.54331 -55.43307 23.59980
v -67.52756 -55.43307 -4.25400
v -65.51181 -55.43307 -76.02615
v -63.49606 -55.43307 -45.39203
v -61.48031 -55.43307 -29.58883
v -59.46457 -55.43307 5.22055
v -57.44882 -55.43307 1.98086
v -55.43307 -55.43307 19.80850
v -53.41732 -55.43307 4.53663
v -51.40157 -55.43307 4.38914
v -49.38583 -55.43307 7.53001
v -47.37008 -55.43307 4.00770
v -45.35433 -55.43307 0.33824
v -43.33858 -55.43307 6.91591
v -41.32283 -55.43307 9.39922
v -39.30709 -55.43307 10.59348
v -37.29134 -55.43307 3.96014
v -35.27559 -55.43307 6.34765
v -33.25984 -55.43307 4.93652
v -31.24409 -55.43307 5.58026
v -29.22835 -55.43307 6.70773
v -27.21260 -55.43307 7.49983
v -25.19685 -55.43307 6.83880
v -23.18110 -55.43307 0.03607
v -21.16535 -55.43307 3.13310
v -19.14961 -55.43307 3.86153
v -17.13386 -55.43307 5.84225
v -15.11811 -55.43307 5.25710
v -13.10236 -55.43307 2.25438
v -11.08661 -55.43307 7.37193
v -9.07087 -55.43307 6.30679
v -7.05512 -55.43307 4.34016
v -5.03937 -55.43307 8.35876
v -3.02362 -55.43307 -0.89734
v -1.00787 -55.43307 17.22307
v 1.00787 -55.43307 5.19513
v 3.02362 -55.43307 6.30645
v 5.03937 -55.43307 7.01954
v 7.05512 -55.43307 9.21907
v 9.07087 -55.43307 8.35450
v 11.08661 -55.43307 7.03199
v 13.10236 -55.43307 5.01669
v 15.11811 -55.43307 7.50650
v 17.13386 -55.43307 9.02027
v 19.14961 -55.43307 6.04407
v 21.16535 -55.43307 7.13230
v 23.18110 -55.43307 5.96212
v 25.19685 -55.43307 9.44554
v 27.21260 -55.43307 7.62230
v 29.22835 -55.43307 7.24565
v 31.24409 -55.43307 6.40231
v 33.25984 -55.43307 6.03745
v 35.27559 -55.43307 5.68209
v 37.29134 -55.43307 9.48441
v 39.30709 -55.43307 7.45141
v 41.32283 -55.43307 8.99920
v 43.33858 -55.43307 4.98279
v 45.35433 -55.43307 1.23542
v 47.37008 -55.43307 4.59399
v 49.38583 -55.43307 4.68769
v 51.40157 -55.43307 17.81170
v 53.41732 -55.43307 31.55648
v 55.43307 -55.43307 34.35046
v 57.44882 -55.43307 -10.32413
v 59.46457 -55.43307 26.04996
v 61.48031 -55.43307 38.81637
v 63.49606 -55.43307 73.73189
v 65.51181 -55.43307 65.40401
v 67.52756 -55.43307 -39.69294
v 69.54331 -55.43307 -70.32626
v 71.55906 -55.43307 15.79557
v 73.57480 -55.43307 24.78848
v 75.59055 -55.43307 11.86181
v 77.60630 -55.43307 23.23957
v 79.62205 -55.43307 56.22447
v 81.63780 -55.43307 94.15077
v 83.65354 -55.43307 131.90683
v 85.66929 -55.43307 175.61768
v 87.68504 -55.43307 135.49710
v 89.70079 -55.43307 29.22691
v 91.71654 -55.43307 115.83516
v 93.73228 -55.43307 22.41044
v 95.74803 -55.43307 36.64042
v 97.76378 -55.43307 75.42893
v 99.77953 -55.43307 47.57526
v 101.79528 -55.43307 14.83337
v 103.81102 -55.43307 50.69208
v 105.82677 -55.43307 6.62106
v 107.84252 -55.43307 12.05116
v 109.85827 -55.43307 2.62487
v 111.87402 -55.43307 4.14920
v 113.88976 -55.43307 27.16033
v 115.90551 -55.43307 27.47599
v 117.92126 -55.43307 20.84962
v 119.93701 -55.43307 123.95362
v 121.95276 -55.43307 105.10120
v 123.96850 -55.43307 56.20678
v 125.98425 -55.43307 13.88983
v 128.00000 -55.43307 -20.06700
v -128.00000 -53.41732 55.29330
v -125.98425 -53.41732 32.64352
v -123.96850 -53.41732 17.84161
v -121.95276 -53.41732 42.08081
v -119.93701 -53.41732 -5.97619
v -117.92126 -53.41732 -0.18057
v -115.90551 -53.41732 12.24284
v -113.88976 -53.41732 -0.04893
v -111.87402 -53.41732 6.89452
v -109.85827 -53.41732 5.50488
v -107.84252 -53.41732 -9.14659
v -105.82677 -53.41732 5.64141
v -103.81102 -53.41732 6.60594
v -101.79528 -53.41732 13.69635
v -99.77953 -53.41732 13.23569
v -97.76378 -53.41732 15.22702
v -95.74803 -53.41732 -7.28790
v -93.73228 -53.41732 1.11724
v -91.71654 -53.41732 -5.47608
v -89.70079 -53.41732 -1.80954
v -87.68504 -53.41732 -5.63262
v -85.66929 -53.41732 4.96677
v -83.65354 -53.41732 4.00754
v -81.63780 -53.41732 4.77305
v -79.62205 -53.41732 6.24330
v -77.60630 -53.41732 4.45975
v -75.59055 -53.41732 11.42359
v -73.57480 -53.41732 6.43363
v -71.55906 -53.41732 13.59822
v -69.54331 -53.41732 38.53750
v -67.52756 -53.41732 -13.01081
v -65.51181 -53.41732 21.21783
v -63.49606 -53.41732 -76.47856
v -61.48031 -53.41732 -12.40989
v -59.46457 -53.41732 17.53341
v -57.44882 -53.41732 12.38393
v -55.43307 -53.41732 8.55401
v -53.41732 -53.41732 5.99252
v -51.40157 -53.41732 8.38723
v -49.38583 -53.41732 7.09138
v -47.37008 -53.41732 -1.27541
v -45.35433 -53.41732 0.14869
v -43.33858 -53.41732 20.67390
v -41.32283 -53.41732 6.39980
v -39.30709 -53.41732 2.58931
v -37.29134 -53.41732 4.35062
v -35.27559 -53.41732 3.51882
v -33.25984 -53.41732 5.05553
v -31.24409 -53.41732 3.38547
v -29.22835 -53.41732 -2.60578
v -27.21260 -53.41732 6.79681
v -25.19685 -53.41732 6.88398
v -23.18110 -53.41732 4.82520
v -21.16535 -53.41732 9.01089
v -19.14961 -53.41732 5.44293
v -17.13386 -53.41732 8.89315
v -15.11811 -53.41732 6.91685
v -13.10236 -53.41732 7.29688
v -11.08661 -53.41732 10.67787
v -9.07087 -53.41732 12.90768
v -7.05512 -53.41732 11.29158
v -5.03937 -53.41732 -0.45141
v -3.02362 -53.41732 12.03086
v -1.00787 -53.41732 4.36885
v 1.00787 -53.41732 30.91661
v 3.02362 -53.41732 22.30870
v 5.03937 -53.41732 8.22358
v 7.05512 -53.41732 7.87653
v 9.07087 -53.41732 9.54611
v 11.08661 -53.41732 6.96795
v 13.10236 -53.41732 11.19160
v 15.11811 -53.41732 5.63008
v 17.13386 -53.41732 8.90330
v 19.14961 -53.41732 0.58048
v 21.16535 -53.41732 8.77911
v 23.18110 -53.41732 8.64478
v 25.19685 -53.41732 6.65146
v 27.21260 -53.41732 7.06166
v 29.22835 -53.41732 8.50741
v 31.24409 -53.41732 8.16640
v 33.25984 -53.41732 3.56193
v 35.27559 -53.41732 5.53754
v 37.29134 -53.41732 5.79387
v 39.30709 -53.41732 6.11157
v 41.32283 -53.41732 5.26378
v 43.33858 -53.41732 6.58612
v 45.35433 -53.41732 3.45144
v 47.37008 -53.41732 1.81440
v 49.38583 -53.41732 -11.65806
v 51.40157 -53.41732 8.50077
v 53.41732 -53.41732 10.74700
v 55.43307 -53.41732 -32.61760
v 57.44882 -53.41732 6.00477
v 59.46457 -53.41732 30.42655
v 61.48031 -53.41732 70.81289
v 63.49606 -53.41732 126.38416
v 65.51181 -53.41732 27.82775
v 67.52756 -53.41732 35.36273
v 69.54331 -53.41732 -7.85987
v 71.55906 -53.41732 -8.66485
v 73.57480 -53.41732 -0.41009
v 75.59055 -53.41732 -7.56387
v 77.60630 -53.41732 48.47969
v 79.62205 -53.41732 49.96398
v 81.63780 -53.41732 93.09223
v 83.65354 -53.41732 301.43689
v 85.66929 -53.41732 404.59363
v 87.68504 -53.41732 165.20265
v 89.70079 -53.41732 461.52921
v 91.71654 -53.41732 902.09515
v 93.73228 -53.41732 146.93272
v 95.74803 -53.41732 134.06047
v 97.76378 -53.41732 136.05104
v 99.77953 -53.41732 28.88269
v 101.79528 -53.41732 48.74389
v 103.81102 -53.41732 3.44619
v 105.82677 -53.41732 0.38313
v 107.84252 -53.41732 6.66668
v 109.85827 -53.41732 5.57926
v 111.87402 -53.41732 -21.06383
v 113.88976 -53.41732 -13.09826
v 115.90551 -53.41732 52.22374
v 117.92126 -53.41732 32.86924
v 119.93701 -53.41732 57.42900
v 121.95276 -53.41732 -2.68472
v 123.96850 -53.41732 12.06275
v 125.98425 -53.41732 -11.11558
v 128.00000 -53.41732 49.17024
v -128.00000 -51.40157 9.02232
v -125.98425 -51.40157 19.07338
v -123.96850 -51.40157 29.28425
v -121.95276 -51.40157 2.68649
v -119.93701 -51.40157 3.25274
v -117.92126 -51.40157 7.82677
v -115.90551 -51.40157 2.61213
v -113.88976 -51.40157 6.12622
v -111.87402 -51.40157 6.54306
v -109.85827 -51.40157 8.95266
v -107.84252 -51.40157 12.77055
v -105.82677 -51.40157 5.61116
v -103.81102 -51.40157 23.04023
v -101.79528 -51.40157 5.54015
v -99.77953 -51.40157 55.91098
v -97.76378 -51.40157 28.37803
v -95.74803 -51.40157 -15.67783
v -93.73228 -51.40157 -16.08122
v -91.71654 -51.40157 -7.54267
v -89.70079 -51.40157 -5.55154
v -87.68504 -51.40157 -3.21028
v -85.66929 -51.40157 2.18602
v -83.65354 -51.40157 1.95070
v -81.63780 -51.40157 -0.01125
v -79.62205 -51.40157 7.97130
v -77.60630 -51.40157 10.37854
v -75.59055 -51.40157 12.02057
v -73.57480 -51.40157 8.26398
v -71.55906 -51.40157 6.37159
v -69.54331 -51.40157 12.67344
v -67.52756 -51.40157 -20.76637
v -65.51181 -51.40157 -6.59046
v -63.49606 -51.40157 -16.00137
v -61.48031 -51.40157 34.00098
v -59.46457 -51.40157 3.60015
v -57.44882 -51.40157 1.78661
v -55.43307 -51.40157 10.86633
v -53.41732 -51.40157 7.12589
v -51.40157 -51.40157 8.48374
v -49.38583 -51.40157 2.38506
v -47.37008 -51.40157 5.92579
v -45.35433 -51.40157 14.56978
v -43.33858 -51.40157 13.59598
v -41.32283 -51.40157 -5.08912
v -39.30709 -51.40157 6.72344
v -37.29134 -51.40157 3.97976
v -35.27559 -51.40157 3.24692
v -33.25984 -51.40157 7.98251
v -31.24409 -51.40157 4.00166
v -29.22835 -51.40157 1.30694
v -27.21260 -51.40157 -2.75566
v -25.19685 -51.40157 10.49734
v -23.18110 -51.40157 3.46095
v -21.16535 -51.40157 12.80085
v -19.14961 -51.40157 6.88472
v -17.13386 -51.40157 12.21874
v -15.11811 -51.40157 5.72620
v -13.10236 -51.40157 4.20063
v -11.08661 -51.40157 9.30229
v -9.07087 -51.40157 3.24203
v -7.05512 -51.40157 9.18343
v -5.03937 -51.40157 7.67344
v -3.02362 -51.40157 9.89062
v -1.00787 -51.40157 18.90173
v 1.00787 -51.40157 26.41255
v 3.02362 -51.40157 7.36328
v 5.03937 -51.40157 8.40950
v 7.05512 -51.40157 6.19524
v 9.07087 -51.40157 5.88497
v 11.08661 -51.40157 5.68307
v 13.10236 -51.40157 4.79714
v 15.11811 -51.40157 8.14647
v 17.13386 -51.40157 6.75774
v 19.14961 -51.40157 3.44550
v 21.16535 -51.40157 5.29749
v 23.18110 -51.40157 8.32447
v 25.19685 -51.40157 6.77731
v 27.21260 -51.40157 5.81374
v 29.22835 -51.40157 6.83373
v 31.24409 -51.40157 6.02818
v 33.25984 -51.40157 3.92264
v 35.27559 -51.40157 7.83330
v 37.29134 -51.40157 7.94736
v 39.30709 -51.40157 6.38205
v 41.32283 -51.40157 8.12135
v 43.33858 -51.40157 3.97479
v 45.35433 -51.40157 6.01909
v 47.37008 -51.40157 1.05226
v 49.38583 -51.40157 -8.15999
v 51.40157 -51.40157 -1.80885
v 53.41732 -51.40157 9.02861
v 55.43307 -51.40157 -18.73258
v 57.44882 -51.40157 -10.35351
v 59.46457 -51.40157 52.72625
v 61.48031 -51.40157 111.83061
v 63.49606 -51.40157 39.07111
v 65.51181 -51.40157 5.19791
v 67.52756 -51.40157 -7.17587
v 69.54331 -51.40157 -2.97504
v 71.55906 -51.40157 -4.39925
v 73.57480 -51.40157 21.81894
v 75.59055 -51.40157 9.37800
v 77.60630 -51.40157 40.10271
v 79.62205 -51.40157 186.05711
v 81.63780 -51.40157 155.35904
v 83.65354 -51.40157 103.17484
v 85.66929 -51.40157 236.16150
v 87.68504 -51.40157 214.38210
v 89.70079 -51.40157 294.61035
v 91.71654 -51.40157 2366.79639
v 93.73228 -51.40157 489.40860
v 95.74803 -51.40157 151.15184
v 97.76378 -51.40157 168.46790
v 99.77953 -51.40157 -97.92503
v 101.79528 -51.40157 -72.85258
v 103.81102 -51.40157 -45.22941
v 105.82677 -51.40157 8.79377
v 107.84252 -51.40157 82.42675
v 109.85827 -51.40157 -17.94490
v 111.87402 -51.40157 -14.21593
v 113.88976 -51.40157 34.25119
v 115.90551 -51.40157 17.00473
v 117.92126 -51.40157 44.01571
v 119.93701 -51.40157 10.03580
v 121.95276 -51.40157 5.61709
v 123.96850 -51.40157 -16.60458
v 125.98425 -51.40157 -1.34869
v 128.00000 -51.40157 -7.04629
v -128.00000 -49.38583 28.08948
v -125.98425 -49.38583 -3.34137
v -123.96850 -49.38583 19.33823
v -121.95276 -49.38583 9.26202
v -119.93701 -49.38583 10.71258
v -117.92126 -49.38583 11.11325
v -115.90551 -49.38583 10.47105
v -113.88976 -49.38583 1.79242
v -111.87402 -49.38583 16.37115
v -109.85827 -49.38583 -2.39912
v -107.84252 -49.38583 -0.79753
v -105.82677 -49.38583 38.97083
v -103.81102 -49.38583 124.91933
v -101.79528 -49.38583 57.92986
v -99.77953 -49.38583 21.65513
v -97.76378 -49.38583 46.16878
v -95.74803 -49.38583 -27.53632
v -93.73228 -49.38583 3.47966
v -91.71654 -49.38583 5.29054
v -89.70079 -49.38583 -0.41558
v -87.68504 -49.38583 -16.62962
v -85.66929 -49.38583 -0.64395
v -83.65354 -49.38583 -6.95512
v -81.63780 -49.38583 -7.98010
v -79.62205 -49.38583 9.72531
v -77.60630 -49.38583 4.31778
v -75.59055 -49.38583 9.21310
v -73.57480 -49.38583 6.37761
v -71.55906 -49.38583 8.92132
v -69.54331 -49.38583 -7.09467
v -67.52756 -49.38583 -2.01026
v -65.51181 -49.38583 -55.80962
v -63.49606 -49.38583 -21.96414
v -61.48031 -49.38583 -9.39476
v -59.46457 -49.38583 6.80231
v -57.44882 -49.38583 11.68888
v -55.43307 -49.38583 10.49625
v -53.41732 -49.38583 2.38813
v -51.40157 -49.38583 6.16531
v -49.38583 -49.38583 0.99794
v -47.37008 -49.38583 4.72527
v -45.35433 -49.38583 12.78068
v -43.33858 -49.38583 1.99879
v -41.32283 -49.38583 15.30512
v -39.30709 -49.38583 2.90714
v -37.29134 -49.38583 4.85954
v -35.27559 -49.38583 6.77020
v -33.25984 -49.38583 4.36214
v -31.24409 -49.38583 5.21845
v -29.22835 -49.38583 -9.05826
v -27.21260 -49.38583 4.98496
v -25.19685 -49.38583 4.52762
v -23.18110 -49.38583 9.70067
v -21.16535 -49.38583 16.02449
v -19.14961 -49.38583 6.53232
v -17.13386 -49.38583 6.49122
v -15.11811 -49.38583 8.97035
v -13.10236 -49.38583 8.35922
v -11.08661 -49.38583 4.14993
v -9.07087 -49.38583 5.19619
v -7.05512 -49.38583 4.80107
v -5.03937 -49.38583 11.23406
v -3.02362 -49.38583 9.73826
v -1.00787 -49.38583 1.28699
v 1.00787 -49.38583 9.64699
v 3.02362 -49.38583 13.84299
v 5.03937 -49.38583 7.03381
v 7.05512 -49.38583 8.52866
v 9.07087 -49.38583 3.86358
v 11.08661 -49.38583 3.02614
v 13.10236 -49.38583 3.83525
v 15.11811 -49.38583 8.54849
v 17.13386 -49.38583 6.49188
v 19.14961 -49.38583 6.94802
v 21.16535 -49.38583 12.55157
v 23.18110 -49.38583 7.95366
v 25.19685 -49.38583 9.69678
v 27.21260 -49.38583 4.34345
v 29.22835 -49.38583 6.66410
v 31.24409 -49.38583 6.92801
v 33.25984 -49.38583 9.87070
v 35.27559 -49.38583 9.64055
v 37.29134 -49.38583 6.37805
v 39.30709 -49.38583 7.78111
v 41.32283 -49.38583 4.04710
v 43.33858 -49.38583 5.87368
v 45.35433 -49.38583 11.96146
v 47.37008 -49.38583 7.95196
v 49.38583 -49.38583 -3.92900
v 51.40157 -49.38583 -20.95108
v 53.41732 -49.38583 -2.86899
v 55.43307 -49.38583 27.53910
v 57.44882 -49.38583 71.08150
v 59.46457 -49.38583 111.71397
v 61.48031 -49.38583 104.84023
v 63.49606 -49.38583 -69.32177
v 65.51181 -49.38583 25.13696
v 67.52756 -49.38583 35.22825
v 69.54331 -49.38583 23.74508
v 71.55906 -49.38583 5.15125
v 73.57480 -49.38583 61.92620
v 75.59055 -49.38583 66.21268
v 77.60630 -49.38583 66.55098
v 79.62205 -49.38583 102.34438
v 81.63780 -49.38583 151.17805
v 83.65354 -49.38583 236.62914
v 85.66929 -49.38583 86.59778
v 87.68504 -49.38583 237.65382
v 89.70079 -49.38583 25.34168
v 91.71654 -49.38583 167.83455
v 93.73228 -49.38583 139.19815
v 95.74803 -49.38583 257.80725
v 97.76378 -49.38583 -21.19186
v 99.77953 -49.38583 -54.47945
v 101.79528 -49.38583 -73.67458
v 103.81102 -49.38583 18.63716
v 105.82677 -49.38583 11.54299
v 107.84252 -49.38583 49.52404
v 109.85827 -49.38583 28.03873
v 111.87402 -49.38583 35.82726
v 113.88976 -49.38583 36.91417
v 115.90551 -49.38583 13.47984
v 117.92126 -49.38583 5.36048
v 119.93701 -49.38583 20.67163
v 121.95276 -49.38583 -3.59033
v 123.96850 -49.38583 7.23383
v 125.98425 -49.38583 0.99475
v 128.00000 -49.38583 10.98003
v -128.00000 -47.37008 7.60808
v -125.98425 -47.37008 0.61839
v -123.96850 -47.37008 10.10284
v -121.95276 -47.37008 13.45117
v -119.93701 -47.37008 -1.98772
v -117.92126 -47.37008 11.80936
v -115.90551 -47.37008 2.49618
v -113.88976 -47.37008 6.46046
v -111.87402 -47.37008 13.16891
v -109.85827 -47.37008 5.40887
v -107.84252 -47.37008 13.09429
v -105.82677 -47.37008 81.34131
v -103.81102 -47.37008 48.47839
v -101.79528 -47.37008 45.90052
v -99.77953 -47.37008 81.20347
v -97.76378 -47.37008 4.92961
v -95.74803 -47.37008 22.13181
v -93.73228 -47.37008 7.69144
v -91.71654 -47.37008 4.83469
v -89.70079 -47.37008 1.04351
v -87.68504 -47.37008 29.13391
v -85.66929 -47.37008 -1.36843
v -83.65354 -47.37008 7.71405
v -81.63780 -47.37008 0.61859
v -79.62205 -47.37008 3.17405
v -77.60630 -47.37008 6.38796
v -75.59055 -47.37008 8.10719
v -73.57480 -47.37008 3.62820
v -71.55906 -47.37008 13.14482
v -69.54331 -47.37008 3.49189
v -67.52756 -47.37008 -4.44998
v -65.51181 -47.37008 -21.07937
v -63.49606 -47.37008 -24.27594
v -61.48031 -47.37008 0.50206
v -59.46457 -47.37008 7.49550
v -57.44882 -47.37008 7.37713
v -55.43307 -47.37008 2.84916
v -53.41732 -47.37008 0.67515
v -51.40157 -47.37008 6.01098
v -49.38583 -47.37008 14.28472
v -47.37008 -47.37008 8.30947
v -45.35433 -47.37008 1.58919
v -43.33858 -47.37008 -2.12955
v -41.32283 -47.37008 0.73787
v -39.30709 -47.37008 9.53530
v -37.29134 -47.37008 3.13201
v -35.27559 -47.37008 2.88581
v -33.25984 -47.37008 1.37038
v -31.24409 -47.37008 5.04397
v -29.22835 -47.37008 4.68310
v -27.21260 -47.37008 -2.65708
v -25.19685 -47.37008 5.45925
v -23.18110 -47.37008 1.80514
v -21.16535 -47.37008 0.67253
v -19.14961 -47.37008 2.51239
v -17.13386 -47.37008 4.66889
v -15.11811 -47.37008 7.10259
v -13.10236 -47.37008 8.02228
v -11.08661 -47.37008 7.13609
v -9.07087 -47.37008 8.46340
v -7.05512 -47.37008 6.34036
v -5.03937 -47.37008 5.96543
v -3.02362 -47.37008 -6.44021
v -1.00787 -47.37008 -15.09370
v 1.00787 -47.37008 1.14426
v 3.02362 -47.37008 4.79121
v 5.03937 -47.37008 7.47181
v 7.05512 -47.37008 9.38481
v 9.07087 -47.37008 6.75832
v 11.08661 -47.37008 5.38579
v 13.10236 -47.37008 7.22890
v 15.11811 -47.37008 2.77976
v 17.13386 -47.37008 4.93614
v 19.14961 -47.37008 13.87494
v 21.16535 -47.37008 12.12524
v 23.18110 -47.37008 8.05406
v 25.19685 -47.37008 4.35219
v 27.21260 -47.37008 2.03942
v 29.22835 -47.37008 6.45213
v 31.24409 -47.37008 3.15618
v 33.25984 -47.37008 3.79326
v 35.27559 -47.37008 5.64937
v 37.29134 -47.37008 9.03445
v 39.30709 -47.37008 7.19617
v 41.32283 -47.37008 5.65941
v 43.33858 -47.37008 3.68063
v 45.35433 -47.37008 1.95503
v 47.37008 -47.37008 6.54213
v 49.38583 -47.37008 1.94054
v 51.40157 -47.37008 -2.91863
v 53.41732 -47.37008 -2.96441
v 55.43307 -47.37008 26.91037
v 57.44882 -47.37008 137.01588
v 59.46457 -47.37008 180.17650
v 61.48031 -47.37008 59.56931
v 63.49606 -47.37008 -22.32793
v 65.51181 -47.37008 13.21986
v 67.52756 -47.37008 44.11943
v 69.54331 -47.37008 1.54931
v 71.55906 -47.37008 16.51253
v 73.57480 -47.37008 43.36336
v 75.59055 -47.37008 83.10383
v 77.60630 -47.37008 94.17928
v 79.62205 -47.37008 72.99818
v 81.63780 -47.37008 2.81439
v 83.65354 -47.37008 209.84604
v 85.66929 -47.37008 199.32207
v 87.68504 -47.37008 62.44678
v 89.70079 -47.37008 103.93920
v 91.71654 -47.37008 115.96375
v 93.73228 -47.37008 772.13666
v 95.74803 -47.37008 257.14032
v 97.76378 -47.37008 61.55712
v 99.77953 -47.37008 127.53874
v 101.79528 -47.37008 99.99145
v 103.81102 -47.37008 75.69864
v 105.82677 -47.37008 26.58018
v 107.84252 -47.37008 40.22867
v 109.85827 -47.37008 12.91745
v 111.87402 -47.37008 6.77745
v 113.88976 -47.37008 16.63308
v 115.90551 -47.37008 17.60631
v 117.92126 -47.37008 14.90018
v 119.93701 -47.37008 -6.05126
v 121.95276 -47.37008 8.40322
v 123.96850 -47.37008 -0.63012
v 125.98425 -47.37008 18.81717
v 128.00000 -47.37008 7.53714
v -128.00000 -45.35433 8.95370
v -125.98425 -45.35433 24.10807
v -123.96850 -45.35433 12.71623
v -121.95276 -45.35433 19.00862
v -119.93701 -45.35433 -1.24421
v -117.92126 -45.35433 8.76846
v -115.90551 -45.35433 12.70181
v -113.88976 -45.35433 8.42488
v -111.87402 -45.35433 9.65773
v -109.85827 -45.35433 22.61418
v -107.84252 -45.35433 13.78653
v -105.82677 -45.35433 21.24157
v -103.81102 -45.35433 -1.73534
v -101.79528 -45.35433 25.02587
v -99.77953 -45.35433 41.00828
v -97.76378 -45.35433 0.68622
v -95.74803 -45.35433 3.89966
v -93.73228 -45.35433 23.13031
v -91.71654 -45.35433 34.10801
v -89.70079 -45.35433 19.70204
v -87.68504 -45.35433 6.45394
v -85.66929 -45.35433 5.53627
v -83.65354 -45.35433 5.39547
v -81.63780 -45.35433 0.80491
v -79.62205 -45.35433 4.21507
v -77.60630 -45.35433 4.03094
v -75.59055 -45.35433 7.15785
v -73.57480 -45.35433 10.08301
v -71.55906 -45.35433 12.40824
v -69.54331 -45.35433 4.75565
v -67.52756 -45.35433 3.77463
v -65.51181 -45.35433 -11.57166
v -63.49606 -45.35433 3.30393
v -61.48031 -45.35433 6.45921
v -59.46457 -45.35433 10.92526
v -57.44882 -45.35433 7.31965
v -55.43307 -45.35433 8.57208
v -53.41732 -45.35433 5.55958
v -51.40157 -45.35433 2.05151
v -49.38583 -45.35433 -0.29293
v -47.37008 -45.35433 7.75259
v -45.35433 -45.35433 -4.96265
v -43.33858 -45.35433 2.73112
v -41.32283 -45.35433 6.69234
v -39.30709 -45.35433 6.44182
v -37.29134 -45.35433 8.28360
v -35.27559 -45.35433 6.04487
v -33.25984 -45.35433 12.13732
v -31.24409 -45.35433 0.15392
v -29.22835 -45.35433 -0.62366
v -27.21260 -45.35433 5.72080
v -25.19685 -45.35433 5.34602
v -23.18110 -45.35433 8.76265
v -21.16535 -45.35433 7.51795
v -19.14961 -45.35433 8.41337
v -17.13386 -45.35433 5.38104
v -15.11811 -45.35433 8.42643
v -13.10236 -45.35433 8.03076
v -11.08661 -45.35433 7.93009
v -9.07087 -45.35433 5.50190
v -7.05512 -45.35433 7.36098
v -5.03937 -45.35433 2.79174
v -3.02362 -45.35433 8.63060
v -1.00787 -45.35433 4.28868
v 1.00787 -45.35433 4.90530
v 3.02362 -45.35433 4.24934
v 5.03937 -45.35433 6.47699
v 7.05512 -45.35433 4.44446
v 9.07087 -45.35433 3.27550
v 11.08661 -45.35433 2.71200
v 13.10236 -45.35433 10.98498
v 15.11811 -45.35433 -1.51397
v 17.13386 -45.35433 0.66523
v 19.14961 -45.35433 -8.87275
v 21.16535 -45.35433 -12.92303
v 23.18110 -45.35433 3.83006
v 25.19685 -45.35433 6.81477
v 27.21260 -45.35433 12.18980
v 29.22835 -45.35433 5.75661
v 31.24409 -45.35433 5.59674
v 33.25984 -45.35433 7.57254
v 35.27559 -45.35433 3.67902
v 37.29134 -45.35433 7.58499
v 39.30709 -45.35433 9.56253
v 41.32283 -45.35433 5.48822
v 43.33858 -45.35433 9.58482
v 45.35433 -45.35433 7.91725
v 47.37008 -45.35433 8.99197
v 49.38583 -45.35433 -5.20509
v 51.40157 -45.35433 -0.33636
v 53.41732 -45.35433 3.95763
v 55.43307 -45.35433 25.77281
v 57.44882 -45.35433 96.59048
v 59.46457 -45.35433 138.85782
v 61.48031 -45.35433 32.15798
v 63.49606 -45.35433 21.80114
v 65.51181 -45.35433 22.68510
v 67.52756 -45.35433 15.64470
v 69.54331 -45.35433 25.39779
v 71.55906 -45.35433 12.11528
v 73.57480 -45.35433 24.66761
v 75.59055 -45.35433 39.23462
v 77.60630 -45.35433 18.10445
v 79.62205 -45.35433 56.62164
v 81.63780 -45.35433 103.14925
v 83.65354 -45.35433 24.25687
v 85.66929 -45.35433 205.43089
v 87.68504 -45.35433 417.18024
v 89.70079 -45.35433 76.53765
v 91.71654 -45.35433 256.95297
v 93.73228 -45.35433 1230.10510
v 95.74803 -45.35433 481.59512
v 97.76378 -45.35433 143.44283
v 99.77953 -45.35433 30.95544
v 101.79528 -45.35433 99.71483
v 103.81102 -45.35433 56.83150
v 105.82677 -45.35433 9.09085
v 107.84252 -45.35433 42.57804
v 109.85827 -45.35433 25.11791
v 111.87402 -45.35433 35.24644
v 113.88976 -45.35433 16.22143
v 115.90551 -45.35433 16.49658
v 117.92126 -45.35433 21.78367
v 119.93701 -45.35433 7.12200
v 121.95276 -45.35433 5.87679
v 123.96850 -45.35433 1.35892
v 125.98425 -45.35433 5.99991
v 128.00000 -45.35433 5.55535
v -128.00000 -43.33858 15.46419
v -125.98425 -43.33858 15.61017
v -123.96850 -43.33858 10.36725
v -121.95276 -43.33858 4.68416
v -119.93701 -43.33858 -6.53635
v -117.92126 -43.33858 16.41503
v -115.90551 -43.33858 21.18476
v -113.88976 -43.33858 34.27559
v -111.87402 -43.33858 15.77266
v -109.85827 -43.33858 17.00013
v -107.84252 -43.33858 4.83446
v -105.82677 -43.33858 29.68236
v -103.81102 -43.33858 2.70381
v -101.79528 -43.33858 -4.76441
v -99.77953 -43.33858 18.70210
v -97.76378 -43.33858 33.31090
v -95.74803 -43.33858 39.05856
v -93.73228 -43.33858 32.15918
v -91.71654 -43.33858 42.46134
v -89.70079 -43.33858 19.14233
v -87.68504 -43.33858 13.76989
v -85.66929 -43.33858 7.57375
v -83.65354 -43.33858 9.57310
v -81.63780 -43.33858 5.51275
v -79.62205 -43.33858 3.60819
v -77.60630 -43.33858 6.41406
v -75.59055 -43.33858 6.94960
v -73.57480 -43.33858 9.35650
v -71.55906 -43.33858 11.73844
v -69.54331 -43.33858 4.85686
v -67.52756 -43.33858 10.49588
v -65.51181 -43.33858 5.09548
v -63.49606 -43.33858 6.78043
v -61.48031 -43.33858 14.70963
v -59.46457 -43.33858 7.35212
v -57.44882 -43.33858 4.83351
v -55.43307 -43.33858 5.73918
v -53.41732 -43.33858 6.74334
v -51.40157 -43.33858 12.55698
v -49.38583 -43.33858 9.10607
v -47.37008 -43.33858 4.87335
v -45.35433 -43.33858 0.11410
v -43.33858 -43.33858 1.59176
v -41.32283 -43.33858 9.06552
v -39.30709 -43.33858 9.57645
v -37.29134 -43.33858 4.97075
v -35.27559 -43.33858 5.74712
v -33.25984 -43.33858 8.14048
v -31.24409 -43.33858 10.32401
v -29.22835 -43.33858 2.00555
v -27.21260 -43.33858 1.20885
v -25.19685 -43.33858 3.92159
v -23.18110 -43.33858 5.84501
v -21.16535 -43.33858 11.35835
v -19.14961 -43.33858 3.82883
v -17.13386 -43.33858 5.46717
v -15.11811 -43.33858 6.84738
v -13.10236 -43.33858 6.91037
v -11.08661 -43.33858 7.37025
v -9.07087 -43.33858 7.26561
v -7.05512 -43.33858 8.49109
v -5.03937 -43.33858 7.65385
v -3.02362 -43.33858 5.57285
v -1.00787 -43.33858 3.14666
v 1.00787 -43.33858 4.57399
v 3.02362 -43.33858 6.29805
v 5.03937 -43.33858 5.63735
v 7.05512 -43.33858 5.78903
v 9.07087 -43.33858 5.78938
v 11.08661 -43.33858 6.07096
v 13.10236 -43.33858 1.17031
v 15.11811 -43.33858 6.00361
v 17.13386 -43.33858 7.91420
v 19.14961 -43.33858 -12.43859
v 21.16535 -43.33858 3.61642
v 23.18110 -43.33858 5.25662
v 25.19685 -43.33858 1.65021
v 27.21260 -43.33858 0.07225
v 29.22835 -43.33858 4.58117
v 31.24409 -43.33858 4.19615
v 33.25984 -43.33858 9.50198
v 35.27559 -43.33858 3.50735
v 37.29134 -43.33858 6.29295
v 39.30709 -43.33858 1.93468
v 41.32283 -43.33858 7.22133
v 43.33858 -43.33858 10.35420
v 45.35433 -43.33858 8.04781
v 47.37008 -43.33858 10.50569
v 49.38583 -43.33858 1.82908
v 51.40157 -43.33858 -16.05687
v 53.41732 -43.33858 20.91439
v 55.43307 -43.33858 33.71367
v 57.44882 -43.33858 -12.86184
v 59.46457 -43.33858 8.01555
v 61.48031 -43.33858 94.25553
v 63.49606 -43.33858 11.88571
v 65.51181 -43.33858 42.61032
v 67.52756 -43.33858 37.35714
v 69.54331 -43.33858 45.89737
v 71.55906 -43.33858 48.93289
v 73.57480 -43.33858 -5.33900
v 75.59055 -43.33858 30.06915
v 77.60630 -43.33858 144.83031
v 79.62205 -43.33858 83.68135
v 81.63780 -43.33858 138.67822
v 83.65354 -43.33858 108.26006
v 85.66929 -43.33858 551.39551
v 87.68504 -43.33858 149.01878
v 89.70079 -43.33858 745.91028
v 91.71654 -43.33858 707.07727
v 93.73228 -43.33858 141.78220
v 95.74803 -43.33858 48.91076
v 97.76378 -43.33858 53.48502
v 99.77953 -43.33858 59.48352
v 101.79528 -43.33858 24.42141
v 103.81102 -43.33858 31.00811
v 105.82677 -43.33858 23.70424
v 107.84252 -43.33858 40.72877
v 109.85827 -43.33858 18.47709
v 111.87402 -43.33858 32.08189
v 113.88976 -43.33858 16.42884
v 115.90551 -43.33858 16.84383
v 117.92126 -43.33858 13.65687
v 119.93701 -43.33858 6.47591
v 121.95276 -43.33858 7.18092
v 123.96850 -43.33858 4.53155
v 125.98425 -43.33858 3.23446
v 128.00000 -43.33858 12.26146
v -128.00000 -41.32283 3.78235
v -125.98425 -41.32283 26.86974
v -123.96850 -41.32283 15.37001
v -121.95276 -41.32283 19.52439
v -119.93701 -41.32283 -11.84310
v -117.92126 -41.32283 -2.97702
v -115.90551 -41.32283 31.05779
v -113.88976 -41.32283 15.77852
v -111.87402 -41.32283 17.56811
v -109.85827 -41.32283 9.09405
v -107.84252 -41.32283 7.25808
v -105.82677 -41.32283 5.43391
v -103.81102 -41.32283 9.76874
v -101.79528 -41.32283 4.42615
v -99.77953 -41.32283 5.39631
v -97.76378 -41.32283 17.62177
v -95.74803 -41.32283 14.29614
v -93.73228 -41.32283 -13.62080
v -91.71654 -41.32283 34.35786
v -89.70079 -41.32283 17.53511
v -87.68504 -41.32283 11.36990
v -85.66929 -41.32283 3.40372
v -83.65354 -41.32283 15.39986
v -81.63780 -41.32283 -0.27149
v -79.62205 -41.32283 1.41262
v -77.60630 -41.32283 4.20194
v -75.59055 -41.32283 8.68696
v -73.57480 -41.32283 12.52227
v -71.55906 -41.32283 15.74196
v -69.54331 -41.32283 7.04035
v -67.52756 -41.32283 4.05177
v -65.51181 -41.32283 10.55084
v -63.49606 -41.32283 15.70685
v -61.48031 -41.32283 21.95317
v -59.46457 -41.32283 11.23157
v -57.44882 -41.32283 14.09024
v -55.43307 -41.32283 5.93341
v -53.41732 -41.32283 -0.93397
v -51.40157 -41.32283 19.58914
v -49.38583 -41.32283 6.47702
v -47.37008 -41.32283 0.59088
v -45.35433 -41.32283 0.49012
v -43.33858 -41.32283 9.75931
v -41.32283 -41.32283 18.47485
v -39.30709 -41.32283 10.39241
v -37.29134 -41.32283 9.99821
v -35.27559 -41.32283 14.53789
v -33.25984 -41.32283 6.91784
v -31.24409 -41.32283 6.98966
v -29.22835 -41.32283 14.33409
v -27.21260 -41.32283 14.10874
v -25.19685 -41.32283 2.34405
v -23.18110 -41.32283 6.98850
v -21.16535 -41.32283 11.27804
v -19.14961 -41.32283 10.85278
v -17.13386 -41.32283 12.28962
v -15.11811 -41.32283 7.03879
v -13.10236 -41.32283 2.54219
v -11.08661 -41.32283 6.96212
v -9.07087 -41.32283 11.02111
v -7.05512 -41.32283 6.11494
v -5.03937 -41.32283 9.33454
v -3.02362 -41.32283 7.81219
v -1.00787 -41.32283 0.88800
v 1.00787 -41.32283 5.02713
v 3.02362 -41.32283 5.26639
v 5.03937 -41.32283 4.33525
v 7.05512 -41.32283 7.08005
v 9.07087 -41.32283 8.45612
v 11.08661 -41.32283 6.92387
v 13.10236 -41.32283 9.87878
v 15.11811 -41.32283 13.78546
v 17.13386 -41.32283 7.18507
v 19.14961 -41.32283 -8.45759
v 21.16535 -41.32283 4.88724
v 23.18110 -41.32283 10.48231
v 25.19685 -41.32283 4.41330
v 27.21260 -41.32283 6.14686
v 29.22835 -41.32283 4.37602
v 31.24409 -41.32283 5.58422
v 33.25984 -41.32283 5.72084
v 35.27559 -41.32283 11.62037
v 37.29134 -41.32283 6.27070
v 39.30709 -41.32283 3.26998
v 41.32283 -41.32283 10.05457
v 43.33858 -41.32283 14.67733
v 45.35433 -41.32283 6.56515
v 47.37008 -41.32283 9.61733
v 49.38583 -41.32283 11.37781
v 51.40157 -41.32283 17.50319
v 53.41732 -41.32283 14.52574
v 55.43307 -41.32283 18.62397
v 57.44882 -41.32283 31.23485
v 59.46457 -41.32283 31.12924
v 61.48031 -41.32283 -1.77937
v 63.49606 -41.32283 71.04382
v 65.51181 -41.32283 44.37836
v 67.52756 -41.32283 28.61758
v 69.54331 -41.32283 39.75030
v 71.55906 -41.32283 40.58599
v 73.57480 -41.32283 18.60567
v 75.59055 -41.32283 26.76549
v 77.60630 -41.32283 142.12169
v 79.62205 -41.32283 136.42409
v 81.63780 -41.32283 2.72727
v 83.65354 -41.32283 50.09654
v 85.66929 -41.32283 102.30608
v 87.68504 -41.32283 360.35410
v 89.70079 -41.32283 254.42802
v 91.71654 -41.32283 201.07039
v 93.73228 -41.32283 51.06442
v 95.74803 -41.32283 179.07486
v 97.76378 -41.32283 -22.28657
v 99.77953 -41.32283 -2.29323
v 101.79528 -41.32283 7.20835
v 103.81102 -41.32283 -2.83854
v 105.82677 -41.32283 3.83711
v 107.84252 -41.32283 -17.24664
v 109.85827 -41.32283 11.60363
v 111.87402 -41.32283 3.72349
v 113.88976 -41.32283 25.80303
v 115.90551 -41.32283 13.99344
v 117.92126 -41.32283 9.27674
v 119.93701 -41.32283 5.00192
v 121.95276 -41.32283 16.12970
v 123.96850 -41.32283 5.22413
v 125.98425 -41.32283 -1.34061
v 128.00000 -41.32283 33.86693
v -128.00000 -39.30709 33.87899
v -125.98425 -39.30709 22.16021
v -123.96850 -39.30709 16.95252
v -121.95276 -39.30709 -0.35173
v -119.93701 -39.30709 -6.58441
v -117.92126 -39.30709 4.25831
v -115.90551 -39.30709 27.09927
v -113.88976 -39.30709 -3.13807
v -111.87402 -39.30709 5.89383
v -109.85827 -39.30709 4.70834
v -107.84252 -39.30709 4.68033
v -105.82677 -39.30709 -1.29173
v -103.81102 -39.30709 2.97533
v -101.79528 -39.30709 8.64784
v -99.77953 -39.30709 9.90012
v -97.76378 -39.30709 2.27420
v -95.74803 -39.30709 11.93451
v -93.73228 -39.30709 5.90928
v -91.71654 -39.30709 13.88156
v -89.70079 -39.30709 -5.43334
v -87.68504 -39.30709 3.07383
v -85.66929 -39.30709 4.20177
v -83.65354 -39.30709 4.12491
v -81.63780 -39.30709 9.87211
v -79.62205 -39.30709 4.70699
v -77.60630 -39.30709 4.24894
v -75.59055 -39.30709 4.55595
v -73.57480 -39.30709 16.18913
v -71.55906 -39.30709 0.41825
v -69.54331 -39.30709 8.17718
v -67.52756 -39.30709 6.94311
v -65.51181 -39.30709 14.73001
v -63.49606 -39.30709 13.11059
v -61.48031 -39.30709 11.33358
v -59.46457 -39.30709 10.19274
v -57.44882 -39.30709 3.59695
v -55.43307 -39.30709 13.95767
v -53.41732 -39.30709 5.43457
v -51.40157 -39.30709 -2.60779
v -49.38583 -39.30709 -14.99747
v -47.37008 -39.30709 -1.20171
v -45.35433 -39.30709 15.91952
v -43.33858 -39.30709 3.37550
v -41.32283 -39.30709 -7.10350
v -39.30709 -39.30709 5.01548
v -37.29134 -39.30709 13.59812
v -35.27559 -39.30709 5.16271
v -33.25984 -39.30709 6.02469
v -31.24409 -39.30709 7.85639
v -29.22835 -39.30709 5.28644
v -27.21260 -39.30709 6.92825
v -25.19685 -39.30709 6.74989
v -23.18110 -39.30709 4.60125
v -21.16535 -39.30709 5.22442
v -19.14961 -39.30709 17.63000
v -17.13386 -39.30709 8.39325
v -15.11811 -39.30709 7.68454
v -13.10236 -39.30709 2.86357
v -11.08661 -39.30709 5.29025
v -9.07087 -39.30709 4.81135
v -7.05512 -39.30709 7.24067
v -5.03937 -39.30709 8.42912
v -3.02362 -39.30709 6.41799
v -1.00787 -39.30709 5.30736
v 1.00787 -39.30709 6.30744
v 3.02362 -39.30709 4.24919
v 5.03937 -39.30709 6.52217
v 7.05512 -39.30709 7.05829
v 9.07087 -39.30709 8.12922
v 11.08661 -39.30709 9.14426
v 13.10236 -39.30709 0.89718
v 15.11811 -39.30709 6.55517
v 17.13386 -39.30709 -0.49018
v 19.14961 -39.30709 0.61862
v 21.16535 -39.30709 9.37271
v 23.18110 -39.30709 8.10314
v 25.19685 -39.30709 11.35064
v 27.21260 -39.30709 10.83410
v 29.22835 -39.30709 3.94512
v 31.24409 -39.30709 4.36676
v 33.25984 -39.30709 13.11129
v 35.27559 -39.30709 10.04763
v 37.29134 -39.30709 3.55961
v 39.30709 -39.30709 10.18792
v 41.32283 -39.30709 9.61543
v 43.33858 -39.30709 4.68058
v 45.35433 -39.30709 -0.07979
v 47.37008 -39.30709 7.35489
v 49.38583 -39.30709 16.41730
v 51.40157 -39.30709 9.01749
v 53.41732 -39.30709 9.55206
v 55.43307 -39.30709 33.68178
v 57.44882 -39.30709 4.31334
v 59.46457 -39.30709 24.42521
v 61.48031 -39.30709 -9.58271
v 63.49606 -39.30709 21.54250
v 65.51181 -39.30709 32.56821
v 67.52756 -39.30709 25.38354
v 69.54331 -39.30709 36.86393
v 71.55906 -39.30709 74.76237
v 73.57480 -39.30709 17.36478
v 75.59055 -39.30709 31.02472
v 77.60630 -39.30709 91.75282
v 79.62205 -39.30709 131.42873
v 81.63780 -39.30709 24.73434
v 83.65354 -39.30709 76.26376
v 85.66929 -39.30709 64.69611
v 87.68504 -39.30709 31.42628
v 89.70079 -39.30709 297.90265
v 91.71654 -39.30709 112.28781
v 93.73228 -39.30709 109.46381
v 95.74803 -39.30709 75.93549
v 97.76378 -39.30709 -4.99731
v 99.77953 -39.30709 0.91856
v 101.79528 -39.30709 4.27332
v 103.81102 -39.30709 -9.09762
v 105.82677 -39.30709 -1.39884
v 107.84252 -39.30709 17.83432
v 109.85827 -39.30709 0.96391
v 111.87402 -39.30709 4.40171
v 113.88976 -39.30709 35.12873
v 115.90551 -39.30709 -3.57248
v 117.92126 -39.30709 0.98917
v 119.93701 -39.30709 9.11065
v 121.95276 -39.30709 0.19856
v 123.96850 -39.30709 0.16928
v 125.98425 -39.30709 8.52409
v 128.00000 -39.30709 41.25665
v -128.00000 -37.29134 31.78480
v -125.98425 -37.29134 44.98326
v -123.96850 -37.29134 11.16535
v -121.95276 -37.29134 22.03755
v -119.93701 -37.29134 5.36250
v -117.92126 -37.29134 12.96759
v -115.90551 -37.29134 19.57043
v -113.88976 -37.29134 1.65304
v -111.87402 -37.29134 10.76593
v -109.85827 -37.29134 10.47657
v -107.84252 -37.29134 7.66190
v -105.82677 -37.29134 5.15399
v -103.81102 -37.29134 7.02541
v -101.79528 -37.29134 5.77159
v -99.77953 -37.29134 9.95662
v -97.76378 -37.29134 9.15156
v -95.74803 -37.29134 2.12802
v -93.73228 -37.29134 3.13850
v -91.71654 -37.29134 9.20877
v -89.70079 -37.29134 24.90941
v -87.68504 -37.29134 12.32637
v -85.66929 -37.29134 6.77199
v -83.65354 -37.29134 11.70228
v -81.63780 -37.29134 0.76048
v -79.62205 -37.29134 17.42659
v -77.60630 -37.29134 12.94916
v -75.59055 -37.29134 7.88223
v -73.57480 -37.29134 8.10292
v -71.55906 -37.29134 6.98252
v -69.54331 -37.29134 9.97698
v -67.52756 -37.29134 13.80145
v -65.51181 -37.29134 13.58246
v -63.49606 -37.29134 12.20768
v -61.48031 -37.29134 15.19748
v -59.46457 -37.29134 17.60806
v -57.44882 -37.29134 4.10929
v -55.43307 -37.29134 7.90219
v -53.41732 -37.29134 5.32758
v -51.40157 -37.29134 12.65341
v -49.38583 -37.29134 -2.09136
v -47.37008 -37.29134 0.39608
v -45.35433 -37.29134 4.65748
v -43.33858 -37.29134 -10.76865
v -41.32283 -37.29134 10.66217
v -39.30709 -37.29134 20.97504
v -37.29134 -37.29134 -4.21011
v -35.27559 -37.29134 8.70706
v -33.25984 -37.29134 4.77750
v -31.24409 -37.29134 7.95761
v -29.22835 -37.29134 8.13217
v -27.21260 -37.29134 5.91971
v -25.19685 -37.29134 8.89615
v -23.18110 -37.29134 1.31950
v -21.16535 -37.29134 7.22021
v -19.14961 -37.29134 -1.94618
v -17.13386 -37.29134 -4.30407
v -15.11811 -37.29134 1.54062
v -13.10236 -37.29134 4.74223
v -11.08661 -37.29134 9.99853
v -9.07087 -37.29134 5.01915
v -7.05512 -37.29134 8.50508
v -5.03937 -37.29134 8.52356
v -3.02362 -37.29134 6.94023
v -1.00787 -37.29134 8.07931
v 1.00787 -37.29134 5.33877
v 3.02362 -37.29134 7.52851
v 5.03937 -37.29134 6.45827
v 7.05512 -37.29134 1.58664
v 9.07087 -37.29134 11.96208
v 11.08661 -37.29134 8.53302
v 13.10236 -37.29134 10.89953
v 15.11811 -37.29134 17.23981
v 17.13386 -37.29134 15.65460
v 19.14961 -37.29134 4.44949
v 21.16535 -37.29134 6.89424
v 23.18110 -37.29134 11.44885
v 25.19685 -37.29134 14.48198
v 27.21260 -37.29134 2.95031
v 29.22835 -37.29134 8.19256
v 31.24409 -37.29134 5.81750
v 33.25984 -37.29134 9.76231
v 35.27559 -37.29134 10.85423
v 37.29134 -37.29134 12.25374
v 39.30709 -37.29134 4.55947
v 41.32283 -37.29134 4.58168
v 43.33858 -37.29134 18.65828
v 45.35433 -37.29134 2.79089
v 47.37008 -37.29134 4.97968
v 49.38583 -37.29134 7.99003
v 51.40157 -37.29134 -3.51599
v 53.41732 -37.29134 7.20119
v 55.43307 -37.29134 -8.28398
v 57.44882 -37.29134 9.66794
v 59.46457 -37.29134 35.62492
v 61.48031 -37.29134 14.22676
v 63.49606 -37.29134 22.32940
v 65.51181 -37.29134 -4.04667
v 67.52756 -37.29134 16.21981
v 69.54331 -37.29134 36.48260
v 71.55906 -37.29134 52.96325
v 73.57480 -37.29134 23.78480
v 75.59055 -37.29134 26.68782
v 77.60630 -37.29134 57.62990
v 79.62205 -37.29134 74.28598
v 81.63780 -37.29134 41.86820
v 83.65354 -37.29134 69.72742
v 85.66929 -37.29134 6.79195
v 87.68504 -37.29134 -18.59438
v 89.70079 -37.29134 -13.86145
v 91.71654 -37.29134 71.87258
v 93.73228 -37.29134 -19.37387
v 95.74803 -37.29134 94.21827
v 97.76378 -37.29134 62.46700
v 99.77953 -37.29134 13.80109
v 101.79528 -37.29134 37.85267
v 103.81102 -37.29134 20.38269
v 105.82677 -37.29134 -2.99061
v 107.84252 -37.29134 14.59197
v 109.85827 -37.29134 59.97944
v 111.87402 -37.29134 24.01261
v 113.88976 -37.29134 14.32173
v 115.90551 -37.29134 12.62261
v 117.92126 -37.29134 23.19704
v 119.93701 -37.29134 35.34438
v 121.95276 -37.29134 11.61148
v 123.96850 -37.29134 6.58307
v 125.98425 -37.29134 -3.61642
v 128.00000 -37.29134 -33.53783
v -128.00000 -35.27559 63.39839
v -125.98425 -35.27559 16.63167
v -123.96850 -35.27559 9.12229
v -121.95276 -35.27559 2.49508
v -119.93701 -35.27559 16.66174
v -117.92126 -35.27559 12.19722
v -115.90551 -35.27559 7.27283
v -113.88976 -35.27559 -8.18863
v -111.87402 -35.27559 4.05222
v -109.85827 -35.27559 9.37067
v -107.84252 -35.27559 7.00173
v -105.82677 -35.27559 11.19847
v -103.81102 -35.27559 5.84125
v -101.79528 -35.27559 7.53330
v -99.77953 -35.27559 6.83030
v -97.76378 -35.27559 12.50571
v -95.74803 -35.27559 8.13972
v -93.73228 -35.27559 8.27023
v -91.71654 -35.27559 10.85256
v -89.70079 -35.27559 8.57277
v -87.68504 -35.27559 18.69798
v -85.66929 -35.27559 9.20160
v -83.65354 -35.27559 9.27968
v -81.63780 -35.27559 9.50345
v -79.62205 -35.27559 8.12638
v -77.60630 -35.27559 9.76920
v -75.59055 -35.27559 8.59709
v -73.57480 -35.27559 3.70439
v -71.55906 -35.27559 11.75514
v -69.54331 -35.27559 11.14615
v -67.52756 -35.27559 11.86841
v -65.51181 -35.27559 12.11200
v -63.49606 -35.27559 6.99777
v -61.48031 -35.27559 20.35176
v -59.46457 -35.27559 6.02089
v -57.44882 -35.27559 -0.56090
v -55.43307 -35.27559 6.86483
v -53.41732 -35.27559 9.75699
v -51.40157 -35.27559 4.15481
v -49.38583 -35.27559 5.98663
v -47.37008 -35.27559 -2.00455
v -45.35433 -35.27559 1.50522
v -43.33858 -35.27559 12.54802
v -41.32283 -35.27559 -11.19525
v -39.30709 -35.27559 6.19862
v -37.29134 -35.27559 0.79419
v -35.27559 -35.27559 -4.31812
v -33.25984 -35.27559 5.20198
v -31.24409 -35.27559 11.18502
v -29.22835 -35.27559 3.00701
v -27.21260 -35.27559 6.34394
v -25.19685 -35.27559 5.47702
v -23.18110 -35.27559 3.59447
v -21.16535 -35.27559 8.15581
v -19.14961 -35.27559 22.30797
v -17.13386 -35.27559 3.98678
v -15.11811 -35.27559 1.66180
v -13.10236 -35.27559 4.56921
v -11.08661 -35.27559 7.42886
v -9.07087 -35.27559 6.53940
v -7.05512 -35.27559 6.02652
v -5.03937 -35.27559 7.96267
v -3.02362 -35.27559 8.31590
v -1.00787 -35.27559 6.55214
v 1.00787 -35.27559 8.71454
v 3.02362 -35.27559 0.97671
v 5.03937 -35.27559 2.76313
v 7.05512 -35.27559 5.77311
v 9.07087 -35.27559 8.19549
v 11.08661 -35.27559 0.46223
v 13.10236 -35.27559 -1.54561
v 15.11811 -35.27559 10.34502
v 17.13386 -35.27559 9.60849
v 19.14961 -35.27559 0.43047
v 21.16535 -35.27559 9.31821
v 23.18110 -35.27559 0.95780
v 25.19685 -35.27559 18.53909
v 27.21260 -35.27559 0.22323
v 29.22835 -35.27559 6.37584
v 31.24409 -35.27559 9.40758
v 33.25984 -35.27559 8.39267
v 35.27559 -35.27559 9.65926
v 37.29134 -35.27559 7.17329
v 39.30709 -35.27559 5.20134
v 41.32283 -35.27559 11.67773
v 43.33858 -35.27559 7.46989
v 45.35433 -35.27559 8.41858
v 47.37008 -35.27559 1.28067
v 49.38583 -35.27559 4.92112
v 51.40157 -35.27559 2.46863
v 53.41732 -35.27559 5.79663
v 55.43307 -35.27559 -4.80459
v 57.44882 -35.27559 2.46854
v 59.46457 -35.27559 16.54103
v 61.48031 -35.27559 -1.00818
v 63.49606 -35.27559 17.37663
v 65.51181 -35.27559 11.42468
v 67.52756 -35.27559 41.42183
v 69.54331 -35.27559 35.40985
v 71.55906 -35.27559 22.48766
v 73.57480 -35.27559 43.16896
v 75.59055 -35.27559 8.17847
v 77.60630 -35.27559 -18.86685
v 79.62205 -35.27559 16.35543
v 81.63780 -35.27559 7.94157
v 83.65354 -35.27559 7.81830
v 85.66929 -35.27559 -33.88978
v 87.68504 -35.27559 -48.59863
v 89.70079 -35.27559 8.56848
v 91.71654 -35.27559 18.25312
v 93.73228 -35.27559 12.41083
v 95.74803 -35.27559 43.52325
v 97.76378 -35.27559 21.06946
v 99.77953 -35.27559 26.40470
v 101.79528 -35.27559 14.87306
v 103.81102 -35.27559 32.99552
v 105.82677 -35.27559 58.95047
v 107.84252 -35.27559 28.71099
v 109.85827 -35.27559 44.23003
v 111.87402 -35.27559 -41.41369
v 113.88976 -35.27559 3.06677
v 115.90551 -35.27559 33.72985
v 117.92126 -35.27559 -2.95694
v 119.93701 -35.27559 16.15426
v 121.95276 -35.27559 -0.76566
v 123.96850 -35.27559 -6.07296
v 125.98425 -35.27559 -11.61647
v 128.00000 -35.27559 16.40079
v -128.00000 -33.25984 39.12758
v -125.98425 -33.25984 -10.43127
v -123.96850 -33.25984 1.31414
v -121.95276 -33.25984 -7.74156
v -119.93701 -33.25984 13.03659
v -117.92126 -33.25984 7.75920
v -115.90551 -33.25984 15.50034
v -113.88976 -33.25984 -10.78754
v -111.87402 -33.25984 0.80385
v -109.85827 -33.25984 3.95956
v -107.84252 -33.25984 11.86406
v -105.82677 -33.25984 11.18822
v -103.81102 -33.25984 7.98574
v -101.79528 -33.25984 9.16116
v -99.77953 -33.25984 10.91053
v -97.76378 -33.25984 10.68195
v -95.74803 -33.25984 8.94932
v -93.73228 -33.25984 3.16681
v -91.71654 -33.25984 13.39193
v -89.70079 -33.25984 14.23641
v -87.68504 -33.25984 10.04901
v -85.66929 -33.25984 6.81602
v -83.65354 -33.25984 13.86913
v -81.63780 -33.25984 14.19310
v -79.62205 -33.25984 17.54319
v -77.60630 -33.25984 10.20780
v -75.59055 -33.25984 10.46103
v -73.57480 -33.25984 7.02442
v -71.55906 -33.25984 10.40583
v -69.54331 -33.25984 12.56224
v -67.52756 -33.25984 16.99932
v -65.51181 -33.25984 12.39382
v -63.49606 -33.25984 10.23730
v -61.48031 -33.25984 16.05716
v -59.46457 -33.25984 6.52573
v -57.44882 -33.25984 7.27254
v -55.43307 -33.25984 9.05078
v -53.41732 -33.25984 2.36474
v -51.40157 -33.25984 9.23547
v -49.38583 -33.25984 8.07838
v -47.37008 -33.25984 20.71139
v -45.35433 -33.25984 10.97460
v -43.33858 -33.25984 -4.89763
v -41.32283 -33.25984 8.36582
v -39.30709 -33.25984 -30.09325
v -37.29134 -33.25984 -0.06321
v -35.27559 -33.25984 -3.52252
v -33.25984 -33.25984 -1.54705
v -31.24409 -33.25984 7.02567
v -29.22835 -33.25984 10.21335
v -27.21260 -33.25984 9.72229
v -25.19685 -33.25984 16.74727
v -23.18110 -33.25984 17.76663
v -21.16535 -33.25984 22.61445
v -19.14961 -33.25984 18.25145
v -17.13386 -33.25984 5.93401
v -15.11811 -33.25984 8.63812
v -13.10236 -33.25984 3.98003
v -11.08661 -33.25984 8.01767
v -9.07087 -33.25984 13.99962
v -7.05512 -33.25984 9.61691
v -5.03937 -33.25984 7.73044
v -3.02362 -33.25984 8.56844
v -1.00787 -33.25984 7.37449
v 1.00787 -33.25984 4.94336
v 3.02362 -33.25984 9.10315
v 5.03937 -33.25984 4.68216
v 7.05512 -33.25984 8.95148
v 9.07087 -33.25984 7.98343
v 11.08661 -33.25984 13.37506
v 13.10236 -33.25984 9.06065
v 15.11811 -33.25984 2.71431
v 17.13386 -33.25984 13.23389
v 19.14961 -33.25984 6.73622
v 21.16535 -33.25984 5.70195
v 23.18110 -33.25984 -1.24136
v 25.19685 -33.25984 -0.42033
v 27.21260 -33.25984 1.77610
v 29.22835 -33.25984 24.15832
v 31.24409 -33.25984 22.52930
v 33.25984 -33.25984 11.44750
v 35.27559 -33.25984 6.94247
v 37.29134 -33.25984 7.76213
v 39.30709 -33.25984 15.12886
v 41.32283 -33.25984 3.27796
v 43.33858 -33.25984 10.26123
v 45.35433 -33.25984 4.49838
v 47.37008 -33.25984 3.38161
v 49.38583 -33.25984 -3.16892
v 51.40157 -33.25984 11.33312
v 53.41732 -33.25984 -5.13803
v 55.43307 -33.25984 7.17602
v 57.44882 -33.25984 11.99809
v 59.46457 -33.25984 13.77051
v 61.48031 -33.25984 11.78953
v 63.49606 -33.25984 4.88183
v 65.51181 -33.25984 6.01220
v 67.52756 -33.25984 21.21545
v 69.54331 -33.25984 5.15930
v 71.55906 -33.25984 50.22689
v 73.57480 -33.25984 27.18287
v 75.59055 -33.25984 -6.09435
v 77.60630 -33.25984 45.98424
v 79.62205 -33.25984 8.84762
v 81.63780 -33.25984 -18.17898
v 83.65354 -33.25984 17.72548
v 85.66929 -33.25984 0.32852
v 87.68504 -33.25984 56.39083
v 89.70079 -33.25984 -9.20091
v 91.71654 -33.25984 78.52106
v 93.73228 -33.25984 26.42747
v 95.74803 -33.25984 13.45519
v 97.76378 -33.25984 62.88607
v 99.77953 -33.25984 55.51471
v 101.79528 -33.25984 45.20583
v 103.81102 -33.25984 22.14638
v 105.82677 -33.25984 13.79110
v 107.84252 -33.25984 139.54697
v 109.85827 -33.25984 114.68583
v 111.87402 -33.25984 31.29738
v 113.88976 -33.25984 35.52974
v 115.90551 -33.25984 -34.49108
v 117.92126 -33.25984 7.16894
v 119.93701 -33.25984 -5.32576
v 121.95276 -33.25984 0.54085
v 123.96850 -33.25984 -21.65698
v 125.98425 -33.25984 0.50401
v 128.00000 -33.25984 6.38164
v -128.00000 -31.24409 46.80376
v -125.98425 -31.24409 -12.72518
v -123.96850 -31.24409 0.40188
v -121.95276 -31.24409 2.86915
v -119.93701 -31.24409 1.87534
v -117.92126 -31.24409 -3.42224
v -115.90551 -31.24409 15.30499
v -113.88976 -31.24409 -0.87480
v -111.87402 -31.24409 -1.64746
v -109.85827 -31.24409 7.93512
v -107.84252 -31.24409 6.48375
v -105.82677 -31.24409 2.92132
v -103.81102 -31.24409 0.65516
v -101.79528 -31.24409 3.53129
v -99.77953 -31.24409 9.97297
v -97.76378 -31.24409 9.99634
v -95.74803 -31.24409 8.59832
v -93.73228 -31.24409 9.41807
v -91.71654 -31.24409 6.24641
v -89.70079 -31.24409 14.35128
v -87.68504 -31.24409 8.53298
v -85.66929 -31.24409 15.04799
v -83.65354 -31.24409 15.07941
v -81.63780 -31.24409 13.66895
v -79.62205 -31.24409 3.48358
v -77.60630 -31.24409 18.08068
v -75.59055 -31.24409 7.47202
v -73.57480 -31.24409 14.41703
v -71.55906 -31.24409 16.23377
v -69.54331 -31.24409 8.55643
v -67.52756 -31.24409 20.18612
v -65.51181 -31.24409 8.60166
v -63.49606 -31.24409 12.20424
v -61.48031 -31.24409 3.43721
v -59.46457 -31.24409 5.77463
v -57.44882 -31.24409 4.75766
v -55.43307 -31.24409 7.88663
v -53.41732 -31.24409 4.47779
v -51.40157 -31.24409 0.73383
v -49.38583 -31.24409 -1.96766
v -47.37008 -31.24409 26.73689
v -45.35433 -31.24409 -0.65117
v -43.33858 -31.24409 -15.60984
v -41.32283 -31.24409 -12.96227
v -39.30709 -31.24409 17.40136
v -37.29134 -31.24409 5.49864
v -35.27559 -31.24409 2.03766
v -33.25984 -31.24409 -12.21313
v -31.24409 -31.24409 2.21405
v -29.22835 -31.24409 10.35709
v -27.21260 -31.24409 -0.45621
v -25.19685 -31.24409 5.95597
v -23.18110 -31.24409 5.23623
v -21.16535 -31.24409 -2.64998
v -19.14961 -31.24409 30.30882
v -17.13386 -31.24409 5.60405
v -15.11811 -31.24409 28.75167
v -13.10236 -31.24409 11.34233
v -11.08661 -31.24409 -4.61661
v -9.07087 -31.24409 -2.10208
v -7.05512 -31.24409 11.49655
v -5.03937 -31.24409 5.73214
v -3.02362 -31.24409 7.72864
v -1.00787 -31.24409 4.25053
v 1.00787 -31.24409 4.41768
v 3.02362 -31.24409 6.74733
v 5.03937 -31.24409 6.37557
v 7.05512 -31.24409 8.90735
v 9.07087 -31.24409 9.97227
v 11.08661 -31.24409 5.24994
v 13.10236 -31.24409 0.87381
v 15.11811 -31.24409 0.68933
v 17.13386 -31.24409 11.03871
v 19.14961 -31.24409 4.91381
v 21.16535 -31.24409 5.17075
v 23.18110 -31.24409 1.03814
v 25.19685 -31.24409 -3.15468
v 27.21260 -31.24409 -19.55210
v 29.22835 -31.24409 6.49341
v 31.24409 -31.24409 25.22692
v 33.25984 -31.24409 7.18730
v 35.27559 -31.24409 21.13358
v 37.29134 -31.24409 13.03983
v 39.30709 -31.24409 -2.95342
v 41.32283 -31.24409 9.68867
v 43.33858 -31.24409 5.95648
v 45.35433 -31.24409 3.56017
v 47.37008 -31.24409 -12.64842
v 49.38583 -31.24409 -6.15840
v 51.40157 -31.24409 0.43742
v 53.41732 -31.24409 -3.21468
v 55.43307 -31.24409 7.18205
v 57.44882 -31.24409 15.35625
v 59.46457 -31.24409 11.56484
v 61.48031 -31.24409 8.69983
v 63.49606 -31.24409 12.10064
v 65.51181 -31.24409 12.39375
v 67.52756 -31.24409 1.63896
v 69.54331 -31.24409 15.98674
v 71.55906 -31.24409 29.46424
v 73.57480 -31.24409 25.06223
v 75.59055 -31.24409 9.87753
v 77.60630 -31.24409 14.83245
v 79.62205 -31.24409 -8.71474
v 81.63780 -31.24409 95.37141
v 83.65354 -31.24409 147.93742
v 85.66929 -31.24409 50.40972
v 87.68504 -31.24409 4.36247
v 89.70079 -31.24409 164.20554
v 91.71654 -31.24409 123.72333
v 93.73228 -31.24409 39.52491
v 95.74803 -31.24409 -4.17098
v 97.76378 -31.24409 18.48039
v 99.77953 -31.24409 16.98956
v 101.79528 -31.24409 -15.35344
v 103.81102 -31.24409 87.85771
v 105.82677 -31.24409 79.11418
v 107.84252 -31.24409 26.57527
v 109.85827 -31.24409 74.41809
v 111.87402 -31.24409 92.93360
v 113.88976 -31.24409 150.31705
v 115.90551 -31.24409 68.18456
v 117.92126 -31.24409 25.93145
v 119.93701 -31.24409 -15.07852
v 121.95276 -31.24409 3.43382
v 123.96850 -31.24409 7.51261
v 125.98425 -31.24409 0.21585
v 128.00000 -31.24409 -26.60490
v -128.00000 -29.22835 -42.86536
v -125.98425 -29.22835 -16.76457
v -123.96850 -29.22835 6.66873
v -121.95276 -29.22835 7.91887
v -119.93701 -29.22835 4.44135
v -117.92126 -29.22835 8.51482
v -115.90551 -29.22835 6.06750
v -113.88976 -29.22835 3.70541
v -111.87402 -29.22835 0.66148
v -109.85827 -29.22835 8.25144
v -107.84252 -29.22835 4.14150
v -105.82677 -29.22835 5.87023
v -103.81102 -29.22835 9.85121
v -101.79528 -29.22835 10.73594
v -99.77953 -29.22835 8.49985
v -97.76378 -29.22835 15.86019
v -95.74803 -29.22835 11.45310
v -93.73228 -29.22835 9.01311
v -91.71654 -29.22835 13.01881
v -89.70079 -29.22835 9.33609
v -87.68504 -29.22835 8.81131
v -85.66929 -29.22835 11.16895
v -83.65354 -29.22835 8.36227
v -81.63780 -29.22835 14.97005
v -79.62205 -29.22835 8.72191
v -77.60630 -29.22835 11.36637
v -75.59055 -29.22835 21.04825
v -73.57480 -29.22835 18.37607
v -71.55906 -29.22835 11.61096
v -69.54331 -29.22835 21.04273
v -67.52756 -29.22835 20.70676
v -65.51181 -29.22835 0.58937
v -63.49606 -29.22835 -3.25693
v -61.48031 -29.22835 6.62631
v -59.46457 -29.22835 6.95750
v -57.44882 -29.22835 10.83047
v -55.43307 -29.22835 2.78305
v -53.41732 -29.22835 8.70653
v -51.40157 -29.22835 8.38780
v -49.38583 -29.22835 -2.89759
v -47.37008 -29.22835 18.70784
v -45.35433 -29.22835 -36.67326
v -43.33858 -29.22835 -83.00242
v -41.32283 -29.22835 -0.05688
v -39.30709 -29.22835 97.90576
v -37.29134 -29.22835 81.00580
v -35.27559 -29.22835 -2.74092
v -33.25984 -29.22835 8.63194
v -31.24409 -29.22835 12.02811
v -29.22835 -29.22835 15.00827
v -27.21260 -29.22835 -2.13366
v -25.19685 -29.22835 10.65719
v -23.18110 -29.22835 -11.94210
v -21.16535 -29.22835 -23.81499
v -19.14961 -29.22835 24.99658
v -17.13386 -29.22835 61.82964
v -15.11811 -29.22835 37.44078
v -13.10236 -29.22835 -14.47543
v -11.08661 -29.22835 -24.70197
v -9.07087 -29.22835 -13.30107
v -7.05512 -29.22835 11.38193
v -5.03937 -29.22835 -2.76126
v -3.02362 -29.22835 6.86715
v -1.00787 -29.22835 5.79754
v 1.00787 -29.22835 6.15525
v 3.02362 -29.22835 4.46106
v 5.03937 -29.22835 5.29241
v 7.05512 -29.22835 14.65261
v 9.07087 -29.22835 3.71174
v 11.08661 -29.22835 1.66882
v 13.10236 -29.22835 2.57401
v 15.11811 -29.22835 6.36515
v 17.13386 -29.22835 -0.71144
v 19.14961 -29.22835 0.08411
v 21.16535 -29.22835 10.23131
v 23.18110 -29.22835 -1.29202
v 25.19685 -29.22835 4.93707
v 27.21260 -29.22835 -28.05996
v 29.22835 -29.22835 -0.63279
v 31.24409 -29.22835 26.18953
v 33.25984 -29.22835 5.42553
v 35.27559 -29.22835 6.50302
v 37.29134 -29.22835 -10.34835
v 39.30709 -29.22835 1.24376
v 41.32283 -29.22835 4.41415
v 43.33858 -29.22835 -14.99383
v 45.35433 -29.22835 -6.07275
v 47.37008 -29.22835 1.70630
v 49.38583 -29.22835 -0.21710
v 51.40157 -29.22835 -5.16331
v 53.41732 -29.22835 -1.60003
v 55.43307 -29.22835 14.88308
v 57.44882 -29.22835 13.16771
v 59.46457 -29.22835 16.11876
v 61.48031 -29.22835 9.34027
v 63.49606 -29.22835 5.35072
v 65.51181 -29.22835 7.45404
v 67.52756 -29.22835 6.70937
v 69.54331 -29.22835 -6.10615
v 71.55906 -29.22835 19.68478
v 73.57480 -29.22835 28.23285
v 75.59055 -29.22835 7.61809
v 77.60630 -29.22835 -36.19494
v 79.62205 -29.22835 10.02909
v 81.63780 -29.22835 81.25510
v 83.65354 -29.22835 132.67497
v 85.66929 -29.22835 80.42854
v 87.68504 -29.22835 359.73859
v 89.70079 -29.22835 244.53171
v 91.71654 -29.22835 74.54089
v 93.73228 -29.22835 96.24382
v 95.74803 -29.22835 20.47079
v 97.76378 -29.22835 -36.40288
v 99.77953 -29.22835 37.34129
v 101.79528 -29.22835 -19.31563
v 103.81102 -29.22835 140.68520
v 105.82677 -29.22835 102.51546
v 107.84252 -29.22835 91.57755
v 109.85827 -29.22835 83.68092
v 111.87402 -29.22835 68.44492
v 113.88976 -29.22835 43.99239
v 115.90551 -29.22835 -10.19383
v 117.92126 -29.22835 6.99808
v 119.93701 -29.22835 10.58300
v 121.95276 -29.22835 5.02195
v 123.96850 -29.22835 6.62988
v 125.98425 -29.22835 4.43057
v 128.00000 -29.22835 -3.20254
v -128.00000 -27.21260 -46.30516
v -125.98425 -27.21260 -18.98488
v -123.96850 -27.21260 -6.04818
v -121.95276 -27.21260 -3.71368
v -119.93701 -27.21260 10.10148
v -117.92126 -27.21260 11.35180
v -115.90551 -27.21260 9.21889
v -113.88976 -27.21260 5.17244
v -111.87402 -27.21260 0.15654
v -109.85827 -27.21260 6.01065
v -107.84252 -27.21260 -3.12140
v -105.82677 -27.21260 10.70484
v -103.81102 -27.21260 11.41826
v -101.79528 -27.21260 3.73660
v -99.77953 -27.21260 16.54055
v -97.76378 -27.21260 2.15481
v -95.74803 -27.21260 8.58526
v -93.73228 -27.21260 4.68541
v -91.71654 -27.21260 12.98743
v -89.70079 -27.21260 10.73250
v -87.68504 -27.21260 0.15213
v -85.66929 -27.21260 5.01294
v -83.65354 -27.21260 13.92633
v -81.63780 -27.21260 14.42434
v -79.62205 -27.21260 6.18019
v -77.60630 -27.21260 15.90600
v -75.59055 -27.21260 12.77138
v -73.57480 -27.21260 15.68809
v -71.55906 -27.21260 14.07082
v -69.54331 -27.21260 32.74537
v -67.52756 -27.21260 12.77127
v -65.51181 -27.21260 8.94346
v -63.49606 -27.21260 8.31050
v -61.48031 -27.21260 5.67740
v -59.46457 -27.21260 3.23173
v -57.44882 -27.21260 9.73219
v -55.43307 -27.21260 8.29050
v -53.41732 -27.21260 6.67917
v -51.40157 -27.21260 7.65266
v -49.38583 -27.21260 10.03288
v -47.37008 -27.21260 17.65818
v -45.35433 -27.21260 -5.56880
v -43.33858 -27.21260 -121.24039
v -41.32283 -27.21260 -31.10601
v -39.30709 -27.21260 24.95075
v -37.29134 -27.21260 19.89706
v -35.27559 -27.21260 10.22121
v -33.25984 -27.21260 4.20339
v -31.24409 -27.21260 3.27623
v -29.22835 -27.21260 15.63805
v -27.21260 -27.21260 4.50885
v -25.19685 -27.21260 2.72986
v -23.18110 -27.21260 -13.02644
v -21.16535 -27.21260 -13.44329
v -19.14961 -27.21260 -4.27537
v -17.13386 -27.21260 11.05658
v -15.11811 -27.21260 37.16191
v -13.10236 -27.21260 -40.77903
v -11.08661 -27.21260 -32.70050
v -9.07087 -27.21260 -16.92616
v -7.05512 -27.21260 14.12844
v -5.03937 -27.21260 1.26088
v -3.02362 -27.21260 4.86567
v -1.00787 -27.21260 1.06164
v 1.00787 -27.21260 4.15869
v 3.02362 -27.21260 3.56960
v 5.03937 -27.21260 2.70957
v 7.05512 -27.21260 5.62240
v 9.07087 -27.21260 5.86015
v 11.08661 -27.21260 5.37741
v 13.10236 -27.21260 1.92761
v 15.11811 -27.21260 6.34080
v 17.13386 -27.21260 5.92537
v 19.14961 -27.21260 -9.28930
v 21.16535 -27.21260 -5.34976
v 23.18110 -27.21260 -4.50098
v 25.19685 -27.21260 11.95139
v 27.21260 -27.21260 -2.82786
v 29.22835 -27.21260 0.12995
v 31.24409 -27.21260 -13.03544
v 33.25984 -27.21260 8.46242
v 35.27559 -27.21260 4.24412
v 37.29134 -27.21260 0.23428
v 39.30709 -27.21260 8.37956
v 41.32283 -27.21260 27.50524
v 43.33858 -27.21260 -17.10654
v 45.35433 -27.21260 -6.67104
v 47.37008 -27.21260 34.66170
v 49.38583 -27.21260 10.50328
v 51.40157 -27.21260 18.47158
v 53.41732 -27.21260 0.73240
v 55.43307 -27.21260 6.21964
v 57.44882 -27.21260 10.18018
v 59.46457 -27.21260 15.89134
v 61.48031 -27.21260 12.02707
v 63.49606 -27.21260 7.97167
v 65.51181 -27.21260 10.99092
v 67.52756 -27.21260 6.10652
v 69.54331 -27.21260 -2.48775
v 71.55906 -27.21260 -4.43031
v 73.57480 -27.21260 -6.82952
v 75.59055 -27.21260 -5.09280
v 77.60630 -27.21260 0.31200
v 79.62205 -27.21260 -32.24355
v 81.63780 -27.21260 -25.10658
v 83.65354 -27.21260 149.48372
v 85.66929 -27.21260 183.56949
v 87.68504 -27.21260 276.20914
v 89.70079 -27.21260 120.80070
v 91.71654 -27.21260 18.87422
v 93.73228 -27.21260 -17.12561
v 95.74803 -27.21260 29.69893
v 97.76378 -27.21260 -57.14920
v 99.77953 -27.21260 -55.63419
v 101.79528 -27.21260 30.92472
v 103.81102 -27.21260 58.67298
v 105.82677 -27.21260 54.42187
v 107.84252 -27.21260 38.79603
v 109.85827 -27.21260 27.13555
v 111.87402 -27.21260 11.84895
v 113.88976 -27.21260 -5.47219
v 115.90551 -27.21260 1.54719
v 117.92126 -27.21260 19.72089
v 119.93701 -27.21260 13.35665
v 121.95276 -27.21260 -8.89243
v 123.96850 -27.21260 -3.30783
v 125.98425 -27.21260 -0.09672
v 128.00000 -27.21260 19.17941
v -128.00000 -25.19685 -53.92128
v -125.98425 -25.19685 -16.72597
v -123.96850 -25.19685 -2.21036
v -121.95276 -25.19685 -3.26344
v -119.93701 -25.19685 3.79518
v -117.92126 -25.19685 1.29717
v -115.90551 -25.19685 6.22386
v -113.88976 -25.19685 11.39048
v -111.87402 -25.19685 3.09253
v -109.85827 -25.19685 11.63320
v -107.84252 -25.19685 -12.68767
v -105.82677 -25.19685 -3.18232
v -103.81102 -25.19685 10.42848
v -101.79528 -25.19685 -5.40475
v -99.77953 -25.19685 -1.20916
v -97.76378 -25.19685 3.08597
v -95.74803 -25.19685 10.18677
v -93.73228 -25.19685 17.10023
v -91.71654 -25.19685 25.12697
v -89.70079 -25.19685 12.91937
v -87.68504 -25.19685 16.69734
v -85.66929 -25.19685 21.39031
v -83.65354 -25.19685 41.37442
v -81.63780 -25.19685 21.75037
v -79.62205 -25.19685 12.70070
v -77.60630 -25.19685 18.57400
v -75.59055 -25.19685 14.63242
v -73.57480 -25.19685 16.99337
v -71.55906 -25.19685 16.64007
v -69.54331 -25.19685 13.03453
v -67.52756 -25.19685 13.88220
v -65.51181 -25.19685 18.94088
v -63.49606 -25.19685 6.28822
v -61.48031 -25.19685 7.27123
v -59.46457 -25.19685 10.64565
v -57.44882 -25.19685 6.32072
v -55.43307 -25.19685 7.68015
v -53.41732 -25.19685 6.61061
v -51.40157 -25.19685 6.11085
v -49.38583 -25.19685 13.45224
v -47.37008 -25.19685 4.21486
v -45.35433 -25.19685 5.95756
v -43.33858 -25.19685 -35.21252
v -41.32283 -25.19685 -8.43359
v -39.30709 -25.19685 -32.85878
v -37.29134 -25.19685 -7.92702
v -35.27559 -25.19685 -5.30797
v -33.25984 -25.19685 6.13402
v -31.24409 -25.19685 3.11580
v -29.22835 -25.19685 12.90532
v -27.21260 -25.19685 7.73165
v -25.19685 -25.19685 2.47960
v -23.18110 -25.19685 8.64598
v -21.16535 -25.19685 -9.74356
v -19.14961 -25.19685 -21.25418
v -17.13386 -25.19685 -49.08228
v -15.11811 -25.19685 -14.01771
v -13.10236 -25.19685 -13.49131
v -11.08661 -25.19685 -62.71073
v -9.07087 -25.19685 -12.84537
v -7.05512 -25.19685 -41.60957
v -5.03937 -25.19685 -3.01654
v -3.02362 -25.19685 6.26261
v -1.00787 -25.19685 -0.79557
v 1.00787 -25.19685 5.99660
v 3.02362 -25.19685 8.07656
v 5.03937 -25.19685 -1.35445
v 7.05512 -25.19685 2.11341
v 9.07087 -25.19685 2.01773
v 11.08661 -25.19685 1.98086
v 13.10236 -25.19685 3.35752
v 15.11811 -25.19685 5.10986
v 17.13386 -25.19685 18.08648
v 19.14961 -25.19685 -9.93936
v 21.16535 -25.19685 -4.08977
v 23.18110 -25.19685 7.17339
v 25.19685 -25.19685 15.78271
v 27.21260 -25.19685 1.17131
v 29.22835 -25.19685 -5.52569
v 31.24409 -25.19685 -0.16394
v 33.25984 -25.19685 -12.10185
v 35.27559 -25.19685 -14.49557
v 37.29134 -25.19685 40.62871
v 39.30709 -25.19685 24.14885
v 41.32283 -25.19685 -6.43684
v 43.33858 -25.19685 25.74338
v 45.35433 -25.19685 23.31004
v 47.37008 -25.19685 17.37624
v 49.38583 -25.19685 10.91316
v 51.40157 -25.19685 10.19744
v 53.41732 -25.19685 8.05999
v 55.43307 -25.19685 8.40732
v 57.44882 -25.19685 10.19279
v 59.46457 -25.19685 14.38494
v 61.48031 -25.19685 9.19453
v 63.49606 -25.19685 6.10233
v 65.51181 -25.19685 4.29155
v 67.52756 -25.19685 9.67156
v 69.54331 -25.19685 14.46123
v 71.55906 -25.19685 7.55708
v 73.57480 -25.19685 2.10625
v 75.59055 -25.19685 -10.44151
v 77.60630 -25.19685 -15.89081
v 79.62205 -25.19685 17.53055
v 81.63780 -25.19685 -39.54385
v 83.65354 -25.19685 40.35574
v 85.66929 -25.19685 109.06824
v 87.68504 -25.19685 273.19379
v 89.70079 -25.19685 92.91171
v 91.71654 -25.19685 40.87516
v 93.73228 -25.19685 86.86060
v 95.74803 -25.19685 22.83415
v 97.76378 -25.19685 39.22767
v 99.77953 -25.19685 -34.78901
v 101.79528 -25.19685 -31.02468
v 103.81102 -25.19685 16.97754
v 105.82677 -25.19685 19.04792
v 107.84252 -25.19685 60.72421
v 109.85827 -25.19685 65.63749
v 111.87402 -25.19685 139.49017
v 113.88976 -25.19685 79.69532
v 115.90551 -25.19685 20.09984
v 117.92126 -25.19685 22.40944
v 119.93701 -25.19685 6.88268
v 121.95276 -25.19685 -10.19076
v 123.96850 -25.19685 -5.91702
v 125.98425 -25.19685 6.73424
v 128.00000 -25.19685 49.62674
v -128.00000 -23.18110 -39.16087
v -125.98425 -23.18110 -35.89016
v -123.96850 -23.18110 -20.51020
v -121.95276 -23.18110 -8.33579
v -119.93701 -23.18110 10.38117
v -117.92126 -23.18110 0.94376
v -115.90551 -23.18110 8.39578
v -113.88976 -23.18110 0.02563
v -111.87402 -23.18110 3.63736
v -109.85827 -23.18110 18.03915
v -107.84252 -23.18110 -0.35505
v -105.82677 -23.18110 3.44199
v -103.81102 -23.18110 -8.56763
v -101.79528 -23.18110 11.37312
v -99.77953 -23.18110 14.97132
v -97.76378 -23.18110 -2.72952
v -95.74803 -23.18110 7.55466
v -93.73228 -23.18110 14.52282
v -91.71654 -23.18110 10.71581
v -89.70079 -23.18110 18.81091
v -87.68504 -23.18110 19.52900
v -85.66929 -23.18110 15.07693
v -83.65354 -23.18110 15.63602
v -81.63780 -23.18110 -0.85606
v -79.62205 -23.18110 12.78078
v -77.60630 -23.18110 11.79466
v -75.59055 -23.18110 10.82992
v -73.57480 -23.18110 18.75244
v -71.55906 -23.18110 16.36012
v -69.54331 -23.18110 4.94648
v -67.52756 -23.18110 7.87457
v -65.51181 -23.18110 9.33675
v -63.49606 -23.18110 7.06998
v -61.48031 -23.18110 7.43843
v -59.46457 -23.18110 7.94855
v -57.44882 -23.18110 6.40845
v -55.43307 -23.18110 8.41385
v -53.41732 -23.18110 6.77786
v -51.40157 -23.18110 4.02151
v -49.38583 -23.18110 15.01852
v -47.37008 -23.18110 13.34074
v -45.35433 -23.18110 2.28744
v -43.33858 -23.18110 0.42086
v -41.32283 -23.18110 -2.33111
v -39.30709 -23.18110 -0.64510
v -37.29134 -23.18110 17.50620
v -35.27559 -23.18110 -15.99572
v -33.25984 -23.18110 2.28479
v -31.24409 -23.18110 6.93575
v -29.22835 -23.18110 -1.00870
v -27.21260 -23.18110 2.17675
v -25.19685 -23.18110 6.48224
v -23.18110 -23.18110 3.25771
v -21.16535 -23.18110 -9.16845
v -19.14961 -23.18110 3.08315
v -17.13386 -23.18110 -31.29949
v -15.11811 -23.18110 -6.14730
v -13.10236 -23.18110 34.26944
v -11.08661 -23.18110 -5.27439
v -9.07087 -23.18110 -68.31261
v -7.05512 -23.18110 -13.97787
v -5.03937 -23.18110 7.63467
v -3.02362 -23.18110 -3.65972
v -1.00787 -23.18110 4.35226
v 1.00787 -23.18110 6.39959
v 3.02362 -23.18110 9.02126
v 5.03937 -23.18110 2.93128
v 7.05512 -23.18110 0.86162
v 9.07087 -23.18110 -2.78659
v 11.08661 -23.18110 -1.37104
v 13.10236 -23.18110 -9.13221
v 15.11811 -23.18110 -10.37394
v 17.13386 -23.18110 14.39180
v 19.14961 -23.18110 24.28100
v 21.16535 -23.18110 29.84185
v 23.18110 -23.18110 -10.34491
v 25.19685 -23.18110 -0.56632
v 27.21260 -23.18110 9.38874
v 29.22835 -23.18110 3.26438
v 31.24409 -23.18110 -6.58797
v 33.25984 -23.18110 -4.18231
v 35.27559 -23.18110 -25.30437
v 37.29134 -23.18110 -54.75380
v 39.30709 -23.18110 31.23236
v 41.32283 -23.18110 55.16361
v 43.33858 -23.18110 191.28798
v 45.35433 -23.18110 99.35059
v 47.37008 -23.18110 38.07985
v 49.38583 -23.18110 41.22497
v 51.40157 -23.18110 19.43979
v 53.41732 -23.18110 18.04057
v 55.43307 -23.18110 12.52877
v 57.44882 -23.18110 10.33096
v 59.46457 -23.18110 11.94539
v 61.48031 -23.18110 2.54580
v 63.49606 -23.18110 2.86565
v 65.51181 -23.18110 8.98094
v 67.52756 -23.18110 6.30489
v 69.54331 -23.18110 7.47138
v 71.55906 -23.18110 7.11895
v 73.57480 -23.18110 3.02605
v 75.59055 -23.18110 -1.70020
v 77.60630 -23.18110 1.25709
v 79.62205 -23.18110 0.02468
v 81.63780 -23.18110 29.91465
v 83.65354 -23.18110 26.71652
v 85.66929 -23.18110 104.62518
v 87.68504 -23.18110 -53.80263
v 89.70079 -23.18110 1.85348
v 91.71654 -23.18110 92.67283
v 93.73228 -23.18110 59.09483
v 95.74803 -23.18110 111.54441
v 97.76378 -23.18110 51.53168
v 99.77953 -23.18110 -22.65516
v 101.79528 -23.18110 -6.91553
v 103.81102 -23.18110 -5.53044
v 105.82677 -23.18110 -15.74125
v 107.84252 -23.18110 -10.95035
v 109.85827 -23.18110 36.04337
v 111.87402 -23.18110 78.62272
v 113.88976 -23.18110 11.85204
v 115.90551 -23.18110 18.78147
v 117.92126 -23.18110 15.01465
v 119.93701 -23.18110 7.59979
v 121.95276 -23.18110 -4.27862
v 123.96850 -23.18110 -14.55701
v 125.98425 -23.18110 19.32684
v 128.00000 -23.18110 -19.03960
v -128.00000 -21.16535 -21.83709
v -125.98425 -21.16535 7.86823
v -123.96850 -21.16535 -1.32142
v -121.95276 -21.16535 13.20585
v -119.93701 -21.16535 1.82888
v -117.92126 -21.16535 8.74838
v -115.90551 -21.16535 2.15038
v -113.88976 -21.16535 8.91782
v -111.87402 -21.16535 25.59379
v -109.85827 -21.16535 7.11906
v -107.84252 -21.16535 -6.14542
v -105.82677 -21.16535 5.29356
v -103.81102 -21.16535 6.99706
v -101.79528 -21.16535 8.80661
v -99.77953 -21.16535 10.82241
v -97.76378 -21.16535 11.05511
v -95.74803 -21.16535 7.27059
v -93.73228 -21.16535 5.77223
v -91.71654 -21.16535 16.05058
v -89.70079 -21.16535 17.28178
v -87.68504 -21.16535 13.92533
v -85.66929 -21.16535 0.79276
v -83.65354 -21.16535 1.21343
v -81.63780 -21.16535 12.53740
v -79.62205 -21.16535 10.27470
v -77.60630 -21.16535 10.82452
v -75.59055 -21.16535 3.19193
v -73.57480 -21.16535 12.09983
v -71.55906 -21.16535 9.85828
v -69.54331 -21.16535 10.46081
v -67.52756 -21.16535 10.70461
v -65.51181 -21.16535 12.52945
v -63.49606 -21.16535 6.58300
v -61.48031 -21.16535 6.47320
v -59.46457 -21.16535 8.59004
v -57.44882 -21.16535 10.08408
v -55.43307 -21.16535 6.19474
v -53.41732 -21.16535 4.63397
v -51.40157 -21.16535 9.69701
v -49.38583 -21.16535 0.87430
v -47.37008 -21.16535 3.62655
v -45.35433 -21.16535 13.29505
v -43.33858 -21.16535 -2.56290
v -41.32283 -21.16535 -23.94892
v -39.30709 -21.16535 -18.05272
v -37.29134 -21.16535 2.32425
v -35.27559 -21.16535 6.50372
v -33.25984 -21.16535 3.38986
v -31.24409 -21.16535 4.34682
v -29.22835 -21.16535 4.64496
v -27.21260 -21.16535 8.71565
v -25.19685 -21.16535 5.41008
v -23.18110 -21.16535 1.84537
v -21.16535 -21.16535 7.64961
v -19.14961 -21.16535 -1.09998
v -17.13386 -21.16535 13.30959
v -15.11811 -21.16535 -11.26828
v -13.10236 -21.16535 33.37666
v -11.08661 -21.16535 23.35147
v -9.07087 -21.16535 -34.19258
v -7.05512 -21.16535 -26.91138
v -5.03937 -21.16535 -5.84956
v -3.02362 -21.16535 27.69150
v -1.00787 -21.16535 -0.66016
v 1.00787 -21.16535 -13.54697
v 3.02362 -21.16535 -11.31517
v 5.03937 -21.16535 -13.89891
v 7.05512 -21.16535 0.59273
v 9.07087 -21.16535 -7.94245
v 11.08661 -21.16535 34.72240
v 13.10236 -21.16535 19.39990
v 15.11811 -21.16535 -18.22376
v 17.13386 -21.16535 131.44551
v 19.14961 -21.16535 -9.01539
v 21.16535 -21.16535 -51.11533
v 23.18110 -21.16535 -67.19340
v 25.19685 -21.16535 -22.95012
v 27.21260 -21.16535 -11.71703
v 29.22835 -21.16535 -2.39180
v 31.24409 -21.16535 3.24785
v 33.25984 -21.16535 -11.66937
v 35.27559 -21.16535 -45.58224
v 37.29134 -21.16535 -31.79871
v 39.30709 -21.16535 22.98201
v 41.32283 -21.16535 60.67560
v 43.33858 -21.16535 77.32352
v 45.35433 -21.16535 123.52489
v 47.37008 -21.16535 60.96827
v 49.38583 -21.16535 20.40983
v 51.40157 -21.16535 7.03373
v 53.41732 -21.16535 16.72408
v 55.43307 -21.16535 16.65869
v 57.44882 -21.16535 12.19049
v 59.46457 -21.16535 13.89166
v 61.48031 -21.16535 8.66590
v 63.49606 -21.16535 9.47673
v 65.51181 -21.16535 5.88972
v 67.52756 -21.16535 5.54222
v 69.54331 -21.16535 5.41414
v 71.55906 -21.16535 8.02235
v 73.57480 -21.16535 9.16709
v 75.59055 -21.16535 6.85544
v 77.60630 -21.16535 8.38047
v 79.62205 -21.16535 12.94605
v 81.63780 -21.16535 3.11318
v 83.65354 -21.16535 -16.64302
v 85.66929 -21.16535 -14.24068
v 87.68504 -21.16535 52.05919
v 89.70079 -21.16535 26.16818
v 91.71654 -21.16535 16.97997
v 93.73228 -21.16535 -19.16696
v 95.74803 -21.16535 6.45906
v 97.76378 -21.16535 39.43815
v 99.77953 -21.16535 15.08047
v 101.79528 -21.16535 27.83669
v 103.81102 -21.16535 -1.56096
v 105.82677 -21.16535 20.06887
v 107.84252 -21.16535 -6.67147
v 109.85827 -21.16535 20.00271
v 111.87402 -21.16535 41.96894
v 113.88976 -21.16535 -3.51757
v 115.90551 -21.16535 -12.35677
v 117.92126 -21.16535 -4.14901
v 119.93701 -21.16535 3.71911
v 121.95276 -21.16535 -7.77118
v 123.96850 -21.16535 14.20682
v 125.98425 -21.16535 4.91510
v 128.00000 -21.16535 19.67229
v -128.00000 -19.14961 -18.69200
v -125.98425 -19.14961 15.18699
v -123.96850 -19.14961 21.78594
v -121.95276 -19.14961 8.08871
v -119.93701 -19.14961 1.68797
v -117.92126 -19.14961 3.81939
v -115.90551 -19.14961 5.73671
v -113.88976 -19.14961 10.10360
v -111.87402 -19.14961 -10.64040
v -109.85827 -19.14961 7.41795
v -107.84252 -19.14961 2.87831
v -105.82677 -19.14961 -0.35095
v -103.81102 -19.14961 3.59736
v -101.79528 -19.14961 7.70085
v -99.77953 -19.14961 15.53022
v -97.76378 -19.14961 9.20552
v -95.74803 -19.14961 3.12574
v -93.73228 -19.14961 27.53989
v -91.71654 -19.14961 22.23714
v -89.70079 -19.14961 30.26686
v -87.68504 -19.14961 13.88724
v -85.66929 -19.14961 12.68003
v -83.65354 -19.14961 12.78178
v -81.63780 -19.14961 11.83194
v -79.62205 -19.14961 9.31088
v -77.60630 -19.14961 13.96039
v -75.59055 -19.14961 2.52515
v -73.57480 -19.14961 2.53893
v -71.55906 -19.14961 5.49370
v -69.54331 -19.14961 10.26005
v -67.52756 -19.14961 3.02605
v -65.51181 -19.14961 11.60242
v -63.49606 -19.14961 5.19793
v -61.48031 -19.14961 5.38220
v -59.46457 -19.14961 0.10350
v -57.44882 -19.14961 4.15186
v -55.43307 -19.14961 5.26600
v -53.41732 -19.14961 11.60816
v -51.40157 -19.14961 6.76881
v -49.38583 -19.14961 8.73494
v -47.37008 -19.14961 4.46546
v -45.35433 -19.14961 -2.57369
v -43.33858 -19.14961 4.18727
v -41.32283 -19.14961 -4.34802
v -39.30709 -19.14961 -16.25058
v -37.29134 -19.14961 -0.32468
v -35.27559 -19.14961 5.90600
v -33.25984 -19.14961 9.22281
v -31.24409 -19.14961 8.86998
v -29.22835 -19.14961 2.64978
v -27.21260 -19.14961 8.57790
v -25.19685 -19.14961 1.95273
v -23.18110 -19.14961 14.44265
v -21.16535 -19.14961 10.14478
v -19.14961 -19.14961 -10.64716
v -17.13386 -19.14961 14.63241
v -15.11811 -19.14961 -14.06466
v -13.10236 -19.14961 -12.92155
v -11.08661 -19.14961 -13.50243
v -9.07087 -19.14961 20.64056
v -7.05512 -19.14961 -29.49439
v -5.03937 -19.14961 23.10199
v -3.02362 -19.14961 -0.36704
v -1.00787 -19.14961 8.86022
v 1.00787 -19.14961 -34.00119
v 3.02362 -19.14961 -28.23761
v 5.03937 -19.14961 -16.21187
v 7.05512 -19.14961 -30.62929
v 9.07087 -19.14961 0.30767
v 11.08661 -19.14961 -0.25276
v 13.10236 -19.14961 -57.92380
v 15.11811 -19.14961 -169.65364
v 17.13386 -19.14961 -88.74902
v 19.14961 -19.14961 -24.28913
v 21.16535 -19.14961 -142.42583
v 23.18110 -19.14961 -56.93871
v 25.19685 -19.14961 -23.03337
v 27.21260 -19.14961 14.34444
v 29.22835 -19.14961 -12.57586
v 31.24409 -19.14961 -1.18643
v 33.25984 -19.14961 0.44158
v 35.27559 -19.14961 -11.00450
v 37.29134 -19.14961 -32.94743
v 39.30709 -19.14961 21.15128
v 41.32283 -19.14961 -12.34615
v 43.33858 -19.14961 108.35573
v 45.35433 -19.14961 193.18604
v 47.37008 -19.14961 37.07279
v 49.38583 -19.14961 26.77759
v 51.40157 -19.14961 4.99496
v 53.41732 -19.14961 -4.84269
v 55.43307 -19.14961 1.32692
v 57.44882 -19.14961 -0.70543
v 59.46457 -19.14961 1.11925
v 61.48031 -19.14961 6.11917
v 63.49606 -19.14961 9.36827
v 65.51181 -19.14961 7.16000
v 67.52756 -19.14961 10.74264
v 69.54331 -19.14961 8.17848
v 71.55906 -19.14961 11.48180
v 73.57480 -19.14961 8.60154
v 75.59055 -19.14961 7.44303
v 77.60630 -19.14961 19.73956
v 79.62205 -19.14961 12.70235
v 81.63780 -19.14961 -44.48796
v 83.65354 -19.14961 -50.45061
v 85.66929 -19.14961 12.28086
v 87.68504 -19.14961 -0.34479
v 89.70079 -19.14961 15.36054
v 91.71654 -19.14961 -11.92724
v 93.73228 -19.14961 15.48502
v 95.74803 -19.14961 5.23686
v 97.76378 -19.14961 -1.22450
v 99.77953 -19.14961 -12.97256
v 101.79528 -19.14961 10.22632
v 103.81102 -19.14961 9.74308
v 105.82677 -19.14961 9.59653
v 107.84252 -19.14961 15.63532
v 109.85827 -19.14961 12.71923
v 111.87402 -19.14961 -0.61059
v 113.88976 -19.14961 21.31588
v 115.90551 -19.14961 15.80945
v 117.92126 -19.14961 6.95684
v 119.93701 -19.14961 10.03436
v 121.95276 -19.14961 -4.94071
v 123.96850 -19.14961 10.78567
v 125.98425 -19.14961 8.12868
v 128.00000 -19.14961 11.92384
v -128.00000 -17.13386 1.45212
v -125.98425 -17.13386 6.76813
v -123.96850 -17.13386 21.94627
v -121.95276 -17.13386 10.21070
v -119.93701 -17.13386 35.72850
v -117.92126 -17.13386 -0.54019
v -115.90551 -17.13386 4.13410
v -113.88976 -17.13386 9.14800
v -111.87402 -17.13386 10.42387
v -109.85827 -17.13386 19.49847
v -107.84252 -17.13386 2.39148
v -105.82677 -17.13386 4.32367
v -103.81102 -17.13386 15.39458
v -101.79528 -17.13386 10.25988
v -99.77953 -17.13386 16.64030
v -97.76378 -17.13386 -2.10658
v -95.74803 -17.13386 7.65220
v -93.73228 -17.13386 20.63734
v -91.71654 -17.13386 24.68606
v -89.70079 -17.13386 8.55816
v -87.68504 -17.13386 19.49476
v -85.66929 -17.13386 8.11441
v -83.65354 -17.13386 20.54841
v -81.63780 -17.13386 8.93038
v -79.62205 -17.13386 5.95697
v -77.60630 -17.13386 12.44591
v -75.59055 -17.13386 12.91381
v -73.57480 -17.13386 7.76007
v -71.55906 -17.13386 11.38910
v -69.54331 -17.13386 4.54086
v -67.52756 -17.13386 7.08540
v -65.51181 -17.13386 10.68033
v -63.49606 -17.13386 7.44305
v -61.48031 -17.13386 4.25005
v -59.46457 -17.13386 2.48331
v -57.44882 -17.13386 5.96013
v -55.43307 -17.13386 8.23347
v -53.41732 -17.13386 2.33807
v -51.40157 -17.13386 10.45407
v -49.38583 -17.13386 18.64835
v -47.37008 -17.13386 16.50457
v -45.35433 -17.13386 10.14961
v -43.33858 -17.13386 7.67089
v -41.32283 -17.13386 23.36980
v -39.30709 -17.13386 -1.22544
v -37.29134 -17.13386 10.15021
v -35.27559 -17.13386 4.40837
v -33.25984 -17.13386 12.52123
v -31.24409 -17.13386 13.80422
v -29.22835 -17.13386 7.49668
v -27.21260 -17.13386 8.29528
v -25.19685 -17.13386 7.64307
v -23.18110 -17.13386 -14.64441
v -21.16535 -17.13386 10.41090
v -19.14961 -17.13386 3.02118
v -17.13386 -17.13386 27.38767
v -15.11811 -17.13386 13.14003
v -13.10236 -17.13386 0.81095
v -11.08661 -17.13386 -19.93013
v -9.07087 -17.13386 -6.50592
v -7.05512 -17.13386 -21.39282
v -5.03937 -17.13386 7.95299
v -3.02362 -17.13386 -23.85184
v -1.00787 -17.13386 -77.63585
v 1.00787 -17.13386 -112.82237
v 3.02362 -17.13386 -75.69215
v 5.03937 -17.13386 -26.74277
v 7.05512 -17.13386 -91.14219
v 9.07087 -17.13386 20.57081
v 11.08661 -17.13386 35.74585
v 13.10236 -17.13386 77.98129
v 15.11811 -17.13386 -375.82431
v 17.13386 -17.13386 -210.70404
v 19.14961 -17.13386 -216.24725
v 21.16535 -17.13386 -27.14980
v 23.18110 -17.13386 16.80256
v 25.19685 -17.13386 -13.17696
v 27.21260 -17.13386 -13.79689
v 29.22835 -17.13386 -12.70152
v 31.24409 -17.13386 -28.37029
v 33.25984 -17.13386 7.98308
v 35.27559 -17.13386 -7.51335
v 37.29134 -17.13386 -7.46094
v 39.30709 -17.13386 15.76680
v 41.32283 -17.13386 29.31103
v 43.33858 -17.13386 79.15182
v 45.35433 -17.13386 46.69536
v 47.37008 -17.13386 10.74383
v 49.38583 -17.13386 2.91958
v 51.40157 -17.13386 13.97895
v 53.41732 -17.13386 15.40902
v 55.43307 -17.13386 1.17933
v 57.44882 -17.13386 13.72259
v 59.46457 -17.13386 8.77991
v 61.48031 -17.13386 10.09976
v 63.49606 -17.13386 7.96853
v 65.51181 -17.13386 5.53751
v 67.52756 -17.13386 12.19778
v 69.54331 -17.13386 6.16621
v 71.55906 -17.13386 13.37108
v 73.57480 -17.13386 10.19471
v 75.59055 -17.13386 6.36912
v 77.60630 -17.13386 19.86827
v 79.62205 -17.13386 18.44487
v 81.63780 -17.13386 -118.78675
v 83.65354 -17.13386 -32.96171
v 85.66929 -17.13386 -12.93492
v 87.68504 -17.13386 9.60843
v 89.70079 -17.13386 -4.30340
v 91.71654 -17.13386 15.06450
v 93.73228 -17.13386 -0.89881
v 95.74803 -17.13386 21.81978
v 97.76378 -17.13386 -10.62050
v 99.77953 -17.13386 -17.90792
v 101.79528 -17.13386 14.94135
v 103.81102 -17.13386 6.05387
v 105.82677 -17.13386 11.57058
v 107.84252 -17.13386 11.79111
v 109.85827 -17.13386 8.47839
v 111.87402 -17.13386 9.52653
v 113.88976 -17.13386 33.28106
v 115.90551 -17.13386 -0.42172
v 117.92126 -17.13386 -2.22121
v 119.93701 -17.13386 11.25415
v 121.95276 -17.13386 8.35524
v 123.96850 -17.13386 3.69833
v 125.98425 -17.13386 11.05374
v 128.00000 -17.13386 21.86857
v -128.00000 -15.11811 13.41860
v -125.98425 -15.11811 -1.92006
v -123.96850 -15.11811 -2.82082
v -121.95276 -15.11811 21.72952
v -119.93701 -15.11811 25.68778
v -117.92126 -15.11811 -3.94406
v -115.90551 -15.11811 9.21606
v -113.88976 -15.11811 16.15161
v -111.87402 -15.11811 -2.41400
v -109.85827 -15.11811 -9.19253
v -107.84252 -15.11811 -3.14762
v -105.82677 -15.11811 13.58783
v -103.81102 -15.11811 5.62273
v -101.79528 -15.11811 12.42191
v -99.77953 -15.11811 14.36479
v -97.76378 -15.11811 -3.10550
v -95.74803 -15.11811 14.62754
v -93.73228 -15.11811 8.97828
v -91.71654 -15.11811 23.15485
v -89.70079 -15.11811 22.43494
v -87.68504 -15.11811 25.99267
v -85.66929 -15.11811 17.50747
v -83.65354 -15.11811 24.81451
v -81.63780 -15.11811 27.93962
v -79.62205 -15.11811 23.40146
v -77.60630 -15.11811 10.77397
v -75.59055 -15.11811 10.41576
v -73.57480 -15.11811 11.88932
v -71.55906 -15.11811 3.05061
v -69.54331 -15.11811 8.62608
v -67.52756 -15.11811 7.03202
v -65.51181 -15.11811 2.84343
v -63.49606 -15.11811 -3.87834
v -61.48031 -15.11811 5.38605
v -59.46457 -15.11811 2.31680
v -57.44882 -15.11811 16.86264
v -55.43307 -15.11811 1.24530
v -53.41732 -15.11811 -1.92692
v -51.40157 -15.11811 10.31807
v -49.38583 -15.11811 14.98684
v -47.37008 -15.11811 10.58378
v -45.35433 -15.11811 7.18279
v -43.33858 -15.11811 17.15009
v -41.32283 -15.11811 4.18832
v -39.30709 -15.11811 16.17752
v -37.29134 -15.11811 3.38379
v -35.27559 -15.11811 4.19559
v -33.25984 -15.11811 19.58374
v -31.24409 -15.11811 8.78047
v -29.22835 -15.11811 2.64402
v -27.21260 -15.11811 -17.96833
v -25.19685 -15.11811 0.20858
v -23.18110 -15.11811 9.25744
v -21.16535 -15.11811 27.65506
v -19.14961 -15.11811 1.10061
v -17.13386 -15.11811 13.84877
v -15.11811 -15.11811 -21.17661
v -13.10236 -15.11811 -11.40987
v -11.08661 -15.11811 -12.62417
v -9.07087 -15.11811 -43.01635
v -7.05512 -15.11811 -20.50846
v -5.03937 -15.11811 -54.99101
v -3.02362 -15.11811 -114.20586
v -1.00787 -15.11811 -92.00374
v 1.00787 -15.11811 -64.68380
v 3.02362 -15.11811 -105.33582
v 5.03937 -15.11811 -211.83951
v 7.05512 -15.11811 -160.39244
v 9.07087 -15.11811 -214.16719
v 11.08661 -15.11811 -54.67229
v 13.10236 -15.11811 42.42274
v 15.11811 -15.11811 -70.98523
v 17.13386 -15.11811 -121.58057
v 19.14961 -15.11811 -102.56827
v 21.16535 -15.11811 -263.20297
v 23.18110 -15.11811 -56.18727
v 25.19685 -15.11811 -145.16725
v 27.21260 -15.11811 -71.49206
v 29.22835 -15.11811 -46.65620
v 31.24409 -15.11811 -24.47240
v 33.25984 -15.11811 14.72679
v 35.27559 -15.11811 -15.33255
v 37.29134 -15.11811 2.46483
v 39.30709 -15.11811 23.09769
v 41.32283 -15.11811 44.84374
v 43.33858 -15.11811 -8.77991
v 45.35433 -15.11811 46.94382
v 47.37008 -15.11811 17.38243
v 49.38583 -15.11811 7.17646
v 51.40157 -15.11811 20.90601
v 53.41732 -15.11811 3.96497
v 55.43307 -15.11811 -0.54186
v 57.44882 -15.11811 8.25673
v 59.46457 -15.11811 5.40605
v 61.48031 -15.11811 6.17948
v 63.49606 -15.11811 6.27420
v 65.51181 -15.11811 7.80806
v 67.52756 -15.11811 13.35410
v 69.54331 -15.11811 8.47158
v 71.55906 -15.11811 16.86174
v 73.57480 -15.11811 20.80872
v 75.59055 -15.11811 21.97722
v 77.60630 -15.11811 32.34106
v 79.62205 -15.11811 28.32294
v 81.63780 -15.11811 -27.82987
v 83.65354 -15.11811 -51.93216
v 85.66929 -15.11811 -18.49071
v 87.68504 -15.11811 -5.62966
v 89.70079 -15.11811 19.64443
v 91.71654 -15.11811 -5.12601
v 93.73228 -15.11811 14.17121
v 95.74803 -15.11811 6.56311
v 97.76378 -15.11811 17.07006
v 99.77953 -15.11811 -5.64449
v 101.79528 -15.11811 10.60285
v 103.81102 -15.11811 4.51525
v 105.82677 -15.11811 2.06732
v 107.84252 -15.11811 -0.06659
v 109.85827 -15.11811 5.38801
v 111.87402 -15.11811 29.69444
v 113.88976 -15.11811 40.19794
v 115.90551 -15.11811 -4.46947
v 117.92126 -15.11811 -15.25151
v 119.93701 -15.11811 -7.78756
v 121.95276 -15.11811 9.01705
v 123.96850 -15.11811 16.35762
v 125.98425 -15.11811 9.51856
v 128.00000 -15.11811 0.84217
v -128.00000 -13.10236 32.78308
v -125.98425 -13.10236 9.94591
v -123.96850 -13.10236 22.72404
v -121.95276 -13.10236 -57.14296
v -119.93701 -13.10236 15.98106
v -117.92126 -13.10236 18.36653
v -115.90551 -13.10236 -0.71671
v -113.88976 -13.10236 -0.53928
v -111.87402 -13.10236 5.83938
v -109.85827 -13.10236 -19.03798
v -107.84252 -13.10236 -1.10741
v -105.82677 -13.10236 15.53158
v -103.81102 -13.10236 7.10804
v -101.79528 -13.10236 2.85160
v -99.77953 -13.10236 3.98180
v -97.76378 -13.10236 3.93358
v -95.74803 -13.10236 8.77509
v -93.73228 -13.10236 7.11751
v -91.71654 -13.10236 18.77256
v -89.70079 -13.10236 2.64051
v -87.68504 -13.10236 27.45234
v -85.66929 -13.10236 16.98784
v -83.65354 -13.10236 24.33856
v -81.63780 -13.10236 54.83596
v -79.62205 -13.10236 45.66056
v -77.60630 -13.10236 43.89584
v -75.59055 -13.10236 26.76678
v -73.57480 -13.10236 3.81322
v -71.55906 -13.10236 9.99625
v -69.54331 -13.10236 7.02302
v -67.52756 -13.10236 8.65807
v -65.51181 -13.10236 12.33298
v -63.49606 -13.10236 4.58640
v -61.48031 -13.10236 7.92489
v -59.46457 -13.10236 16.52386
v -57.44882 -13.10236 3.86339
v -55.43307 -13.10236 8.41330
v -53.41732 -13.10236 -0.99513
v -51.40157 -13.10236 -1.55213
v -49.38583 -13.10236 -2.74127
v -47.37008 -13.10236 8.29667
v -45.35433 -13.10236 19.33842
v -43.33858 -13.10236 7.99871
v -41.32283 -13.10236 9.44635
v -39.30709 -13.10236 6.43190
v -37.29134 -13.10236 16.13262
v -35.27559 -13.10236 4.93218
v -33.25984 -13.10236 16.61672
v -31.24409 -13.10236 9.32077
v -29.22835 -13.10236 -10.06685
v -27.21260 -13.10236 -16.39326
v -25.19685 -13.10236 -35.28949
v -23.18110 -13.10236 79.89568
v -21.16535 -13.10236 33.32179
v -19.14961 -13.10236 11.07072
v -17.13386 -13.10236 10.96369
v -15.11811 -13.10236 1.39161
v -13.10236 -13.10236 -17.21256
v -11.08661 -13.10236 -41.75508
v -9.07087 -13.10236 -71.18890
v -7.05512 -13.10236 -88.04521
v -5.03937 -13.10236 -150.75113
v -3.02362 -13.10236 -82.79341
v -1.00787 -13.10236 -90.41844
v 1.00787 -13.10236 -61.92666
v 3.02362 -13.10236 -114.87715
v 5.03937 -13.10236 -109.66685
v 7.05512 -13.10236 -193.91350
v 9.07087 -13.10236 -203.03255
v 11.08661 -13.10236 -66.37483
v 13.10236 -13.10236 -76.96238
v 15.11811 -13.10236 -29.00130
v 17.13386 -13.10236 -58.82053
v 19.14961 -13.10236 -28.57558
v 21.16535 -13.10236 -60.78498
v 23.18110 -13.10236 -50.42885
v 25.19685 -13.10236 -117.03175
v 27.21260 -13.10236 -49.46483
v 29.22835 -13.10236 10.27771
v 31.24409 -13.10236 -1.30596
v 33.25984 -13.10236 18.46040
v 35.27559 -13.10236 -6.91012
v 37.29134 -13.10236 9.01606
v 39.30709 -13.10236 9.17110
v 41.32283 -13.10236 16.94483
v 43.33858 -13.10236 9.09195
v 45.35433 -13.10236 8.88852
v 47.37008 -13.10236 -1.66226
v 49.38583 -13.10236 5.26703
v 51.40157 -13.10236 9.90742
v 53.41732 -13.10236 -2.76376
v 55.43307 -13.10236 24.90286
v 57.44882 -13.10236 12.30975
v 59.46457 -13.10236 8.18932
v 61.48031 -13.10236 7.70586
v 63.49606 -13.10236 6.29264
v 65.51181 -13.10236 7.17767
v 67.52756 -13.10236 4.70411
v 69.54331 -13.10236 0.45605
v 71.55906 -13.10236 6.94734
v 73.57480 -13.10236 9.15636
v 75.59055 -13.10236 26.74581
v 77.60630 -13.10236 31.73222
v 79.62205 -13.10236 61.39783
v 81.63780 -13.10236 16.29441
v 83.65354 -13.10236 -18.54773
v 85.66929 -13.10236 -15.79212
v 87.68504 -13.10236 -55.79290
v 89.70079 -13.10236 -11.35234
v 91.71654 -13.10236 -1.67090
v 93.73228 -13.10236 3.75503
v 95.74803 -13.10236 25.59830
v 97.76378 -13.10236 20.86378
v 99.77953 -13.10236 5.77028
v 101.79528 -13.10236 6.91199
v 103.81102 -13.10236 11.25568
v 105.82677 -13.10236 2.08042
v 107.84252 -13.10236 7.25869
v 109.85827 -13.10236 -10.49438
v 111.87402 -13.10236 6.69183
v 113.88976 -13.10236 10.52480
v 115.90551 -13.10236 8.43732
v 117.92126 -13.10236 7.21982
v 119.93701 -13.10236 25.53112
v 121.95276 -13.10236 -2.66792
v 123.96850 -13.10236 12.01409
v 125.98425 -13.10236 10.92333
v 128.00000 -13.10236 7.76814
v -128.00000 -11.08661 20.49696
v -125.98425 -11.08661 1.60650
v -123.96850 -11.08661 33.46792
v -121.95276 -11.08661 -20.38335
v -119.93701 -11.08661 11.69221
v -117.92126 -11.08661 2.87922
v -115.90551 -11.08661 -3.97302
v -113.88976 -11.08661 16.14498
v -111.87402 -11.08661 2.71040
v -109.85827 -11.08661 4.87829
v -107.84252 -11.08661 -1.33269
v -105.82677 -11.08661 1.41036
v -103.81102 -11.08661 -6.07550
v -101.79528 -11.08661 4.31401
v -99.77953 -11.08661 3.51422
v -97.76378 -11.08661 0.69069
v -95.74803 -11.08661 8.16863
v -93.73228 -11.08661 12.01166
v -91.71654 -11.08661 16.02022
v -89.70079 -11.08661 31.76134
v -87.68504 -11.08661 33.37119
v -85.66929 -11.08661 29.10620
v -83.65354 -11.08661 36.10706
v -81.63780 -11.08661 35.70972
v -79.62205 -11.08661 23.09020
v -77.60630 -11.08661 26.87308
v -75.59055 -11.08661 23.88523
v -73.57480 -11.08661 34.94363
v -71.55906 -11.08661 19.73737
v -69.54331 -11.08661 -0.85932
v -67.52756 -11.08661 7.82326
v -65.51181 -11.08661 23.36280
v -63.49606 -11.08661 9.47998
v -61.48031 -11.08661 15.03388
v -59.46457 -11.08661 -0.34391
v -57.44882 -11.08661 -4.71634
v -55.43307 -11.08661 0.42276
v -53.41732 -11.08661 1.83594
v -51.40157 -11.08661 -9.97891
v -49.38583 -11.08661 12.66803
v -47.37008 -11.08661 -19.61806
v -45.35433 -11.08661 -5.59929
v -43.33858 -11.08661 7.52843
v -41.32283 -11.08661 -12.56052
v -39.30709 -11.08661 -1.03732
v -37.29134 -11.08661 13.85329
v -35.27559 -11.08661 -0.62472
v -33.25984 -11.08661 38.95229
v -31.24409 -11.08661 24.67463
v -29.22835 -11.08661 -20.22046
v -27.21260 -11.08661 -73.78090
v -25.19685 -11.08661 -129.65468
v -23.18110 -11.08661 -11.97643
v -21.16535 -11.08661 -9.55202
v -19.14961 -11.08661 -0.03161
v -17.13386 -11.08661 4.39754
v -15.11811 -11.08661 -2.31270
v -13.10236 -11.08661 -4.07045
v -11.08661 -11.08661 -69.70053
v -9.07087 -11.08661 -122.67776
v -7.05512 -11.08661 -140.58852
v -5.03937 -11.08661 -47.45616
v -3.02362 -11.08661 -77.49561
v -1.00787 -11.08661 -86.15466
v 1.00787 -11.08661 -81.73644
v 3.02362 -11.08661 -156.06535
v 5.03937 -11.08661 -194.51251
v 7.05512 -11.08661 -70.69408
v 9.07087 -11.08661 -212.96776
v 11.08661 -11.08661 -228.34413
v 13.10236 -11.08661 -79.99538
v 15.11811 -11.08661 -48.23659
v 17.13386 -11.08661 -92.24891
v 19.14961 -11.08661 -54.64396
v 21.16535 -11.08661 -11.51008
v 23.18110 -11.08661 -17.89400
v 25.19685 -11.08661 -121.06427
v 27.21260 -11.08661 -68.70728
v 29.22835 -11.08661 16.56437
v 31.24409 -11.08661 -14.73494
v 33.25984 -11.08661 5.98595
v 35.27559 -11.08661 7.62783
v 37.29134 -11.08661 11.27126
v 39.30709 -11.08661 7.19733
v 41.32283 -11.08661 12.95127
v 43.33858 -11.08661 5.68101
v 45.35433 -11.08661 4.74319
v 47.37008 -11.08661 13.48550
v 49.38583 -11.08661 8.30881
v 51.40157 -11.08661 12.09167
v 53.41732 -11.08661 17.63051
v 55.43307 -11.08661 -1.39446
v 57.44882 -11.08661 10.07772
v 59.46457 -11.08661 9.83770
v 61.48031 -11.08661 0.13403
v 63.49606 -11.08661 13.15757
v 65.51181 -11.08661 12.64528
v 67.52756 -11.08661 10.10637
v 69.54331 -11.08661 5.44994
v 71.55906 -11.08661 -3.01400
v 73.57480 -11.08661 5.62791
v 75.59055 -11.08661 12.78086
v 77.60630 -11.08661 19.11486
v 79.62205 -11.08661 -9.82728
v 81.63780 -11.08661 -25.78778
v 83.65354 -11.08661 -52.06186
v 85.66929 -11.08661 -113.41985
v 87.68504 -11.08661 -78.37720
v 89.70079 -11.08661 -7.08065
v 91.71654 -11.08661 -23.36363
v 93.73228 -11.08661 -27.57150
v 95.74803 -11.08661 -10.01956
v 97.76378 -11.08661 12.57107
v 99.77953 -11.08661 6.28707
v 101.79528 -11.08661 6.50384
v 103.81102 -11.08661 17.73988
v 105.82677 -11.08661 9.56319
v 107.84252 -11.08661 11.88154
v 109.85827 -11.08661 3.52018
v 111.87402 -11.08661 3.97222
v 113.88976 -11.08661 -3.09254
v 115.90551 -11.08661 15.65766
v 117.92126 -11.08661 20.56940
v 119.93701 -11.08661 4.02181
v 121.95276 -11.08661 9.00768
v 123.96850 -11.08661 5.33060
v 125.98425 -11.08661 4.23847
v 128.00000 -11.08661 21.81419
v -128.00000 -9.07087 17.20467
v -125.98425 -9.07087 2.41188
v -123.96850 -9.07087 1.94942
v -121.95276 -9.07087 -15.53664
v -119.93701 -9.07087 -7.95437
v -117.92126 -9.07087 7.47650
v -115.90551 -9.07087 -0.69095
v -113.88976 -9.07087 10.39563
v -111.87402 -9.07087 7.00570
v -109.85827 -9.07087 4.91878
v -107.84252 -9.07087 4.53634
v -105.82677 -9.07087 11.30586
v -103.81102 -9.07087 15.34931
v -101.79528 -9.07087 15.77666
v -99.77953 -9.07087 -0.06082
v -97.76378 -9.07087 1.14365
v -95.74803 -9.07087 16.99254
v -93.73228 -9.07087 4.17948
v -91.71654 -9.07087 5.00321
v -89.70079 -9.07087 13.24125
v -87.68504 -9.07087 41.37369
v -85.66929 -9.07087 50.10282
v -83.65354 -9.07087 11.18358
v -81.63780 -9.07087 78.63087
v -79.62205 -9.07087 64.77819
v -77.60630 -9.07087 9.40345
v -75.59055 -9.07087 30.95805
v -73.57480 -9.07087 10.90527
v -71.55906 -9.07087 -2.22915
v -69.54331 -9.07087 13.05069
v -67.52756 -9.07087 19.84335
v -65.51181 -9.07087 7.31673
v -63.49606 -9.07087 21.77965
v -61.48031 -9.07087 23.72670
v -59.46457 -9.07087 37.79413
v -57.44882 -9.07087 26.56395
v -55.43307 -9.07087 -4.76156
v -53.41732 -9.07087 -23.52779
v -51.40157 -9.07087 9.31363
v -49.38583 -9.07087 31.64041
v -47.37008 -9.07087 17.07547
v -45.35433 -9.07087 -8.17968
v -43.33858 -9.07087 -12.06811
v -41.32283 -9.07087 -0.76805
v -39.30709 -9.07087 -16.93766
v -37.29134 -9.07087 20.69953
v -35.27559 -9.07087 0.20789
v -33.25984 -9.07087 32.12754
v -31.24409 -9.07087 7.13575
v -29.22835 -9.07087 19.17466
v -27.21260 -9.07087 -72.59641
v -25.19685 -9.07087 -90.74667
v -23.18110 -9.07087 42.78823
v -21.16535 -9.07087 10.11107
v -19.14961 -9.07087 35.08430
v -17.13386 -9.07087 3.46807
v -15.11811 -9.07087 -27.18742
v -13.10236 -9.07087 -51.89693
v -11.08661 -9.07087 -37.26239
v -9.07087 -9.07087 -141.16638
v -7.05512 -9.07087 -211.85510
v -5.03937 -9.07087 -140.35924
v -3.02362 -9.07087 -116.48257
v -1.00787 -9.07087 -110.41749
v 1.00787 -9.07087 -67.20885
v 3.02362 -9.07087 -188.34575
v 5.03937 -9.07087 -158.19702
v 7.05512 -9.07087 -228.98880
v 9.07087 -9.07087 -231.45433
v 11.08661 -9.07087 -156.95358
v 13.10236 -9.07087 6.67204
v 15.11811 -9.07087 26.23434
v 17.13386 -9.07087 -16.73585
v 19.14961 -9.07087 -13.64085
v 21.16535 -9.07087 -38.78886
v 23.18110 -9.07087 -8.47234
v 25.19685 -9.07087 -25.30569
v 27.21260 -9.07087 -3.63415
v 29.22835 -9.07087 2.63885
v 31.24409 -9.07087 -0.01193
v 33.25984 -9.07087 4.83850
v 35.27559 -9.07087 3.39941
v 37.29134 -9.07087 7.27918
v 39.30709 -9.07087 3.53376
v 41.32283 -9.07087 5.14127
v 43.33858 -9.07087 -3.89893
v 45.35433 -9.07087 -0.60617
v 47.37008 -9.07087 5.81828
v 49.38583 -9.07087 2.44821
v 51.40157 -9.07087 30.00391
v 53.41732 -9.07087 17.16410
v 55.43307 -9.07087 -5.78120
v 57.44882 -9.07087 4.01202
v 59.46457 -9.07087 5.59057
v 61.48031 -9.07087 2.24949
v 63.49606 -9.07087 19.55874
v 65.51181 -9.07087 23.16608
v 67.52756 -9.07087 0.05354
v 69.54331 -9.07087 5.94210
v 71.55906 -9.07087 12.35654
v 73.57480 -9.07087 3.91004
v 75.59055 -9.07087 1.24312
v 77.60630 -9.07087 17.01795
v 79.62205 -9.07087 3.84423
v 81.63780 -9.07087 22.04365
v 83.65354 -9.07087 -18.45273
v 85.66929 -9.07087 2.62171
v 87.68504 -9.07087 -17.76130
v 89.70079 -9.07087 -45.26427
v 91.71654 -9.07087 -10.84957
v 93.73228 -9.07087 -45.25937
v 95.74803 -9.07087 -44.38973
v 97.76378 -9.07087 -46.45666
v 99.77953 -9.07087 2.24282
v 101.79528 -9.07087 -11.57834
v 103.81102 -9.07087 16.53519
v 105.82677 -9.07087 26.75930
v 107.84252 -9.07087 8.80948
v 109.85827 -9.07087 9.99029
v 111.87402 -9.07087 20.21616
v 113.88976 -9.07087 -7.04916
v 115.90551 -9.07087 -28.37446
v 117.92126 -9.07087 -2.94828
v 119.93701 -9.07087 15.35742
v 121.95276 -9.07087 16.60755
v 123.96850 -9.07087 9.64899
v 125.98425 -9.07087 15.86618
v 128.00000 -9.07087 -2.00372
v -128.00000 -7.05512 11.72032
v -125.98425 -7.05512 20.93579
v -123.96850 -7.05512 2.50803
v -121.95276 -7.05512 10.26194
v -119.93701 -7.05512 -2.97294
v -117.92126 -7.05512 7.67589
v -115.90551 -7.05512 3.63306
v -113.88976 -7.05512 4.49610
v -111.87402 -7.05512 7.76832
v -109.85827 -7.05512 8.73038
v -107.84252 -7.05512 7.07542
v -105.82677 -7.05512 -7.85972
v -103.81102 -7.05512 -1.40681
v -101.79528 -7.05512 -4.68359
v -99.77953 -7.05512 11.17965
v -97.76378 -7.05512 19.55226
v -95.74803 -7.05512 7.76745
v -93.73228 -7.05512 28.57690
v -91.71654 -7.05512 32.94060
v -89.70079 -7.05512 52.68750
v -87.68504 -7.05512 31.39260
v -85.66929 -7.05512 32.24633
v -83.65354 -7.05512 7.60099
v -81.63780 -7.05512 18.92093
v -79.62205 -7.05512 13.44302
v -77.60630 -7.05512 20.22477
v -75.59055 -7.05512 99.57523
v -73.57480 -7.05512 63.25482
v -71.55906 -7.05512 21.83267
v -69.54331 -7.05512 12.51299
v -67.52756 -7.05512 5.91403
v -65.51181 -7.05512 27.44215
v -63.49606 -7.05512 6.39355
v -61.48031 -7.05512 13.58371
v -59.46457 -7.05512 -45.04990
v -57.44882 -7.05512 -13.02885
v -55.43307 -7.05512 -32.31770
v -53.41732 -7.05512 15.55466
v -51.40157 -7.05512 12.61845
v -49.38583 -7.05512 3.81591
v -47.37008 -7.05512 -15.93499
v -45.35433 -7.05512 -10.63919
v -43.33858 -7.05512 -10.46139
v -41.32283 -7.05512 2.68867
v -39.30709 -7.05512 -10.63739
v -37.29134 -7.05512 38.68514
v -35.27559 -7.05512 -1.87599
v -33.25984 -7.05512 -28.16023
v -31.24409 -7.05512 -88.23973
v -29.22835 -7.05512 -285.73920
v -27.21260 -7.05512 -61.05302
v -25.19685 -7.05512 -81.84566
v -23.18110 -7.05512 16.33522
v -21.16535 -7.05512 -19.57720
v -19.14961 -7.05512 -1.29934
v -17.13386 -7.05512 -2.53045
v -15.11811 -7.05512 -48.97598
v -13.10236 -7.05512 -114.47215
v -11.08661 -7.05512 -161.94942
v -9.07087 -7.05512 -109.33148
v -7.05512 -7.05512 -147.30132
v -5.03937 -7.05512 -276.22095
v -3.02362 -7.05512 -191.47145
v -1.00787 -7.05512 -182.46632
v 1.00787 -7.05512 -256.84073
v 3.02362 -7.05512 -111.97206
v 5.03937 -7.05512 -101.02156
v 7.05512 -7.05512 -408.60928
v 9.07087 -7.05512 -272.27469
v 11.08661 -7.05512 -143.32892
v 13.10236 -7.05512 -31.24617
v 15.11811 -7.05512 -18.32924
v 17.13386 -7.05512 -0.96150
v 19.14961 -7.05512 -1.80766
v 21.16535 -7.05512 -33.76577
v 23.18110 -7.05512 -25.34011
v 25.19685 -7.05512 0.49237
v 27.21260 -7.05512 11.20875
v 29.22835 -7.05512 19.83001
v 31.24409 -7.05512 10.28543
v 33.25984 -7.05512 13.64103
v 35.27559 -7.05512 12.37552
v 37.29134 -7.05512 14.12303
v 39.30709 -7.05512 32.94033
v 41.32283 -7.05512 4.89291
v 43.33858 -7.05512 13.79782
v 45.35433 -7.05512 -6.41348
v 47.37008 -7.05512 0.16853
v 49.38583 -7.05512 4.27112
v 51.40157 -7.05512 6.84314
v 53.41732 -7.05512 13.04183
v 55.43307 -7.05512 8.98095
v 57.44882 -7.05512 11.58216
v 59.46457 -7.05512 5.68643
v 61.48031 -7.05512 -1.62739
v 63.49606 -7.05512 21.66099
v 65.51181 -7.05512 15.15475
v 67.52756 -7.05512 -0.81643
v 69.54331 -7.05512 8.45135
v 71.55906 -7.05512 4.55087
v 73.57480 -7.05512 8.93946
v 75.59055 -7.05512 11.97919
v 77.60630 -7.05512 10.82927
v 79.62205 -7.05512 -0.61078
v 81.63780 -7.05512 15.70636
v 83.65354 -7.05512 2.37325
v 85.66929 -7.05512 16.23526
v 87.68504 -7.05512 45.08730
v 89.70079 -7.05512 3.13593
v 91.71654 -7.05512 19.13477
v 93.73228 -7.05512 -12.35734
v 95.74803 -7.05512 -44.76313
v 97.76378 -7.05512 23.23828
v 99.77953 -7.05512 16.35521
v 101.79528 -7.05512 14.41189
v 103.81102 -7.05512 19.65837
v 105.82677 -7.05512 19.76468
v 107.84252 -7.05512 12.44323
v 109.85827 -7.05512 4.35637
v 111.87402 -7.05512 -0.84596
v 113.88976 -7.05512 -8.33282
v 115.90551 -7.05512 4.17957
v 117.92126 -7.05512 17.02336
v 119.93701 -7.05512 10.33890
v 121.95276 -7.05512 7.61367
v 123.96850 -7.05512 14.73887
v 125.98425 -7.05512 3.35312
v 128.00000 -7.05512 16.40170
v -128.00000 -5.03937 25.99987
v -125.98425 -5.03937 11.61251
v -123.96850 -5.03937 5.28644
v -121.95276 -5.03937 5.27807
v -119.93701 -5.03937 10.60406
v -117.92126 -5.03937 10.58601
v -115.90551 -5.03937 5.03741
v -113.88976 -5.03937 12.78124
v -111.87402 -5.03937 5.72789
v -109.85827 -5.03937 12.58064
v -107.84252 -5.03937 10.58922
v -105.82677 -5.03937 -13.33612
v -103.81102 -5.03937 -6.73543
v -101.79528 -5.03937 2.36806
v -99.77953 -5.03937 31.08101
v -97.76378 -5.03937 27.43867
v -95.74803 -5.03937 28.27803
v -93.73228 -5.03937 52.28775
v -91.71654 -5.03937 15.39138
v -89.70079 -5.03937 61.82067
v -87.68504 -5.03937 46.00184
v -85.66929 -5.03937 77.73258
v -83.65354 -5.03937 42.72790
v -81.63780 -5.03937 -7.27087
v -79.62205 -5.03937 30.11824
v -77.60630 -5.03937 5.56387
v -75.59055 -5.03937 60.85816
v -73.57480 -5.03937 21.15399
v -71.55906 -5.03937 6.08856
v -69.54331 -5.03937 12.27256
v -67.52756 -5.03937 19.12111
v -65.51181 -5.03937 -3.66744
v -63.49606 -5.03937 6.93884
v -61.48031 -5.03937 3.40444
v -59.46457 -5.03937 31.92526
v -57.44882 -5.03937 106.75191
v -55.43307 -5.03937 10.95840
v -53.41732 -5.03937 -68.59727
v -51.40157 -5.03937 42.03255
v -49.38583 -5.03937 -16.39041
v -47.37008 -5.03937 4.24230
v -45.35433 -5.03937 -7.72238
v -43.33858 -5.03937 7.23741
v -41.32283 -5.03937 1.95089
v -39.30709 -5.03937 -6.20410
v -37.29134 -5.03937 16.11568
v -35.27559 -5.03937 26.16739
v -33.25984 -5.03937 95.23100
v -31.24409 -5.03937 -89.73265
v -29.22835 -5.03937 -178.56497
v -27.21260 -5.03937 -45.48001
v -25.19685 -5.03937 -11.52734
v -23.18110 -5.03937 -12.60055
v -21.16535 -5.03937 -15.47492
v -19.14961 -5.03937 21.81287
v -17.13386 -5.03937 -26.64387
v -15.11811 -5.03937 -115.44974
v -13.10236 -5.03937 -296.08987
v -11.08661 -5.03937 -313.92023
v -9.07087 -5.03937 -161.63615
v -7.05512 -5.03937 -685.36353
v -5.03937 -5.03937 -945.65588
v -3.02362 -5.03937 -210.51427
v -1.00787 -5.03937 -239.80901
v 1.00787 -5.03937 -500.06494
v 3.02362 -5.03937 -142.71132
v 5.03937 -5.03937 -60.72958
v 7.05512 -5.03937 -61.62288
v 9.07087 -5.03937 -170.80162
v 11.08661 -5.03937 -53.01284
v 13.10236 -5.03937 34.31208
v 15.11811 -5.03937 -29.65288
v 17.13386 -5.03937 -17.25000
v 19.14961 -5.03937 2.13014
v 21.16535 -5.03937 4.25301
v 23.18110 -5.03937 9.30530
v 25.19685 -5.03937 3.76639
v 27.21260 -5.03937 9.04760
v 29.22835 -5.03937 9.95415
v 31.24409 -5.03937 8.22246
v 33.25984 -5.03937 7.99064
v 35.27559 -5.03937 6.00819
v 37.29134 -5.03937 21.38162
v 39.30709 -5.03937 20.14868
v 41.32283 -5.03937 10.94519
v 43.33858 -5.03937 25.77973
v 45.35433 -5.03937 -5.87325
v 47.37008 -5.03937 6.91272
v 49.38583 -5.03937 3.51919
v 51.40157 -5.03937 0.15283
v 53.41732 -5.03937 13.74386
v 55.43307 -5.03937 12.19633
v 57.44882 -5.03937 3.00201
v 59.46457 -5.03937 -3.28369
v 61.48031 -5.03937 -23.54898
v 63.49606 -5.03937 -10.30805
v 65.51181 -5.03937 12.40602
v 67.52756 -5.03937 -2.43255
v 69.54331 -5.03937 10.18236
v 71.55906 -5.03937 8.31132
v 73.57480 -5.03937 12.03318
v 75.59055 -5.03937 15.67159
v 77.60630 -5.03937 11.43716
v 79.62205 -5.03937 6.57801
v 81.63780 -5.03937 1.70833
v 83.65354 -5.03937 -1.59538
v 85.66929 -5.03937 6.37245
v 87.68504 -5.03937 12.59032
v 89.70079 -5.03937 1.56872
v 91.71654 -5.03937 -45.81702
v 93.73228 -5.03937 8.03771
v 95.74803 -5.03937 -19.65185
v 97.76378 -5.03937 -10.45508
v 99.77953 -5.03937 31.73112
v 101.79528 -5.03937 18.13187
v 103.81102 -5.03937 27.51323
v 105.82677 -5.03937 35.47174
v 107.84252 -5.03937 27.58487
v 109.85827 -5.03937 20.84824
v 111.87402 -5.03937 1.19948
v 113.88976 -5.03937 2.99487
v 115.90551 -5.03937 -1.32612
v 117.92126 -5.03937 11.95094
v 119.93701 -5.03937 9.03930
v 121.95276 -5.03937 14.77309
v 123.96850 -5.03937 16.42701
v 125.98425 -5.03937 -0.21569
v 128.00000 -5.03937 5.28670
v -128.00000 -3.02362 58.28581
v -125.98425 -3.02362 2.02722
v -123.96850 -3.02362 9.64817
v -121.95276 -3.02362 9.55466
v -119.93701 -3.02362 7.60805
v -117.92126 -3.02362 7.83589
v -115.90551 -3.02362 7.52938
v -113.88976 -3.02362 6.89844
v -111.87402 -3.02362 2.77631
v -109.85827 -3.02362 6.86301
v -107.84252 -3.02362 -5.11995
v -105.82677 -3.02362 -1.40702
v -103.81102 -3.02362 1.54974
v -101.79528 -3.02362 7.83567
v -99.77953 -3.02362 43.07129
v -97.76378 -3.02362 18.71940
v -95.74803 -3.02362 71.21278
v -93.73228 -3.02362 59.80838
v -91.71654 -3.02362 35.42373
v -89.70079 -3.02362 78.36612
v -87.68504 -3.02362 65.05465
v -85.66929 -3.02362 48.42642
v -83.65354 -3.02362 95.13239
v -81.63780 -3.02362 138.24911
v -79.62205 -3.02362 51.00959
v -77.60630 -3.02362 52.47490
v -75.59055 -3.02362 0.90926
v -73.57480 -3.02362 88.82629
v -71.55906 -3.02362 63.26597
v -69.54331 -3.02362 42.72862
v -67.52756 -3.02362 6.11913
v -65.51181 -3.02362 4.31930
v -63.49606 -3.02362 -19.88674
v -61.48031 -3.02362 31.11030
v -59.46457 -3.02362 37.77893
v -57.44882 -3.02362 85.37656
v -55.43307 -3.02362 -78.53629
v -53.41732 -3.02362 -52.26910
v -51.40157 -3.02362 39.75976
v -49.38583 -3.02362 29.37507
v -47.37008 -3.02362 17.68016
v -45.35433 -3.02362 -0.33351
v -43.33858 -3.02362 5.97469
v -41.32283 -3.02362 5.22334
v -39.30709 -3.02362 -9.55749
v -37.29134 -3.02362 21.44666
v -35.27559 -3.02362 40.22202
v -33.25984 -3.02362 57.56221
v -31.24409 -3.02362 -57.10347
v -29.22835 -3.02362 -137.40823
v -27.21260 -3.02362 -4.33509
v -25.19685 -3.02362 -50.88258
v -23.18110 -3.02362 15.64855
v -21.16535 -3.02362 -24.98747
v -19.14961 -3.02362 -71.53831
v -17.13386 -3.02362 -83.63484
v -15.11811 -3.02362 -133.57584
v -13.10236 -3.02362 -164.18423
v -11.08661 -3.02362 -220.23940
v -9.07087 -3.02362 -378.22687
v -7.05512 -3.02362 -1476.53198
v -5.03937 -3.02362 -913.17230
v -3.02362 -3.02362 -489.66422
v -1.00787 -3.02362 -622.93225
v 1.00787 -3.02362 -154.96785
v 3.02362 -3.02362 -105.13005
v 5.03937 -3.02362 -11.79069
v 7.05512 -3.02362 30.62188
v 9.07087 -3.02362 -61.38811
v 11.08661 -3.02362 5.65396
v 13.10236 -3.02362 -44.81437
v 15.11811 -3.02362 -13.03218
v 17.13386 -3.02362 -8.84847
v 19.14961 -3.02362 11.94134
v 21.16535 -3.02362 10.46027
v 23.18110 -3.02362 7.62491
v 25.19685 -3.02362 3.69130
v 27.21260 -3.02362 16.23375
v 29.22835 -3.02362 11.40749
v 31.24409 -3.02362 -8.92663
v 33.25984 -3.02362 15.36632
v 35.27559 -3.02362 8.73358
v 37.29134 -3.02362 0.55267
v 39.30709 -3.02362 23.28864
v 41.32283 -3.02362 -16.80797
v 43.33858 -3.02362 8.28466
v 45.35433 -3.02362 -1.93277
v 47.37008 -3.02362 -8.60029
v 49.38583 -3.02362 20.87228
v 51.40157 -3.02362 6.65311
v 53.41732 -3.02362 -1.69804
v 55.43307 -3.02362 3.78177
v 57.44882 -3.02362 -1.24934
v 59.46457 -3.02362 -3.39263
v 61.48031 -3.02362 -7.89471
v 63.49606 -3.02362 11.00958
v 65.51181 -3.02362 13.63913
v 67.52756 -3.02362 0.68080
v 69.54331 -3.02362 3.60833
v 71.55906 -3.02362 -7.41284
v 73.57480 -3.02362 -6.20825
v 75.59055 -3.02362 2.64522
v 77.60630 -3.02362 14.86448
v 79.62205 -3.02362 12.33837
v 81.63780 -3.02362 6.14376
v 83.65354 -3.02362 -0.44557
v 85.66929 -3.02362 3.34624
v 87.68504 -3.02362 6.94430
v 89.70079 -3.02362 4.46936
v 91.71654 -3.02362 50.73333
v 93.73228 -3.02362 22.05913
v 95.74803 -3.02362 7.75517
v 97.76378 -3.02362 18.18268
v 99.77953 -3.02362 14.33979
v 101.79528 -3.02362 -0.69506
v 103.81102 -3.02362 34.62271
v 105.82677 -3.02362 54.24368
v 107.84252 -3.02362 51.87948
v 109.85827 -3.02362 20.71372
v 111.87402 -3.02362 18.14987
v 113.88976 -3.02362 6.36397
v 115.90551 -3.02362 11.29936
v 117.92126 -3.02362 10.34217
v 119.93701 -3.02362 12.33099
v 121.95276 -3.02362 21.69185
v 123.96850 -3.02362 0.41519
v 125.98425 -3.02362 5.44753
v 128.00000 -3.02362 30.05281
v -128.00000 -1.00787 -5.19798
v -125.98425 -1.00787 12.65463
v -123.96850 -1.00787 14.95369
v -121.95276 -1.00787 21.30522
v -119.93701 -1.00787 3.79629
v -117.92126 -1.00787 9.04163
v -115.90551 -1.00787 5.51260
v -113.88976 -1.00787 8.72580
v -111.87402 -1.00787 15.11956
v -109.85827 -1.00787 4.11136
v -107.84252 -1.00787 -15.00128
v -105.82677 -1.00787 8.05484
v -103.81102 -1.00787 15.66822
v -101.79528 -1.00787 -20.74747
v -99.77953 -1.00787 12.57443
v -97.76378 -1.00787 -3.96467
v -95.74803 -1.00787 44.73754
v -93.73228 -1.00787 110.70502
v -91.71654 -1.00787 92.38133
v -89.70079 -1.00787 194.15836
v -87.68504 -1.00787 77.64037
v -85.66929 -1.00787 -24.73864
v -83.65354 -1.00787 -13.57164
v -81.63780 -1.00787 75.38785
v -79.62205 -1.00787 173.07353
v -77.60630 -1.00787 186.74445
v -75.59055 -1.00787 83.38869
v -73.57480 -1.00787 79.99384
v -71.55906 -1.00787 68.30751
v -69.54331 -1.00787 69.96031
v -67.52756 -1.00787 34.61471
v -65.51181 -1.00787 5.01907
v -63.49606 -1.00787 11.44125
v -61.48031 -1.00787 55.49466
v -59.46457 -1.00787 157.87350
v -57.44882 -1.00787 159.63983
v -55.43307 -1.00787 -11.45262
v -53.41732 -1.00787 48.67225
v -51.40157 -1.00787 67.55738
v -49.38583 -1.00787 46.61445
v -47.37008 -1.00787 -4.07238
v -45.35433 -1.00787 -14.27102
v -43.33858 -1.00787 2.04591
v -41.32283 -1.00787 8.34862
v -39.30709 -1.00787 18.64657
v -37.29134 -1.00787 34.20094
v -35.27559 -1.00787 -24.22419
v -33.25984 -1.00787 0.86152
v -31.24409 -1.00787 -176.87502
v -29.22835 -1.00787 -98.08279
v -27.21260 -1.00787 -239.89844
v -25.19685 -1.00787 -81.67509
v -23.18110 -1.00787 -14.63204
v -21.16535 -1.00787 -147.37033
v -19.14961 -1.00787 -53.37473
v -17.13386 -1.00787 -139.50104
v -15.11811 -1.00787 -264.17429
v -13.10236 -1.00787 -436.65842
v -11.08661 -1.00787 -202.94588
v -9.07087 -1.00787 -1667.87732
v -7.05512 -1.00787 -2822.13184
v -5.03937 -1.00787 -2597.99634
v -3.02362 -1.00787 -888.65741
v -1.00787 -1.00787 -576.38269
v 1.00787 -1.00787 -390.51981
v 3.02362 -1.00787 -215.48599
v 5.03937 -1.00787 7.52264
v 7.05512 -1.00787 -38.10951
v 9.07087 -1.00787 -9.09796
v 11.08661 -1.00787 -40.50324
v 13.10236 -1.00787 -31.02664
v 15.11811 -1.00787 -12.74473
v 17.13386 -1.00787 -0.99766
v 19.14961 -1.00787 7.24318
v 21.16535 -1.00787 -1.53420
v 23.18110 -1.00787 -5.89974
v 25.19685 -1.00787 -20.53558
v 27.21260 -1.00787 1.27198
v 29.22835 -1.00787 -21.65175
v 31.24409 -1.00787 -17.88751
v 33.25984 -1.00787 13.30041
v 35.27559 -1.00787 1.05218
v 37.29134 -1.00787 14.97355
v 39.30709 -1.00787 -1.45888
v 41.32283 -1.00787 15.42735
v 43.33858 -1.00787 0.00197
v 45.35433 -1.00787 9.27715
v 47.37008 -1.00787 -1.90101
v 49.38583 -1.00787 8.59109
v 51.40157 -1.00787 16.52216
v 53.41732 -1.00787 11.97991
v 55.43307 -1.00787 -0.25204
v 57.44882 -1.00787 5.93859
v 59.46457 -1.00787 8.41807
v 61.48031 -1.00787 1.71597
v 63.49606 -1.00787 4.68216
v 65.51181 -1.00787 -1.54966
v 67.52756 -1.00787 14.54414
v 69.54331 -1.00787 -0.42462
v 71.55906 -1.00787 7.28050
v 73.57480 -1.00787 6.03288
v 75.59055 -1.00787 6.23927
v 77.60630 -1.00787 5.04901
v 79.62205 -1.00787 9.32199
v 81.63780 -1.00787 4.97191
v 83.65354 -1.00787 -3.32898
v 85.66929 -1.00787 12.68079
v 87.68504 -1.00787 5.44461
v 89.70079 -1.00787 15.61291
v 91.71654 -1.00787 37.86509
v 93.73228 -1.00787 45.50574
v 95.74803 -1.00787 32.98345
v 97.76378 -1.00787 4.24707
v 99.77953 -1.00787 27.13549
v 101.79528 -1.00787 29.41152
v 103.81102 -1.00787 12.07024
v 105.82677 -1.00787 15.26896
v 107.84252 -1.00787 40.36691
v 109.85827 -1.00787 14.66627
v 111.87402 -1.00787 3.39044
v 113.88976 -1.00787 35.04467
v 115.90551 -1.00787 2.26534
v 117.92126 -1.00787 5.59500
v 119.93701 -1.00787 11.71972
v 121.95276 -1.00787 20.06423
v 123.96850 -1.00787 3.77074
v 125.98425 -1.00787 25.48450
v 128.00000 -1.00787 -24.89940
v -128.00000 1.00787 -12.97856
v -125.98425 1.00787 -1.98018
v -123.96850 1.00787 7.53668
v -121.95276 1.00787 17.44884
v -119.93701 1.00787 17.35673
v -117.92126 1.00787 21.88332
v -115.90551 1.00787 11.79399
v -113.88976 1.00787 14.11254
v -111.87402 1.00787 7.49501
v -109.85827 1.00787 13.81693
v -107.84252 1.00787 21.47359
v -105.82677 1.00787 31.16023
v -103.81102 1.00787 -16.85132
v -101.79528 1.00787 53.71752
v -99.77953 1.00787 38.79370
v -97.76378 1.00787 65.41312
v -95.74803 1.00787 146.65645
v -93.73228 1.00787 126.49360
v -91.71654 1.00787 240.17052
v -89.70079 1.00787 120.98309
v -87.68504 1.00787 180.34500
v -85.66929 1.00787 115.13351
v -83.65354 1.00787 27.54574
v -81.63780 1.00787 161.71729
v -79.62205 1.00787 289.54825
v -77.60630 1.00787 42.26088
v -75.59055 1.00787 78.06815
v -73.57480 1.00787 66.00113
v -71.55906 1.00787 78.04545
v -69.54331 1.00787 112.09300
v -67.52756 1.00787 57.55108
v -65.51181 1.00787 -45.38451
v -63.49606 1.00787 23.39272
v -61.48031 1.00787 44.88844
v -59.46457 1.00787 134.62599
v -57.44882 1.00787 15.57456
v -55.43307 1.00787 -19.52952
v -53.41732 1.00787 14.84074
v -51.40157 1.00787 37.74931
v -49.38583 1.00787 6.19872
v -47.37008 1.00787 -9.07859
v -45.35433 1.00787 -1.28113
v -43.33858 1.00787 -1.73757
v -41.32283 1.00787 2.72745
v -39.30709 1.00787 8.31486
v -37.29134 1.00787 82.03793
v -35.27559 1.00787 24.84493
v -33.25984 1.00787 2.30133
v -31.24409 1.00787 -101.59193
v -29.22835 1.00787 -160.87781
v -27.21260 1.00787 -176.85342
v -25.19685 1.00787 14.42666
v -23.18110 1.00787 -91.45531
v -21.16535 1.00787 -204.71361
v -19.14961 1.00787 -156.58165
v -17.13386 1.00787 -165.65555
v -15.11811 1.00787 -148.56107
v -13.10236 1.00787 -234.79782
v -11.08661 1.00787 -367.18011
v -9.07087 1.00787 -827.15485
v -7.05512 1.00787 -2755.60181
v -5.03937 1.00787 -1971.99451
v -3.02362 1.00787 -1475.13477
v -1.00787 1.00787 -657.82269
v 1.00787 1.00787 -353.63837
v 3.02362 1.00787 -28.68652
v 5.03937 1.00787 -53.12205
v 7.05512 1.00787 -27.68292
v 9.07087 1.00787 -24.96581
v 11.08661 1.00787 -43.17039
v 13.10236 1.00787 -14.60045
v 15.11811 1.00787 -26.14540
v 17.13386 1.00787 10.39361
v 19.14961 1.00787 14.42326
v 21.16535 1.00787 18.61510
v 23.18110 1.00787 -24.35443
v 25.19685 1.00787 -41.46698
v 27.21260 1.00787 -61.98797
v 29.22835 1.00787 -4.23715
v 31.24409 1.00787 -3.77907
v 33.25984 1.00787 -4.00392
v 35.27559 1.00787 19.86982
v 37.29134 1.00787 6.99953
v 39.30709 1.00787 6.81503
v 41.32283 1.00787 3.36255
v 43.33858 1.00787 4.70260
v 45.35433 1.00787 10.93023
v 47.37008 1.00787 8.42301
v 49.38583 1.00787 9.06680
v 51.40157 1.00787 5.50724
v 53.41732 1.00787 6.50963
v 55.43307 1.00787 4.89321
v 57.44882 1.00787 13.90384
v 59.46457 1.00787 2.40816
v 61.48031 1.00787 9.07563
v 63.49606 1.00787 0.85732
v 65.51181 1.00787 15.44264
v 67.52756 1.00787 1.91792
v 69.54331 1.00787 -3.07515
v 71.55906 1.00787 -0.48450
v 73.57480 1.00787 1.41216
v 75.59055 1.00787 0.04489
v 77.60630 1.00787 5.64000
v 79.62205 1.00787 0.97313
v 81.63780 1.00787 4.77845
v 83.65354 1.00787 7.79565
v 85.66929 1.00787 24.41377
v 87.68504 1.00787 25.25396
v 89.70079 1.00787 10.54223
v 91.71654 1.00787 5.15921
v 93.73228 1.00787 9.49193
v 95.74803 1.00787 9.25031
v 97.76378 1.00787 12.19438
v 99.77953 1.00787 0.10901
v 101.79528 1.00787 22.04973
v 103.81102 1.00787 15.54803
v 105.82677 1.00787 -15.03753
v 107.84252 1.00787 23.21572
v 109.85827 1.00787 1.27362
v 111.87402 1.00787 24.72376
v 113.88976 1.00787 24.68133
v 115.90551 1.00787 51.51292
v 117.92126 1.00787 13.37362
v 119.93701 1.00787 -16.80448
v 121.95276 1.00787 1.26932
v 123.96850 1.00787 10.37592
v 125.98425 1.00787 6.99396
v 128.00000 1.00787 32.33053
v -128.00000 3.02362 29.35532
v -125.98425 3.02362 4.51941
v -123.96850 3.02362 -0.21131
v -121.95276 3.02362 6.54773
v -119.93701 3.02362 9.08521
v -117.92126 3.02362 7.71918
v -115.90551 3.02362 17.16720
v -113.88976 3.02362 14.88620
v -111.87402 3.02362 14.60787
v -109.85827 3.02362 31.86054
v -107.84252 3.02362 30.74078
v -105.82677 3.02362 5.46588
v -103.81102 3.02362 13.69652
v -101.79528 3.02362 22.07602
v -99.77953 3.02362 49.33999
v -97.76378 3.02362 34.01133
v -95.74803 3.02362 210.44067
v -93.73228 3.02362 25.41472
v -91.71654 3.02362 146.61378
v -89.70079 3.02362 140.85571
v -87.68504 3.02362 131.49771
v -85.66929 3.02362 121.38462
v -83.65354 3.02362 317.91849
v -81.63780 3.02362 383.83960
v -79.62205 3.02362 56.83663
v -77.60630 3.02362 139.18173
v -75.59055 3.02362 113.71976
v -73.57480 3.02362 82.39249
v -71.55906 3.02362 64.13461
v -69.54331 3.02362 68.95544
v -67.52756 3.02362 47.99975
v -65.51181 3.02362 7.68515
v -63.49606 3.02362 14.91900
v -61.48031 3.02362 15.09583
v -59.46457 3.02362 -6.03064
v -57.44882 3.02362 25.88256
v -55.43307 3.02362 30.37126
v -53.41732 3.02362 13.35616
v -51.40157 3.02362 19.51201
v -49.38583 3.02362 -10.16609
v -47.37008 3.02362 0.33102
v -45.35433 3.02362 -5.74845
v -43.33858 3.02362 -0.80579
v -41.32283 3.02362 10.18119
v -39.30709 3.02362 -6.14679
v -37.29134 3.02362 17.28488
v -35.27559 3.02362 -12.01950
v -33.25984 3.02362 -31.06673
v -31.24409 3.02362 -12.92754
v -29.22835 3.02362 -171.05165
v -27.21260 3.02362 -219.92033
v -25.19685 3.02362 -101.61566
v -23.18110 3.02362 -289.61554
v -21.16535 3.02362 -44.30012
v -19.14961 3.02362 -311.94531
v -17.13386 3.02362 -450.89365
v -15.11811 3.02362 -250.73505
v -13.10236 3.02362 -336.08051
v -11.08661 3.02362 -316.73468
v -9.07087 3.02362 -402.75885
v -7.05512 3.02362 -2980.57397
v -5.03937 3.02362 -2913.71167
v -3.02362 3.02362 -1542.73071
v -1.00787 3.02362 -740.64575
v 1.00787 3.02362 -357.75296
v 3.02362 3.02362 -125.23360
v 5.03937 3.02362 -273.89655
v 7.05512 3.02362 -61.21427
v 9.07087 3.02362 34.78336
v 11.08661 3.02362 -78.23547
v 13.10236 3.02362 -32.20009
v 15.11811 3.02362 -11.53606
v 17.13386 3.02362 6.65720
v 19.14961 3.02362 -18.77024
v 21.16535 3.02362 -37.84610
v 23.18110 3.02362 -46.27645
v 25.19685 3.02362 -68.56359
v 27.21260 3.02362 -0.54292
v 29.22835 3.02362 1.57592
v 31.24409 3.02362 12.06506
v 33.25984 3.02362 13.69202
v 35.27559 3.02362 15.33142
v 37.29134 3.02362 15.67638
v 39.30709 3.02362 15.38041
v 41.32283 3.02362 -6.06334
v 43.33858 3.02362 -3.94154
v 45.35433 3.02362 13.22748
v 47.37008 3.02362 12.15895
v 49.38583 3.02362 5.35080
v 51.40157 3.02362 4.32162
v 53.41732 3.02362 12.29274
v 55.43307 3.02362 7.26200
v 57.44882 3.02362 10.40734
v 59.46457 3.02362 7.60318
v 61.48031 3.02362 8.90075
v 63.49606 3.02362 4.03512
v 65.51181 3.02362 0.25655
v 67.52756 3.02362 9.88399
v 69.54331 3.02362 6.79004
v 71.55906 3.02362 5.81595
v 73.57480 3.02362 2.48767
v 75.59055 3.02362 6.09455
v 77.60630 3.02362 2.95365
v 79.62205 3.02362 0.39989
v 81.63780 3.02362 4.62467
v 83.65354 3.02362 5.09256
v 85.66929 3.02362 0.89622
v 87.68504 3.02362 14.61036
v 89.70079 3.02362 28.20515
v 91.71654 3.02362 31.03130
v 93.73228 3.02362 17.90940
v 95.74803 3.02362 12.34369
v 97.76378 3.02362 14.66877
v 99.77953 3.02362 10.16654
v 101.79528 3.02362 15.86916
v 103.81102 3.02362 9.14943
v 105.82677 3.02362 -9.43387
v 107.84252 3.02362 25.99509
v 109.85827 3.02362 30.24760
v 111.87402 3.02362 40.07803
v 113.88976 3.02362 52.64485
v 115.90551 3.02362 33.09623
v 117.92126 3.02362 4.42872
v 119.93701 3.02362 5.87952
v 121.95276 3.02362 17.27068
v 123.96850 3.02362 12.37103
v 125.98425 3.02362 20.83072
v 128.00000 3.02362 -5.31783
v -128.00000 5.03937 19.34996
v -125.98425 5.03937 14.09770
v -123.96850 5.03937 6.66599
v -121.95276 5.03937 4.79555
v -119.93701 5.03937 3.70900
v -117.92126 5.03937 7.26934
v -115.90551 5.03937 3.95273
v -113.88976 5.03937 16.55062
v -111.87402 5.03937 9.69721
v -109.85827 5.03937 42.22081
v -107.84252 5.03937 39.28613
v -105.82677 5.03937 30.15956
v -103.81102 5.03937 39.13970
v -101.79528 5.03937 20.74877
v -99.77953 5.03937 58.09753
v -97.76378 5.03937 53.72057
v -95.74803 5.03937 52.87796
v -93.73228 5.03937 177.90256
v -91.71654 5.03937 -45.89428
v -89.70079 5.03937 102.74152
v -87.68504 5.03937 167.08723
v -85.66929 5.03937 216.81760
v -83.65354 5.03937 171.73195
v -81.63780 5.03937 103.89201
v -79.62205 5.03937 103.97557
v -77.60630 5.03937 -35.63720
v -75.59055 5.03937 104.54276
v -73.57480 5.03937 24.37803
v -71.55906 5.03937 41.67220
v -69.54331 5.03937 43.31931
v -67.52756 5.03937 26.01143
v -65.51181 5.03937 -4.06969
v -63.49606 5.03937 11.96589
v -61.48031 5.03937 3.18698
v -59.46457 5.03937 4.60420
v -57.44882 5.03937 37.05083
v -55.43307 5.03937 11.64044
v -53.41732 5.03937 14.63318
v -51.40157 5.03937 10.50124
v -49.38583 5.03937 -7.67554
v -47.37008 5.03937 0.51510
v -45.35433 5.03937 3.44615
v -43.33858 5.03937 7.91782
v -41.32283 5.03937 -9.78506
v -39.30709 5.03937 -10.69989
v -37.29134 5.03937 -10.59465
v -35.27559 5.03937 6.98712
v -33.25984 5.03937 -23.98183
v -31.24409 5.03937 -71.96217
v -29.22835 5.03937 17.57015
v -27.21260 5.03937 -134.90953
v -25.19685 5.03937 -256.52298
v -23.18110 5.03937 -68.09634
v -21.16535 5.03937 -115.28870
v -19.14961 5.03937 -328.27377
v -17.13386 5.03937 -205.47725
v -15.11811 5.03937 -204.99261
v -13.10236 5.03937 -750.38586
v -11.08661 5.03937 -224.02150
v -9.07087 5.03937 -15.95872
v -7.05512 5.03937 -633.94263
v -5.03937 5.03937 -1073.29846
v -3.02362 5.03937 -498.36902
v -1.00787 5.03937 -195.86798
v 1.00787 5.03937 -117.64508
v 3.02362 5.03937 -177.09749
v 5.03937 5.03937 -285.87939
v 7.05512 5.03937 -109.96174
v 9.07087 5.03937 -44.50168
v 11.08661 5.03937 -5.77735
v 13.10236 5.03937 43.20593
v 15.11811 5.03937 -43.34439
v 17.13386 5.03937 -77.61887
v 19.14961 5.03937 -30.54070
v 21.16535 5.03937 -62.48637
v 23.18110 5.03937 20.49254
v 25.19685 5.03937 -7.60128
v 27.21260 5.03937 -26.89817
v 29.22835 5.03937 27.27329
v 31.24409 5.03937 47.24499
v 33.25984 5.03937 38.10928
v 35.27559 5.03937 11.19890
v 37.29134 5.03937 3.63340
v 39.30709 5.03937 3.46947
v 41.32283 5.03937 10.35614
v 43.33858 5.03937 7.40689
v 45.35433 5.03937 5.81354
v 47.37008 5.03937 10.14467
v 49.38583 5.03937 12.93700
v 51.40157 5.03937 2.56112
v 53.41732 5.03937 4.32854
v 55.43307 5.03937 8.95277
v 57.44882 5.03937 8.89070
v 59.46457 5.03937 14.73551
v 61.48031 5.03937 0.14794
v 63.49606 5.03937 -16.66681
v 65.51181 5.03937 -2.68345
v 67.52756 5.03937 -1.78369
v 69.54331 5.03937 9.73570
v 71.55906 5.03937 5.41947
v 73.57480 5.03937 10.41948
v 75.59055 5.03937 11.52086
v 77.60630 5.03937 6.34450
v 79.62205 5.03937 13.41183
v 81.63780 5.03937 6.92905
v 83.65354 5.03937 5.78726
v 85.66929 5.03937 7.00221
v 87.68504 5.03937 17.55491
v 89.70079 5.03937 17.10977
v 91.71654 5.03937 17.60125
v 93.73228 5.03937 7.88394
v 95.74803 5.03937 6.98361
v 97.76378 5.03937 13.05322
v 99.77953 5.03937 8.76953
v 101.79528 5.03937 7.90752
v 103.81102 5.03937 1.95706
v 105.82677 5.03937 -5.04147
v 107.84252 5.03937 15.97408
v 109.85827 5.03937 15.70456
v 111.87402 5.03937 38.55659
v 113.88976 5.03937 33.93684
v 115.90551 5.03937 11.51749
v 117.92126 5.03937 15.26198
v 119.93701 5.03937 -10.01578
v 121.95276 5.03937 26.91180
v 123.96850 5.03937 -1.45771
v 125.98425 5.03937 33.72515
v 128.00000 5.03937 21.41328
v -128.00000 7.05512 32.10683
v -125.98425 7.05512 12.79756
v -123.96850 7.05512 14.30789
v -121.95276 7.05512 10.17648
v -119.93701 7.05512 6.88676
v -117.92126 7.05512 14.28858
v -115.90551 7.05512 14.69427
v -113.88976 7.05512 14.93438
v -111.87402 7.05512 23.91681
v -109.85827 7.05512 23.18950
v -107.84252 7.05512 22.88759
v -105.82677 7.05512 33.15145
v -103.81102 7.05512 24.62429
v -101.79528 7.05512 26.51644
v -99.77953 7.05512 14.79407
v -97.76378 7.05512 59.46972
v -95.74803 7.05512 106.85130
v -93.73228 7.05512 21.57485
v -91.71654 7.05512 100.46612
v -89.70079 7.05512 176.28098
v -87.68504 7.05512 133.54982
v -85.66929 7.05512 190.50305
v -83.65354 7.05512 22.67070
v -81.63780 7.05512 55.49706
v -79.62205 7.05512 49.30406
v -77.60630 7.05512 27.16498
v -75.59055 7.05512 95.03813
v -73.57480 7.05512 28.63885
v -71.55906 7.05512 12.61517
v -69.54331 7.05512 12.97789
v -67.52756 7.05512 -4.14606
v -65.51181 7.05512 35.93623
v -63.49606 7.05512 23.62843
v -61.48031 7.05512 41.20383
v -59.46457 7.05512 46.09245
v -57.44882 7.05512 42.96069
v -55.43307 7.05512 20.97237
v -53.41732 7.05512 19.12148
v -51.40157 7.05512 22.13281
v -49.38583 7.05512 8.25679
v -47.37008 7.05512 -2.19352
v -45.35433 7.05512 -4.04920
v -43.33858 7.05512 -0.73829
v -41.32283 7.05512 -12.13064
v -39.30709 7.05512 -28.36814
v -37.29134 7.05512 -25.13964
v -35.27559 7.05512 -66.13130
v -33.25984 7.05512 -105.97250
v -31.24409 7.05512 -120.25684
v -29.22835 7.05512 -31.06531
v -27.21260 7.05512 -133.49854
v -25.19685 7.05512 -111.90568
v -23.18110 7.05512 -49.30853
v -21.16535 7.05512 -77.30984
v -19.14961 7.05512 -133.86386
v -17.13386 7.05512 -49.38691
v -15.11811 7.05512 -149.43475
v -13.10236 7.05512 -925.59979
v -11.08661 7.05512 -1227.86121
v -9.07087 7.05512 -570.63788
v -7.05512 7.05512 -655.19031
v -5.03937 7.05512 -2062.16943
v -3.02362 7.05512 -611.31683
v -1.00787 7.05512 -408.96277
v 1.00787 7.05512 -313.99197
v 3.02362 7.05512 -397.96039
v 5.03937 7.05512 -260.58636
v 7.05512 7.05512 -73.55589
v 9.07087 7.05512 -143.40633
v 11.08661 7.05512 2.73442
v 13.10236 7.05512 57.19991
v 15.11811 7.05512 -35.92727
v 17.13386 7.05512 -27.34869
v 19.14961 7.05512 -44.57587
v 21.16535 7.05512 -2.03933
v 23.18110 7.05512 -36.50690
v 25.19685 7.05512 -37.03906
v 27.21260 7.05512 33.72409
v 29.22835 7.05512 90.38174
v 31.24409 7.05512 39.07249
v 33.25984 7.05512 13.53155
v 35.27559 7.05512 -10.54304
v 37.29134 7.05512 -12.91115
v 39.30709 7.05512 0.87346
v 41.32283 7.05512 8.51376
v 43.33858 7.05512 8.21181
v 45.35433 7.05512 2.52054
v 47.37008 7.05512 0.35390
v 49.38583 7.05512 19.63217
v 51.40157 7.05512 -6.23782
v 53.41732 7.05512 -8.05748
v 55.43307 7.05512 6.81714
v 57.44882 7.05512 10.21746
v 59.46457 7.05512 2.85028
v 61.48031 7.05512 0.75169
v 63.49606 7.05512 1.53093
v 65.51181 7.05512 8.90443
v 67.52756 7.05512 1.17148
v 69.54331 7.05512 7.80818
v 71.55906 7.05512 2.81480
v 73.57480 7.05512 7.12154
v 75.59055 7.05512 -2.94222
v 77.60630 7.05512 4.77387
v 79.62205 7.05512 6.32982
v 81.63780 7.05512 12.53472
v 83.65354 7.05512 6.97781
v 85.66929 7.05512 11.16105
v 87.68504 7.05512 10.35623
v 89.70079 7.05512 19.53765
v 91.71654 7.05512 16.93553
v 93.73228 7.05512 13.56185
v 95.74803 7.05512 13.10384
v 97.76378 7.05512 2.76097
v 99.77953 7.05512 6.88846
v 101.79528 7.05512 14.24858
v 103.81102 7.05512 2.69020
v 105.82677 7.05512 15.80278
v 107.84252 7.05512 13.39293
v 109.85827 7.05512 14.67619
v 111.87402 7.05512 35.16558
v 113.88976 7.05512 5.28497
v 115.90551 7.05512 18.10399
v 117.92126 7.05512 36.81835
v 119.93701 7.05512 -28.62700
v 121.95276 7.05512 9.80546
v 123.96850 7.05512 -8.68477
v 125.98425 7.05512 34.01743
v 128.00000 7.05512 56.16304
v -128.00000 9.07087 20.72418
v -125.98425 9.07087 13.81263
v -123.96850 9.07087 18.26192
v -121.95276 9.07087 11.93008
v -119.93701 9.07087 6.03245
v -117.92126 9.07087 9.71594
v -115.90551 9.07087 -8.58956
v -113.88976 9.07087 -5.79515
v -111.87402 9.07087 9.66883
v -109.85827 9.07087 24.80735
v -107.84252 9.07087 10.58744
v -105.82677 9.07087 2.44514
v -103.81102 9.07087 22.63476
v -101.79528 9.07087 11.97424
v -99.77953 9.07087 18.44534
v -97.76378 9.07087 40.16859
v -95.74803 9.07087 -49.73195
v -93.73228 9.07087 2.68857
v -91.71654 9.07087 54.43257
v -89.70079 9.07087 137.29919
v -87.68504 9.07087 68.16299
v -85.66929 9.07087 52.75645
v -83.65354 9.07087 67.55088
v -81.63780 9.07087 19.93154
v -79.62205 9.07087 17.40089
v -77.60630 9.07087 -0.44437
v -75.59055 9.07087 21.98372
v -73.57480 9.07087 6.98917
v -71.55906 9.07087 0.30007
v -69.54331 9.07087 11.87517
v -67.52756 9.07087 -15.78458
v -65.51181 9.07087 1.62723
v -63.49606 9.07087 31.00776
v -61.48031 9.07087 46.74820
v -59.46457 9.07087 28.50488
v -57.44882 9.07087 16.12736
v -55.43307 9.07087 33.84471
v -53.41732 9.07087 13.46451
v -51.40157 9.07087 26.40955
v -49.38583 9.07087 8.63383
v -47.37008 9.07087 9.25500
v -45.35433 9.07087 2.63751
v -43.33858 9.07087 16.64231
v -41.32283 9.07087 -12.50449
v -39.30709 9.07087 12.31734
v -37.29134 9.07087 -22.67213
v -35.27559 9.07087 -34.26469
v -33.25984 9.07087 -54.01364
v -31.24409 9.07087 -13.78079
v -29.22835 9.07087 9.00085
v -27.21260 9.07087 -43.41415
v -25.19685 9.07087 -169.23906
v -23.18110 9.07087 -41.90307
v -21.16535 9.07087 -167.71866
v -19.14961 9.07087 -175.21349
v -17.13386 9.07087 -59.04252
v -15.11811 9.07087 -124.98464
v -13.10236 9.07087 -545.56873
v -11.08661 9.07087 -449.12094
v -9.07087 9.07087 -36.49728
v -7.05512 9.07087 -84.71450
v -5.03937 9.07087 -410.69336
v -3.02362 9.07087 -241.61476
v -1.00787 9.07087 -205.64014
v 1.00787 9.07087 -206.01605
v 3.02362 9.07087 -213.03224
v 5.03937 9.07087 -47.14888
v 7.05512 9.07087 -279.89276
v 9.07087 9.07087 -430.10159
v 11.08661 9.07087 26.51895
v 13.10236 9.07087 -35.16357
v 15.11811 9.07087 48.34191
v 17.13386 9.07087 -92.48644
v 19.14961 9.07087 -32.11498
v 21.16535 9.07087 -49.01105
v 23.18110 9.07087 -52.63382
v 25.19685 9.07087 -53.94587
v 27.21260 9.07087 -28.60953
v 29.22835 9.07087 10.13276
v 31.24409 9.07087 -0.25331
v 33.25984 9.07087 7.15908
v 35.27559 9.07087 -53.95558
v 37.29134 9.07087 -22.11201
v 39.30709 9.07087 6.75587
v 41.32283 9.07087 13.14538
v 43.33858 9.07087 -2.95905
v 45.35433 9.07087 0.29018
v 47.37008 9.07087 -2.32690
v 49.38583 9.07087 8.83492
v 51.40157 9.07087 8.98178
v 53.41732 9.07087 -16.27825
v 55.43307 9.07087 3.32906
v 57.44882 9.07087 5.77373
v 59.46457 9.07087 0.55953
v 61.48031 9.07087 0.63347
v 63.49606 9.07087 7.71097
v 65.51181 9.07087 7.00449
v 67.52756 9.07087 -4.53570
v 69.54331 9.07087 6.48817
v 71.55906 9.07087 2.19011
v 73.57480 9.07087 11.99490
v 75.59055 9.07087 11.10428
v 77.60630 9.07087 57.36493
v 79.62205 9.07087 27.89291
v 81.63780 9.07087 5.41386
v 83.65354 9.07087 12.14874
v 85.66929 9.07087 4.55858
v 87.68504 9.07087 12.38815
v 89.70079 9.07087 28.66287
v 91.71654 9.07087 13.74380
v 93.73228 9.07087 7.03128
v 95.74803 9.07087 -0.87743
v 97.76378 9.07087 4.65126
v 99.77953 9.07087 4.35418
v 101.79528 9.07087 1.55713
v 103.81102 9.07087 10.75514
v 105.82677 9.07087 2.37655
v 107.84252 9.07087 16.12362
v 109.85827 9.07087 13.31110
v 111.87402 9.07087 19.55068
v 113.88976 9.07087 2.02552
v 115.90551 9.07087 -15.65595
v 117.92126 9.07087 13.24119
v 119.93701 9.07087 39.33425
v 121.95276 9.07087 74.59343
v 123.96850 9.07087 -1.86902
v 125.98425 9.07087 13.42957
v 128.00000 9.07087 51.83649
v -128.00000 11.08661 48.89824
v -125.98425 11.08661 18.89269
v -123.96850 11.08661 -2.58971
v -121.95276 11.08661 -1.29524
v -119.93701 11.08661 21.55974
v -117.92126 11.08661 -1.89998
v -115.90551 11.08661 -4.26675
v -113.88976 11.08661 7.61797
v -111.87402 11.08661 19.00175
v -109.85827 11.08661 4.01659
v -107.84252 11.08661 16.25313
v -105.82677 11.08661 14.76693
v -103.81102 11.08661 20.95874
v -101.79528 11.08661 24.22660
v -99.77953 11.08661 18.48857
v -97.76378 11.08661 -0.36312
v -95.74803 11.08661 9.99428
v -93.73228 11.08661 -53.94232
v -91.71654 11.08661 141.61243
v -89.70079 11.08661 126.33232
v -87.68504 11.08661 18.01406
v -85.66929 11.08661 231.90027
v -83.65354 11.08661 56.48194
v -81.63780 11.08661 35.05784
v -79.62205 11.08661 42.52974
v -77.60630 11.08661 19.84107
v -75.59055 11.08661 -0.37642
v -73.57480 11.08661 8.95782
v -71.55906 11.08661 6.89989
v -69.54331 11.08661 5.93275
v -67.52756 11.08661 21.83051
v -65.51181 11.08661 25.35717
v -63.49606 11.08661 38.54006
v -61.48031 11.08661 80.48345
v -59.46457 11.08661 72.30481
v -57.44882 11.08661 51.73123
v -55.43307 11.08661 14.57302
v -53.41732 11.08661 11.40972
v -51.40157 11.08661 45.90002
v -49.38583 11.08661 24.47969
v -47.37008 11.08661 -0.95994
v -45.35433 11.08661 -17.01798
v -43.33858 11.08661 -29.86790
v -41.32283 11.08661 -42.17032
v -39.30709 11.08661 -58.77202
v -37.29134 11.08661 -42.21365
v -35.27559 11.08661 18.73884
v -33.25984 11.08661 2.92288
v -31.24409 11.08661 -9.83186
v -29.22835 11.08661 -19.27842
v -27.21260 11.08661 -56.41967
v -25.19685 11.08661 18.65866
v -23.18110 11.08661 -99.86867
v -21.16535 11.08661 -78.61200
v -19.14961 11.08661 -173.21045
v -17.13386 11.08661 -79.09666
v -15.11811 11.08661 -204.75323
v -13.10236 11.08661 -246.97289
v -11.08661 11.08661 -235.47377
v -9.07087 11.08661 -27.24778
v -7.05512 11.08661 -132.22816
v -5.03937 11.08661 -169.71259
v -3.02362 11.08661 -305.51572
v -1.00787 11.08661 -89.80602
v 1.00787 11.08661 -79.70215
v 3.02362 11.08661 -75.78790
v 5.03937 11.08661 -56.70780
v 7.05512 11.08661 -175.71281
v 9.07087 11.08661 -28.14689
v 11.08661 11.08661 -143.81796
v 13.10236 11.08661 -51.21229
v 15.11811 11.08661 -89.35700
v 17.13386 11.08661 -14.26122
v 19.14961 11.08661 119.78403
v 21.16535 11.08661 -9.75292
v 23.18110 11.08661 45.56517
v 25.19685 11.08661 -246.29565
v 27.21260 11.08661 -232.64256
v 29.22835 11.08661 -145.53477
v 31.24409 11.08661 -61.97812
v 33.25984 11.08661 -55.35970
v 35.27559 11.08661 -51.91677
v 37.29134 11.08661 -17.88916
v 39.30709 11.08661 -2.53080
v 41.32283 11.08661 2.40704
v 43.33858 11.08661 13.89710
v 45.35433 11.08661 34.78017
v 47.37008 11.08661 27.61832
v 49.38583 11.08661 9.99511
v 51.40157 11.08661 35.09793
v 53.41732 11.08661 58.50309
v 55.43307 11.08661 40.10423
v 57.44882 11.08661 6.98328
v 59.46457 11.08661 7.18287
v 61.48031 11.08661 8.65311
v 63.49606 11.08661 11.45269
v 65.51181 11.08661 30.65552
v 67.52756 11.08661 6.27906
v 69.54331 11.08661 11.41998
v 71.55906 11.08661 -12.47660
v 73.57480 11.08661 25.46443
v 75.59055 11.08661 34.15359
v 77.60630 11.08661 31.58641
v 79.62205 11.08661 20.87840
v 81.63780 11.08661 6.93171
v 83.65354 11.08661 9.81176
v 85.66929 11.08661 16.97588
v 87.68504 11.08661 5.75111
v 89.70079 11.08661 1.63014
v 91.71654 11.08661 8.59981
v 93.73228 11.08661 -4.32011
v 95.74803 11.08661 0.52356
v 97.76378 11.08661 5.91319
v 99.77953 11.08661 11.02853
v 101.79528 11.08661 11.80929
v 103.81102 11.08661 17.95966
v 105.82677 11.08661 0.24959
v 107.84252 11.08661 0.34076
v 109.85827 11.08661 12.74200
v 111.87402 11.08661 10.01383
v 113.88976 11.08661 7.43829
v 115.90551 11.08661 -2.22077
v 117.92126 11.08661 17.31410
v 119.93701 11.08661 -1.62213
v 121.95276 11.08661 -37.79290
v 123.96850 11.08661 0.37872
v 125.98425 11.08661 6.85738
v 128.00000 11.08661 85.69761
v -128.00000 13.10236 20.20698
v -125.98425 13.10236 26.10469
v -123.96850 13.10236 -1.66735
v -121.95276 13.10236 -15.64859
v -119.93701 13.10236 -2.62782
v -117.92126 13.10236 7.30516
v -115.90551 13.10236 17.85343
v -113.88976 13.10236 14.60867
v -111.87402 13.10236 8.46668
v -109.85827 13.10236 9.78825
v -107.84252 13.10236 4.18256
v -105.82677 13.10236 5.81921
v -103.81102 13.10236 19.10040
v -101.79528 13.10236 -5.81360
v -99.77953 13.10236 44.91092
v -97.76378 13.10236 33.10649
v -95.74803 13.10236 39.44321
v -93.73228 13.10236 284.38992
v -91.71654 13.10236 264.02127
v -89.70079 13.10236 32.82217
v -87.68504 13.10236 223.70641
v -85.66929 13.10236 153.67650
v -83.65354 13.10236 132.10182
v -81.63780 13.10236 74.85105
v -79.62205 13.10236 21.61964
v -77.60630 13.10236 20.96339
v -75.59055 13.10236 5.14115
v -73.57480 13.10236 16.36198
v -71.55906 13.10236 18.10933
v -69.54331 13.10236 -17.44335
v -67.52756 13.10236 -11.11904
v -65.51181 13.10236 60.10425
v -63.49606 13.10236 84.88551
v -61.48031 13.10236 27.62428
v -59.46457 13.10236 48.21593
v -57.44882 13.10236 -6.40756
v -55.43307 13.10236 16.23489
v -53.41732 13.10236 4.58061
v -51.40157 13.10236 14.52668
v -49.38583 13.10236 11.69458
v -47.37008 13.10236 49.65557
v -45.35433 13.10236 52.50995
v -43.33858 13.10236 27.83890
v -41.32283 13.10236 -37.19210
v -39.30709 13.10236 -19.00047
v -37.29134 13.10236 40.03636
v -35.27559 13.10236 38.37680
v -33.25984 13.10236 11.34720
v -31.24409 13.10236 15.52956
v -29.22835 13.10236 8.73317
v -27.21260 13.10236 17.40709
v -25.19685 13.10236 11.37053
v -23.18110 13.10236 -36.11746
v -21.16535 13.10236 -33.91258
v -19.14961 13.10236 -9.76282
v -17.13386 13.10236 -69.81098
v -15.11811 13.10236 -166.13004
v -13.10236 13.10236 -80.84694
v -11.08661 13.10236 -164.70291
v -9.07087 13.10236 1.26048
v -7.05512 13.10236 -133.10922
v -5.03937 13.10236 -53.10768
v -3.02362 13.10236 -70.74570
v -1.00787 13.10236 -96.18610
v 1.00787 13.10236 -188.12726
v 3.02362 13.10236 -78.77983
v 5.03937 13.10236 -76.64500
v 7.05512 13.10236 -58.09036
v 9.07087 13.10236 -179.40878
v 11.08661 13.10236 -142.26602
v 13.10236 13.10236 -25.25731
v 15.11811 13.10236 96.98823
v 17.13386 13.10236 54.91869
v 19.14961 13.10236 -59.96745
v 21.16535 13.10236 -19.97517
v 23.18110 13.10236 -19.41696
v 25.19685 13.10236 -235.24675
v 27.21260 13.10236 -44.36598
v 29.22835 13.10236 -82.70982
v 31.24409 13.10236 -48.53890
v 33.25984 13.10236 -60.49865
v 35.27559 13.10236 -8.04378
v 37.29134 13.10236 -22.67338
v 39.30709 13.10236 -12.29456
v 41.32283 13.10236 8.71576
v 43.33858 13.10236 0.74072
v 45.35433 13.10236 20.53928
v 47.37008 13.10236 -17.45851
v 49.38583 13.10236 18.19583
v 51.40157 13.10236 87.86335
v 53.41732 13.10236 90.65441
v 55.43307 13.10236 5.87206
v 57.44882 13.10236 0.22377
v 59.46457 13.10236 27.58107
v 61.48031 13.10236 49.16181
v 63.49606 13.10236 46.54274
v 65.51181 13.10236 -7.53968
v 67.52756 13.10236 -42.10607
v 69.54331 13.10236 -28.20418
v 71.55906 13.10236 29.33470
v 73.57480 13.10236 91.27079
v 75.59055 13.10236 26.97152
v 77.60630 13.10236 -9.33137
v 79.62205 13.10236 34.87962
v 81.63780 13.10236 8.82186
v 83.65354 13.10236 27.03125
v 85.66929 13.10236 6.60105
v 87.68504 13.10236 -10.51972
v 89.70079 13.10236 1.10108
v 91.71654 13.10236 -22.28175
v 93.73228 13.10236 -6.27287
v 95.74803 13.10236 10.63788
v 97.76378 13.10236 1.26257
v 99.77953 13.10236 13.92362
v 101.79528 13.10236 0.22737
v 103.81102 13.10236 -1.95681
v 105.82677 13.10236 -39.62933
v 107.84252 13.10236 -17.05925
v 109.85827 13.10236 27.93665
v 111.87402 13.10236 20.51176
v 113.88976 13.10236 -2.86554
v 115.90551 13.10236 23.22996
v 117.92126 13.10236 14.81484
v 119.93701 13.10236 8.06297
v 121.95276 13.10236 8.62986
v 123.96850 13.10236 -4.83175
v 125.98425 13.10236 23.30154
v 128.00000 13.10236 22.81647
v -128.00000 15.11811 72.71935
v -125.98425 15.11811 34.88605
v -123.96850 15.11811 3.33092
v -121.95276 15.11811 2.11978
v -119.93701 15.11811 5.75951
v -117.92126 15.11811 20.54680
v -115.90551 15.11811 19.63196
v -113.88976 15.11811 13.37148
v -111.87402 15.11811 27.01211
v -109.85827 15.11811 11.94294
v -107.84252 15.11811 53.94671
v -105.82677 15.11811 75.66759
v -103.81102 15.11811 -8.95389
v -101.79528 15.11811 74.10585
v -99.77953 15.11811 39.90033
v -97.76378 15.11811 106.44658
v -95.74803 15.11811 158.80775
v -93.73228 15.11811 325.68823
v -91.71654 15.11811 105.10531
v -89.70079 15.11811 84.20758
v -87.68504 15.11811 133.14865
v -85.66929 15.11811 163.66100
v -83.65354 15.11811 25.88345
v -81.63780 15.11811 23.20405
v -79.62205 15.11811 18.05026
v -77.60630 15.11811 23.62005
v -75.59055 15.11811 5.48653
v -73.57480 15.11811 8.07762
v -71.55906 15.11811 8.43126
v -69.54331 15.11811 15.47454
v -67.52756 15.11811 -0.15783
v -65.51181 15.11811 54.59632
v -63.49606 15.11811 50.42277
v -61.48031 15.11811 40.85862
v -59.46457 15.11811 4.19778
v -57.44882 15.11811 38.99492
v -55.43307 15.11811 36.46738
v -53.41732 15.11811 11.77896
v -51.40157 15.11811 -5.61511
v -49.38583 15.11811 28.67623
v -47.37008 15.11811 54.47665
v -45.35433 15.11811 0.85275
v -43.33858 15.11811 -3.57671
v -41.32283 15.11811 -37.52184
v -39.30709 15.11811 -58.80431
v -37.29134 15.11811 24.49647
v -35.27559 15.11811 0.44535
v -33.25984 15.11811 -8.86191
v -31.24409 15.11811 21.05404
v -29.22835 15.11811 10.07666
v -27.21260 15.11811 15.91333
v -25.19685 15.11811 36.41488
v -23.18110 15.11811 41.93374
v -21.16535 15.11811 -34.96090
v -19.14961 15.11811 -20.61820
v -17.13386 15.11811 -55.04396
v -15.11811 15.11811 -24.78388
v -13.10236 15.11811 -14.38008
v -11.08661 15.11811 -45.40214
v -9.07087 15.11811 -55.07034
v -7.05512 15.11811 -30.32700
v -5.03937 15.11811 -11.05898
v -3.02362 15.11811 61.04206
v -1.00787 15.11811 20.06482
v 1.00787 15.11811 -68.62769
v 3.02362 15.11811 -16.55562
v 5.03937 15.11811 17.06230
v 7.05512 15.11811 -64.24218
v 9.07087 15.11811 -150.91077
v 11.08661 15.11811 -83.36124
v 13.10236 15.11811 -232.62810
v 15.11811 15.11811 -176.41510
v 17.13386 15.11811 -52.91833
v 19.14961 15.11811 -170.30234
v 21.16535 15.11811 -163.39819
v 23.18110 15.11811 -27.09994
v 25.19685 15.11811 -41.37152
v 27.21260 15.11811 39.53741
v 29.22835 15.11811 -24.34340
v 31.24409 15.11811 -84.83498
v 33.25984 15.11811 -28.25887
v 35.27559 15.11811 -28.10375
v 37.29134 15.11811 -73.45914
v 39.30709 15.11811 -18.72358
v 41.32283 15.11811 4.15145
v 43.33858 15.11811 7.00420
v 45.35433 15.11811 15.42550
v 47.37008 15.11811 -49.43883
v 49.38583 15.11811 -43.63116
v 51.40157 15.11811 -25.50323
v 53.41732 15.11811 46.90733
v 55.43307 15.11811 18.63818
v 57.44882 15.11811 38.28133
v 59.46457 15.11811 55.31157
v 61.48031 15.11811 25.80342
v 63.49606 15.11811 -8.30264
v 65.51181 15.11811 34.02438
v 67.52756 15.11811 -32.23621
v 69.54331 15.11811 -22.73620
v 71.55906 15.11811 70.87033
v 73.57480 15.11811 41.61423
v 75.59055 15.11811 -0.33740
v 77.60630 15.11811 29.12265
v 79.62205 15.11811 -0.79238
v 81.63780 15.11811 7.98945
v 83.65354 15.11811 11.74870
v 85.66929 15.11811 -0.79736
v 87.68504 15.11811 -12.21989
v 89.70079 15.11811 17.06375
v 91.71654 15.11811 -3.38027
v 93.73228 15.11811 -3.58471
v 95.74803 15.11811 13.02649
v 97.76378 15.11811 22.28473
v 99.77953 15.11811 36.79288
v 101.79528 15.11811 -8.18973
v 103.81102 15.11811 -0.76227
v 105.82677 15.11811 -53.28412
v 107.84252 15.11811 -59.34769
v 109.85827 15.11811 -10.97297
v 111.87402 15.11811 13.07445
v 113.88976 15.11811 16.50498
v 115.90551 15.11811 21.13968
v 117.92126 15.11811 42.54131
v 119.93701 15.11811 -28.58968
v 121.95276 15.11811 -52.14011
v 123.96850 15.11811 -11.65811
v 125.98425 15.11811 13.26742
v 128.00000 15.11811 70.50192
v -128.00000 17.13386 14.31717
v -125.98425 17.13386 3.36937
v -123.96850 17.13386 22.73224
v -121.95276 17.13386 -14.80261
v -119.93701 17.13386 19.99008
v -117.92126 17.13386 19.23693
v -115.90551 17.13386 15.83125
v -113.88976 17.13386 9.67783
v -111.87402 17.13386 16.94983
v -109.85827 17.13386 24.20418
v -107.84252 17.13386 39.64215
v -105.82677 17.13386 7.20315
v -103.81102 17.13386 26.54179
v -101.79528 17.13386 81.20039
v -99.77953 17.13386 155.46477
v -97.76378 17.13386 108.92847
v -95.74803 17.13386 20.26879
v -93.73228 17.13386 61.56763
v -91.71654 17.13386 123.29261
v -89.70079 17.13386 150.64062
v -87.68504 17.13386 243.58388
v -85.66929 17.13386 51.64721
v -83.65354 17.13386 58.88836
v -81.63780 17.13386 23.77497
v -79.62205 17.13386 5.15411
v -77.60630 17.13386 19.06531
v -75.59055 17.13386 24.83620
v -73.57480 17.13386 2.52601
v -71.55906 17.13386 15.24648
v -69.54331 17.13386 17.56747
v -67.52756 17.13386 10.98648
v -65.51181 17.13386 9.07289
v -63.49606 17.13386 17.34231
v -61.48031 17.13386 13.72881
v -59.46457 17.13386 -11.55775
v -57.44882 17.13386 63.53334
v -55.43307 17.13386 25.20073
v -53.41732 17.13386 7.40321
v -51.40157 17.13386 9.56052
v -49.38583 17.13386 3.41143
v -47.37008 17.13386 16.50606
v -45.35433 17.13386 -19.73108
v -43.33858 17.13386 -43.73194
v -41.32283 17.13386 -36.72097
v -39.30709 17.13386 -69.88289
v -37.29134 17.13386 0.51709
v -35.27559 17.13386 -28.89081
v -33.25984 17.13386 -6.94209
v -31.24409 17.13386 -3.91904
v -29.22835 17.13386 4.99375
v -27.21260 17.13386 3.17060
v -25.19685 17.13386 25.76204
v -23.18110 17.13386 -15.20238
v -21.16535 17.13386 66.06068
v -19.14961 17.13386 22.69488
v -17.13386 17.13386 0.73496
v -15.11811 17.13386 -82.22630
v -13.10236 17.13386 -90.03273
v -11.08661 17.13386 -65.28811
v -9.07087 17.13386 -26.53115
v -7.05512 17.13386 1.58885
v -5.03937 17.13386 29.77812
v -3.02362 17.13386 4.17636
v -1.00787 17.13386 4.28390
v 1.00787 17.13386 -24.99118
v 3.02362 17.13386 51.10872
v 5.03937 17.13386 86.45418
v 7.05512 17.13386 -72.50622
v 9.07087 17.13386 -106.03834
v 11.08661 17.13386 31.39181
v 13.10236 17.13386 -113.48177
v 15.11811 17.13386 -178.10568
v 17.13386 17.13386 -50.94040
v 19.14961 17.13386 -56.18665
v 21.16535 17.13386 -163.07538
v 23.18110 17.13386 -118.08850
v 25.19685 17.13386 7.72718
v 27.21260 17.13386 8.89060
v 29.22835 17.13386 -12.85399
v 31.24409 17.13386 -55.57157
v 33.25984 17.13386 -22.61521
v 35.27559 17.13386 -8.55797
v 37.29134 17.13386 -38.03030
v 39.30709 17.13386 -8.57014
v 41.32283 17.13386 2.47079
v 43.33858 17.13386 6.06890
v 45.35433 17.13386 2.25224
v 47.37008 17.13386 -24.05027
v 49.38583 17.13386 -12.62398
v 51.40157 17.13386 15.35828
v 53.41732 17.13386 59.28891
v 55.43307 17.13386 22.88236
v 57.44882 17.13386 -32.32988
v 59.46457 17.13386 33.61765
v 61.48031 17.13386 -7.36315
v 63.49606 17.13386 44.75839
v 65.51181 17.13386 61.57180
v 67.52756 17.13386 101.85570
v 69.54331 17.13386 77.08380
v 71.55906 17.13386 107.76081
v 73.57480 17.13386 114.36215
v 75.59055 17.13386 13.22027
v 77.60630 17.13386 -38.39644
v 79.62205 17.13386 -0.77326
v 81.63780 17.13386 8.16478
v 83.65354 17.13386 12.20748
v 85.66929 17.13386 -9.17695
v 87.68504 17.13386 -5.59694
v 89.70079 17.13386 4.07411
v 91.71654 17.13386 -0.16308
v 93.73228 17.13386 -1.18774
v 95.74803 17.13386 24.65624
v 97.76378 17.13386 3.30648
v 99.77953 17.13386 -10.83846
v 101.79528 17.13386 -10.58060
v 103.81102 17.13386 27.42955
v 105.82677 17.13386 0.26806
v 107.84252 17.13386 -38.04576
v 109.85827 17.13386 -12.71956
v 111.87402 17.13386 24.65062
v 113.88976 17.13386 25.28505
v 115.90551 17.13386 18.17922
v 117.92126 17.13386 23.82704
v 119.93701 17.13386 26.10494
v 121.95276 17.13386 -6.02223
v 123.96850 17.13386 -59.31857
v 125.98425 17.13386 31.80338
v 128.00000 17.13386 12.31570
v -128.00000 19.14961 14.59542
v -125.98425 19.14961 -4.89502
v -123.96850 19.14961 1.60232
v -121.95276 19.14961 39.51382
v -119.93701 19.14961 27.31519
v -117.92126 19.14961 5.13352
v -115.90551 19.14961 20.72897
v -113.88976 19.14961 21.18140
v -111.87402 19.14961 21.04025
v -109.85827 19.14961 45.24711
v -107.84252 19.14961 34.77939
v -105.82677 19.14961 72.66035
v -103.81102 19.14961 87.05888
v -101.79528 19.14961 73.28784
v -99.77953 19.14961 106.73224
v -97.76378 19.14961 163.55858
v -95.74803 19.14961 176.94643
v -93.73228 19.14961 158.01175
v -91.71654 19.14961 132.00085
v -89.70079 19.14961 89.00986
v -87.68504 19.14961 97.27991
v -85.66929 19.14961 12.68774
v -83.65354 19.14961 -26.60515
v -81.63780 19.14961 22.48569
v -79.62205 19.14961 24.68201
v -77.60630 19.14961 15.46305
v -75.59055 19.14961 15.14879
v -73.57480 19.14961 5.00609
v -71.55906 19.14961 -0.90975
v -69.54331 19.14961 15.03494
v -67.52756 19.14961 12.39269
v -65.51181 19.14961 14.17024
v -63.49606 19.14961 -1.23044
v -61.48031 19.14961 30.84415
v -59.46457 19.14961 12.38721
v -57.44882 19.14961 19.78019
v -55.43307 19.14961 -31.45620
v -53.41732 19.14961 -28.82514
v -51.40157 19.14961 14.18086
v -49.38583 19.14961 -27.54104
v -47.37008 19.14961 30.96513
v -45.35433 19.14961 11.99209
v -43.33858 19.14961 -34.31256
v -41.32283 19.14961 -42.89884
v -39.30709 19.14961 -79.82074
v -37.29134 19.14961 -33.84191
v -35.27559 19.14961 14.30791
v -33.25984 19.14961 -24.82072
v -31.24409 19.14961 9.35963
v -29.22835 19.14961 13.54530
v -27.21260 19.14961 14.82351
v -25.19685 19.14961 31.73324
v -23.18110 19.14961 -80.41640
v -21.16535 19.14961 -32.54073
v -19.14961 19.14961 -5.31041
v -17.13386 19.14961 -70.44456
v -15.11811 19.14961 -86.87774
v -13.10236 19.14961 -66.61668
v -11.08661 19.14961 14.91390
v -9.07087 19.14961 29.84825
v -7.05512 19.14961 3.00960
v -5.03937 19.14961 54.41383
v -3.02362 19.14961 -18.48713
v -1.00787 19.14961 -58.84412
v 1.00787 19.14961 -58.61930
v 3.02362 19.14961 -23.93567
v 5.03937 19.14961 -34.43150
v 7.05512 19.14961 -0.43694
v 9.07087 19.14961 -133.12206
v 11.08661 19.14961 -84.23079
v 13.10236 19.14961 -42.93511
v 15.11811 19.14961 -60.70921
v 17.13386 19.14961 -89.38773
v 19.14961 19.14961 -84.07666
v 21.16535 19.14961 -29.79897
v 23.18110 19.14961 -109.39993
v 25.19685 19.14961 -55.90704
v 27.21260 19.14961 -13.72794
v 29.22835 19.14961 -9.74852
v 31.24409 19.14961 -6.95197
v 33.25984 19.14961 -24.87723
v 35.27559 19.14961 -45.53088
v 37.29134 19.14961 -61.08946
v 39.30709 19.14961 -39.51677
v 41.32283 19.14961 12.49295
v 43.33858 19.14961 7.49590
v 45.35433 19.14961 -16.61850
v 47.37008 19.14961 -3.37689
v 49.38583 19.14961 -4.12596
v 51.40157 19.14961 -22.43048
v 53.41732 19.14961 57.58932
v 55.43307 19.14961 22.06946
v 57.44882 19.14961 -18.78478
v 59.46457 19.14961 -2.53101
v 61.48031 19.14961 -5.18126
v 63.49606 19.14961 -35.38593
v 65.51181 19.14961 112.42069
v 67.52756 19.14961 104.81233
v 69.54331 19.14961 211.74141
v 71.55906 19.14961 120.44936
v 73.57480 19.14961 -10.63046
v 75.59055 19.14961 -48.19339
v 77.60630 19.14961 -22.13639
v 79.62205 19.14961 -28.30223
v 81.63780 19.14961 -4.36432
v 83.65354 19.14961 -2.73451
v 85.66929 19.14961 1.21278
v 87.68504 19.14961 3.54841
v 89.70079 19.14961 -1.72326
v 91.71654 19.14961 2.98473
v 93.73228 19.14961 7.05082
v 95.74803 19.14961 -3.68415
v 97.76378 19.14961 4.09191
v 99.77953 19.14961 -10.72206
v 101.79528 19.14961 43.11811
v 103.81102 19.14961 37.22992
v 105.82677 19.14961 12.65361
v 107.84252 19.14961 18.34569
v 109.85827 19.14961 20.59712
v 111.87402 19.14961 13.07743
v 113.88976 19.14961 51.42912
v 115.90551 19.14961 79.18867
v 117.92126 19.14961 67.38036
v 119.93701 19.14961 83.15218
v 121.95276 19.14961 9.81163
v 123.96850 19.14961 2.15617
v 125.98425 19.14961 13.22956
v 128.00000 19.14961 -3.37777
v -128.00000 21.16535 2.21866
v -125.98425 21.16535 -20.98027
v -123.96850 21.16535 10.53086
v -121.95276 21.16535 60.51473
v -119.93701 21.16535 2.99749
v -117.92126 21.16535 3.45637
v -115.90551 21.16535 16.84708
v -113.88976 21.16535 6.05810
v -111.87402 21.16535 24.39817
v -109.85827 21.16535 16.95320
v -107.84252 21.16535 20.01033
v -105.82677 21.16535 59.87681
v -103.81102 21.16535 5.40532
v -101.79528 21.16535 -9.91512
v -99.77953 21.16535 58.80935
v -97.76378 21.16535 9.31739
v -95.74803 21.16535 31.66258
v -93.73228 21.16535 61.94781
v -91.71654 21.16535 71.65911
v -89.70079 21.16535 41.55803
v -87.68504 21.16535 93.75079
v -85.66929 21.16535 14.15097
v -83.65354 21.16535 12.35710
v -81.63780 21.16535 30.60195
v -79.62205 21.16535 8.01102
v -77.60630 21.16535 18.05203
v -75.59055 21.16535 7.07957
v -73.57480 21.16535 17.54490
v -71.55906 21.16535 29.10680
v -69.54331 21.16535 9.89718
v -67.52756 21.16535 24.76252
v -65.51181 21.16535 25.59311
v -63.49606 21.16535 33.94563
v -61.48031 21.16535 21.66494
v -59.46457 21.16535 96.09351
v -57.44882 21.16535 87.06162
v -55.43307 21.16535 -37.37523
v -53.41732 21.16535 -16.66964
v -51.40157 21.16535 7.68888
v -49.38583 21.16535 -2.47908
v -47.37008 21.16535 -9.28317
v -45.35433 21.16535 -17.58069
v -43.33858 21.16535 -26.21052
v -41.32283 21.16535 -93.46523
v -39.30709 21.16535 -43.27993
v -37.29134 21.16535 -42.99780
v -35.27559 21.16535 9.74027
v -33.25984 21.16535 -22.03549
v -31.24409 21.16535 -22.29118
v -29.22835 21.16535 11.34029
v -27.21260 21.16535 4.19780
v -25.19685 21.16535 -17.48763
v -23.18110 21.16535 12.79256
v -21.16535 21.16535 -25.72079
v -19.14961 21.16535 -257.42383
v -17.13386 21.16535 -635.92865
v -15.11811 21.16535 -161.59531
v -13.10236 21.16535 -50.55179
v -11.08661 21.16535 -32.15462
v -9.07087 21.16535 -67.60645
v -7.05512 21.16535 -5.08322
v -5.03937 21.16535 -7.62377
v -3.02362 21.16535 -14.35530
v -1.00787 21.16535 -77.35571
v 1.00787 21.16535 -97.55579
v 3.02362 21.16535 -63.63354
v 5.03937 21.16535 -109.87479
v 7.05512 21.16535 14.38554
v 9.07087 21.16535 -39.98574
v 11.08661 21.16535 143.58188
v 13.10236 21.16535 -55.06145
v 15.11811 21.16535 -103.52601
v 17.13386 21.16535 -14.82918
v 19.14961 21.16535 -50.79543
v 21.16535 21.16535 8.23114
v 23.18110 21.16535 -23.23776
v 25.19685 21.16535 -4.70973
v 27.21260 21.16535 -39.98508
v 29.22835 21.16535 -42.69383
v 31.24409 21.16535 -18.37767
v 33.25984 21.16535 8.61639
v 35.27559 21.16535 2.95295
v 37.29134 21.16535 -1.99371
v 39.30709 21.16535 8.69881
v 41.32283 21.16535 -66.70036
v 43.33858 21.16535 -51.09501
v 45.35433 21.16535 26.59943
v 47.37008 21.16535 4.14291
v 49.38583 21.16535 14.75612
v 51.40157 21.16535 -5.92399
v 53.41732 21.16535 -41.64719
v 55.43307 21.16535 5.42659
v 57.44882 21.16535 -4.98418
v 59.46457 21.16535 59.24960
v 61.48031 21.16535 16.82063
v 63.49606 21.16535 16.85637
v 65.51181 21.16535 37.28495
v 67.52756 21.16535 -55.18396
v 69.54331 21.16535 -21.17430
v 71.55906 21.16535 129.59113
v 73.57480 21.16535 -38.69746
v 75.59055 21.16535 -28.62468
v 77.60630 21.16535 0.12354
v 79.62205 21.16535 -40.00275
v 81.63780 21.16535 -22.50226
v 83.65354 21.16535 -4.97359
v 85.66929 21.16535 0.14326
v 87.68504 21.16535 10.18883
v 89.70079 21.16535 9.14032
v 91.71654 21.16535 6.01502
v 93.73228 21.16535 5.25167
v 95.74803 21.16535 10.81789
v 97.76378 21.16535 8.09419
v 99.77953 21.16535 -2.15210
v 101.79528 21.16535 26.23460
v 103.81102 21.16535 13.38138
v 105.82677 21.16535 3.90456
v 107.84252 21.16535 10.40150
v 109.85827 21.16535 9.39736
v 111.87402 21.16535 31.98221
v 113.88976 21.16535 36.79647
v 115.90551 21.16535 84.21037
v 117.92126 21.16535 34.93117
v 119.93701 21.16535 -25.63141
v 121.95276 21.16535 8.49095
v 123.96850 21.16535 -46.37614
v 125.98425 21.16535 6.59377
v 128.00000 21.16535 -36.11055
v -128.00000 23.18110 -27.37465
v -125.98425 23.18110 26.77547
v -123.96850 23.18110 23.69464
v -121.95276 23.18110 44.08582
v -119.93701 23.18110 20.71876
v -117.92126 23.18110 27.32669
v -115.90551 23.18110 26.26922
v -113.88976 23.18110 4.53597
v -111.87402 23.18110 12.12971
v -109.85827 23.18110 26.43572
v -107.84252 23.18110 20.71024
v -105.82677 23.18110 3.38383
v -103.81102 23.18110 -1.42293
v -101.79528 23.18110 -13.68457
v -99.77953 23.18110 27.55312
v -97.76378 23.18110 47.04779
v -95.74803 23.18110 -20.19373
v -93.73228 23.18110 13.86694
v -91.71654 23.18110 11.15583
v -89.70079 23.18110 24.72264
v -87.68504 23.18110 82.90096
v -85.66929 23.18110 27.93023
v -83.65354 23.18110 25.31282
v -81.63780 23.18110 11.01032
v -79.62205 23.18110 5.00896
v -77.60630 23.18110 13.40594
v -75.59055 23.18110 17.55825
v -73.57480 23.18110 26.20148
v -71.55906 23.18110 17.68688
v -69.54331 23.18110 15.81261
v -67.52756 23.18110 31.18766
v -65.51181 23.18110 12.76531
v -63.49606 23.18110 47.09549
v -61.48031 23.18110 42.34093
v -59.46457 23.18110 51.56384
v -57.44882 23.18110 84.53109
v -55.43307 23.18110 -0.49030
v -53.41732 23.18110 -19.46980
v -51.40157 23.18110 12.96430
v -49.38583 23.18110 7.81541
v -47.37008 23.18110 -10.79024
v -45.35433 23.18110 -12.45996
v -43.33858 23.18110 -28.66715
v -41.32283 23.18110 -102.64333
v -39.30709 23.18110 -69.42109
v -37.29134 23.18110 -48.60265
v -35.27559 23.18110 -0.65349
v -33.25984 23.18110 -23.23256
v -31.24409 23.18110 -65.12703
v -29.22835 23.18110 18.00792
v -27.21260 23.18110 -3.97903
v -25.19685 23.18110 46.38660
v -23.18110 23.18110 -227.32880
v -21.16535 23.18110 -45.57043
v -19.14961 23.18110 -422.28290
v -17.13386 23.18110 -191.32060
v -15.11811 23.18110 -182.24796
v -13.10236 23.18110 -11.08822
v -11.08661 23.18110 -15.22499
v -9.07087 23.18110 68.40496
v -7.05512 23.18110 28.80647
v -5.03937 23.18110 -8.51272
v -3.02362 23.18110 -70.76299
v -1.00787 23.18110 -77.63680
v 1.00787 23.18110 -46.96861
v 3.02362 23.18110 17.20415
v 5.03937 23.18110 4.03877
v 7.05512 23.18110 -156.63815
v 9.07087 23.18110 -79.48545
v 11.08661 23.18110 67.66053
v 13.10236 23.18110 5.78421
v 15.11811 23.18110 -85.73779
v 17.13386 23.18110 -79.89652
v 19.14961 23.18110 -45.21870
v 21.16535 23.18110 24.28844
v 23.18110 23.18110 7.43735
v 25.19685 23.18110 11.50256
v 27.21260 23.18110 -2.89915
v 29.22835 23.18110 -23.87120
v 31.24409 23.18110 -78.65890
v 33.25984 23.18110 -37.69236
v 35.27559 23.18110 -63.27512
v 37.29134 23.18110 3.18098
v 39.30709 23.18110 -73.74238
v 41.32283 23.18110 -75.63557
v 43.33858 23.18110 -129.88774
v 45.35433 23.18110 3.35776
v 47.37008 23.18110 -4.88014
v 49.38583 23.18110 10.24211
v 51.40157 23.18110 -9.74517
v 53.41732 23.18110 -6.70159
v 55.43307 23.18110 -9.45047
v 57.44882 23.18110 -24.65237
v 59.46457 23.18110 8.37824
v 61.48031 23.18110 36.71746
v 63.49606 23.18110 22.99483
v 65.51181 23.18110 50.76875
v 67.52756 23.18110 -90.41885
v 69.54331 23.18110 -140.93414
v 71.55906 23.18110 -95.57357
v 73.57480 23.18110 -11.36429
v 75.59055 23.18110 -74.05751
v 77.60630 23.18110 -45.50020
v 79.62205 23.18110 -53.44883
v 81.63780 23.18110 -10.32432
v 83.65354 23.18110 -2.91419
v 85.66929 23.18110 8.33613
v 87.68504 23.18110 8.54224
v 89.70079 23.18110 7.22526
v 91.71654 23.18110 9.91039
v 93.73228 23.18110 2.04491
v 95.74803 23.18110 6.72198
v 97.76378 23.18110 7.06138
v 99.77953 23.18110 3.44504
v 101.79528 23.18110 18.37544
v 103.81102 23.18110 14.57451
v 105.82677 23.18110 6.94574
v 107.84252 23.18110 4.22828
v 109.85827 23.18110 5.44877
v 111.87402 23.18110 -6.53340
v 113.88976 23.18110 20.71937
v 115.90551 23.18110 -3.81239
v 117.92126 23.18110 39.65847
v 119.93701 23.18110 2.87262
v 121.95276 23.18110 -13.92314
v 123.96850 23.18110 -166.52426
v 125.98425 23.18110 -48.89467
v 128.00000 23.18110 37.55240
v -128.00000 25.19685 48.23879
v -125.98425 25.19685 32.78482
v -123.96850 25.19685 8.94427
v -121.95276 25.19685 29.17267
v -119.93701 25.19685 10.60839
v -117.92126 25.19685 6.85425
v -115.90551 25.19685 1.80068
v -113.88976 25.19685 5.38097
v -111.87402 25.19685 11.94453
v -109.85827 25.19685 19.72847
v -107.84252 25.19685 3.79902
v -105.82677 25.19685 26.66926
v -103.81102 25.19685 10.76725
v -101.79528 25.19685 -5.41188
v -99.77953 25.19685 32.00304
v -97.76378 25.19685 -15.01371
v -95.74803 25.19685 29.71588
v -93.73228 25.19685 9.20775
v -91.71654 25.19685 37.01846
v -89.70079 25.19685 0.38958
v -87.68504 25.19685 28.14983
v -85.66929 25.19685 43.28561
v -83.65354 25.19685 19.19982
v -81.63780 25.19685 -1.37029
v -79.62205 25.19685 -10.67259
v -77.60630 25.19685 10.33907
v -75.59055 25.19685 15.92183
v -73.57480 25.19685 -0.58218
v -71.55906 25.19685 -0.37795
v -69.54331 25.19685 -15.05185
v -67.52756 25.19685 9.13686
v -65.51181 25.19685 35.87426
v -63.49606 25.19685 51.61382
v -61.48031 25.19685 43.31157
v -59.46457 25.19685 11.66726
v -57.44882 25.19685 33.41035
v -55.43307 25.19685 -12.33225
v -53.41732 25.19685 7.73141
v -51.40157 25.19685 10.90815
v -49.38583 25.19685 0.50466
v -47.37008 25.19685 9.71434
v -45.35433 25.19685 -67.22169
v -43.33858 25.19685 -68.58456
v -41.32283 25.19685 -32.08125
v -39.30709 25.19685 -166.30249
v -37.29134 25.19685 -49.69362
v -35.27559 25.19685 -4.92699
v -33.25984 25.19685 6.26580
v -31.24409 25.19685 -59.18542
v -29.22835 25.19685 -23.90159
v -27.21260 25.19685 -125.02470
v -25.19685 25.19685 -56.11187
v -23.18110 25.19685 -85.50850
v -21.16535 25.19685 -168.41193
v -19.14961 25.19685 21.05901
v -17.13386 25.19685 -180.37083
v -15.11811 25.19685 -141.84773
v -13.10236 25.19685 -31.30769
v -11.08661 25.19685 -94.56116
v -9.07087 25.19685 38.30415
v -7.05512 25.19685 9.53972
v -5.03937 25.19685 -5.08739
v -3.02362 25.19685 -102.18596
v -1.00787 25.19685 -172.51854
v 1.00787 25.19685 -64.20909
v 3.02362 25.19685 -30.67841
v 5.03937 25.19685 7.93731
v 7.05512 25.19685 -139.92291
v 9.07087 25.19685 -253.65282
v 11.08661 25.19685 -13.08683
v 13.10236 25.19685 1.46045
v 15.11811 25.19685 -77.21127
v 17.13386 25.19685 3.92591
v 19.14961 25.19685 13.29014
v 21.16535 25.19685 43.09234
v 23.18110 25.19685 16.62383
v 25.19685 25.19685 -66.14036
v 27.21260 25.19685 -4.87585
v 29.22835 25.19685 -24.38071
v 31.24409 25.19685 -58.04033
v 33.25984 25.19685 -52.33778
v 35.27559 25.19685 -48.41343
v 37.29134 25.19685 -58.90688
v 39.30709 25.19685 -22.59211
v 41.32283 25.19685 -74.87907
v 43.33858 25.19685 -78.44775
v 45.35433 25.19685 20.83160
v 47.37008 25.19685 16.86941
v 49.38583 25.19685 -2.24204
v 51.40157 25.19685 7.95863
v 53.41732 25.19685 -12.63301
v 55.43307 25.19685 13.34985
v 57.44882 25.19685 -18.66959
v 59.46457 25.19685 3.16011
v 61.48031 25.19685 19.50524
v 63.49606 25.19685 18.67549
v 65.51181 25.19685 -3.67826
v 67.52756 25.19685 -53.59770
v 69.54331 25.19685 -129.44699
v 71.55906 25.19685 -79.75666
v 73.57480 25.19685 -4.74437
v 75.59055 25.19685 22.89046
v 77.60630 25.19685 -63.35706
v 79.62205 25.19685 -10.35012
v 81.63780 25.19685 -14.38489
v 83.65354 25.19685 3.56852
v 85.66929 25.19685 4.32630
v 87.68504 25.19685 3.46844
v 89.70079 25.19685 7.60821
v 91.71654 25.19685 7.04612
v 93.73228 25.19685 8.58780
v 95.74803 25.19685 10.60483
v 97.76378 25.19685 8.79027
v 99.77953 25.19685 2.02102
v 101.79528 25.19685 9.72488
v 103.81102 25.19685 8.72647
v 105.82677 25.19685 0.50688
v 107.84252 25.19685 14.48390
v 109.85827 25.19685 11.51331
v 111.87402 25.19685 1.03584
v 113.88976 25.19685 -18.27927
v 115.90551 25.19685 -32.27741
v 117.92126 25.19685 -21.05771
v 119.93701 25.19685 -67.17326
v 121.95276 25.19685 -100.74393
v 123.96850 25.19685 -203.31615
v 125.98425 25.19685 -34.35061
v 128.00000 25.19685 -5.78207
v -128.00000 27.21260 -1.11524
v -125.98425 27.21260 22.99985
v -123.96850 27.21260 4.99705
v -121.95276 27.21260 -3.00497
v -119.93701 27.21260 23.91166
v -117.92126 27.21260 45.94677
v -115.90551 27.21260 11.12551
v -113.88976 27.21260 13.61024
v -111.87402 27.21260 8.66694
v -109.85827 27.21260 5.23280
v -107.84252 27.21260 16.48321
v -105.82677 27.21260 -9.50361
v -103.81102 27.21260 23.44561
v -101.79528 27.21260 25.62787
v -99.77953 27.21260 18.02057
v -97.76378 27.21260 17.99447
v -95.74803 27.21260 20.41666
v -93.73228 27.21260 17.99262
v -91.71654 27.21260 23.12277
v -89.70079 27.21260 21.26197
v -87.68504 27.21260 -5.27851
v -85.66929 27.21260 13.80889
v -83.65354 27.21260 -1.49533
v -81.63780 27.21260 10.06827
v -79.62205 27.21260 12.22787
v -77.60630 27.21260 5.87658
v -75.59055 27.21260 -16.23494
v -73.57480 27.21260 -10.45431
v -71.55906 27.21260 -24.84885
v -69.54331 27.21260 21.18405
v -67.52756 27.21260 37.97435
v -65.51181 27.21260 50.98375
v -63.49606 27.21260 43.66551
v -61.48031 27.21260 31.16492
v -59.46457 27.21260 -26.34394
v -57.44882 27.21260 14.42842
v -55.43307 27.21260 -9.73092
v -53.41732 27.21260 -29.57060
v -51.40157 27.21260 1.77280
v -49.38583 27.21260 -9.40894
v -47.37008 27.21260 -11.51199
v -45.35433 27.21260 -44.17530
v -43.33858 27.21260 -57.28675
v -41.32283 27.21260 -76.51628
v -39.30709 27.21260 -67.85187
v -37.29134 27.21260 -46.08732
v -35.27559 27.21260 -16.71422
v -33.25984 27.21260 28.21253
v -31.24409 27.21260 -3.29575
v -29.22835 27.21260 -43.88832
v -27.21260 27.21260 -71.28077
v -25.19685 27.21260 -138.13507
v -23.18110 27.21260 -120.12115
v -21.16535 27.21260 -126.77802
v -19.14961 27.21260 -150.26321
v -17.13386 27.21260 -603.41858
v -15.11811 27.21260 -184.02785
v -13.10236 27.21260 -154.36191
v -11.08661 27.21260 -47.97761
v -9.07087 27.21260 -38.42118
v -7.05512 27.21260 -32.80704
v -5.03937 27.21260 -21.51329
v -3.02362 27.21260 -51.22298
v -1.00787 27.21260 -39.06326
v 1.00787 27.21260 -150.31584
v 3.02362 27.21260 -207.71736
v 5.03937 27.21260 -53.51585
v 7.05512 27.21260 -81.34126
v 9.07087 27.21260 -307.26089
v 11.08661 27.21260 -87.36514
v 13.10236 27.21260 -20.34949
v 15.11811 27.21260 -201.45369
v 17.13386 27.21260 -92.95184
v 19.14961 27.21260 -89.18169
v 21.16535 27.21260 9.95534
v 23.18110 27.21260 -17.36438
v 25.19685 27.21260 -61.78791
v 27.21260 27.21260 29.19007
v 29.22835 27.21260 -41.29811
v 31.24409 27.21260 -59.75162
v 33.25984 27.21260 -51.70026
v 35.27559 27.21260 -172.25101
v 37.29134 27.21260 -156.91759
v 39.30709 27.21260 -196.58696
v 41.32283 27.21260 -43.80362
v 43.33858 27.21260 -104.67584
v 45.35433 27.21260 0.69127
v 47.37008 27.21260 -20.45515
v 49.38583 27.21260 -14.56373
v 51.40157 27.21260 -3.61547
v 53.41732 27.21260 2.61519
v 55.43307 27.21260 5.99004
v 57.44882 27.21260 -11.04173
v 59.46457 27.21260 -33.01580
v 61.48031 27.21260 6.28907
v 63.49606 27.21260 -1.93351
v 65.51181 27.21260 -36.01381
v 67.52756 27.21260 -32.63486
v 69.54331 27.21260 -58.69476
v 71.55906 27.21260 -7.92429
v 73.57480 27.21260 -27.56272
v 75.59055 27.21260 -47.63475
v 77.60630 27.21260 -24.61690
v 79.62205 27.21260 3.29367
v 81.63780 27.21260 2.71679
v 83.65354 27.21260 8.23400
v 85.66929 27.21260 12.09770
v 87.68504 27.21260 2.05110
v 89.70079 27.21260 10.72678
v 91.71654 27.21260 6.54707
v 93.73228 27.21260 2.99265
v 95.74803 27.21260 7.36492
v 97.76378 27.21260 6.87190
v 99.77953 27.21260 15.03990
v 101.79528 27.21260 8.78849
v 103.81102 27.21260 6.39507
v 105.82677 27.21260 7.06284
v 107.84252 27.21260 6.85222
v 109.85827 27.21260 3.47335
v 111.87402 27.21260 14.42583
v 113.88976 27.21260 0.92537
v 115.90551 27.21260 -14.00549
v 117.92126 27.21260 -9.72891
v 119.93701 27.21260 -126.29154
v 121.95276 27.21260 -152.06236
v 123.96850 27.21260 -143.42030
v 125.98425 27.21260 1.25079
v 128.00000 27.21260 20.41158
v -128.00000 29.22835 36.42775
v -125.98425 29.22835 4.87015
v -123.96850 29.22835 1.68217
v -121.95276 29.22835 10.50574
v -119.93701 29.22835 25.75351
v -117.92126 29.22835 17.34218
v -115.90551 29.22835 55.00023
v -113.88976 29.22835 24.52694
v -111.87402 29.22835 -1.71834
v -109.85827 29.22835 -5.24451
v -107.84252 29.22835 -6.66378
v -105.82677 29.22835 -26.09635
v -103.81102 29.22835 21.43215
v -101.79528 29.22835 22.57219
v -99.77953 29.22835 31.05471
v -97.76378 29.22835 5.60083
v -95.74803 29.22835 15.25900
v -93.73228 29.22835 17.25367
v -91.71654 29.22835 17.24740
v -89.70079 29.22835 14.98082
v -87.68504 29.22835 5.88904
v -85.66929 29.22835 -6.07185
v -83.65354 29.22835 -6.95423
v -81.63780 29.22835 5.49139
v -79.62205 29.22835 16.85397
v -77.60630 29.22835 17.83173
v -75.59055 29.22835 20.10344
v -73.57480 29.22835 0.94151
v -71.55906 29.22835 -60.53587
v -69.54331 29.22835 -53.62750
v -67.52756 29.22835 104.51481
v -65.51181 29.22835 57.76392
v -63.49606 29.22835 75.16366
v -61.48031 29.22835 44.15441
v -59.46457 29.22835 12.10744
v -57.44882 29.22835 -22.30679
v -55.43307 29.22835 -31.75661
v -53.41732 29.22835 -1.53790
v -51.40157 29.22835 -0.51107
v -49.38583 29.22835 -5.91322
v -47.37008 29.22835 27.75235
v -45.35433 29.22835 -45.48075
v -43.33858 29.22835 -10.17732
v -41.32283 29.22835 -68.10674
v -39.30709 29.22835 -84.31959
v -37.29134 29.22835 -25.28229
v -35.27559 29.22835 -3.30507
v -33.25984 29.22835 8.30848
v -31.24409 29.22835 7.27524
v -29.22835 29.22835 -21.60151
v -27.21260 29.22835 -47.97351
v -25.19685 29.22835 -117.83415
v -23.18110 29.22835 -104.80743
v -21.16535 29.22835 -128.11490
v -19.14961 29.22835 -343.08481
v -17.13386 29.22835 -122.39755
v -15.11811 29.22835 -93.72183
v -13.10236 29.22835 -63.54511
v -11.08661 29.22835 93.53388
v -9.07087 29.22835 3.49302
v -7.05512 29.22835 -25.79864
v -5.03937 29.22835 -66.14072
v -3.02362 29.22835 -61.40959
v -1.00787 29.22835 -178.83473
v 1.00787 29.22835 -464.42166
v 3.02362 29.22835 -145.74309
v 5.03937 29.22835 -107.56100
v 7.05512 29.22835 -115.52589
v 9.07087 29.22835 -202.55481
v 11.08661 29.22835 -111.52766
v 13.10236 29.22835 -73.92694
v 15.11811 29.22835 19.15891
v 17.13386 29.22835 -87.32378
v 19.14961 29.22835 -49.42703
v 21.16535 29.22835 80.16814
v 23.18110 29.22835 56.62399
v 25.19685 29.22835 22.69631
v 27.21260 29.22835 -82.81262
v 29.22835 29.22835 -8.02390
v 31.24409 29.22835 -40.42385
v 33.25984 29.22835 -134.10460
v 35.27559 29.22835 -0.78681
v 37.29134 29.22835 -103.04651
v 39.30709 29.22835 -89.91071
v 41.32283 29.22835 -37.60323
v 43.33858 29.22835 -67.76365
v 45.35433 29.22835 45.88700
v 47.37008 29.22835 12.12200
v 49.38583 29.22835 -0.21187
v 51.40157 29.22835 18.89717
v 53.41732 29.22835 14.06368
v 55.43307 29.22835 16.50517
v 57.44882 29.22835 12.69563
v 59.46457 29.22835 -9.92123
v 61.48031 29.22835 -1.22690
v 63.49606 29.22835 -9.40192
v 65.51181 29.22835 -3.04174
v 67.52756 29.22835 -33.69369
v 69.54331 29.22835 0.40962
v 71.55906 29.22835 3.59921
v 73.57480 29.22835 -42.87626
v 75.59055 29.22835 -16.84363
v 77.60630 29.22835 -31.68001
v 79.62205 29.22835 -11.42462
v 81.63780 29.22835 -2.97598
v 83.65354 29.22835 10.57283
v 85.66929 29.22835 -3.63906
v 87.68504 29.22835 5.96514
v 89.70079 29.22835 7.85189
v 91.71654 29.22835 1.44330
v 93.73228 29.22835 4.84506
v 95.74803 29.22835 7.45441
v 97.76378 29.22835 4.29450
v 99.77953 29.22835 13.10590
v 101.79528 29.22835 4.57397
v 103.81102 29.22835 10.18625
v 105.82677 29.22835 10.65443
v 107.84252 29.22835 9.43941
v 109.85827 29.22835 6.61785
v 111.87402 29.22835 21.50933
v 113.88976 29.22835 1.61717
v 115.90551 29.22835 -22.54784
v 117.92126 29.22835 0.04542
v 119.93701 29.22835 -11.91883
v 121.95276 29.22835 -107.84006
v 123.96850 29.22835 -51.42669
v 125.98425 29.22835 5.63164
v 128.00000 29.22835 -73.78570
v -128.00000 31.24409 -28.48998
v -125.98425 31.24409 -7.18948
v -123.96850 31.24409 5.15665
v -121.95276 31.24409 16.46695
v -119.93701 31.24409 50.83538
v -117.92126 31.24409 35.58256
v -115.90551 31.24409 -2.16232
v -113.88976 31.24409 -25.73769
v -111.87402 31.24409 2.98605
v -109.85827 31.24409 42.98941
v -107.84252 31.24409 38.28189
v -105.82677 31.24409 26.70800
v -103.81102 31.24409 17.25883
v -101.79528 31.24409 21.13769
v -99.77953 31.24409 17.72238
v -97.76378 31.24409 24.20426
v -95.74803 31.24409 16.76270
v -93.73228 31.24409 15.61494
v -91.71654 31.24409 11.20243
v -89.70079 31.24409 11.94973
v -87.68504 31.24409 3.62772
v -85.66929 31.24409 3.07771
v -83.65354 31.24409 5.95957
v -81.63780 31.24409 1.73775
v -79.62205 31.24409 2.08309
v -77.60630 31.24409 20.52634
v -75.59055 31.24409 24.44258
v -73.57480 31.24409 11.21748
v -71.55906 31.24409 -18.77235
v -69.54331 31.24409 6.08778
v -67.52756 31.24409 41.80621
v -65.51181 31.24409 101.73308
v -63.49606 31.24409 49.27987
v -61.48031 31.24409 31.10886
v -59.46457 31.24409 43.28162
v -57.44882 31.24409 11.25562
v -55.43307 31.24409 6.64569
v -53.41732 31.24409 -6.43011
v -51.40157 31.24409 2.69458
v -49.38583 31.24409 -17.58076
v -47.37008 31.24409 2.95432
v -45.35433 31.24409 -22.38763
v -43.33858 31.24409 -167.03386
v -41.32283 31.24409 -76.00360
v -39.30709 31.24409 -42.85641
v -37.29134 31.24409 -18.59189
v -35.27559 31.24409 18.89607
v -33.25984 31.24409 22.47666
v -31.24409 31.24409 15.87514
v -29.22835 31.24409 -12.75442
v -27.21260 31.24409 14.45430
v -25.19685 31.24409 -19.18695
v -23.18110 31.24409 -67.68269
v -21.16535 31.24409 -27.45592
v -19.14961 31.24409 -237.88080
v -17.13386 31.24409 -150.58478
v -15.11811 31.24409 -158.48335
v -13.10236 31.24409 -12.19661
v -11.08661 31.24409 -143.42302
v -9.07087 31.24409 -50.39142
v -7.05512 31.24409 23.61875
v -5.03937 31.24409 -58.56507
v -3.02362 31.24409 42.61916
v -1.00787 31.24409 -143.26799
v 1.00787 31.24409 -246.62810
v 3.02362 31.24409 -485.73965
v 5.03937 31.24409 18.43531
v 7.05512 31.24409 -18.03165
v 9.07087 31.24409 -111.18511
v 11.08661 31.24409 32.42890
v 13.10236 31.24409 -7.28732
v 15.11811 31.24409 16.71995
v 17.13386 31.24409 124.56644
v 19.14961 31.24409 176.23125
v 21.16535 31.24409 167.72577
v 23.18110 31.24409 132.13440
v 25.19685 31.24409 -101.62221
v 27.21260 31.24409 -35.82939
v 29.22835 31.24409 -118.02257
v 31.24409 31.24409 -63.61166
v 33.25984 31.24409 24.37742
v 35.27559 31.24409 -31.55530
v 37.29134 31.24409 -24.70432
v 39.30709 31.24409 -42.27045
v 41.32283 31.24409 -8.57065
v 43.33858 31.24409 -64.45050
v 45.35433 31.24409 2.67631
v 47.37008 31.24409 65.24883
v 49.38583 31.24409 0.84024
v 51.40157 31.24409 10.63867
v 53.41732 31.24409 18.35654
v 55.43307 31.24409 12.91267
v 57.44882 31.24409 4.56697
v 59.46457 31.24409 2.24949
v 61.48031 31.24409 6.14591
v 63.49606 31.24409 3.80822
v 65.51181 31.24409 -2.95673
v 67.52756 31.24409 -16.02389
v 69.54331 31.24409 7.60041
v 71.55906 31.24409 0.03079
v 73.57480 31.24409 10.97689
v 75.59055 31.24409 -15.72907
v 77.60630 31.24409 1.31347
v 79.62205 31.24409 -9.54559
v 81.63780 31.24409 -0.58138
v 83.65354 31.24409 1.49911
v 85.66929 31.24409 1.57401
v 87.68504 31.24409 10.87481
v 89.70079 31.24409 8.83518
v 91.71654 31.24409 1.02738
v 93.73228 31.24409 4.40428
v 95.74803 31.24409 -3.16517
v 97.76378 31.24409 11.02110
v 99.77953 31.24409 6.42799
v 101.79528 31.24409 6.16146
v 103.81102 31.24409 1.67648
v 105.82677 31.24409 0.90177
v 107.84252 31.24409 -4.47541
v 109.85827 31.24409 -2.47871
v 111.87402 31.24409 16.25388
v 113.88976 31.24409 -19.46346
v 115.90551 31.24409 -10.11935
v 117.92126 31.24409 -21.61822
v 119.93701 31.24409 -8.09949
v 121.95276 31.24409 -97.57349
v 123.96850 31.24409 -88.12571
v 125.98425 31.24409 -149.39684
v 128.00000 31.24409 -53.67833
v -128.00000 33.25984 -17.68456
v -125.98425 33.25984 -18.90332
v -123.96850 33.25984 7.80211
v -121.95276 33.25984 4.45401
v -119.93701 33.25984 17.86475
v -117.92126 33.25984 50.68704
v -115.90551 33.25984 114.89398
v -113.88976 33.25984 -24.80321
v -111.87402 33.25984 34.55857
v -109.85827 33.25984 132.22859
v -107.84252 33.25984 79.92108
v -105.82677 33.25984 17.87406
v -103.81102 33.25984 63.44401
v -101.79528 33.25984 -2.82801
v -99.77953 33.25984 33.40642
v -97.76378 33.25984 12.90785
v -95.74803 33.25984 22.23217
v -93.73228 33.25984 7.64724
v -91.71654 33.25984 8.86684
v -89.70079 33.25984 7.42941
v -87.68504 33.25984 5.25349
v -85.66929 33.25984 24.01413
v -83.65354 33.25984 2.84273
v -81.63780 33.25984 4.36688
v -79.62205 33.25984 33.52628
v -77.60630 33.25984 16.47230
v -75.59055 33.25984 15.09289
v -73.57480 33.25984 20.36094
v -71.55906 33.25984 -12.91191
v -69.54331 33.25984 -24.67503
v -67.52756 33.25984 -2.00778
v -65.51181 33.25984 -36.47094
v -63.49606 33.25984 -3.08457
v -61.48031 33.25984 5.80171
v -59.46457 33.25984 42.72249
v -57.44882 33.25984 12.24746
v -55.43307 33.25984 15.43619
v -53.41732 33.25984 1.97165
v -51.40157 33.25984 5.47884
v -49.38583 33.25984 -7.49200
v -47.37008 33.25984 2.18157
v -45.35433 33.25984 -25.57357
v -43.33858 33.25984 -152.65225
v -41.32283 33.25984 -99.04124
v -39.30709 33.25984 -2.59342
v -37.29134 33.25984 -22.83736
v -35.27559 33.25984 27.96590
v -33.25984 33.25984 19.41259
v -31.24409 33.25984 1.33336
v -29.22835 33.25984 -2.68164
v -27.21260 33.25984 -4.04587
v -25.19685 33.25984 -39.28554
v -23.18110 33.25984 -11.73053
v -21.16535 33.25984 -190.49411
v -19.14961 33.25984 -213.08278
v -17.13386 33.25984 -26.72318
v -15.11811 33.25984 -523.31067
v -13.10236 33.25984 -347.44824
v -11.08661 33.25984 -38.55816
v -9.07087 33.25984 -32.84908
v -7.05512 33.25984 31.11277
v -5.03937 33.25984 65.52369
v -3.02362 33.25984 -32.83388
v -1.00787 33.25984 -110.81590
v 1.00787 33.25984 -276.10043
v 3.02362 33.25984 -179.69429
v 5.03937 33.25984 -73.14853
v 7.05512 33.25984 -339.87830
v 9.07087 33.25984 -75.79657
v 11.08661 33.25984 39.88392
v 13.10236 33.25984 -98.64093
v 15.11811 33.25984 117.98981
v 17.13386 33.25984 131.19699
v 19.14961 33.25984 133.26755
v 21.16535 33.25984 144.44603
v 23.18110 33.25984 -34.03065
v 25.19685 33.25984 -131.29654
v 27.21260 33.25984 -83.76849
v 29.22835 33.25984 -136.71964
v 31.24409 33.25984 0.85868
v 33.25984 33.25984 -166.79918
v 35.27559 33.25984 -104.89449
v 37.29134 33.25984 27.39674
v 39.30709 33.25984 -5.21756
v 41.32283 33.25984 1.07197
v 43.33858 33.25984 -42.61338
v 45.35433 33.25984 -26.06766
v 47.37008 33.25984 26.20251
v 49.38583 33.25984 8.13010
v 51.40157 33.25984 19.49944
v 53.41732 33.25984 6.46942
v 55.43307 33.25984 -1.68212
v 57.44882 33.25984 1.79663
v 59.46457 33.25984 2.94364
v 61.48031 33.25984 7.67916
v 63.49606 33.25984 -1.56084
v 65.51181 33.25984 -1.11542
v 67.52756 33.25984 4.23762
v 69.54331 33.25984 3.89258
v 71.55906 33.25984 14.90069
v 73.57480 33.25984 2.42644
v 75.59055 33.25984 -4.17136
v 77.60630 33.25984 -15.18603
v 79.62205 33.25984 -6.98105
v 81.63780 33.25984 -4.97584
v 83.65354 33.25984 -4.52647
v 85.66929 33.25984 13.73662
v 87.68504 33.25984 12.52235
v 89.70079 33.25984 12.28465
v 91.71654 33.25984 -6.18725
v 93.73228 33.25984 -12.22644
v 95.74803 33.25984 -3.84384
v 97.76378 33.25984 4.78496
v 99.77953 33.25984 13.83442
v 101.79528 33.25984 -0.94055
v 103.81102 33.25984 10.99660
v 105.82677 33.25984 6.94754
v 107.84252 33.25984 15.44675
v 109.85827 33.25984 1.45768
v 111.87402 33.25984 10.49893
v 113.88976 33.25984 -5.74682
v 115.90551 33.25984 4.90713
v 117.92126 33.25984 -7.49669
v 119.93701 33.25984 -41.24316
v 121.95276 33.25984 -92.19367
v 123.96850 33.25984 -118.36352
v 125.98425 33.25984 -77.80217
v 128.00000 33.25984 -35.28428
v -128.00000 35.27559 -28.67299
v -125.98425 35.27559 -19.60953
v -123.96850 35.27559 1.53857
v -121.95276 35.27559 6.02819
v -119.93701 35.27559 37.39189
v -117.92126 35.27559 27.72007
v -115.90551 35.27559 -29.11310
v -113.88976 35.27559 7.98529
v -111.87402 35.27559 102.93826
v -109.85827 35.27559 163.69341
v -107.84252 35.27559 53.86238
v -105.82677 35.27559 58.91368
v -103.81102 35.27559 127.22746
v -101.79528 35.27559 52.00267
v -99.77953 35.27559 33.11384
v -97.76378 35.27559 18.66815
v -95.74803 35.27559 8.62543
v -93.73228 35.27559 9.34121
v -91.71654 35.27559 4.93633
v -89.70079 35.27559 9.81891
v -87.68504 35.27559 6.15175
v -85.66929 35.27559 3.16817
v -83.65354 35.27559 19.48479
v -81.63780 35.27559 -11.55167
v -79.62205 35.27559 10.17981
v -77.60630 35.27559 2.18675
v -75.59055 35.27559 -13.58024
v -73.57480 35.27559 -4.38142
v -71.55906 35.27559 -14.46939
v -69.54331 35.27559 4.77800
v -67.52756 35.27559 -31.09584
v -65.51181 35.27559 -114.14571
v -63.49606 35.27559 -138.01205
v -61.48031 35.27559 -17.13666
v -59.46457 35.27559 -74.29948
v -57.44882 35.27559 -15.70643
v -55.43307 35.27559 -12.35797
v -53.41732 35.27559 -0.49832
v -51.40157 35.27559 8.68137
v -49.38583 35.27559 -12.36700
v -47.37008 35.27559 33.79203
v -45.35433 35.27559 26.27335
v -43.33858 35.27559 -62.33662
v -41.32283 35.27559 5.06689
v -39.30709 35.27559 -13.31828
v -37.29134 35.27559 -14.93144
v -35.27559 35.27559 -0.52422
v -33.25984 35.27559 -9.64909
v -31.24409 35.27559 -3.57663
v -29.22835 35.27559 -17.61073
v -27.21260 35.27559 22.43708
v -25.19685 35.27559 -28.61074
v -23.18110 35.27559 6.11163
v -21.16535 35.27559 -138.26933
v -19.14961 35.27559 5.07716
v -17.13386 35.27559 -88.30258
v -15.11811 35.27559 -363.20331
v -13.10236 35.27559 -64.16767
v -11.08661 35.27559 -210.58618
v -9.07087 35.27559 19.53430
v -7.05512 35.27559 -33.56917
v -5.03937 35.27559 146.08958
v -3.02362 35.27559 59.36858
v -1.00787 35.27559 31.54285
v 1.00787 35.27559 -169.28978
v 3.02362 35.27559 25.48127
v 5.03937 35.27559 -90.64455
v 7.05512 35.27559 -24.92143
v 9.07087 35.27559 -74.55476
v 11.08661 35.27559 58.46632
v 13.10236 35.27559 5.03716
v 15.11811 35.27559 56.18611
v 17.13386 35.27559 34.09949
v 19.14961 35.27559 135.74326
v 21.16535 35.27559 193.67848
v 23.18110 35.27559 -23.85375
v 25.19685 35.27559 -45.61906
v 27.21260 35.27559 -46.14318
v 29.22835 35.27559 -118.79405
v 31.24409 35.27559 -6.15997
v 33.25984 35.27559 -45.53032
v 35.27559 35.27559 26.74261
v 37.29134 35.27559 -27.80179
v 39.30709 35.27559 -50.69452
v 41.32283 35.27559 7.64684
v 43.33858 35.27559 29.24802
v 45.35433 35.27559 72.59220
v 47.37008 35.27559 51.45041
v 49.38583 35.27559 25.48299
v 51.40157 35.27559 23.33421
v 53.41732 35.27559 10.57826
v 55.43307 35.27559 8.07651
v 57.44882 35.27559 9.55772
v 59.46457 35.27559 -3.16666
v 61.48031 35.27559 -0.37008
v 63.49606 35.27559 -3.35744
v 65.51181 35.27559 -7.26816
v 67.52756 35.27559 13.58941
v 69.54331 35.27559 11.40212
v 71.55906 35.27559 -0.96432
v 73.57480 35.27559 7.69000
v 75.59055 35.27559 -10.03070
v 77.60630 35.27559 2.91303
v 79.62205 35.27559 -15.95610
v 81.63780 35.27559 -4.95083
v 83.65354 35.27559 -44.34878
v 85.66929 35.27559 -10.77647
v 87.68504 35.27559 -27.25366
v 89.70079 35.27559 -4.69439
v 91.71654 35.27559 -2.91559
v 93.73228 35.27559 -9.76808
v 95.74803 35.27559 -7.14823
v 97.76378 35.27559 1.59104
v 99.77953 35.27559 -0.47733
v 101.79528 35.27559 -0.60303
v 103.81102 35.27559 8.34196
v 105.82677 35.27559 7.42499
v 107.84252 35.27559 9.79437
v 109.85827 35.27559 10.35547
v 111.87402 35.27559 2.18543
v 113.88976 35.27559 -14.30834
v 115.90551 35.27559 -9.76737
v 117.92126 35.27559 -19.89366
v 119.93701 35.27559 -136.87289
v 121.95276 35.27559 -63.09039
v 123.96850 35.27559 -65.98172
v 125.98425 35.27559 -28.61696
v 128.00000 35.27559 3.41494
v -128.00000 37.29134 -25.74645
v -125.98425 37.29134 -13.41072
v -123.96850 37.29134 10.82648
v -121.95276 37.29134 17.25290
v -119.93701 37.29134 -11.71359
v -117.92126 37.29134 -3.54266
v -115.90551 37.29134 -29.71429
v -113.88976 37.29134 -113.44120
v -111.87402 37.29134 101.03116
v -109.85827 37.29134 144.82741
v -107.84252 37.29134 172.65266
v -105.82677 37.29134 100.03786
v -103.81102 37.29134 34.49956
v -101.79528 37.29134 51.33965
v -99.77953 37.29134 16.83657
v -97.76378 37.29134 9.16648
v -95.74803 37.29134 8.42069
v -93.73228 37.29134 8.08548
v -91.71654 37.29134 10.33146
v -89.70079 37.29134 8.78411
v -87.68504 37.29134 4.96347
v -85.66929 37.29134 12.23882
v -83.65354 37.29134 6.00903
v -81.63780 37.29134 1.37651
v -79.62205 37.29134 -5.38519
v -77.60630 37.29134 1.04631
v -75.59055 37.29134 -5.46491
v -73.57480 37.29134 -10.83568
v -71.55906 37.29134 -11.66994
v -69.54331 37.29134 6.38452
v -67.52756 37.29134 5.51287
v -65.51181 37.29134 -77.98627
v -63.49606 37.29134 -196.42432
v -61.48031 37.29134 -28.45429
v -59.46457 37.29134 -11.24514
v -57.44882 37.29134 -32.84242
v -55.43307 37.29134 -2.29475
v -53.41732 37.29134 -35.24547
v -51.40157 37.29134 -45.31063
v -49.38583 37.29134 -18.15766
v -47.37008 37.29134 90.55602
v -45.35433 37.29134 34.65494
v -43.33858 37.29134 -0.11079
v -41.32283 37.29134 -25.70219
v -39.30709 37.29134 -3.60607
v -37.29134 37.29134 4.12371
v -35.27559 37.29134 -30.71959
v -33.25984 37.29134 -11.26576
v -31.24409 37.29134 -41.56196
v -29.22835 37.29134 -23.57997
v -27.21260 37.29134 -28.11381
v -25.19685 37.29134 -54.61018
v -23.18110 37.29134 -62.91803
v -21.16535 37.29134 -179.70927
v -19.14961 37.29134 -109.33154
v -17.13386 37.29134 -190.42342
v -15.11811 37.29134 -309.95596
v -13.10236 37.29134 -140.06975
v -11.08661 37.29134 -320.58130
v -9.07087 37.29134 -43.08635
v -7.05512 37.29134 40.47636
v -5.03937 37.29134 252.36415
v -3.02362 37.29134 49.91288
v -1.00787 37.29134 62.53633
v 1.00787 37.29134 40.41107
v 3.02362 37.29134 -74.08932
v 5.03937 37.29134 -23.77979
v 7.05512 37.29134 -29.59258
v 9.07087 37.29134 -12.80405
v 11.08661 37.29134 -4.19878
v 13.10236 37.29134 70.96082
v 15.11811 37.29134 13.28283
v 17.13386 37.29134 -20.89730
v 19.14961 37.29134 44.15876
v 21.16535 37.29134 -13.94557
v 23.18110 37.29134 -131.60878
v 25.19685 37.29134 -81.18819
v 27.21260 37.29134 -92.20216
v 29.22835 37.29134 -178.40535
v 31.24409 37.29134 -32.43639
v 33.25984 37.29134 -69.24882
v 35.27559 37.29134 7.16575
v 37.29134 37.29134 -16.71482
v 39.30709 37.29134 -6.49014
v 41.32283 37.29134 -9.79883
v 43.33858 37.29134 -1.44685
v 45.35433 37.29134 1.79639
v 47.37008 37.29134 35.67473
v 49.38583 37.29134 -14.90391
v 51.40157 37.29134 3.22347
v 53.41732 37.29134 -11.31122
v 55.43307 37.29134 -2.03432
v 57.44882 37.29134 0.89692
v 59.46457 37.29134 -9.37409
v 61.48031 37.29134 -1.53653
v 63.49606 37.29134 -13.36597
v 65.51181 37.29134 2.66623
v 67.52756 37.29134 16.77661
v 69.54331 37.29134 7.10815
v 71.55906 37.29134 13.50557
v 73.57480 37.29134 -0.07109
v 75.59055 37.29134 7.37201
v 77.60630 37.29134 7.93968
v 79.62205 37.29134 9.79056
v 81.63780 37.29134 7.73832
v 83.65354 37.29134 -122.25386
v 85.66929 37.29134 -51.66549
v 87.68504 37.29134 -24.26637
v 89.70079 37.29134 -74.82932
v 91.71654 37.29134 -11.90228
v 93.73228 37.29134 -5.88370
v 95.74803 37.29134 -11.24492
v 97.76378 37.29134 -4.06935
v 99.77953 37.29134 4.87317
v 101.79528 37.29134 12.51153
v 103.81102 37.29134 0.25827
v 105.82677 37.29134 8.21858
v 107.84252 37.29134 13.92863
v 109.85827 37.29134 6.62938
v 111.87402 37.29134 12.00722
v 113.88976 37.29134 -1.06237
v 115.90551 37.29134 -26.45576
v 117.92126 37.29134 25.67332
v 119.93701 37.29134 9.91281
v 121.95276 37.29134 -45.10068
v 123.96850 37.29134 -4.23899
v 125.98425 37.29134 38.53402
v 128.00000 37.29134 64.01734
v -128.00000 39.30709 -10.53237
v -125.98425 39.30709 -9.41036
v -123.96850 39.30709 12.74577
v -121.95276 39.30709 -2.34359
v -119.93701 39.30709 21.84393
v -117.92126 39.30709 -7.38671
v -115.90551 39.30709 -17.58588
v -113.88976 39.30709 -53.89562
v -111.87402 39.30709 33.00148
v -109.85827 39.30709 193.93105
v -107.84252 39.30709 47.87720
v -105.82677 39.30709 48.37303
v -103.81102 39.30709 -14.13026
v -101.79528 39.30709 28.02502
v -99.77953 39.30709 0.88574
v -97.76378 39.30709 3.80054
v -95.74803 39.30709 5.22444
v -93.73228 39.30709 1.41966
v -91.71654 39.30709 1.84617
v -89.70079 39.30709 4.17804
v -87.68504 39.30709 1.91290
v -85.66929 39.30709 -4.35684
v -83.65354 39.30709 11.28993
v -81.63780 39.30709 15.62281
v -79.62205 39.30709 12.91030
v -77.60630 39.30709 3.93650
v -75.59055 39.30709 7.62763
v -73.57480 39.30709 5.26015
v -71.55906 39.30709 -9.42702
v -69.54331 39.30709 8.99096
v -67.52756 39.30709 -34.49018
v -65.51181 39.30709 -42.40465
v -63.49606 39.30709 -26.63547
v -61.48031 39.30709 -28.08251
v -59.46457 39.30709 -3.66622
v -57.44882 39.30709 31.68329
v -55.43307 39.30709 6.87187
v -53.41732 39.30709 3.54380
v -51.40157 39.30709 -30.08861
v -49.38583 39.30709 -38.81789
v -47.37008 39.30709 -2.74158
v -45.35433 39.30709 -4.89713
v -43.33858 39.30709 24.89969
v -41.32283 39.30709 -4.09143
v -39.30709 39.30709 -1.92579
v -37.29134 39.30709 11.50123
v -35.27559 39.30709 3.34849
v -33.25984 39.30709 0.01719
v -31.24409 39.30709 4.10923
v -29.22835 39.30709 -27.54937
v -27.21260 39.30709 -52.46575
v -25.19685 39.30709 -103.49407
v -23.18110 39.30709 -65.81143
v -21.16535 39.30709 -182.02318
v -19.14961 39.30709 -98.18082
v -17.13386 39.30709 -189.20007
v -15.11811 39.30709 -184.66063
v -13.10236 39.30709 -415.76746
v -11.08661 39.30709 -269.68332
v -9.07087 39.30709 -62.13399
v -7.05512 39.30709 42.04229
v -5.03937 39.30709 -5.71843
v -3.02362 39.30709 18.08532
v -1.00787 39.30709 15.99905
v 1.00787 39.30709 74.50464
v 3.02362 39.30709 -139.18961
v 5.03937 39.30709 -29.19423
v 7.05512 39.30709 104.21568
v 9.07087 39.30709 74.84154
v 11.08661 39.30709 69.33275
v 13.10236 39.30709 75.84349
v 15.11811 39.30709 6.08875
v 17.13386 39.30709 42.80000
v 19.14961 39.30709 -35.47275
v 21.16535 39.30709 -41.10558
v 23.18110 39.30709 30.42756
v 25.19685 39.30709 -88.05309
v 27.21260 39.30709 -178.68130
v 29.22835 39.30709 -93.01408
v 31.24409 39.30709 29.75579
v 33.25984 39.30709 -63.22417
v 35.27559 39.30709 24.82466
v 37.29134 39.30709 -24.75726
v 39.30709 39.30709 -11.41335
v 41.32283 39.30709 -26.10614
v 43.33858 39.30709 -43.84763
v 45.35433 39.30709 -106.12067
v 47.37008 39.30709 -49.86089
v 49.38583 39.30709 -62.01292
v 51.40157 39.30709 -64.36581
v 53.41732 39.30709 -47.00301
v 55.43307 39.30709 41.81566
v 57.44882 39.30709 -0.27748
v 59.46457 39.30709 8.70208
v 61.48031 39.30709 -13.59180
v 63.49606 39.30709 -10.17676
v 65.51181 39.30709 -1.53309
v 67.52756 39.30709 3.77232
v 69.54331 39.30709 5.38502
v 71.55906 39.30709 1.36124
v 73.57480 39.30709 13.18952
v 75.59055 39.30709 2.54460
v 77.60630 39.30709 25.68924
v 79.62205 39.30709 69.93961
v 81.63780 39.30709 -87.36118
v 83.65354 39.30709 -187.72124
v 85.66929 39.30709 -109.78764
v 87.68504 39.30709 -91.11870
v 89.70079 39.30709 25.66595
v 91.71654 39.30709 -20.97849
v 93.73228 39.30709 -32.07246
v 95.74803 39.30709 -34.92558
v 97.76378 39.30709 -9.94809
v 99.77953 39.30709 0.98814
v 101.79528 39.30709 -3.28295
v 103.81102 39.30709 3.88302
v 105.82677 39.30709 9.19331
v 107.84252 39.30709 7.70520
v 109.85827 39.30709 4.73719
v 111.87402 39.30709 4.64241
v 113.88976 39.30709 6.02583
v 115.90551 39.30709 13.20776
v 117.92126 39.30709 20.85306
v 119.93701 39.30709 65.14626
v 121.95276 39.30709 52.24179
v 123.96850 39.30709 24.92429
v 125.98425 39.30709 91.20434
v 128.00000 39.30709 -15.78737
v -128.00000 41.32283 12.54122
v -125.98425 41.32283 8.43329
v -123.96850 41.32283 1.63400
v -121.95276 41.32283 -4.27650
v -119.93701 41.32283 21.84913
v -117.92126 41.32283 36.75173
v -115.90551 41.32283 53.45099
v -113.88976 41.32283 -30.07247
v -111.87402 41.32283 51.84703
v -109.85827 41.32283 55.00484
v -107.84252 41.32283 45.96524
v -105.82677 41.32283 71.83239
v -103.81102 41.32283 -36.92077
v -101.79528 41.32283 21.08446
v -99.77953 41.32283 6.81473
v -97.76378 41.32283 15.17361
v -95.74803 41.32283 2.59373
v -93.73228 41.32283 1.43146
v -91.71654 41.32283 3.24010
v -89.70079 41.32283 -2.49939
v -87.68504 41.32283 -6.00041
v -85.66929 41.32283 -17.26355
v -83.65354 41.32283 20.84809
v -81.63780 41.32283 14.10231
v -79.62205 41.32283 16.32865
v -77.60630 41.32283 8.51587
v -75.59055 41.32283 11.11928
v -73.57480 41.32283 5.64289
v -71.55906 41.32283 -2.18546
v -69.54331 41.32283 13.67754
v -67.52756 41.32283 -1.16017
v -65.51181 41.32283 -19.52350
v -63.49606 41.32283 -71.58997
v -61.48031 41.32283 -80.10434
v -59.46457 41.32283 -33.73981
v -57.44882 41.32283 -40.33432
v -55.43307 41.32283 11.29832
v -53.41732 41.32283 12.76675
v -51.40157 41.32283 1.37335
v -49.38583 41.32283 -17.83159
v -47.37008 41.32283 -26.42380
v -45.35433 41.32283 -24.43576
v -43.33858 41.32283 13.51616
v -41.32283 41.32283 4.05859
v -39.30709 41.32283 10.30978
v -37.29134 41.32283 47.13822
v -35.27559 41.32283 21.61001
v -33.25984 41.32283 39.97171
v -31.24409 41.32283 7.88220
v -29.22835 41.32283 17.28875
v -27.21260 41.32283 -11.49120
v -25.19685 41.32283 -68.27293
v -23.18110 41.32283 -19.38051
v -21.16535 41.32283 -186.10234
v -19.14961 41.32283 -208.95515
v -17.13386 41.32283 -141.86037
v -15.11811 41.32283 -342.05792
v -13.10236 41.32283 -590.44745
v -11.08661 41.32283 -283.90353
v -9.07087 41.32283 -161.19090
v -7.05512 41.32283 -37.78365
v -5.03937 41.32283 -95.05360
v -3.02362 41.32283 -38.64049
v -1.00787 41.32283 168.18260
v 1.00787 41.32283 -17.76467
v 3.02362 41.32283 -169.88678
v 5.03937 41.32283 19.17264
v 7.05512 41.32283 55.48952
v 9.07087 41.32283 83.22276
v 11.08661 41.32283 103.84206
v 13.10236 41.32283 144.49217
v 15.11811 41.32283 37.41353
v 17.13386 41.32283 90.41240
v 19.14961 41.32283 27.43875
v 21.16535 41.32283 20.36534
v 23.18110 41.32283 -31.83028
v 25.19685 41.32283 -32.86235
v 27.21260 41.32283 -15.73171
v 29.22835 41.32283 -82.21849
v 31.24409 41.32283 -17.64065
v 33.25984 41.32283 -70.12260
v 35.27559 41.32283 3.11250
v 37.29134 41.32283 -32.98618
v 39.30709 41.32283 -37.19382
v 41.32283 41.32283 -5.71383
v 43.33858 41.32283 13.87158
v 45.35433 41.32283 37.02594
v 47.37008 41.32283 -69.07234
v 49.38583 41.32283 12.64708
v 51.40157 41.32283 -12.00647
v 53.41732 41.32283 -54.34497
v 55.43307 41.32283 -105.87885
v 57.44882 41.32283 31.42536
v 59.46457 41.32283 0.12924
v 61.48031 41.32283 7.76138
v 63.49606 41.32283 -24.79028
v 65.51181 41.32283 0.51005
v 67.52756 41.32283 -0.93900
v 69.54331 41.32283 4.39517
v 71.55906 41.32283 10.14912
v 73.57480 41.32283 3.21261
v 75.59055 41.32283 23.79239
v 77.60630 41.32283 40.34146
v 79.62205 41.32283 37.77873
v 81.63780 41.32283 -28.63497
v 83.65354 41.32283 -297.10748
v 85.66929 41.32283 -285.39975
v 87.68504 41.32283 -265.10077
v 89.70079 41.32283 -66.34972
v 91.71654 41.32283 51.90464
v 93.73228 41.32283 -133.09267
v 95.74803 41.32283 -36.37225
v 97.76378 41.32283 -0.89150
v 99.77953 41.32283 -1.79167
v 101.79528 41.32283 6.66562
v 103.81102 41.32283 10.33434
v 105.82677 41.32283 9.83208
v 107.84252 41.32283 3.60968
v 109.85827 41.32283 8.32209
v 111.87402 41.32283 10.51756
v 113.88976 41.32283 6.12587
v 115.90551 41.32283 31.95390
v 117.92126 41.32283 28.41509
v 119.93701 41.32283 -24.30415
v 121.95276 41.32283 29.09781
v 123.96850 41.32283 13.58569
v 125.98425 41.32283 57.43413
v 128.00000 41.32283 43.49582
v -128.00000 43.33858 21.67469
v -125.98425 43.33858 4.71226
v -123.96850 43.33858 8.02475
v -121.95276 43.33858 -2.19424
v -119.93701 43.33858 0.11031
v -117.92126 43.33858 -12.14792
v -115.90551 43.33858 9.60156
v -113.88976 43.33858 -9.34834
v -111.87402 43.33858 67.88589
v -109.85827 43.33858 3.44569
v -107.84252 43.33858 -114.77829
v -105.82677 43.33858 18.68679
v -103.81102 43.33858 -16.77250
v -101.79528 43.33858 -3.56745
v -99.77953 43.33858 13.00651
v -97.76378 43.33858 1.96512
v -95.74803 43.33858 4.47253
v -93.73228 43.33858 2.56672
v -91.71654 43.33858 9.41068
v -89.70079 43.33858 12.32741
v -87.68504 43.33858 -9.27634
v -85.66929 43.33858 -33.67752
v -83.65354 43.33858 -6.00365
v -81.63780 43.33858 -2.77643
v -79.62205 43.33858 12.15649
v -77.60630 43.33858 11.48653
v -75.59055 43.33858 9.34008
v -73.57480 43.33858 8.10700
v -71.55906 43.33858 4.46762
v -69.54331 43.33858 5.63893
v -67.52756 43.33858 7.52898
v -65.51181 43.33858 -1.00609
v -63.49606 43.33858 17.12262
v -61.48031 43.33858 -29.70750
v -59.46457 43.33858 -20.42702
v -57.44882 43.33858 -24.71473
v -55.43307 43.33858 -22.53422
v -53.41732 43.33858 -21.96947
v -51.40157 43.33858 -11.11765
v -49.38583 43.33858 0.50666
v -47.37008 43.33858 -10.73969
v -45.35433 43.33858 0.94184
v -43.33858 43.33858 9.47877
v -41.32283 43.33858 3.09237
v -39.30709 43.33858 6.97480
v -37.29134 43.33858 -1.93096
v -35.27559 43.33858 -16.53532
v -33.25984 43.33858 34.65192
v -31.24409 43.33858 36.84396
v -29.22835 43.33858 6.29932
v -27.21260 43.33858 -6.68985
v -25.19685 43.33858 -60.19051
v -23.18110 43.33858 -57.53093
v -21.16535 43.33858 4.73043
v -19.14961 43.33858 20.49847
v -17.13386 43.33858 -6.02317
v -15.11811 43.33858 -107.21029
v -13.10236 43.33858 -589.42181
v -11.08661 43.33858 -107.52200
v -9.07087 43.33858 37.85696
v -7.05512 43.33858 19.26789
v -5.03937 43.33858 12.12428
v -3.02362 43.33858 -87.51641
v -1.00787 43.33858 39.92581
v 1.00787 43.33858 -55.46563
v 3.02362 43.33858 73.78275
v 5.03937 43.33858 73.50315
v 7.05512 43.33858 26.17250
v 9.07087 43.33858 7.54549
v 11.08661 43.33858 54.24079
v 13.10236 43.33858 86.32585
v 15.11811 43.33858 77.15580
v 17.13386 43.33858 114.35693
v 19.14961 43.33858 43.27296
v 21.16535 43.33858 -13.08137
v 23.18110 43.33858 -4.15497
v 25.19685 43.33858 33.19162
v 27.21260 43.33858 37.10938
v 29.22835 43.33858 -53.14611
v 31.24409 43.33858 -12.31813
v 33.25984 43.33858 13.91329
v 35.27559 43.33858 -10.58420
v 37.29134 43.33858 24.64033
v 39.30709 43.33858 40.45114
v 41.32283 43.33858 42.97880
v 43.33858 43.33858 -2.78617
v 45.35433 43.33858 -5.72946
v 47.37008 43.33858 14.17786
v 49.38583 43.33858 0.51564
v 51.40157 43.33858 -77.49110
v 53.41732 43.33858 -152.10957
v 55.43307 43.33858 -92.97569
v 57.44882 43.33858 -34.75797
v 59.46457 43.33858 -37.58941
v 61.48031 43.33858 14.20728
v 63.49606 43.33858 -14.37953
v 65.51181 43.33858 2.02179
v 67.52756 43.33858 1.38484
v 69.54331 43.33858 2.56326
v 71.55906 43.33858 0.48873
v 73.57480 43.33858 17.63288
v 75.59055 43.33858 13.38871
v 77.60630 43.33858 25.60912
v 79.62205 43.33858 23.55475
v 81.63780 43.33858 -176.02188
v 83.65354 43.33858 -225.03398
v 85.66929 43.33858 -365.63675
v 87.68504 43.33858 -281.22284
v 89.70079 43.33858 -96.71642
v 91.71654 43.33858 -259.50372
v 93.73228 43.33858 -157.38361
v 95.74803 43.33858 -12.23531
v 97.76378 43.33858 23.23005
v 99.77953 43.33858 6.40709
v 101.79528 43.33858 10.06106
v 103.81102 43.33858 2.18984
v 105.82677 43.33858 5.18531
v 107.84252 43.33858 13.01098
v 109.85827 43.33858 3.08057
v 111.87402 43.33858 8.90482
v 113.88976 43.33858 0.20267
v 115.90551 43.33858 -39.95472
v 117.92126 43.33858 -20.59093
v 119.93701 43.33858 -24.52222
v 121.95276 43.33858 64.85141
v 123.96850 43.33858 32.40850
v 125.98425 43.33858 29.86506
v 128.00000 43.33858 -68.46838
v -128.00000 45.35433 10.80742
v -125.98425 45.35433 10.56250
v -123.96850 45.35433 10.53342
v -121.95276 45.35433 14.26745
v -119.93701 45.35433 27.33201
v -117.92126 45.35433 -27.11388
v -115.90551 45.35433 -23.18879
v -113.88976 45.35433 -39.43230
v -111.87402 45.35433 -55.40259
v -109.85827 45.35433 -256.55936
v -107.84252 45.35433 -198.54997
v -105.82677 45.35433 -227.19539
v -103.81102 45.35433 -7.89369
v -101.79528 45.35433 24.11277
v -99.77953 45.35433 10.84556
v -97.76378 45.35433 9.81928
v -95.74803 45.35433 4.54293
v -93.73228 45.35433 7.02592
v -91.71654 45.35433 9.07234
v -89.70079 45.35433 0.13839
v -87.68504 45.35433 14.52585
v -85.66929 45.35433 -29.86530
v -83.65354 45.35433 -0.71051
v -81.63780 45.35433 17.56441
v -79.62205 45.35433 19.00869
v -77.60630 45.35433 16.56445
v -75.59055 45.35433 8.39347
v -73.57480 45.35433 11.79995
v -71.55906 45.35433 10.74379
v -69.54331 45.35433 4.22409
v -67.52756 45.35433 10.32133
v -65.51181 45.35433 -4.13654
v -63.49606 45.35433 3.35873
v -61.48031 45.35433 11.84137
v -59.46457 45.35433 9.56921
v -57.44882 45.35433 11.48499
v -55.43307 45.35433 -32.66987
v -53.41732 45.35433 -69.84461
v -51.40157 45.35433 -9.47935
v -49.38583 45.35433 -4.79666
v -47.37008 45.35433 -0.35954
v -45.35433 45.35433 -5.57918
v -43.33858 45.35433 4.52540
v -41.32283 45.35433 -0.95277
v -39.30709 45.35433 1.15634
v -37.29134 45.35433 14.96327
v -35.27559 45.35433 25.37226
v -33.25984 45.35433 36.55656
v -31.24409 45.35433 22.84203
v -29.22835 45.35433 29.02861
v -27.21260 45.35433 -21.99680
v -25.19685 45.35433 -4.03888
v -23.18110 45.35433 4.70160
v -21.16535 45.35433 -4.04407
v -19.14961 45.35433 101.66978
v -17.13386 45.35433 85.56419
v -15.11811 45.35433 -177.16151
v -13.10236 45.35433 -322.19907
v -11.08661 45.35433 47.90256
v -9.07087 45.35433 -69.43925
v -7.05512 45.35433 -63.68914
v -5.03937 45.35433 -56.49788
v -3.02362 45.35433 18.18703
v -1.00787 45.35433 12.25277
v 1.00787 45.35433 181.51582
v 3.02362 45.35433 255.21408
v 5.03937 45.35433 164.07588
v 7.05512 45.35433 80.79025
v 9.07087 45.35433 172.83650
v 11.08661 45.35433 38.52766
v 13.10236 45.35433 19.69637
v 15.11811 45.35433 -7.17635
v 17.13386 45.35433 31.93126
v 19.14961 45.35433 -9.45014
v 21.16535 45.35433 -17.64097
v 23.18110 45.35433 -44.63099
v 25.19685 45.35433 47.80199
v 27.21260 45.35433 21.13416
v 29.22835 45.35433 -9.49572
v 31.24409 45.35433 33.36621
v 33.25984 45.35433 81.72050
v 35.27559 45.35433 67.55453
v 37.29134 45.35433 35.06333
v 39.30709 45.35433 101.37340
v 41.32283 45.35433 49.45969
v 43.33858 45.35433 8.25235
v 45.35433 45.35433 6.79610
v 47.37008 45.35433 -27.46011
v 49.38583 45.35433 -73.31831
v 51.40157 45.35433 61.64996
v 53.41732 45.35433 -92.38495
v 55.43307 45.35433 -46.76865
v 57.44882 45.35433 -18.30992
v 59.46457 45.35433 4.46314
v 61.48031 45.35433 -0.83903
v 63.49606 45.35433 2.71077
v 65.51181 45.35433 4.72059
v 67.52756 45.35433 5.04025
v 69.54331 45.35433 4.01805
v 71.55906 45.35433 12.38164
v 73.57480 45.35433 12.88517
v 75.59055 45.35433 34.06141
v 77.60630 45.35433 6.58684
v 79.62205 45.35433 12.69361
v 81.63780 45.35433 -114.98848
v 83.65354 45.35433 -154.18211
v 85.66929 45.35433 -218.13530
v 87.68504 45.35433 -529.55597
v 89.70079 45.35433 -310.77151
v 91.71654 45.35433 -218.72093
v 93.73228 45.35433 -10.05795
v 95.74803 45.35433 -15.62726
v 97.76378 45.35433 27.16392
v 99.77953 45.35433 10.89215
v 101.79528 45.35433 7.17838
v 103.81102 45.35433 7.62002
v 105.82677 45.35433 9.55555
v 107.84252 45.35433 3.24935
v 109.85827 45.35433 9.59509
v 111.87402 45.35433 -3.80768
v 113.88976 45.35433 3.26308
v 115.90551 45.35433 -3.17313
v 117.92126 45.35433 -11.32421
v 119.93701 45.35433 7.83633
v 121.95276 45.35433 -43.83464
v 123.96850 45.35433 -4.95220
v 125.98425 45.35433 -21.69996
v 128.00000 45.35433 44.86766
v -128.00000 47.37008 7.68759
v -125.98425 47.37008 -13.99916
v -123.96850 47.37008 -13.68511
v -121.95276 47.37008 -7.94628
v -119.93701 47.37008 31.95342
v -117.92126 47.37008 25.86803
v -115.90551 47.37008 -20.53271
v -113.88976 47.37008 -147.16838
v -111.87402 47.37008 -184.28415
v -109.85827 47.37008 -171.15829
v -107.84252 47.37008 -242.66685
v -105.82677 47.37008 -55.92553
v -103.81102 47.37008 68.78888
v -101.79528 47.37008 47.19081
v -99.77953 47.37008 11.58652
v -97.76378 47.37008 1.39999
v -95.74803 47.37008 7.35115
v -93.73228 47.37008 7.48500
v -91.71654 47.37008 5.46938
v -89.70079 47.37008 0.17647
v -87.68504 47.37008 -3.52474
v -85.66929 47.37008 -10.94906
v -83.65354 47.37008 -5.17159
v -81.63780 47.37008 3.13589
v -79.62205 47.37008 12.02279
v -77.60630 47.37008 7.01538
v -75.59055 47.37008 3.13307
v -73.57480 47.37008 8.30047
v -71.55906 47.37008 9.06186
v -69.54331 47.37008 6.35439
v -67.52756 47.37008 9.48326
v -65.51181 47.37008 -0.64399
v -63.49606 47.37008 2.17937
v -61.48031 47.37008 -5.95021
v -59.46457 47.37008 12.41817
v -57.44882 47.37008 -24.77440
v -55.43307 47.37008 1.35758
v -53.41732 47.37008 -11.63465
v -51.40157 47.37008 -23.24535
v -49.38583 47.37008 -2.99415
v -47.37008 47.37008 6.53530
v -45.35433 47.37008 13.84225
v -43.33858 47.37008 -6.68854
v -41.32283 47.37008 3.44650
v -39.30709 47.37008 4.80345
v -37.29134 47.37008 -3.67537
v -35.27559 47.37008 5.41997
v -33.25984 47.37008 34.92349
v -31.24409 47.37008 19.28079
v -29.22835 47.37008 33.21324
v -27.21260 47.37008 25.31980
v -25.19685 47.37008 -12.47792
v -23.18110 47.37008 16.86702
v -21.16535 47.37008 39.27439
v -19.14961 47.37008 31.59771
v -17.13386 47.37008 156.08902
v -15.11811 47.37008 -95.08495
v -13.10236 47.37008 24.27284
v -11.08661 47.37008 -13.95801
v -9.07087 47.37008 -26.44583
v -7.05512 47.37008 -102.13871
v -5.03937 47.37008 56.65884
v -3.02362 47.37008 41.89744
v -1.00787 47.37008 174.52896
v 1.00787 47.37008 277.15894
v 3.02362 47.37008 168.40439
v 5.03937 47.37008 2.27291
v 7.05512 47.37008 109.82993
v 9.07087 47.37008 131.26042
v 11.08661 47.37008 -39.43693
v 13.10236 47.37008 12.27214
v 15.11811 47.37008 -9.83536
v 17.13386 47.37008 27.66400
v 19.14961 47.37008 72.52718
v 21.16535 47.37008 20.89109
v 23.18110 47.37008 -26.44820
v 25.19685 47.37008 -14.45893
v 27.21260 47.37008 47.86469
v 29.22835 47.37008 4.06842
v 31.24409 47.37008 13.40700
v 33.25984 47.37008 152.39209
v 35.27559 47.37008 100.55947
v 37.29134 47.37008 20.18261
v 39.30709 47.37008 63.25073
v 41.32283 47.37008 0.51825
v 43.33858 47.37008 12.45447
v 45.35433 47.37008 -13.78888
v 47.37008 47.37008 -11.39138
v 49.38583 47.37008 -22.77963
v 51.40157 47.37008 -30.33306
v 53.41732 47.37008 -30.62545
v 55.43307 47.37008 3.41906
v 57.44882 47.37008 -26.14977
v 59.46457 47.37008 22.52691
v 61.48031 47.37008 28.42294
v 63.49606 47.37008 2.24909
v 65.51181 47.37008 9.31040
v 67.52756 47.37008 3.38151
v 69.54331 47.37008 9.87570
v 71.55906 47.37008 8.90527
v 73.57480 47.37008 10.10299
v 75.59055 47.37008 15.48321
v 77.60630 47.37008 11.82044
v 79.62205 47.37008 -6.33382
v 81.63780 47.37008 16.30283
v 83.65354 47.37008 12.56383
v 85.66929 47.37008 42.17458
v 87.68504 47.37008 -93.99097
v 89.70079 47.37008 -134.40117
v 91.71654 47.37008 -30.38665
v 93.73228 47.37008 36.98583
v 95.74803 47.37008 -35.79850
v 97.76378 47.37008 -2.27342
v 99.77953 47.37008 12.97982
v 101.79528 47.37008 35.05556
v 103.81102 47.37008 3.67051
v 105.82677 47.37008 -1.65630
v 107.84252 47.37008 -1.29569
v 109.85827 47.37008 7.08444
v 111.87402 47.37008 6.82468
v 113.88976 47.37008 8.65315
v 115.90551 47.37008 17.94934
v 117.92126 47.37008 25.73822
v 119.93701 47.37008 -1.61020
v 121.95276 47.37008 -3.81741
v 123.96850 47.37008 -17.49778
v 125.98425 47.37008 20.09972
v 128.00000 47.37008 -37.05406
v -128.00000 49.38583 -22.39554
v -125.98425 49.38583 -6.00764
v -123.96850 49.38583 3.63387
v -121.95276 49.38583 -8.96589
v -119.93701 49.38583 22.29276
v -117.92126 49.38583 23.92072
v -115.90551 49.38583 -70.10189
v -113.88976 49.38583 -25.74495
v -111.87402 49.38583 -115.42121
v -109.85827 49.38583 -117.32702
v -107.84252 49.38583 6.93367
v -105.82677 49.38583 -12.00370
v -103.81102 49.38583 28.73330
v -101.79528 49.38583 -1.18637
v -99.77953 49.38583 4.12851
v -97.76378 49.38583 1.84382
v -95.74803 49.38583 6.00900
v -93.73228 49.38583 4.30965
v -91.71654 49.38583 9.26657
v -89.70079 49.38583 11.31943
v -87.68504 49.38583 2.92294
v -85.66929 49.38583 12.26716
v -83.65354 49.38583 2.68199
v -81.63780 49.38583 7.60163
v -79.62205 49.38583 2.41102
v -77.60630 49.38583 13.86192
v -75.59055 49.38583 -3.41460
v -73.57480 49.38583 2.31514
v -71.55906 49.38583 5.26864
v -69.54331 49.38583 3.06659
v -67.52756 49.38583 6.95401
v -65.51181 49.38583 -0.19575
v -63.49606 49.38583 6.05075
v -61.48031 49.38583 3.16807
v -59.46457 49.38583 2.98165
v -57.44882 49.38583 7.69696
v -55.43307 49.38583 0.81126
v -53.41732 49.38583 0.92207
v -51.40157 49.38583 2.59989
v -49.38583 49.38583 1.23369
v -47.37008 49.38583 -4.82224
v -45.35433 49.38583 -3.51687
v -43.33858 49.38583 8.70253
v -41.32283 49.38583 -4.53444
v -39.30709 49.38583 8.66357
v -37.29134 49.38583 19.07506
v -35.27559 49.38583 13.00236
v -33.25984 49.38583 15.76554
v -31.24409 49.38583 7.23492
v -29.22835 49.38583 11.55374
v -27.21260 49.38583 4.64174
v -25.19685 49.38583 16.28011
v -23.18110 49.38583 15.98575
v -21.16535 49.38583 29.63018
v -19.14961 49.38583 -6.30773
v -17.13386 49.38583 28.70600
v -15.11811 49.38583 -15.79691
v -13.10236 49.38583 -40.65649
v -11.08661 49.38583 -31.85694
v -9.07087 49.38583 -22.54299
v -7.05512 49.38583 -18.44227
v -5.03937 49.38583 57.90397
v -3.02362 49.38583 175.21291
v -1.00787 49.38583 217.15118
v 1.00787 49.38583 118.47150
v 3.02362 49.38583 180.76321
v 5.03937 49.38583 102.47867
v 7.05512 49.38583 93.92496
v 9.07087 49.38583 -12.86577
v 11.08661 49.38583 3.96056
v 13.10236 49.38583 34.05276
v 15.11811 49.38583 46.91697
v 17.13386 49.38583 47.91888
v 19.14961 49.38583 9.93486
v 21.16535 49.38583 -29.64048
v 23.18110 49.38583 -34.65920
v 25.19685 49.38583 -14.27128
v 27.21260 49.38583 -45.89263
v 29.22835 49.38583 -37.74757
v 31.24409 49.38583 145.00746
v 33.25984 49.38583 234.31554
v 35.27559 49.38583 20.19805
v 37.29134 49.38583 106.55324
v 39.30709 49.38583 8.74386
v 41.32283 49.38583 -24.89840
v 43.33858 49.38583 5.92681
v 45.35433 49.38583 3.67285
v 47.37008 49.38583 -7.33475
v 49.38583 49.38583 0.35276
v 51.40157 49.38583 -5.62799
v 53.41732 49.38583 -14.50745
v 55.43307 49.38583 9.90428
v 57.44882 49.38583 -38.28153
v 59.46457 49.38583 8.70320
v 61.48031 49.38583 20.74298
v 63.49606 49.38583 9.45801
v 65.51181 49.38583 12.85194
v 67.52756 49.38583 7.21151
v 69.54331 49.38583 8.78714
v 71.55906 49.38583 8.38777
v 73.57480 49.38583 12.95512
v 75.59055 49.38583 13.23513
v 77.60630 49.38583 0.55882
v 79.62205 49.38583 -10.86677
v 81.63780 49.38583 -1.74264
v 83.65354 49.38583 10.29949
v 85.66929 49.38583 6.80997
v 87.68504 49.38583 -47.56960
v 89.70079 49.38583 -18.34479
v 91.71654 49.38583 110.47386
v 93.73228 49.38583 133.80237
v 95.74803 49.38583 33.23116
v 97.76378 49.38583 -4.70790
v 99.77953 49.38583 104.94824
v 101.79528 49.38583 -6.85180
v 103.81102 49.38583 -52.40153
v 105.82677 49.38583 -2.05665
v 107.84252 49.38583 0.09306
v 109.85827 49.38583 2.11396
v 111.87402 49.38583 8.75674
v 113.88976 49.38583 9.27591
v 115.90551 49.38583 0.45271
v 117.92126 49.38583 6.31228
v 119.93701 49.38583 11.59624
v 121.95276 49.38583 4.62303
v 123.96850 49.38583 6.12518
v 125.98425 49.38583 17.00484
v 128.00000 49.38583 28.95796
v -128.00000 51.40157 53.25646
v -125.98425 51.40157 5.59285
v -123.96850 51.40157 6.32101
v -121.95276 51.40157 13.96837
v -119.93701 51.40157 10.10366
v -117.92126 51.40157 9.86816
v -115.90551 51.40157 -39.29296
v -113.88976 51.40157 -65.98045
v -111.87402 51.40157 -12.54240
v -109.85827 51.40157 -68.27333
v -107.84252 51.40157 -39.85805
v -105.82677 51.40157 -33.09423
v -103.81102 51.40157 -9.20559
v -101.79528 51.40157 -22.38153
v -99.77953 51.40157 2.68740
v -97.76378 51.40157 -0.99997
v -95.74803 51.40157 5.68784
v -93.73228 51.40157 2.64436
v -91.71654 51.40157 9.65368
v -89.70079 51.40157 3.70271
v -87.68504 51.40157 8.38492
v -85.66929 51.40157 18.31329
v -83.65354 51.40157 14.65471
v -81.63780 51.40157 -7.62756
v -79.62205 51.40157 -10.63918
v -77.60630 51.40157 1.33445
v -75.59055 51.40157 -3.41288
v -73.57480 51.40157 1.28163
v -71.55906 51.40157 2.30426
v -69.54331 51.40157 1.35293
v -67.52756 51.40157 5.57589
v -65.51181 51.40157 2.67640
v -63.49606 51.40157 3.49433
v -61.48031 51.40157 -16.61409
v -59.46457 51.40157 6.51995
v -57.44882 51.40157 5.13261
v -55.43307 51.40157 9.36473
v -53.41732 51.40157 1.94875
v -51.40157 51.40157 10.99120
v -49.38583 51.40157 6.73281
v -47.37008 51.40157 2.37853
v -45.35433 51.40157 -0.29657
v -43.33858 51.40157 2.57084
v -41.32283 51.40157 2.63898
v -39.30709 51.40157 3.60925
v -37.29134 51.40157 4.73335
v -35.27559 51.40157 17.52769
v -33.25984 51.40157 12.91710
v -31.24409 51.40157 4.47604
v -29.22835 51.40157 9.17668
v -27.21260 51.40157 8.75769
v -25.19685 51.40157 13.53924
v -23.18110 51.40157 14.46064
v -21.16535 51.40157 0.84149
v -19.14961 51.40157 21.49677
v -17.13386 51.40157 -8.28265
v -15.11811 51.40157 -9.11574
v -13.10236 51.40157 4.76833
v -11.08661 51.40157 -15.13638
v -9.07087 51.40157 -39.66039
v -7.05512 51.40157 -36.81261
v -5.03937 51.40157 54.37570
v -3.02362 51.40157 108.85410
v -1.00787 51.40157 156.20850
v 1.00787 51.40157 161.35240
v 3.02362 51.40157 547.55853
v 5.03937 51.40157 186.68829
v 7.05512 51.40157 239.28146
v 9.07087 51.40157 -72.39523
v 11.08661 51.40157 130.57724
v 13.10236 51.40157 179.54395
v 15.11811 51.40157 63.68722
v 17.13386 51.40157 115.76318
v 19.14961 51.40157 81.93623
v 21.16535 51.40157 -5.09782
v 23.18110 51.40157 -35.38894
v 25.19685 51.40157 -28.69844
v 27.21260 51.40157 2.34943
v 29.22835 51.40157 38.24613
v 31.24409 51.40157 202.85442
v 33.25984 51.40157 100.75959
v 35.27559 51.40157 158.10266
v 37.29134 51.40157 123.63534
v 39.30709 51.40157 -54.42881
v 41.32283 51.40157 -16.53288
v 43.33858 51.40157 12.03997
v 45.35433 51.40157 -2.39192
v 47.37008 51.40157 -0.09128
v 49.38583 51.40157 1.37760
v 51.40157 51.40157 -3.28094
v 53.41732 51.40157 11.16396
v 55.43307 51.40157 1.30137
v 57.44882 51.40157 -16.33077
v 59.46457 51.40157 12.53586
v 61.48031 51.40157 -6.65168
v 63.49606 51.40157 8.45094
v 65.51181 51.40157 22.36334
v 67.52756 51.40157 6.89182
v 69.54331 51.40157 5.31705
v 71.55906 51.40157 0.96038
v 73.57480 51.40157 4.19913
v 75.59055 51.40157 16.80150
v 77.60630 51.40157 9.39448
v 79.62205 51.40157 24.66354
v 81.63780 51.40157 22.97635
v 83.65354 51.40157 22.92873
v 85.66929 51.40157 48.03654
v 87.68504 51.40157 -57.66344
v 89.70079 51.40157 103.49757
v 91.71654 51.40157 22.79968
v 93.73228 51.40157 167.92241
v 95.74803 51.40157 98.98089
v 97.76378 51.40157 24.91996
v 99.77953 51.40157 156.48306
v 101.79528 51.40157 32.40953
v 103.81102 51.40157 61.75108
v 105.82677 51.40157 34.27272
v 107.84252 51.40157 19.50718
v 109.85827 51.40157 9.54114
v 111.87402 51.40157 11.29879
v 113.88976 51.40157 -0.39428
v 115.90551 51.40157 10.03566
v 117.92126 51.40157 3.82112
v 119.93701 51.40157 2.22005
v 121.95276 51.40157 7.97376
v 123.96850 51.40157 14.15609
v 125.98425 51.40157 21.77957
v 128.00000 51.40157 -11.21922
v -128.00000 53.41732 -26.45644
v -125.98425 53.41732 7.56726
v -123.96850 53.41732 1.30886
v -121.95276 53.41732 20.83359
v -119.93701 53.41732 19.16108
v -117.92126 53.41732 -0.79972
v -115.90551 53.41732 -1.00953
v -113.88976 53.41732 -30.17033
v -111.87402 53.41732 -37.80417
v -109.85827 53.41732 29.90693
v -107.84252 53.41732 -21.83389
v -105.82677 53.41732 12.02689
v -103.81102 53.41732 -34.61617
v -101.79528 53.41732 5.02155
v -99.77953 53.41732 5.00232
v -97.76378 53.41732 -4.32718
v -95.74803 53.41732 0.07456
v -93.73228 53.41732 10.36270
v -91.71654 53.41732 6.53691
v -89.70079 53.41732 6.02359
v -87.68504 53.41732 2.75650
v -85.66929 53.41732 9.41082
v -83.65354 53.41732 -2.27962
v -81.63780 53.41732 -10.29071
v -79.62205 53.41732 -1.01912
v -77.60630 53.41732 -4.58912
v -75.59055 53.41732 -0.01701
v -73.57480 53.41732 -2.53580
v -71.55906 53.41732 0.82570
v -69.54331 53.41732 2.53877
v -67.52756 53.41732 7.49240
v -65.51181 53.41732 0.13906
v -63.49606 53.41732 -0.29094
v -61.48031 53.41732 -8.13059
v -59.46457 53.41732 2.60733
v -57.44882 53.41732 7.02773
v -55.43307 53.41732 -3.62798
v -53.41732 53.41732 8.00526
v -51.40157 53.41732 4.71033
v -49.38583 53.41732 3.30788
v -47.37008 53.41732 7.77207
v -45.35433 53.41732 7.67109
v -43.33858 53.41732 4.66753
v -41.32283 53.41732 5.19054
v -39.30709 53.41732 5.38382
v -37.29134 53.41732 5.25184
v -35.27559 53.41732 1.99951
v -33.25984 53.41732 12.23179
v -31.24409 53.41732 -4.18851
v -29.22835 53.41732 4.08520
v -27.21260 53.41732 -0.84622
v -25.19685 53.41732 8.80720
v -23.18110 53.41732 10.99979
v -21.16535 53.41732 14.31027
v -19.14961 53.41732 10.84771
v -17.13386 53.41732 16.45442
v -15.11811 53.41732 0.20316
v -13.10236 53.41732 17.70531
v -11.08661 53.41732 5.50953
v -9.07087 53.41732 30.98901
v -7.05512 53.41732 -9.08617
v -5.03937 53.41732 63.87001
v -3.02362 53.41732 110.60262
v -1.00787 53.41732 101.57687
v 1.00787 53.41732 80.19962
v 3.02362 53.41732 379.17975
v 5.03937 53.41732 977.88788
v 7.05512 53.41732 258.41031
v 9.07087 53.41732 268.79514
v 11.08661 53.41732 38.20755
v 13.10236 53.41732 179.08841
v 15.11811 53.41732 148.50870
v 17.13386 53.41732 105.79749
v 19.14961 53.41732 52.59059
v 21.16535 53.41732 21.81770
v 23.18110 53.41732 1.53701
v 25.19685 53.41732 -30.40886
v 27.21260 53.41732 41.39518
v 29.22835 53.41732 67.08617
v 31.24409 53.41732 62.30751
v 33.25984 53.41732 171.43478
v 35.27559 53.41732 26.21798
v 37.29134 53.41732 46.01150
v 39.30709 53.41732 -180.51279
v 41.32283 53.41732 -65.09878
v 43.33858 53.41732 -6.53890
v 45.35433 53.41732 4.85249
v 47.37008 53.41732 6.90370
v 49.38583 53.41732 -1.13822
v 51.40157 53.41732 -4.93948
v 53.41732 53.41732 -1.48061
v 55.43307 53.41732 -3.92725
v 57.44882 53.41732 29.53277
v 59.46457 53.41732 16.72430
v 61.48031 53.41732 3.35303
v 63.49606 53.41732 21.99186
v 65.51181 53.41732 21.15474
v 67.52756 53.41732 -24.44998
v 69.54331 53.41732 -8.13969
v 71.55906 53.41732 -0.89217
v 73.57480 53.41732 14.25125
v 75.59055 53.41732 11.90662
v 77.60630 53.41732 13.30676
v 79.62205 53.41732 15.96242
v 81.63780 53.41732 18.89548
v 83.65354 53.41732 38.98609
v 85.66929 53.41732 17.06243
v 87.68504 53.41732 32.86851
v 89.70079 53.41732 47.34838
v 91.71654 53.41732 85.35484
v 93.73228 53.41732 322.01349
v 95.74803 53.41732 85.48891
v 97.76378 53.41732 82.55893
v 99.77953 53.41732 46.25078
v 101.79528 53.41732 81.96149
v 103.81102 53.41732 73.58607
v 105.82677 53.41732 22.23803
v 107.84252 53.41732 31.31386
v 109.85827 53.41732 23.62552
v 111.87402 53.41732 9.83573
v 113.88976 53.41732 8.90503
v 115.90551 53.41732 6.48021
v 117.92126 53.41732 8.96070
v 119.93701 53.41732 6.89571
v 121.95276 53.41732 1.44571
v 123.96850 53.41732 6.28562
v 125.98425 53.41732 8.61596
v 128.00000 53.41732 26.16724
v -128.00000 55.43307 26.22404
v -125.98425 55.43307 38.82568
v -123.96850 55.43307 12.72844
v -121.95276 55.43307 18.95317
v -119.93701 55.43307 22.14085
v -117.92126 55.43307 6.94245
v -115.90551 55.43307 8.20064
v -113.88976 55.43307 4.29947
v -111.87402 55.43307 0.26314
v -109.85827 55.43307 0.50937
v -107.84252 55.43307 -5.97626
v -105.82677 55.43307 -5.43752
v -103.81102 55.43307 -16.15442
v -101.79528 55.43307 -0.27146
v -99.77953 55.43307 2.14694
v -97.76378 55.43307 3.23364
v -95.74803 55.43307 -1.50281
v -93.73228 55.43307 5.71097
v -91.71654 55.43307 9.36491
v -89.70079 55.43307 7.57637
v -87.68504 55.43307 6.64352
v -85.66929 55.43307 15.53732
v -83.65354 55.43307 3.88288
v -81.63780 55.43307 -1.03821
v -79.62205 55.43307 -0.14960
v -77.60630 55.43307 -6.36209
v -75.59055 55.43307 2.10394
v -73.57480 55.43307 -2.95195
v -71.55906 55.43307 1.90029
v -69.54331 55.43307 3.80593
v -67.52756 55.43307 2.93456
v -65.51181 55.43307 -0.97691
v -63.49606 55.43307 4.92645
v -61.48031 55.43307 -3.26761
v -59.46457 55.43307 0.58075
v -57.44882 55.43307 0.47798
v -55.43307 55.43307 13.43395
v -53.41732 55.43307 10.37843
v -51.40157 55.43307 9.42055
v -49.38583 55.43307 7.00617
v -47.37008 55.43307 7.06888
v -45.35433 55.43307 3.66244
v -43.33858 55.43307 8.16354
v -41.32283 55.43307 9.47955
v -39.30709 55.43307 6.06010
v -37.29134 55.43307 6.58028
v -35.27559 55.43307 6.15339
v -33.25984 55.43307 9.79297
v -31.24409 55.43307 6.47418
v -29.22835 55.43307 1.93101
v -27.21260 55.43307 2.32348
v -25.19685 55.43307 0.23186
v -23.18110 55.43307 11.87019
v -21.16535 55.43307 2.20673
v -19.14961 55.43307 9.10682
v -17.13386 55.43307 8.64330
v -15.11811 55.43307 13.53169
v -13.10236 55.43307 10.42789
v -11.08661 55.43307 3.71962
v -9.07087 55.43307 -9.34915
v -7.05512 55.43307 38.31316
v -5.03937 55.43307 71.90652
v -3.02362 55.43307 130.21991
v -1.00787 55.43307 30.54687
v 1.00787 55.43307 117.56788
v 3.02362 55.43307 326.34720
v 5.03937 55.43307 175.51176
v 7.05512 55.43307 218.69043
v 9.07087 55.43307 3.71852
v 11.08661 55.43307 129.13321
v 13.10236 55.43307 134.34967
v 15.11811 55.43307 124.74162
v 17.13386 55.43307 25.36971
v 19.14961 55.43307 -19.27293
v 21.16535 55.43307 78.67988
v 23.18110 55.43307 100.77626
v 25.19685 55.43307 84.93384
v 27.21260 55.43307 146.94099
v 29.22835 55.43307 28.09756
v 31.24409 55.43307 8.52789
v 33.25984 55.43307 -59.60064
v 35.27559 55.43307 61.59807
v 37.29134 55.43307 -0.02423
v 39.30709 55.43307 -81.68549
v 41.32283 55.43307 4.28029
v 43.33858 55.43307 33.71982
v 45.35433 55.43307 6.26418
v 47.37008 55.43307 9.81506
v 49.38583 55.43307 12.47294
v 51.40157 55.43307 1.31138
v 53.41732 55.43307 0.63980
v 55.43307 55.43307 -3.36252
v 57.44882 55.43307 -1.79382
v 59.46457 55.43307 12.24179
v 61.48031 55.43307 12.84826
v 63.49606 55.43307 28.93407
v 65.51181 55.43307 23.11811
v 67.52756 55.43307 7.13748
v 69.54331 55.43307 -32.67747
v 71.55906 55.43307 -4.07690
v 73.57480 55.43307 27.73151
v 75.59055 55.43307 3.80165
v 77.60630 55.43307 11.53674
v 79.62205 55.43307 11.58954
v 81.63780 55.43307 4.10982
v 83.65354 55.43307 13.75718
v 85.66929 55.43307 -1.15745
v 87.68504 55.43307 4.23288
v 89.70079 55.43307 -18.75124
v 91.71654 55.43307 13.88986
v 93.73228 55.43307 322.26053
v 95.74803 55.43307 283.95853
v 97.76378 55.43307 -7.16290
v 99.77953 55.43307 -55.09852
v 101.79528 55.43307 18.74623
v 103.81102 55.43307 163.43054
v 105.82677 55.43307 83.25642
v 107.84252 55.43307 36.03500
v 109.85827 55.43307 15.72857
v 111.87402 55.43307 8.32740
v 113.88976 55.43307 10.32363
v 115.90551 55.43307 8.54224
v 117.92126 55.43307 7.07529
v 119.93701 55.43307 6.84174
v 121.95276 55.43307 10.23857
v 123.96850 55.43307 9.03280
v 125.98425 55.43307 7.63253
v 128.00000 55.43307 9.06421
v -128.00000 57.44882 32.83366
v -125.98425 57.44882 19.87559
v -123.96850 57.44882 11.64560
v -121.95276 57.44882 6.83874
v -119.93701 57.44882 24.15614
v -117.92126 57.44882 10.92581
v -115.90551 57.44882 11.73587
v -113.88976 57.44882 9.45340
v -111.87402 57.44882 2.29597
v -109.85827 57.44882 5.69658
v -107.84252 57.44882 7.11534
v -105.82677 57.44882 -4.81989
v -103.81102 57.44882 2.60566
v -101.79528 57.44882 0.61822
v -99.77953 57.44882 5.33466
v -97.76378 57.44882 0.48352
v -95.74803 57.44882 7.18314
v -93.73228 57.44882 5.85647
v -91.71654 57.44882 5.52548
v -89.70079 57.44882 7.04310
v -87.68504 57.44882 1.02696
v -85.66929 57.44882 10.47429
v -83.65354 57.44882 1.65193
v -81.63780 57.44882 1.62830
v -79.62205 57.44882 3.09378
v -77.60630 57.44882 8.43471
v -75.59055 57.44882 6.54651
v -73.57480 57.44882 -0.02379
v -71.55906 57.44882 4.97233
v -69.54331 57.44882 7.04907
v -67.52756 57.44882 15.56191
v -65.51181 57.44882 -0.32388
v -63.49606 57.44882 -14.33267
v -61.48031 57.44882 -3.54846
v -59.46457 57.44882 0.11713
v -57.44882 57.44882 5.48747
v -55.43307 57.44882 7.80349
v -53.41732 57.44882 4.77429
v -51.40157 57.44882 7.56147
v -49.38583 57.44882 8.46582
v -47.37008 57.44882 4.59165
v -45.35433 57.44882 4.44661
v -43.33858 57.44882 7.10613
v -41.32283 57.44882 2.75235
v -39.30709 57.44882 9.72848
v -37.29134 57.44882 12.91346
v -35.27559 57.44882 5.63930
v -33.25984 57.44882 9.30333
v -31.24409 57.44882 3.59132
v -29.22835 57.44882 4.29221
v -27.21260 57.44882 0.36343
v -25.19685 57.44882 10.56985
v -23.18110 57.44882 10.12247
v -21.16535 57.44882 21.76489
v -19.14961 57.44882 20.45239
v -17.13386 57.44882 5.24509
v -15.11811 57.44882 7.94763
v -13.10236 57.44882 3.39076
v -11.08661 57.44882 18.33403
v -9.07087 57.44882 -20.56541
v -7.05512 57.44882 1.46990
v -5.03937 57.44882 30.05900
v -3.02362 57.44882 -57.57174
v -1.00787 57.44882 74.41542
v 1.00787 57.44882 52.47520
v 3.02362 57.44882 95.72459
v 5.03937 57.44882 400.99527
v 7.05512 57.44882 99.28932
v 9.07087 57.44882 146.79453
v 11.08661 57.44882 131.33612
v 13.10236 57.44882 68.48884
v 15.11811 57.44882 79.65960
v 17.13386 57.44882 -32.19537
v 19.14961 57.44882 3.09308
v 21.16535 57.44882 55.93270
v 23.18110 57.44882 131.66235
v 25.19685 57.44882 53.42104
v 27.21260 57.44882 57.96112
v 29.22835 57.44882 61.03730
v 31.24409 57.44882 -31.96748
v 33.25984 57.44882 -1.47910
v 35.27559 57.44882 21.98207
v 37.29134 57.44882 -22.14946
v 39.30709 57.44882 148.68465
v 41.32283 57.44882 25.70213
v 43.33858 57.44882 69.81521
v 45.35433 57.44882 16.40893
v 47.37008 57.44882 22.02569
v 49.38583 57.44882 4.72604
v 51.40157 57.44882 2.33734
v 53.41732 57.44882 3.12957
v 55.43307 57.44882 -6.32545
v 57.44882 57.44882 -7.68324
v 59.46457 57.44882 22.56994
v 61.48031 57.44882 20.34212
v 63.49606 57.44882 38.81330
v 65.51181 57.44882 14.99296
v 67.52756 57.44882 10.77938
v 69.54331 57.44882 -12.96698
v 71.55906 57.44882 -14.77404
v 73.57480 57.44882 18.42269
v 75.59055 57.44882 7.68499
v 77.60630 57.44882 13.17384
v 79.62205 57.44882 4.92063
v 81.63780 57.44882 6.49793
v 83.65354 57.44882 -1.08276
v 85.66929 57.44882 0.51189
v 87.68504 57.44882 32.78759
v 89.70079 57.44882 90.07117
v 91.71654 57.44882 92.28762
v 93.73228 57.44882 -13.98809
v 95.74803 57.44882 152.12970
v 97.76378 57.44882 183.41942
v 99.77953 57.44882 138.83101
v 101.79528 57.44882 118.76624
v 103.81102 57.44882 139.81920
v 105.82677 57.44882 70.30740
v 107.84252 57.44882 16.71501
v 109.85827 57.44882 28.02128
v 111.87402 57.44882 -4.28154
v 113.88976 57.44882 2.13521
v 115.90551 57.44882 0.05737
v 117.92126 57.44882 8.88854
v 119.93701 57.44882 6.44731
v 121.95276 57.44882 0.18441
v 123.96850 57.44882 6.85465
v 125.98425 57.44882 5.68789
v 128.00000 57.44882 12.09133
v -128.00000 59.46457 33.27410
v -125.98425 59.46457 29.99902
v -123.96850 59.46457 2.70471
v -121.95276 59.46457 0.32494
v -119.93701 59.46457 14.96726
v -117.92126 59.46457 9.99676
v -115.90551 59.46457 16.52035
v -113.88976 59.46457 9.27367
v -111.87402 59.46457 14.69890
v -109.85827 59.46457 0.67222
v -107.84252 59.46457 4.79355
v -105.82677 59.46457 3.08740
v -103.81102 59.46457 11.93140
v -101.79528 59.46457 7.11557
v -99.77953 59.46457 8.07612
v -97.76378 59.46457 -1.07271
v -95.74803 59.46457 0.29362
v -93.73228 59.46457 12.88680
v -91.71654 59.46457 9.02281
v -89.70079 59.46457 5.58598
v -87.68504 59.46457 12.24931
v -85.66929 59.46457 3.64977
v -83.65354 59.46457 0.29791
v -81.63780 59.46457 1.04580
v -79.62205 59.46457 10.36527
v -77.60630 59.46457 2.67845
v -75.59055 59.46457 4.17316
v -73.57480 59.46457 -5.00594
v -71.55906 59.46457 7.65004
v -69.54331 59.46457 13.83469
v -67.52756 59.46457 2.07120
v -65.51181 59.46457 8.11750
v -63.49606 59.46457 2.26944
v -61.48031 59.46457 9.61745
v -59.46457 59.46457 12.65505
v -57.44882 59.46457 15.21298
v -55.43307 59.46457 7.03877
v -53.41732 59.46457 8.66526
v -51.40157 59.46457 9.32529
v -49.38583 59.46457 3.87230
v -47.37008 59.46457 7.61580
v -45.35433 59.46457 1.61543
v -43.33858 59.46457 10.67235
v -41.32283 59.46457 11.33697
v -39.30709 59.46457 23.49127
v -37.29134 59.46457 17.77697
v -35.27559 59.46457 4.60334
v -33.25984 59.46457 13.14350
v -31.24409 59.46457 6.87436
v -29.22835 59.46457 7.96687
v -27.21260 59.46457 6.54848
v -25.19685 59.46457 1.46729
v -23.18110 59.46457 0.39400
v -21.16535 59.46457 17.12106
v -19.14961 59.46457 9.97526
v -17.13386 59.46457 0.68912
v -15.11811 59.46457 4.22157
v -13.10236 59.46457 12.56659
v -11.08661 59.46457 11.11416
v -9.07087 59.46457 -18.54449
v -7.05512 59.46457 2.68467
v -5.03937 59.46457 -9.21975
v -3.02362 59.46457 41.43437
v -1.00787 59.46457 3.09796
v 1.00787 59.46457 94.98463
v 3.02362 59.46457 114.93025
v 5.03937 59.46457 6.59919
v 7.05512 59.46457 194.76059
v 9.07087 59.46457 97.69893
v 11.08661 59.46457 27.75928
v 13.10236 59.46457 126.31191
v 15.11811 59.46457 -6.69953
v 17.13386 59.46457 15.26070
v 19.14961 59.46457 35.18361
v 21.16535 59.46457 47.05432
v 23.18110 59.46457 55.65465
v 25.19685 59.46457 -65.46165
v 27.21260 59.46457 -88.10800
v 29.22835 59.46457 -51.42634
v 31.24409 59.46457 9.98133
v 33.25984 59.46457 3.20093
v 35.27559 59.46457 -17.61055
v 37.29134 59.46457 7.48213
v 39.30709 59.46457 70.67799
v 41.32283 59.46457 49.31271
v 43.33858 59.46457 4.53693
v 45.35433 59.46457 21.93871
v 47.37008 59.46457 21.77941
v 49.38583 59.46457 7.51324
v 51.40157 59.46457 -7.68735
v 53.41732 59.46457 5.52256
v 55.43307 59.46457 0.33751
v 57.44882 59.46457 10.24760
v 59.46457 59.46457 5.35192
v 61.48031 59.46457 -0.20330
v 63.49606 59.46457 17.47012
v 65.51181 59.46457 -0.02308
v 67.52756 59.46457 9.20359
v 69.54331 59.46457 9.13547
v 71.55906 59.46457 0.53261
v 73.57480 59.46457 11.37589
v 75.59055 59.46457 -0.95446
v 77.60630 59.46457 9.65366
v 79.62205 59.46457 -0.53568
v 81.63780 59.46457 -11.60645
v 83.65354 59.46457 3.74551
v 85.66929 59.46457 -22.19251
v 87.68504 59.46457 10.47623
v 89.70079 59.46457 31.62170
v 91.71654 59.46457 151.23778
v 93.73228 59.46457 61.25491
v 95.74803 59.46457 200.14189
v 97.76378 59.46457 53.25386
v 99.77953 59.46457 75.00113
v 101.79528 59.46457 129.34343
v 103.81102 59.46457 73.15593
v 105.82677 59.46457 55.87231
v 107.84252 59.46457 -7.75665
v 109.85827 59.46457 17.40256
v 111.87402 59.46457 5.68978
v 113.88976 59.46457 3.59355
v 115.90551 59.46457 6.90860
v 117.92126 59.46457 8.28964
v 119.93701 59.46457 11.61409
v 121.95276 59.46457 6.89423
v 123.96850 59.46457 11.63182
v 125.98425 59.46457 5.12021
v 128.00000 59.46457 22.03806
v -128.00000 61.48031 47.31297
v -125.98425 61.48031 31.11458
v -123.96850 61.48031 8.58532
v -121.95276 61.48031 -3.63192
v -119.93701 61.48031 2.41007
v -117.92126 61.48031 3.91059
v -115.90551 61.48031 9.62100
v -113.88976 61.48031 1.39920
v -111.87402 61.48031 5.57966
v -109.85827 61.48031 17.93367
v -107.84252 61.48031 9.62117
v -105.82677 61.48031 1.47219
v -103.81102 61.48031 5.28848
v -101.79528 61.48031 10.57340
v -99.77953 61.48031 10.60171
v -97.76378 61.48031 7.90859
v -95.74803 61.48031 1.44933
v -93.73228 61.48031 10.78181
v -91.71654 61.48031 9.66486
v -89.70079 61.48031 8.51113
v -87.68504 61.48031 9.45961
v -85.66929 61.48031 5.84565
v -83.65354 61.48031 5.31052
v -81.63780 61.48031 4.56757
v -79.62205 61.48031 2.22334
v -77.60630 61.48031 7.78076
v -75.59055 61.48031 4.82808
v -73.57480 61.48031 1.86066
v -71.55906 61.48031 7.97613
v -69.54331 61.48031 6.22492
v -67.52756 61.48031 6.10096
v -65.51181 61.48031 15.43641
v -63.49606 61.48031 3.78638
v -61.48031 61.48031 15.18649
v -59.46457 61.48031 14.62498
v -57.44882 61.48031 -8.97027
v -55.43307 61.48031 4.50550
v -53.41732 61.48031 4.74624
v -51.40157 61.48031 6.58363
v -49.38583 61.48031 14.35279
v -47.37008 61.48031 5.31890
v -45.35433 61.48031 -3.14607
v -43.33858 61.48031 11.05854
v -41.32283 61.48031 -0.62086
v -39.30709 61.48031 -4.02942
v -37.29134 61.48031 -6.68920
v -35.27559 61.48031 -6.05058
v -33.25984 61.48031 6.20586
v -31.24409 61.48031 9.08626
v -29.22835 61.48031 3.85488
v -27.21260 61.48031 -1.06728
v -25.19685 61.48031 9.49205
v -23.18110 61.48031 7.01730
v -21.16535 61.48031 6.28662
v -19.14961 61.48031 5.48565
v -17.13386 61.48031 11.09976
v -15.11811 61.48031 3.64311
v -13.10236 61.48031 23.55181
v -11.08661 61.48031 3.95606
v -9.07087 61.48031 -8.70255
v -7.05512 61.48031 4.44565
v -5.03937 61.48031 2.98925
v -3.02362 61.48031 20.67575
v -1.00787 61.48031 34.10482
v 1.00787 61.48031 25.21690
v 3.02362 61.48031 78.61323
v 5.03937 61.48031 81.83976
v 7.05512 61.48031 111.44101
v 9.07087 61.48031 62.05274
v 11.08661 61.48031 61.93827
v 13.10236 61.48031 -6.41216
v 15.11811 61.48031 -12.89708
v 17.13386 61.48031 -40.21543
v 19.14961 61.48031 -14.05647
v 21.16535 61.48031 -21.83096
v 23.18110 61.48031 5.05448
v 25.19685 61.48031 -111.33397
v 27.21260 61.48031 -142.71681
v 29.22835 61.48031 3.23070
v 31.24409 61.48031 -4.60422
v 33.25984 61.48031 -20.95812
v 35.27559 61.48031 -20.16094
v 37.29134 61.48031 73.67123
v 39.30709 61.48031 51.03836
v 41.32283 61.48031 82.27629
v 43.33858 61.48031 33.72093
v 45.35433 61.48031 -10.15695
v 47.37008 61.48031 18.91813
v 49.38583 61.48031 19.01053
v 51.40157 61.48031 18.07263
v 53.41732 61.48031 -1.02127
v 55.43307 61.48031 -2.67387
v 57.44882 61.48031 8.79366
v 59.46457 61.48031 19.33020
v 61.48031 61.48031 17.65437
v 63.49606 61.48031 -10.98870
v 65.51181 61.48031 10.03130
v 67.52756 61.48031 18.13776
v 69.54331 61.48031 7.74895
v 71.55906 61.48031 10.63452
v 73.57480 61.48031 1.50491
v 75.59055 61.48031 2.97480
v 77.60630 61.48031 11.92903
v 79.62205 61.48031 -3.48832
v 81.63780 61.48031 11.25364
v 83.65354 61.48031 -14.95908
v 85.66929 61.48031 -3.19995
v 87.68504 61.48031 29.39326
v 89.70079 61.48031 47.05559
v 91.71654 61.48031 102.09253
v 93.73228 61.48031 89.49085
v 95.74803 61.48031 311.06287
v 97.76378 61.48031 230.14838
v 99.77953 61.48031 78.55976
v 101.79528 61.48031 10.86012
v 103.81102 61.48031 118.74520
v 105.82677 61.48031 4.22343
v 107.84252 61.48031 -43.43800
v 109.85827 61.48031 7.69336
v 111.87402 61.48031 12.66821
v 113.88976 61.48031 11.31714
v 115.90551 61.48031 0.94043
v 117.92126 61.48031 2.69964
v 119.93701 61.48031 9.25063
v 121.95276 61.48031 6.82183
v 123.96850 61.48031 8.54456
v 125.98425 61.48031 7.59237
v 128.00000 61.48031 3.37672
v -128.00000 63.49606 35.73232
v -125.98425 63.49606 3.41583
v -123.96850 63.49606 43.43978
v -121.95276 63.49606 -4.94518
v -119.93701 63.49606 -21.18011
v -117.92126 63.49606 -20.02461
v -115.90551 63.49606 8.56593
v -113.88976 63.49606 1.40263
v -111.87402 63.49606 0.82357
v -109.85827 63.49606 13.43883
v -107.84252 63.49606 7.62068
v -105.82677 63.49606 4.11855
v -103.81102 63.49606 7.79305
v -101.79528 63.49606 10.24502
v -99.77953 63.49606 7.02007
v -97.76378 63.49606 8.67084
v -95.74803 63.49606 4.48120
v -93.73228 63.49606 9.08072
v -91.71654 63.49606 8.69831
v -89.70079 63.49606 -1.37375
v -87.68504 63.49606 1.70466
v -85.66929 63.49606 15.02267
v -83.65354 63.49606 7.86379
v -81.63780 63.49606 2.06062
v -79.62205 63.49606 5.27790
v -77.60630 63.49606 7.93081
v -75.59055 63.49606 9.98004
v -73.57480 63.49606 5.91267
v -71.55906 63.49606 8.60831
v -69.54331 63.49606 4.68058
v -67.52756 63.49606 6.53735
v -65.51181 63.49606 11.61223
v -63.49606 63.49606 8.93065
v -61.48031 63.49606 3.75729
v -59.46457 63.49606 14.68188
v -57.44882 63.49606 2.04226
v -55.43307 63.49606 9.93240
v -53.41732 63.49606 -2.13500
v -51.40157 63.49606 0.74480
v -49.38583 63.49606 -5.60796
v -47.37008 63.49606 0.39940
v -45.35433 63.49606 3.08722
v -43.33858 63.49606 -2.66500
v -41.32283 63.49606 -11.92403
v -39.30709 63.49606 7.29241
v -37.29134 63.49606 -20.51368
v -35.27559 63.49606 2.94074
v -33.25984 63.49606 4.72447
v -31.24409 63.49606 9.79275
v -29.22835 63.49606 8.45453
v -27.21260 63.49606 7.31422
v -25.19685 63.49606 7.27934
v -23.18110 63.49606 3.29135
v -21.16535 63.49606 8.36870
v -19.14961 63.49606 3.94657
v -17.13386 63.49606 8.75735
v -15.11811 63.49606 3.24630
v -13.10236 63.49606 6.21801
v -11.08661 63.49606 10.68932
v -9.07087 63.49606 26.29004
v -7.05512 63.49606 16.99787
v -5.03937 63.49606 23.60496
v -3.02362 63.49606 36.31966
v -1.00787 63.49606 79.16539
v 1.00787 63.49606 44.63470
v 3.02362 63.49606 85.72503
v 5.03937 63.49606 87.68465
v 7.05512 63.49606 27.95521
v 9.07087 63.49606 19.09603
v 11.08661 63.49606 62.08313
v 13.10236 63.49606 8.48516
v 15.11811 63.49606 -2.41400
v 17.13386 63.49606 -37.25558
v 19.14961 63.49606 -15.56304
v 21.16535 63.49606 -15.14378
v 23.18110 63.49606 -8.54424
v 25.19685 63.49606 -82.89093
v 27.21260 63.49606 20.60065
v 29.22835 63.49606 -3.08205
v 31.24409 63.49606 -71.34549
v 33.25984 63.49606 -14.66104
v 35.27559 63.49606 -9.34041
v 37.29134 63.49606 4.12058
v 39.30709 63.49606 37.89557
v 41.32283 63.49606 79.87723
v 43.33858 63.49606 24.91066
v 45.35433 63.49606 31.30869
v 47.37008 63.49606 21.45611
v 49.38583 63.49606 -2.02979
v 51.40157 63.49606 8.71525
v 53.41732 63.49606 1.20794
v 55.43307 63.49606 4.89154
v 57.44882 63.49606 -0.85809
v 59.46457 63.49606 19.88218
v 61.48031 63.49606 5.60498
v 63.49606 63.49606 -2.76720
v 65.51181 63.49606 17.75375
v 67.52756 63.49606 13.44961
v 69.54331 63.49606 -9.61647
v 71.55906 63.49606 -1.46118
v 73.57480 63.49606 -1.57485
v 75.59055 63.49606 4.04443
v 77.60630 63.49606 12.23670
v 79.62205 63.49606 7.90797
v 81.63780 63.49606 9.66084
v 83.65354 63.49606 3.26061
v 85.66929 63.49606 8.83382
v 87.68504 63.49606 -16.69667
v 89.70079 63.49606 -6.19669
v 91.71654 63.49606 92.78633
v 93.73228 63.49606 272.98557
v 95.74803 63.49606 84.22331
v 97.76378 63.49606 267.03040
v 99.77953 63.49606 31.30493
v 101.79528 63.49606 72.83907
v 103.81102 63.49606 6.94445
v 105.82677 63.49606 -17.77120
v 107.84252 63.49606 2.68283
v 109.85827 63.49606 17.22340
v 111.87402 63.49606 28.77575
v 113.88976 63.49606 6.30365
v 115.90551 63.49606 6.14912
v 117.92126 63.49606 10.92929
v 119.93701 63.49606 5.90577
v 121.95276 63.49606 11.05844
v 123.96850 63.49606 8.23551
v 125.98425 63.49606 6.71424
v 128.00000 63.49606 15.04147
v -128.00000 65.51181 27.15409
v -125.98425 65.51181 -11.87102
v -123.96850 65.51181 52.78723
v -121.95276 65.51181 -3.92883
v -119.93701 65.51181 -65.39960
v -117.92126 65.51181 -21.21664
v -115.90551 65.51181 3.18582
v -113.88976 65.51181 17.77768
v -111.87402 65.51181 8.19042
v -109.85827 65.51181 3.33186
v -107.84252 65.51181 6.71372
v -105.82677 65.51181 5.56727
v -103.81102 65.51181 4.03781
v -101.79528 65.51181 8.39013
v -99.77953 65.51181 8.38713
v -97.76378 65.51181 8.59330
v -95.74803 65.51181 5.59717
v -93.73228 65.51181 7.06722
v -91.71654 65.51181 3.19618
v -89.70079 65.51181 -18.18825
v -87.68504 65.51181 10.78640
v -85.66929 65.51181 9.04774
v -83.65354 65.51181 5.33016
v -81.63780 65.51181 9.53580
v -79.62205 65.51181 6.50911
v -77.60630 65.51181 12.26403
v -75.59055 65.51181 13.53924
v -73.57480 65.51181 -3.39475
v -71.55906 65.51181 5.73163
v -69.54331 65.51181 3.35664
v -67.52756 65.51181 0.16837
v -65.51181 65.51181 6.67948
v -63.49606 65.51181 5.20767
v -61.48031 65.51181 6.84044
v -59.46457 65.51181 12.31634
v -57.44882 65.51181 8.17375
v -55.43307 65.51181 13.03201
v -53.41732 65.51181 10.08529
v -51.40157 65.51181 5.45274
v -49.38583 65.51181 -10.14156
v -47.37008 65.51181 -11.14418
v -45.35433 65.51181 3.55121
v -43.33858 65.51181 1.05631
v -41.32283 65.51181 0.91612
v -39.30709 65.51181 0.55576
v -37.29134 65.51181 1.02647
v -35.27559 65.51181 -0.43888
v -33.25984 65.51181 4.93240
v -31.24409 65.51181 9.15031
v -29.22835 65.51181 8.09934
v -27.21260 65.51181 5.32897
v -25.19685 65.51181 6.37307
v -23.18110 65.51181 2.21685
v -21.16535 65.51181 -0.97569
v -19.14961 65.51181 13.67680
v -17.13386 65.51181 2.94873
v -15.11811 65.51181 6.22013
v -13.10236 65.51181 5.12089
v -11.08661 65.51181 52.17962
v -9.07087 65.51181 21.65893
v -7.05512 65.51181 -13.34172
v -5.03937 65.51181 13.00729
v -3.02362 65.51181 30.09294
v -1.00787 65.51181 75.62199
v 1.00787 65.51181 68.58868
v 3.02362 65.51181 71.72477
v 5.03937 65.51181 121.91007
v 7.05512 65.51181 137.32913
v 9.07087 65.51181 111.73169
v 11.08661 65.51181 84.92416
v 13.10236 65.51181 100.87714
v 15.11811 65.51181 67.20055
v 17.13386 65.51181 6.62663
v 19.14961 65.51181 28.41743
v 21.16535 65.51181 -4.48843
v 23.18110 65.51181 -3.96816
v 25.19685 65.51181 129.94104
v 27.21260 65.51181 49.87969
v 29.22835 65.51181 -22.66912
v 31.24409 65.51181 -45.55958
v 33.25984 65.51181 -49.18767
v 35.27559 65.51181 -41.25161
v 37.29134 65.51181 27.93867
v 39.30709 65.51181 42.00811
v 41.32283 65.51181 15.31129
v 43.33858 65.51181 46.51360
v 45.35433 65.51181 21.40042
v 47.37008 65.51181 42.86335
v 49.38583 65.51181 21.64074
v 51.40157 65.51181 -4.82575
v 53.41732 65.51181 -2.12341
v 55.43307 65.51181 4.12248
v 57.44882 65.51181 6.34427
v 59.46457 65.51181 6.48684
v 61.48031 65.51181 2.56873
v 63.49606 65.51181 -2.88162
v 65.51181 65.51181 13.98537
v 67.52756 65.51181 -3.50725
v 69.54331 65.51181 8.47300
v 71.55906 65.51181 -16.73233
v 73.57480 65.51181 11.62887
v 75.59055 65.51181 7.46787
v 77.60630 65.51181 0.55831
v 79.62205 65.51181 -10.47138
v 81.63780 65.51181 -0.92897
v 83.65354 65.51181 26.16380
v 85.66929 65.51181 5.75948
v 87.68504 65.51181 -0.97199
v 89.70079 65.51181 29.30863
v 91.71654 65.51181 -30.23031
v 93.73228 65.51181 80.93253
v 95.74803 65.51181 43.31707
v 97.76378 65.51181 22.50178
v 99.77953 65.51181 55.52273
v 101.79528 65.51181 46.01408
v 103.81102 65.51181 0.74547
v 105.82677 65.51181 21.47464
v 107.84252 65.51181 41.97768
v 109.85827 65.51181 60.64436
v 111.87402 65.51181 64.00333
v 113.88976 65.51181 1.53624
v 115.90551 65.51181 16.03884
v 117.92126 65.51181 2.60639
v 119.93701 65.51181 7.96740
v 121.95276 65.51181 7.85679
v 123.96850 65.51181 7.07055
v 125.98425 65.51181 1.39134
v 128.00000 65.51181 13.55065
v -128.00000 67.52756 15.78431
v -125.98425 67.52756 27.77824
v -123.96850 67.52756 48.12750
v -121.95276 67.52756 -3.18309
v -119.93701 67.52756 29.33456
v -117.92126 67.52756 -12.35700
v -115.90551 67.52756 -7.36784
v -113.88976 67.52756 -30.08984
v -111.87402 67.52756 -3.92771
v -109.85827 67.52756 -0.10858
v -107.84252 67.52756 4.07333
v -105.82677 67.52756 4.95971
v -103.81102 67.52756 5.75529
v -101.79528 67.52756 5.32381
v -99.77953 67.52756 3.86468
v -97.76378 67.52756 5.90467
v -95.74803 67.52756 8.80850
v -93.73228 67.52756 9.45329
v -91.71654 67.52756 17.84876
v -89.70079 67.52756 -34.63886
v -87.68504 67.52756 -4.87778
v -85.66929 67.52756 11.82197
v -83.65354 67.52756 9.28463
v -81.63780 67.52756 4.60612
v -79.62205 67.52756 -0.69312
v -77.60630 67.52756 -1.67957
v -75.59055 67.52756 9.14957
v -73.57480 67.52756 -16.11196
v -71.55906 67.52756 17.36236
v -69.54331 67.52756 7.15784
v -67.52756 67.52756 4.92266
v -65.51181 67.52756 10.61362
v -63.49606 67.52756 4.43745
v -61.48031 67.52756 11.51576
v -59.46457 67.52756 15.48703
v -57.44882 67.52756 2.38420
v -55.43307 67.52756 14.10893
v -53.41732 67.52756 16.71031
v -51.40157 67.52756 0.03353
v -49.38583 67.52756 -2.04379
v -47.37008 67.52756 14.80093
v -45.35433 67.52756 -5.58286
v -43.33858 67.52756 4.71207
v -41.32283 67.52756 10.01603
v -39.30709 67.52756 1.06916
v -37.29134 67.52756 1.99431
v -35.27559 67.52756 7.93586
v -33.25984 67.52756 4.81042
v -31.24409 67.52756 3.53848
v -29.22835 67.52756 8.74523
v -27.21260 67.52756 12.47344
v -25.19685 67.52756 12.24349
v -23.18110 67.52756 4.11635
v -21.16535 67.52756 8.98362
v -19.14961 67.52756 -2.99883
v -17.13386 67.52756 15.54769
v -15.11811 67.52756 13.43968
v -13.10236 67.52756 23.61858
v -11.08661 67.52756 4.70064
v -9.07087 67.52756 59.71073
v -7.05512 67.52756 87.54265
v -5.03937 67.52756 23.96697
v -3.02362 67.52756 73.53662
v -1.00787 67.52756 132.39009
v 1.00787 67.52756 60.18967
v 3.02362 67.52756 33.98726
v 5.03937 67.52756 207.66541
v 7.05512 67.52756 150.21576
v 9.07087 67.52756 305.43130
v 11.08661 67.52756 163.79234
v 13.10236 67.52756 26.09310
v 15.11811 67.52756 220.27759
v 17.13386 67.52756 80.76200
v 19.14961 67.52756 149.47075
v 21.16535 67.52756 115.11858
v 23.18110 67.52756 276.57916
v 25.19685 67.52756 96.49458
v 27.21260 67.52756 -106.98994
v 29.22835 67.52756 159.01866
v 31.24409 67.52756 -25.64305
v 33.25984 67.52756 -32.37664
v 35.27559 67.52756 99.40901
v 37.29134 67.52756 125.73897
v 39.30709 67.52756 52.63679
v 41.32283 67.52756 25.43907
v 43.33858 67.52756 40.38469
v 45.35433 67.52756 10.72981
v 47.37008 67.52756 14.88608
v 49.38583 67.52756 22.03625
v 51.40157 67.52756 -14.28395
v 53.41732 67.52756 3.45718
v 55.43307 67.52756 8.22900
v 57.44882 67.52756 2.64964
v 59.46457 67.52756 8.16005
v 61.48031 67.52756 11.45793
v 63.49606 67.52756 19.44362
v 65.51181 67.52756 -8.33153
v 67.52756 67.52756 21.10034
v 69.54331 67.52756 0.83793
v 71.55906 67.52756 22.80997
v 73.57480 67.52756 2.34205
v 75.59055 67.52756 9.14178
v 77.60630 67.52756 7.16577
v 79.62205 67.52756 -20.61600
v 81.63780 67.52756 -17.01720
v 83.65354 67.52756 12.33957
v 85.66929 67.52756 16.77545
v 87.68504 67.52756 10.63394
v 89.70079 67.52756 22.69436
v 91.71654 67.52756 18.90227
v 93.73228 67.52756 19.45082
v 95.74803 67.52756 -1.01098
v 97.76378 67.52756 -12.74469
v 99.77953 67.52756 30.85471
v 101.79528 67.52756 28.00975
v 103.81102 67.52756 6.81214
v 105.82677 67.52756 8.54788
v 107.84252 67.52756 26.60748
v 109.85827 67.52756 72.38369
v 111.87402 67.52756 42.87474
v 113.88976 67.52756 14.45843
v 115.90551 67.52756 2.32214
v 117.92126 67.52756 16.68801
v 119.93701 67.52756 25.60981
v 121.95276 67.52756 20.22132
v 123.96850 67.52756 9.58759
v 125.98425 67.52756 11.23873
v 128.00000 67.52756 2.83982
v -128.00000 69.54331 69.41032
v -125.98425 69.54331 1.53374
v -123.96850 69.54331 128.26028
v -121.95276 69.54331 23.92677
v -119.93701 69.54331 -52.09259
v -117.92126 69.54331 36.05172
v -115.90551 69.54331 -55.04096
v -113.88976 69.54331 -6.81987
v -111.87402 69.54331 0.17674
v -109.85827 69.54331 5.84004
v -107.84252 69.54331 4.09125
v -105.82677 69.54331 8.90444
v -103.81102 69.54331 9.59346
v -101.79528 69.54331 7.09397
v -99.77953 69.54331 9.92096
v -97.76378 69.54331 5.28862
v -95.74803 69.54331 3.68810
v -93.73228 69.54331 3.50770
v -91.71654 69.54331 10.09982
v -89.70079 69.54331 -2.14731
v -87.68504 69.54331 -10.54038
v -85.66929 69.54331 24.66756
v -83.65354 69.54331 10.12293
v -81.63780 69.54331 2.46355
v -79.62205 69.54331 17.51816
v -77.60630 69.54331 5.41283
v -75.59055 69.54331 -7.89790
v -73.57480 69.54331 0.95166
v -71.55906 69.54331 20.82393
v -69.54331 69.54331 6.43116
v -67.52756 69.54331 5.86037
v -65.51181 69.54331 5.50694
v -63.49606 69.54331 2.78163
v -61.48031 69.54331 13.11969
v -59.46457 69.54331 13.70786
v -57.44882 69.54331 0.92277
v -55.43307 69.54331 33.68153
v -53.41732 69.54331 25.13387
v -51.40157 69.54331 -3.51336
v -49.38583 69.54331 2.88608
v -47.37008 69.54331 -22.83251
v -45.35433 69.54331 -15.67090
v -43.33858 69.54331 13.68874
v -41.32283 69.54331 4.23264
v -39.30709 69.54331 12.27241
v -37.29134 69.54331 8.69494
v -35.27559 69.54331 4.48952
v -33.25984 69.54331 13.04221
v -31.24409 69.54331 14.41199
v -29.22835 69.54331 -1.27514
v -27.21260 69.54331 -6.90255
v -25.19685 69.54331 11.32603
v -23.18110 69.54331 5.83024
v -21.16535 69.54331 4.80991
v -19.14961 69.54331 12.40465
v -17.13386 69.54331 -4.44656
v -15.11811 69.54331 8.78992
v -13.10236 69.54331 66.23286
v -11.08661 69.54331 138.24974
v -9.07087 69.54331 194.40152
v -7.05512 69.54331 3.99869
v -5.03937 69.54331 27.61478
v -3.02362 69.54331 109.97393
v -1.00787 69.54331 9.10020
v 1.00787 69.54331 192.39163
v 3.02362 69.54331 209.25949
v 5.03937 69.54331 473.38031
v 7.05512 69.54331 546.17865
v 9.07087 69.54331 696.97961
v 11.08661 69.54331 431.49097
v 13.10236 69.54331 352.57278
v 15.11811 69.54331 311.33463
v 17.13386 69.54331 238.02664
v 19.14961 69.54331 159.70024
v 21.16535 69.54331 548.41595
v 23.18110 69.54331 404.72134
v 25.19685 69.54331 579.65375
v 27.21260 69.54331 363.66409
v 29.22835 69.54331 -39.90035
v 31.24409 69.54331 52.73550
v 33.25984 69.54331 236.67996
v 35.27559 69.54331 142.24837
v 37.29134 69.54331 41.96850
v 39.30709 69.54331 26.08746
v 41.32283 69.54331 61.32496
v 43.33858 69.54331 32.15336
v 45.35433 69.54331 -1.77428
v 47.37008 69.54331 1.09758
v 49.38583 69.54331 14.13652
v 51.40157 69.54331 4.35769
v 53.41732 69.54331 3.59748
v 55.43307 69.54331 3.94672
v 57.44882 69.54331 1.93363
v 59.46457 69.54331 11.77979
v 61.48031 69.54331 7.13135
v 63.49606 69.54331 9.89946
v 65.51181 69.54331 13.75383
v 67.52756 69.54331 15.35340
v 69.54331 69.54331 11.79624
v 71.55906 69.54331 8.83009
v 73.57480 69.54331 17.82020
v 75.59055 69.54331 11.55888
v 77.60630 69.54331 7.17306
v 79.62205 69.54331 4.93966
v 81.63780 69.54331 3.39354
v 83.65354 69.54331 13.22418
v 85.66929 69.54331 13.17601
v 87.68504 69.54331 9.37448
v 89.70079 69.54331 8.85493
v 91.71654 69.54331 5.36071
v 93.73228 69.54331 9.33846
v 95.74803 69.54331 10.91859
v 97.76378 69.54331 2.78463
v 99.77953 69.54331 21.35671
v 101.79528 69.54331 14.96259
v 103.81102 69.54331 13.88633
v 105.82677 69.54331 26.64064
v 107.84252 69.54331 32.40096
v 109.85827 69.54331 35.87125
v 111.87402 69.54331 21.46666
v 113.88976 69.54331 6.27052
v 115.90551 69.54331 -1.18898
v 117.92126 69.54331 3.67560
v 119.93701 69.54331 7.82218
v 121.95276 69.54331 1.70179
v 123.96850 69.54331 2.40644
v 125.98425 69.54331 -2.29541
v 128.00000 69.54331 -4.91173
v -128.00000 71.55906 -18.76750
v -125.98425 71.55906 25.53015
v -123.96850 71.55906 50.12821
v -121.95276 71.55906 113.44984
v -119.93701 71.55906 11.82830
v -117.92126 71.55906 -12.13498
v -115.90551 71.55906 -2.63268
v -113.88976 71.55906 -20.72238
v -111.87402 71.55906 1.98986
v -109.85827 71.55906 8.13267
v -107.84252 71.55906 11.56526
v -105.82677 71.55906 5.66241
v -103.81102 71.55906 6.98716
v -101.79528 71.55906 6.68827
v -99.77953 71.55906 6.89279
v -97.76378 71.55906 9.08449
v -95.74803 71.55906 7.84711
v -93.73228 71.55906 6.65050
v -91.71654 71.55906 7.22951
v -89.70079 71.55906 8.75167
v -87.68504 71.55906 12.73814
v -85.66929 71.55906 7.99652
v -83.65354 71.55906 11.22129
v -81.63780 71.55906 8.73519
v -79.62205 71.55906 -0.71445
v -77.60630 71.55906 11.92916
v -75.59055 71.55906 5.83022
v -73.57480 71.55906 0.81074
v -71.55906 71.55906 4.48146
v -69.54331 71.55906 8.09711
v -67.52756 71.55906 12.16074
v -65.51181 71.55906 3.98876
v -63.49606 71.55906 5.99950
v -61.48031 71.55906 6.50849
v -59.46457 71.55906 6.05609
v -57.44882 71.55906 12.94097
v -55.43307 71.55906 12.23536
v -53.41732 71.55906 47.95239
v -51.40157 71.55906 -7.42627
v -49.38583 71.55906 -117.18449
v -47.37008 71.55906 -35.14800
v -45.35433 71.55906 -15.60124
v -43.33858 71.55906 12.83854
v -41.32283 71.55906 15.17787
v -39.30709 71.55906 10.57886
v -37.29134 71.55906 6.91250
v -35.27559 71.55906 7.05809
v -33.25984 71.55906 10.25719
v -31.24409 71.55906 -1.66684
v -29.22835 71.55906 16.01162
v -27.21260 71.55906 5.15926
v -25.19685 71.55906 3.16058
v -23.18110 71.55906 9.31241
v -21.16535 71.55906 -1.09881
v -19.14961 71.55906 -2.36535
v -17.13386 71.55906 -19.42720
v -15.11811 71.55906 -15.54181
v -13.10236 71.55906 50.32118
v -11.08661 71.55906 82.10334
v -9.07087 71.55906 136.05850
v -7.05512 71.55906 31.25950
v -5.03937 71.55906 38.75834
v -3.02362 71.55906 53.37931
v -1.00787 71.55906 -27.03700
v 1.00787 71.55906 95.85922
v 3.02362 71.55906 760.51233
v 5.03937 71.55906 2292.02905
v 7.05512 71.55906 856.32117
v 9.07087 71.55906 1620.98938
v 11.08661 71.55906 371.85458
v 13.10236 71.55906 673.18103
v 15.11811 71.55906 307.58594
v 17.13386 71.55906 463.50763
v 19.14961 71.55906 342.40872
v 21.16535 71.55906 1187.65125
v 23.18110 71.55906 960.36896
v 25.19685 71.55906 1223.01367
v 27.21260 71.55906 262.24246
v 29.22835 71.55906 28.22106
v 31.24409 71.55906 126.71403
v 33.25984 71.55906 93.82568
v 35.27559 71.55906 78.63244
v 37.29134 71.55906 -0.14779
v 39.30709 71.55906 -6.50750
v 41.32283 71.55906 31.25124
v 43.33858 71.55906 11.00014
v 45.35433 71.55906 18.07380
v 47.37008 71.55906 6.21643
v 49.38583 71.55906 8.51329
v 51.40157 71.55906 3.72248
v 53.41732 71.55906 7.47908
v 55.43307 71.55906 11.88992
v 57.44882 71.55906 6.95296
v 59.46457 71.55906 2.14358
v 61.48031 71.55906 15.32840
v 63.49606 71.55906 25.42640
v 65.51181 71.55906 17.92406
v 67.52756 71.55906 16.39896
v 69.54331 71.55906 -5.12923
v 71.55906 71.55906 -10.59835
v 73.57480 71.55906 9.16807
v 75.59055 71.55906 13.76712
v 77.60630 71.55906 8.16943
v 79.62205 71.55906 6.56979
v 81.63780 71.55906 14.88789
v 83.65354 71.55906 10.12574
v 85.66929 71.55906 8.16519
v 87.68504 71.55906 9.43910
v 89.70079 71.55906 7.16439
v 91.71654 71.55906 8.68022
v 93.73228 71.55906 11.40926
v 95.74803 71.55906 16.03011
v 97.76378 71.55906 9.23937
v 99.77953 71.55906 19.34204
v 101.79528 71.55906 9.25356
v 103.81102 71.55906 17.29325
v 105.82677 71.55906 12.07555
v 107.84252 71.55906 33.27504
v 109.85827 71.55906 26.71231
v 111.87402 71.55906 -3.89440
v 113.88976 71.55906 28.59213
v 115.90551 71.55906 14.19018
v 117.92126 71.55906 10.25446
v 119.93701 71.55906 -2.04340
v 121.95276 71.55906 30.00065
v 123.96850 71.55906 15.39825
v 125.98425 71.55906 3.05054
v 128.00000 71.55906 -1.64546
v -128.00000 73.57480 12.05129
v -125.98425 73.57480 26.39235
v -123.96850 73.57480 36.11808
v -121.95276 73.57480 274.16406
v -119.93701 73.57480 38.17050
v -117.92126 73.57480 17.71491
v -115.90551 73.57480 10.71041
v -113.88976 73.57480 12.42526
v -111.87402 73.57480 4.51115
v -109.85827 73.57480 19.07215
v -107.84252 73.57480 12.32638
v -105.82677 73.57480 5.86606
v -103.81102 73.57480 6.03192
v -101.79528 73.57480 6.31820
v -99.77953 73.57480 6.32646
v -97.76378 73.57480 10.55536
v -95.74803 73.57480 10.52265
v -93.73228 73.57480 2.67876
v -91.71654 73.57480 -0.73009
v -89.70079 73.57480 13.94588
v -87.68504 73.57480 17.02900
v -85.66929 73.57480 11.27045
v -83.65354 73.57480 6.43452
v -81.63780 73.57480 1.45193
v -79.62205 73.57480 3.23891
v -77.60630 73.57480 8.03715
v -75.59055 73.57480 11.39804
v -73.57480 73.57480 9.62985
v -71.55906 73.57480 7.52200
v -69.54331 73.57480 -0.19370
v -67.52756 73.57480 -0.30222
v -65.51181 73.57480 -0.62238
v -63.49606 73.57480 -1.96738
v -61.48031 73.57480 0.36937
v -59.46457 73.57480 -5.16124
v -57.44882 73.57480 5.86875
v -55.43307 73.57480 -8.98329
v -53.41732 73.57480 10.35938
v -51.40157 73.57480 60.81048
v -49.38583 73.57480 -8.85638
v -47.37008 73.57480 17.08064
v -45.35433 73.57480 -14.79550
v -43.33858 73.57480 17.67742
v -41.32283 73.57480 4.42385
v -39.30709 73.57480 13.07426
v -37.29134 73.57480 8.91745
v -35.27559 73.57480 6.41756
v -33.25984 73.57480 1.45396
v -31.24409 73.57480 8.38188
v -29.22835 73.57480 6.54379
v -27.21260 73.57480 19.91253
v -25.19685 73.57480 2.94277
v -23.18110 73.57480 -3.17045
v -21.16535 73.57480 16.06397
v -19.14961 73.57480 6.13341
v -17.13386 73.57480 -22.04312
v -15.11811 73.57480 4.46838
v -13.10236 73.57480 24.24372
v -11.08661 73.57480 14.61389
v -9.07087 73.57480 77.21906
v -7.05512 73.57480 60.93451
v -5.03937 73.57480 57.23648
v -3.02362 73.57480 42.89601
v -1.00787 73.57480 157.44713
v 1.00787 73.57480 433.12805
v 3.02362 73.57480 331.20209
v 5.03937 73.57480 368.47952
v 7.05512 73.57480 270.50375
v 9.07087 73.57480 1703.34387
v 11.08661 73.57480 3000.00000
v 13.10236 73.57480 367.75198
v 15.11811 73.57480 1985.04993
v 17.13386 73.57480 1258.59277
v 19.14961 73.57480 465.06058
v 21.16535 73.57480 268.02863
v 23.18110 73.57480 624.84058
v 25.19685 73.57480 944.11945
v 27.21260 73.57480 92.82423
v 29.22835 73.57480 -2.33050
v 31.24409 73.57480 53.57902
v 33.25984 73.57480 -44.47211
v 35.27559 73.57480 -2.09136
v 37.29134 73.57480 11.90875
v 39.30709 73.57480 34.59742
v 41.32283 73.57480 28.77209
v 43.33858 73.57480 11.46106
v 45.35433 73.57480 7.08480
v 47.37008 73.57480 10.40953
v 49.38583 73.57480 14.40891
v 51.40157 73.57480 11.04993
v 53.41732 73.57480 3.85010
v 55.43307 73.57480 4.35699
v 57.44882 73.57480 7.78962
v 59.46457 73.57480 3.90297
v 61.48031 73.57480 13.95816
v 63.49606 73.57480 -26.24140
v 65.51181 73.57480 -18.15534
v 67.52756 73.57480 -12.40845
v 69.54331 73.57480 17.57069
v 71.55906 73.57480 2.89410
v 73.57480 73.57480 10.97114
v 75.59055 73.57480 5.98101
v 77.60630 73.57480 7.35902
v 79.62205 73.57480 6.04549
v 81.63780 73.57480 3.98177
v 83.65354 73.57480 20.55460
v 85.66929 73.57480 12.04559
v 87.68504 73.57480 8.35678
v 89.70079 73.57480 8.81238
v 91.71654 73.57480 9.07981
v 93.73228 73.57480 10.60200
v 95.74803 73.57480 8.29298
v 97.76378 73.57480 13.08573
v 99.77953 73.57480 12.97082
v 101.79528 73.57480 2.80940
v 103.81102 73.57480 14.66847
v 105.82677 73.57480 8.54826
v 107.84252 73.57480 7.13166
v 109.85827 73.57480 21.91709
v 111.87402 73.57480 -1.75387
v 113.88976 73.57480 11.96045
v 115.90551 73.57480 10.96699
v 117.92126 73.57480 17.85777
v 119.93701 73.57480 18.39714
v 121.95276 73.57480 25.03007
v 123.96850 73.57480 32.81436
v 125.98425 73.57480 -1.88950
v 128.00000 73.57480 55.05030
v -128.00000 75.59055 -49.77924
v -125.98425 75.59055 -4.17457
v -123.96850 75.59055 71.65511
v -121.95276 75.59055 62.18417
v -119.93701 75.59055 2.22701
v -117.92126 75.59055 68.87764
v -115.90551 75.59055 28.12812
v -113.88976 75.59055 40.07105
v -111.87402 75.59055 23.37398
v -109.85827 75.59055 24.45958
v -107.84252 75.59055 11.16272
v -105.82677 75.59055 12.30285
v -103.81102 75.59055 7.55306
v -101.79528 75.59055 6.63806
v -99.77953 75.59055 2.82895
v -97.76378 75.59055 7.41273
v -95.74803 75.59055 7.31708
v -93.73228 75.59055 5.54516
v -91.71654 75.59055 4.39559
v -89.70079 75.59055 12.39367
v -87.68504 75.59055 5.93583
v -85.66929 75.59055 7.68271
v -83.65354 75.59055 12.69987
v -81.63780 75.59055 3.89284
v -79.62205 75.59055 4.76936
v -77.60630 75.59055 7.83514
v -75.59055 75.59055 8.49590
v -73.57480 75.59055 14.21294
v -71.55906 75.59055 5.90764
v -69.54331 75.59055 4.44207
v -67.52756 75.59055 5.64315
v -65.51181 75.59055 5.34162
v -63.49606 75.59055 6.80168
v -61.48031 75.59055 7.86831
v -59.46457 75.59055 3.35122
v -57.44882 75.59055 18.57394
v -55.43307 75.59055 2.07062
v -53.41732 75.59055 18.28414
v -51.40157 75.59055 43.51199
v -49.38583 75.59055 38.13592
v -47.37008 75.59055 2.47135
v -45.35433 75.59055 18.03771
v -43.33858 75.59055 6.48079
v -41.32283 75.59055 8.02660
v -39.30709 75.59055 6.19289
v -37.29134 75.59055 13.83983
v -35.27559 75.59055 19.24813
v -33.25984 75.59055 -1.68018
v -31.24409 75.59055 6.22808
v -29.22835 75.59055 15.01690
v -27.21260 75.59055 8.65300
v -25.19685 75.59055 2.97359
v -23.18110 75.59055 -7.51538
v -21.16535 75.59055 6.81977
v -19.14961 75.59055 15.24400
v -17.13386 75.59055 1.57365
v -15.11811 75.59055 -15.09918
v -13.10236 75.59055 -37.10403
v -11.08661 75.59055 -0.48505
v -9.07087 75.59055 1.71811
v -7.05512 75.59055 34.33724
v -5.03937 75.59055 -23.49350
v -3.02362 75.59055 25.34986
v -1.00787 75.59055 111.54347
v 1.00787 75.59055 116.39950
v 3.02362 75.59055 352.12253
v 5.03937 75.59055 1104.66040
v 7.05512 75.59055 2413.68848
v 9.07087 75.59055 3000.00000
v 11.08661 75.59055 1005.63739
v 13.10236 75.59055 295.34100
v 15.11811 75.59055 700.67963
v 17.13386 75.59055 1048.19934
v 19.14961 75.59055 419.90973
v 21.16535 75.59055 171.85469
v 23.18110 75.59055 314.52267
v 25.19685 75.59055 87.20845
v 27.21260 75.59055 192.70383
v 29.22835 75.59055 72.54622
v 31.24409 75.59055 14.49563
v 33.25984 75.59055 77.70177
v 35.27559 75.59055 5.50735
v 37.29134 75.59055 19.21853
v 39.30709 75.59055 66.03255
v 41.32283 75.59055 38.57381
v 43.33858 75.59055 -14.28612
v 45.35433 75.59055 4.38639
v 47.37008 75.59055 7.17623
v 49.38583 75.59055 16.38053
v 51.40157 75.59055 6.04044
v 53.41732 75.59055 5.87772
v 55.43307 75.59055 0.40613
v 57.44882 75.59055 -4.70127
v 59.46457 75.59055 -26.64671
v 61.48031 75.59055 -40.45279
v 63.49606 75.59055 -33.74366
v 65.51181 75.59055 -45.35963
v 67.52756 75.59055 11.58558
v 69.54331 75.59055 8.27189
v 71.55906 75.59055 32.07821
v 73.57480 75.59055 27.32486
v 75.59055 75.59055 9.05046
v 77.60630 75.59055 2.44301
v 79.62205 75.59055 1.60686
v 81.63780 75.59055 6.00995
v 83.65354 75.59055 13.89191
v 85.66929 75.59055 6.28966
v 87.68504 75.59055 8.56966
v 89.70079 75.59055 7.07825
v 91.71654 75.59055 8.31109
v 93.73228 75.59055 8.81848
v 95.74803 75.59055 7.35091
v 97.76378 75.59055 9.42873
v 99.77953 75.59055 10.19331
v 101.79528 75.59055 9.59080
v 103.81102 75.59055 4.16227
v 105.82677 75.59055 9.18148
v 107.84252 75.59055 1.76206
v 109.85827 75.59055 15.28340
v 111.87402 75.59055 7.69885
v 113.88976 75.59055 15.01074
v 115.90551 75.59055 2.52037
v 117.92126 75.59055 15.15192
v 119.93701 75.59055 22.66222
v 121.95276 75.59055 21.51822
v 123.96850 75.59055 6.93047
v 125.98425 75.59055 22.29909
v 128.00000 75.59055 45.78710
v -128.00000 77.60630 7.54895
v -125.98425 77.60630 47.24900
v -123.96850 77.60630 8.69946
v -121.95276 77.60630 166.80177
v -119.93701 77.60630 46.95835
v -117.92126 77.60630 17.71058
v -115.90551 77.60630 30.54429
v -113.88976 77.60630 17.96453
v -111.87402 77.60630 6.83968
v -109.85827 77.60630 7.48440
v -107.84252 77.60630 9.85391
v -105.82677 77.60630 7.09911
v -103.81102 77.60630 6.48444
v -101.79528 77.60630 4.73991
v -99.77953 77.60630 13.40290
v -97.76378 77.60630 6.88229
v -95.74803 77.60630 4.13024
v -93.73228 77.60630 8.96904
v -91.71654 77.60630 2.70340
v -89.70079 77.60630 7.52825
v -87.68504 77.60630 8.35062
v -85.66929 77.60630 10.18531
v -83.65354 77.60630 9.44720
v -81.63780 77.60630 4.94951
v -79.62205 77.60630 1.08081
v -77.60630 77.60630 4.52318
v -75.59055 77.60630 6.39001
v -73.57480 77.60630 3.92988
v -71.55906 77.60630 8.88584
v -69.54331 77.60630 5.31784
v -67.52756 77.60630 7.03473
v -65.51181 77.60630 6.00375
v -63.49606 77.60630 7.20970
v -61.48031 77.60630 13.01113
v -59.46457 77.60630 -2.30162
v -57.44882 77.60630 11.15617
v -55.43307 77.60630 10.14855
v -53.41732 77.60630 28.29731
v -51.40157 77.60630 33.91677
v -49.38583 77.60630 -12.20831
v -47.37008 77.60630 30.75877
v -45.35433 77.60630 6.85477
v -43.33858 77.60630 7.54979
v -41.32283 77.60630 29.14297
v -39.30709 77.60630 7.92767
v -37.29134 77.60630 1.22911
v -35.27559 77.60630 29.58153
v -33.25984 77.60630 -15.80365
v -31.24409 77.60630 9.25250
v -29.22835 77.60630 23.77528
v -27.21260 77.60630 20.95575
v -25.19685 77.60630 16.91199
v -23.18110 77.60630 13.08075
v -21.16535 77.60630 -2.64837
v -19.14961 77.60630 14.21794
v -17.13386 77.60630 16.78965
v -15.11811 77.60630 11.90474
v -13.10236 77.60630 2.34259
v -11.08661 77.60630 37.75223
v -9.07087 77.60630 25.05444
v -7.05512 77.60630 -1.48826
v -5.03937 77.60630 -54.86673
v -3.02362 77.60630 -31.83636
v -1.00787 77.60630 81.03681
v 1.00787 77.60630 96.89101
v 3.02362 77.60630 395.12848
v 5.03937 77.60630 248.09500
v 7.05512 77.60630 839.12592
v 9.07087 77.60630 932.90656
v 11.08661 77.60630 370.26941
v 13.10236 77.60630 225.47865
v 15.11811 77.60630 254.53938
v 17.13386 77.60630 754.14838
v 19.14961 77.60630 892.69128
v 21.16535 77.60630 337.70880
v 23.18110 77.60630 333.54306
v 25.19685 77.60630 381.71408
v 27.21260 77.60630 336.55527
v 29.22835 77.60630 158.69850
v 31.24409 77.60630 163.34306
v 33.25984 77.60630 74.73289
v 35.27559 77.60630 80.62466
v 37.29134 77.60630 40.82063
v 39.30709 77.60630 76.89718
v 41.32283 77.60630 17.50542
v 43.33858 77.60630 1.51832
v 45.35433 77.60630 12.54798
v 47.37008 77.60630 2.45764
v 49.38583 77.60630 1.76682
v 51.40157 77.60630 4.96805
v 53.41732 77.60630 9.39961
v 55.43307 77.60630 -4.79775
v 57.44882 77.60630 9.72350
v 59.46457 77.60630 9.95351
v 61.48031 77.60630 9.66646
v 63.49606 77.60630 -47.87890
v 65.51181 77.60630 -29.46476
v 67.52756 77.60630 -25.71196
v 69.54331 77.60630 1.39119
v 71.55906 77.60630 32.51879
v 73.57480 77.60630 10.21766
v 75.59055 77.60630 18.24829
v 77.60630 77.60630 9.28240
v 79.62205 77.60630 3.65700
v 81.63780 77.60630 3.07864
v 83.65354 77.60630 9.64319
v 85.66929 77.60630 13.44115
v 87.68504 77.60630 0.54273
v 89.70079 77.60630 5.90383
v 91.71654 77.60630 7.32364
v 93.73228 77.60630 9.41403
v 95.74803 77.60630 8.61344
v 97.76378 77.60630 10.19015
v 99.77953 77.60630 12.43677
v 101.79528 77.60630 10.78036
v 103.81102 77.60630 8.54708
v 105.82677 77.60630 8.89014
v 107.84252 77.60630 8.81865
v 109.85827 77.60630 3.89584
v 111.87402 77.60630 9.06771
v 113.88976 77.60630 5.35335
v 115.90551 77.60630 15.98540
v 117.92126 77.60630 5.15934
v 119.93701 77.60630 6.48149
v 121.95276 77.60630 131.53812
v 123.96850 77.60630 122.39056
v 125.98425 77.60630 10.42367
v 128.00000 77.60630 -47.19329
v -128.00000 79.62205 47.65302
v -125.98425 79.62205 30.48246
v -123.96850 79.62205 -16.17921
v -121.95276 79.62205 57.93484
v -119.93701 79.62205 33.05893
v -117.92126 79.62205 -6.94626
v -115.90551 79.62205 29.94050
v -113.88976 79.62205 0.62682
v -111.87402 79.62205 -4.90687
v -109.85827 79.62205 6.34280
v -107.84252 79.62205 2.18873
v -105.82677 79.62205 4.81777
v -103.81102 79.62205 11.43779
v -101.79528 79.62205 22.67807
v -99.77953 79.62205 -3.48300
v -97.76378 79.62205 -0.92615
v -95.74803 79.62205 5.73617
v -93.73228 79.62205 11.28783
v -91.71654 79.62205 12.23591
v -89.70079 79.62205 7.63689
v -87.68504 79.62205 5.70834
v -85.66929 79.62205 8.74684
v -83.65354 79.62205 7.19528
v -81.63780 79.62205 5.87196
v -79.62205 79.62205 0.39175
v -77.60630 79.62205 2.17123
v -75.59055 79.62205 7.16488
v -73.57480 79.62205 10.27384
v -71.55906 79.62205 8.76276
v -69.54331 79.62205 5.47177
v -67.52756 79.62205 10.75143
v -65.51181 79.62205 10.10869
v -63.49606 79.62205 17.46889
v -61.48031 79.62205 0.96008
v -59.46457 79.62205 -12.39754
v -57.44882 79.62205 9.66792
v -55.43307 79.62205 2.73158
v -53.41732 79.62205 -5.69270
v -51.40157 79.62205 29.29380
v -49.38583 79.62205 -2.02307
v -47.37008 79.62205 -2.81920
v -45.35433 79.62205 6.10874
v -43.33858 79.62205 1.99505
v -41.32283 79.62205 16.96152
v -39.30709 79.62205 10.42887
v -37.29134 79.62205 25.79234
v -35.27559 79.62205 4.67805
v -33.25984 79.62205 -31.50092
v -31.24409 79.62205 18.48178
v -29.22835 79.62205 2.93831
v -27.21260 79.62205 7.33543
v -25.19685 79.62205 0.43718
v -23.18110 79.62205 14.64664
v -21.16535 79.62205 10.93765
v -19.14961 79.62205 1.92617
v -17.13386 79.62205 11.68325
v -15.11811 79.62205 32.49847
v -13.10236 79.62205 12.00317
v -11.08661 79.62205 17.78024
v -9.07087 79.62205 30.01883
v -7.05512 79.62205 25.27596
v -5.03937 79.62205 -5.67928
v -3.02362 79.62205 -43.22275
v -1.00787 79.62205 46.67788
v 1.00787 79.62205 108.76685
v 3.02362 79.62205 102.61207
v 5.03937 79.62205 209.90585
v 7.05512 79.62205 431.46561
v 9.07087 79.62205 226.54495
v 11.08661 79.62205 379.67590
v 13.10236 79.62205 147.45950
v 15.11811 79.62205 172.34570
v 17.13386 79.62205 533.68018
v 19.14961 79.62205 443.95547
v 21.16535 79.62205 300.04449
v 23.18110 79.62205 88.66641
v 25.19685 79.62205 59.54505
v 27.21260 79.62205 -1.14049
v 29.22835 79.62205 112.78133
v 31.24409 79.62205 57.49567
v 33.25984 79.62205 49.80035
v 35.27559 79.62205 26.31210
v 37.29134 79.62205 23.88442
v 39.30709 79.62205 19.90879
v 41.32283 79.62205 12.03712
v 43.33858 79.62205 13.80836
v 45.35433 79.62205 1.17220
v 47.37008 79.62205 8.64171
v 49.38583 79.62205 -1.14518
v 51.40157 79.62205 -0.98799
v 53.41732 79.62205 0.16381
v 55.43307 79.62205 6.80653
v 57.44882 79.62205 -4.53930
v 59.46457 79.62205 4.80741
v 61.48031 79.62205 17.27460
v 63.49606 79.62205 -6.50414
v 65.51181 79.62205 -19.96543
v 67.52756 79.62205 -8.54053
v 69.54331 79.62205 7.30695
v 71.55906 79.62205 -1.83556
v 73.57480 79.62205 4.76710
v 75.59055 79.62205 24.06948
v 77.60630 79.62205 5.35217
v 79.62205 79.62205 3.85210
v 81.63780 79.62205 6.32272
v 83.65354 79.62205 6.29888
v 85.66929 79.62205 9.77467
v 87.68504 79.62205 5.18651
v 89.70079 79.62205 5.58650
v 91.71654 79.62205 6.82369
v 93.73228 79.62205 12.24296
v 95.74803 79.62205 11.83143
v 97.76378 79.62205 8.39971
v 99.77953 79.62205 10.11584
v 101.79528 79.62205 5.36540
v 103.81102 79.62205 8.22960
v 105.82677 79.62205 14.85689
v 107.84252 79.62205 7.08620
v 109.85827 79.62205 10.94663
v 111.87402 79.62205 12.48650
v 113.88976 79.62205 -4.28722
v 115.90551 79.62205 -2.30381
v 117.92126 79.62205 4.69480
v 119.93701 79.62205 33.91411
v 121.95276 79.62205 172.61490
v 123.96850 79.62205 -5.05871
v 125.98425 79.62205 37.96129
v 128.00000 79.62205 -12.20159
v -128.00000 81.63780 43.43423
v -125.98425 81.63780 26.84936
v -123.96850 81.63780 -6.24895
v -121.95276 81.63780 -51.05717
v -119.93701 81.63780 -11.83025
v -117.92126 81.63780 1.49459
v -115.90551 81.63780 4.24727
v -113.88976 81.63780 10.14512
v -111.87402 81.63780 0.24421
v -109.85827 81.63780 -0.80248
v -107.84252 81.63780 0.97548
v -105.82677 81.63780 10.77290
v -103.81102 81.63780 23.97320
v -101.79528 81.63780 -2.22962
v -99.77953 81.63780 3.91006
v -97.76378 81.63780 8.55063
v -95.74803 81.63780 4.65306
v -93.73228 81.63780 4.92414
v -91.71654 81.63780 3.75317
v -89.70079 81.63780 10.06636
v -87.68504 81.63780 4.33075
v -85.66929 81.63780 9.06920
v -83.65354 81.63780 0.82408
v -81.63780 81.63780 -0.74770
v -79.62205 81.63780 -10.28370
v -77.60630 81.63780 -8.06296
v -75.59055 81.63780 -6.98404
v -73.57480 81.63780 2.27552
v -71.55906 81.63780 2.08108
v -69.54331 81.63780 3.17441
v -67.52756 81.63780 10.89745
v -65.51181 81.63780 10.53653
v -63.49606 81.63780 -4.80790
v -61.48031 81.63780 -8.93323
v -59.46457 81.63780 -7.91431
v -57.44882 81.63780 6.61645
v -55.43307 81.63780 1.90030
v -53.41732 81.63780 -1.57896
v -51.40157 81.63780 -12.28012
v -49.38583 81.63780 -14.22793
v -47.37008 81.63780 -4.37496
v -45.35433 81.63780 6.91736
v -43.33858 81.63780 5.49353
v -41.32283 81.63780 8.37922
v -39.30709 81.63780 -6.11613
v -37.29134 81.63780 0.73559
v -35.27559 81.63780 22.46948
v -33.25984 81.63780 19.04672
v -31.24409 81.63780 6.15574
v -29.22835 81.63780 -2.39686
v -27.21260 81.63780 14.44402
v -25.19685 81.63780 21.29546
v -23.18110 81.63780 -2.95726
v -21.16535 81.63780 19.43868
v -19.14961 81.63780 3.66600
v -17.13386 81.63780 26.69620
v -15.11811 81.63780 25.49045
v -13.10236 81.63780 16.62105
v -11.08661 81.63780 21.49940
v -9.07087 81.63780 41.83316
v -7.05512 81.63780 29.39441
v -5.03937 81.63780 34.53045
v -3.02362 81.63780 39.87899
v -1.00787 81.63780 103.57214
v 1.00787 81.63780 354.22495
v 3.02362 81.63780 129.97453
v 5.03937 81.63780 333.13904
v 7.05512 81.63780 291.30127
v 9.07087 81.63780 344.03470
v 11.08661 81.63780 7.95737
v 13.10236 81.63780 149.82175
v 15.11811 81.63780 201.37221
v 17.13386 81.63780 106.25539
v 19.14961 81.63780 161.87271
v 21.16535 81.63780 276.89725
v 23.18110 81.63780 33.03013
v 25.19685 81.63780 11.86385
v 27.21260 81.63780 -0.04402
v 29.22835 81.63780 33.17521
v 31.24409 81.63780 8.86392
v 33.25984 81.63780 -42.72520
v 35.27559 81.63780 -22.72366
v 37.29134 81.63780 -38.25788
v 39.30709 81.63780 -5.03357
v 41.32283 81.63780 -4.01524
v 43.33858 81.63780 5.36572
v 45.35433 81.63780 12.68023
v 47.37008 81.63780 16.72202
v 49.38583 81.63780 9.76744
v 51.40157 81.63780 4.58749
v 53.41732 81.63780 6.52385
v 55.43307 81.63780 1.26300
v 57.44882 81.63780 4.78445
v 59.46457 81.63780 23.30390
v 61.48031 81.63780 -3.45763
v 63.49606 81.63780 17.08831
v 65.51181 81.63780 -30.16801
v 67.52756 81.63780 2.71170
v 69.54331 81.63780 23.04511
v 71.55906 81.63780 13.23230
v 73.57480 81.63780 16.48819
v 75.59055 81.63780 10.03656
v 77.60630 81.63780 8.78140
v 79.62205 81.63780 7.94565
v 81.63780 81.63780 4.86892
v 83.65354 81.63780 12.42033
v 85.66929 81.63780 7.41013
v 87.68504 81.63780 9.44560
v 89.70079 81.63780 7.59827
v 91.71654 81.63780 10.15672
v 93.73228 81.63780 9.92203
v 95.74803 81.63780 5.17193
v 97.76378 81.63780 10.35659
v 99.77953 81.63780 1.20317
v 101.79528 81.63780 2.53931
v 103.81102 81.63780 9.69684
v 105.82677 81.63780 8.59551
v 107.84252 81.63780 2.65074
v 109.85827 81.63780 4.26532
v 111.87402 81.63780 15.31535
v 113.88976 81.63780 -14.40499
v 115.90551 81.63780 5.94877
v 117.92126 81.63780 -13.92851
v 119.93701 81.63780 7.76438
v 121.95276 81.63780 56.46694
v 123.96850 81.63780 -29.06274
v 125.98425 81.63780 35.57806
v 128.00000 81.63780 -12.08970
v -128.00000 83.65354 14.38865
v -125.98425 83.65354 2.83022
v -123.96850 83.65354 17.12851
v -121.95276 83.65354 -8.13073
v -119.93701 83.65354 -27.87305
v -117.92126 83.65354 1.26250
v -115.90551 83.65354 4.57328
v -113.88976 83.65354 3.77422
v -111.87402 83.65354 5.93709
v -109.85827 83.65354 14.22279
v -107.84252 83.65354 -7.17793
v -105.82677 83.65354 -2.30225
v -103.81102 83.65354 11.09943
v -101.79528 83.65354 12.73151
v -99.77953 83.65354 16.26197
v -97.76378 83.65354 1.90845
v -95.74803 83.65354 10.64328
v -93.73228 83.65354 9.64329
v -91.71654 83.65354 10.29902
v -89.70079 83.65354 4.53209
v -87.68504 83.65354 6.97461
v -85.66929 83.65354 7.42457
v -83.65354 83.65354 8.51845
v -81.63780 83.65354 -0.70140
v -79.62205 83.65354 -2.85744
v -77.60630 83.65354 2.32198
v -75.59055 83.65354 13.13913
v -73.57480 83.65354 8.42536
v -71.55906 83.65354 -6.79352
v -69.54331 83.65354 -9.82980
v -67.52756 83.65354 34.38040
v -65.51181 83.65354 25.41537
v -63.49606 83.65354 14.18385
v -61.48031 83.65354 17.52041
v -59.46457 83.65354 -1.32870
v -57.44882 83.65354 -0.79580
v -55.43307 83.65354 3.32914
v -53.41732 83.65354 -0.55354
v -51.40157 83.65354 -7.42887
v -49.38583 83.65354 -13.58991
v -47.37008 83.65354 -14.42398
v -45.35433 83.65354 0.26021
v -43.33858 83.65354 5.60863
v -41.32283 83.65354 15.46662
v -39.30709 83.65354 0.25462
v -37.29134 83.65354 -2.01397
v -35.27559 83.65354 8.94768
v -33.25984 83.65354 0.80520
v -31.24409 83.65354 -0.38074
v -29.22835 83.65354 12.21962
v -27.21260 83.65354 11.29357
v -25.19685 83.65354 5.38858
v -23.18110 83.65354 9.94631
v -21.16535 83.65354 2.80995
v -19.14961 83.65354 7.90578
v -17.13386 83.65354 27.41211
v -15.11811 83.65354 19.71193
v -13.10236 83.65354 18.65817
v -11.08661 83.65354 27.68736
v -9.07087 83.65354 34.20626
v -7.05512 83.65354 7.50490
v -5.03937 83.65354 18.54409
v -3.02362 83.65354 68.28417
v -1.00787 83.65354 28.26125
v 1.00787 83.65354 19.19397
v 3.02362 83.65354 337.22055
v 5.03937 83.65354 360.59921
v 7.05512 83.65354 683.09949
v 9.07087 83.65354 80.24023
v 11.08661 83.65354 82.68999
v 13.10236 83.65354 134.23386
v 15.11811 83.65354 103.47280
v 17.13386 83.65354 58.19667
v 19.14961 83.65354 173.28436
v 21.16535 83.65354 127.61566
v 23.18110 83.65354 17.93919
v 25.19685 83.65354 -59.60153
v 27.21260 83.65354 46.36154
v 29.22835 83.65354 -0.60054
v 31.24409 83.65354 10.14396
v 33.25984 83.65354 -9.09412
v 35.27559 83.65354 -17.71747
v 37.29134 83.65354 6.37113
v 39.30709 83.65354 20.70656
v 41.32283 83.65354 12.92572
v 43.33858 83.65354 9.91287
v 45.35433 83.65354 3.90787
v 47.37008 83.65354 1.33098
v 49.38583 83.65354 -2.11624
v 51.40157 83.65354 -4.13916
v 53.41732 83.65354 -0.13757
v 55.43307 83.65354 8.14032
v 57.44882 83.65354 -1.27771
v 59.46457 83.65354 9.42233
v 61.48031 83.65354 9.46598
v 63.49606 83.65354 11.96018
v 65.51181 83.65354 -13.93637
v 67.52756 83.65354 -38.49055
v 69.54331 83.65354 14.48893
v 71.55906 83.65354 7.61579
v 73.57480 83.65354 11.30041
v 75.59055 83.65354 5.73172
v 77.60630 83.65354 8.12085
v 79.62205 83.65354 4.18091
v 81.63780 83.65354 9.07197
v 83.65354 83.65354 2.71293
v 85.66929 83.65354 9.51564
v 87.68504 83.65354 7.32392
v 89.70079 83.65354 6.55510
v 91.71654 83.65354 11.32039
v 93.73228 83.65354 8.70447
v 95.74803 83.65354 7.22240
v 97.76378 83.65354 10.86743
v 99.77953 83.65354 -1.71108
v 101.79528 83.65354 2.15074
v 103.81102 83.65354 3.88996
v 105.82677 83.65354 3.64635
v 107.84252 83.65354 1.23182
v 109.85827 83.65354 8.08434
v 111.87402 83.65354 1.98730
v 113.88976 83.65354 3.41231
v 115.90551 83.65354 6.95734
v 117.92126 83.65354 8.67806
v 119.93701 83.65354 7.75523
v 121.95276 83.65354 34.73537
v 123.96850 83.65354 41.25270
v 125.98425 83.65354 9.82376
v 128.00000 83.65354 2.09682
v -128.00000 85.66929 43.17221
v -125.98425 85.66929 -4.26567
v -123.96850 85.66929 17.68340
v -121.95276 85.66929 22.74347
v -119.93701 85.66929 8.88119
v -117.92126 85.66929 3.08542
v -115.90551 85.66929 1.22548
v -113.88976 85.66929 4.37358
v -111.87402 85.66929 8.79546
v -109.85827 85.66929 2.84492
v -107.84252 85.66929 7.94553
v -105.82677 85.66929 8.92647
v -103.81102 85.66929 9.51207
v -101.79528 85.66929 9.17784
v -99.77953 85.66929 1.16083
v -97.76378 85.66929 11.41085
v -95.74803 85.66929 2.86830
v -93.73228 85.66929 11.09309
v -91.71654 85.66929 6.73187
v -89.70079 85.66929 8.80824
v -87.68504 85.66929 8.23037
v -85.66929 85.66929 8.00828
v -83.65354 85.66929 8.10904
v -81.63780 85.66929 1.34613
v -79.62205 85.66929 6.79995
v -77.60630 85.66929 -0.87912
v -75.59055 85.66929 1.45986
v -73.57480 85.66929 17.89013
v -71.55906 85.66929 8.31730
v -69.54331 85.66929 42.95823
v -67.52756 85.66929 68.55684
v -65.51181 85.66929 10.98291
v -63.49606 85.66929 44.67702
v -61.48031 85.66929 7.90100
v -59.46457 85.66929 11.47959
v -57.44882 85.66929 -0.99207
v -55.43307 85.66929 -3.81074
v -53.41732 85.66929 5.20043
v -51.40157 85.66929 2.95292
v -49.38583 85.66929 -9.29419
v -47.37008 85.66929 -7.62423
v -45.35433 85.66929 -5.38025
v -43.33858 85.66929 -11.53702
v -41.32283 85.66929 11.38484
v -39.30709 85.66929 16.34774
v -37.29134 85.66929 14.83169
v -35.27559 85.66929 19.35357
v -33.25984 85.66929 7.52901
v -31.24409 85.66929 11.22816
v -29.22835 85.66929 9.40750
v -27.21260 85.66929 13.27766
v -25.19685 85.66929 13.80334
v -23.18110 85.66929 7.00946
v -21.16535 85.66929 7.73603
v -19.14961 85.66929 7.70847
v -17.13386 85.66929 19.14005
v -15.11811 85.66929 29.29424
v -13.10236 85.66929 16.75401
v -11.08661 85.66929 27.73405
v -9.07087 85.66929 12.56677
v -7.05512 85.66929 26.53120
v -5.03937 85.66929 -28.77591
v -3.02362 85.66929 -4.49578
v -1.00787 85.66929 -39.53547
v 1.00787 85.66929 317.99857
v 3.02362 85.66929 556.93079
v 5.03937 85.66929 296.88867
v 7.05512 85.66929 275.37128
v 9.07087 85.66929 96.95643
v 11.08661 85.66929 -51.81499
v 13.10236 85.66929 12.92515
v 15.11811 85.66929 18.10477
v 17.13386 85.66929 31.16711
v 19.14961 85.66929 27.01724
v 21.16535 85.66929 39.62065
v 23.18110 85.66929 -31.05339
v 25.19685 85.66929 -3.14303
v 27.21260 85.66929 6.42703
v 29.22835 85.66929 23.14560
v 31.24409 85.66929 -1.36849
v 33.25984 85.66929 3.41293
v 35.27559 85.66929 -8.53509
v 37.29134 85.66929 11.24038
v 39.30709 85.66929 3.86266
v 41.32283 85.66929 13.34633
v 43.33858 85.66929 -1.50607
v 45.35433 85.66929 7.61831
v 47.37008 85.66929 10.17288
v 49.38583 85.66929 21.97898
v 51.40157 85.66929 19.69234
v 53.41732 85.66929 8.06177
v 55.43307 85.66929 16.69953
v 57.44882 85.66929 9.76742
v 59.46457 85.66929 4.04657
v 61.48031 85.66929 1.32925
v 63.49606 85.66929 6.74181
v 65.51181 85.66929 0.43941
v 67.52756 85.66929 -8.74387
v 69.54331 85.66929 -4.23770
v 71.55906 85.66929 7.08718
v 73.57480 85.66929 13.22760
v 75.59055 85.66929 -1.92320
v 77.60630 85.66929 10.61425
v 79.62205 85.66929 4.07230
v 81.63780 85.66929 5.19881
v 83.65354 85.66929 7.59455
v 85.66929 85.66929 5.98378
v 87.68504 85.66929 5.39827
v 89.70079 85.66929 5.64644
v 91.71654 85.66929 6.76092
v 93.73228 85.66929 7.63544
v 95.74803 85.66929 4.74347
v 97.76378 85.66929 11.44110
v 99.77953 85.66929 -1.92738
v 101.79528 85.66929 0.71692
v 103.81102 85.66929 15.99663
v 105.82677 85.66929 0.45022
v 107.84252 85.66929 1.22029
v 109.85827 85.66929 11.55272
v 111.87402 85.66929 10.98788
v 113.88976 85.66929 -2.11745
v 115.90551 85.66929 -2.85525
v 117.92126 85.66929 4.80718
v 119.93701 85.66929 4.83535
v 121.95276 85.66929 51.24484
v 123.96850 85.66929 6.19871
v 125.98425 85.66929 -2.46806
v 128.00000 85.66929 -39.83660
v -128.00000 87.68504 -1.98823
v -125.98425 87.68504 -9.45070
v -123.96850 87.68504 12.40843
v -121.95276 87.68504 0.55893
v -119.93701 87.68504 18.20154
v -117.92126 87.68504 -5.18101
v -115.90551 87.68504 3.31871
v -113.88976 87.68504 9.29091
v -111.87402 87.68504 6.89057
v -109.85827 87.68504 4.47333
v -107.84252 87.68504 12.64256
v -105.82677 87.68504 11.34217
v -103.81102 87.68504 32.40710
v -101.79528 87.68504 24.80916
v -99.77953 87.68504 -8.15596
v -97.76378 87.68504 8.48201
v -95.74803 87.68504 11.05257
v -93.73228 87.68504 10.27937
v -91.71654 87.68504 5.44260
v -89.70079 87.68504 7.12113
v -87.68504 87.68504 7.06568
v -85.66929 87.68504 9.95780
v -83.65354 87.68504 9.85083
v -81.63780 87.68504 6.31605
v -79.62205 87.68504 4.92302
v -77.60630 87.68504 0.79833
v -75.59055 87.68504 -9.43747
v -73.57480 87.68504 16.12853
v -71.55906 87.68504 34.66948
v -69.54331 87.68504 17.09567
v -67.52756 87.68504 76.18657
v -65.51181 87.68504 48.89487
v -63.49606 87.68504 32.16049
v -61.48031 87.68504 9.61576
v -59.46457 87.68504 0.71983
v -57.44882 87.68504 -3.74128
v -55.43307 87.68504 4.74572
v -53.41732 87.68504 7.47684
v -51.40157 87.68504 5.96515
v -49.38583 87.68504 3.64872
v -47.37008 87.68504 -5.63613
v -45.35433 87.68504 5.23362
v -43.33858 87.68504 9.85354
v -41.32283 87.68504 9.12449
v -39.30709 87.68504 8.21749
v -37.29134 87.68504 -6.86089
v -35.27559 87.68504 16.31299
v -33.25984 87.68504 16.27816
v -31.24409 87.68504 10.04994
v -29.22835 87.68504 12.68149
v -27.21260 87.68504 7.09872
v -25.19685 87.68504 13.95199
v -23.18110 87.68504 4.64996
v -21.16535 87.68504 6.78091
v -19.14961 87.68504 19.57368
v -17.13386 87.68504 11.99091
v -15.11811 87.68504 16.59061
v -13.10236 87.68504 13.81120
v -11.08661 87.68504 7.10079
v -9.07087 87.68504 6.53271
v -7.05512 87.68504 8.42424
v -5.03937 87.68504 24.54775
v -3.02362 87.68504 11.87819
v -1.00787 87.68504 3.31805
v 1.00787 87.68504 17.50109
v 3.02362 87.68504 519.07129
v 5.03937 87.68504 92.01409
v 7.05512 87.68504 274.77979
v 9.07087 87.68504 59.84706
v 11.08661 87.68504 43.68568
v 13.10236 87.68504 60.65591
v 15.11811 87.68504 42.80139
v 17.13386 87.68504 29.96897
v 19.14961 87.68504 38.11947
v 21.16535 87.68504 102.56134
v 23.18110 87.68504 13.48383
v 25.19685 87.68504 6.77872
v 27.21260 87.68504 11.69421
v 29.22835 87.68504 14.16251
v 31.24409 87.68504 9.95061
v 33.25984 87.68504 16.52488
v 35.27559 87.68504 1.77014
v 37.29134 87.68504 4.61516
v 39.30709 87.68504 4.88300
v 41.32283 87.68504 2.27730
v 43.33858 87.68504 4.41650
v 45.35433 87.68504 -3.95196
v 47.37008 87.68504 39.35812
v 49.38583 87.68504 28.16320
v 51.40157 87.68504 4.04019
v 53.41732 87.68504 22.13490
v 55.43307 87.68504 8.76975
v 57.44882 87.68504 15.03855
v 59.46457 87.68504 -3.10232
v 61.48031 87.68504 4.73093
v 63.49606 87.68504 0.68499
v 65.51181 87.68504 2.91306
v 67.52756 87.68504 -0.95141
v 69.54331 87.68504 2.41107
v 71.55906 87.68504 8.39531
v 73.57480 87.68504 9.82860
v 75.59055 87.68504 4.07448
v 77.60630 87.68504 6.20866
v 79.62205 87.68504 4.73420
v 81.63780 87.68504 5.72481
v 83.65354 87.68504 7.89528
v 85.66929 87.68504 9.62334
v 87.68504 87.68504 6.15624
v 89.70079 87.68504 4.51412
v 91.71654 87.68504 9.11175
v 93.73228 87.68504 10.26729
v 95.74803 87.68504 11.71505
v 97.76378 87.68504 4.76637
v 99.77953 87.68504 5.24193
v 101.79528 87.68504 0.18194
v 103.81102 87.68504 4.38455
v 105.82677 87.68504 15.33357
v 107.84252 87.68504 5.52634
v 109.85827 87.68504 4.03430
v 111.87402 87.68504 7.20928
v 113.88976 87.68504 8.88583
v 115.90551 87.68504 17.07361
v 117.92126 87.68504 28.09464
v 119.93701 87.68504 1.46791
v 121.95276 87.68504 0.05015
v 123.96850 87.68504 -10.99078
v 125.98425 87.68504 -4.14444
v 128.00000 87.68504 42.56400
v -128.00000 89.70079 66.67487
v -125.98425 89.70079 7.83215
v -123.96850 89.70079 -2.82133
v -121.95276 89.70079 16.56219
v -119.93701 89.70079 -0.50588
v -117.92126 89.70079 3.22218
v -115.90551 89.70079 0.73346
v -113.88976 89.70079 9.22789
v -111.87402 89.70079 4.23646
v -109.85827 89.70079 2.10776
v -107.84252 89.70079 12.60514
v -105.82677 89.70079 2.76594
v -103.81102 89.70079 32.81712
v -101.79528 89.70079 25.35296
v -99.77953 89.70079 -7.51448
v -97.76378 89.70079 5.05195
v -95.74803 89.70079 1.95629
v -93.73228 89.70079 8.80340
v -91.71654 89.70079 5.72346
v -89.70079 89.70079 7.18425
v -87.68504 89.70079 4.38293
v -85.66929 89.70079 8.65211
v -83.65354 89.70079 9.12299
v -81.63780 89.70079 6.15555
v -79.62205 89.70079 15.80011
v -77.60630 89.70079 3.19326
v -75.59055 89.70079 -10.86763
v -73.57480 89.70079 1.51751
v -71.55906 89.70079 -62.89957
v -69.54331 89.70079 -81.15260
v -67.52756 89.70079 -130.63463
v -65.51181 89.70079 -69.96476
v -63.49606 89.70079 -5.13161
v -61.48031 89.70079 -15.58810
v -59.46457 89.70079 8.19842
v -57.44882 89.70079 1.24680
v -55.43307 89.70079 7.17951
v -53.41732 89.70079 7.44597
v -51.40157 89.70079 7.91477
v -49.38583 89.70079 6.08426
v -47.37008 89.70079 4.42519
v -45.35433 89.70079 -6.05754
v -43.33858 89.70079 -3.06923
v -41.32283 89.70079 33.89102
v -39.30709 89.70079 59.84059
v -37.29134 89.70079 22.50585
v -35.27559 89.70079 26.46178
v -33.25984 89.70079 46.77636
v -31.24409 89.70079 20.17826
v -29.22835 89.70079 20.53401
v -27.21260 89.70079 22.12528
v -25.19685 89.70079 9.14755
v -23.18110 89.70079 13.57034
v -21.16535 89.70079 -3.70175
v -19.14961 89.70079 9.27033
v -17.13386 89.70079 10.58195
v -15.11811 89.70079 13.19022
v -13.10236 89.70079 5.12863
v -11.08661 89.70079 12.42208
v -9.07087 89.70079 -2.69797
v -7.05512 89.70079 -4.61198
v -5.03937 89.70079 20.27417
v -3.02362 89.70079 13.88744
v -1.00787 89.70079 67.02228
v 1.00787 89.70079 105.53706
v 3.02362 89.70079 262.90137
v 5.03937 89.70079 43.55185
v 7.05512 89.70079 2.90936
v 9.07087 89.70079 291.84497
v 11.08661 89.70079 172.20265
v 13.10236 89.70079 158.08965
v 15.11811 89.70079 204.95644
v 17.13386 89.70079 88.89006
v 19.14961 89.70079 85.60014
v 21.16535 89.70079 1.83883
v 23.18110 89.70079 4.42431
v 25.19685 89.70079 9.32388
v 27.21260 89.70079 14.85617
v 29.22835 89.70079 17.79905
v 31.24409 89.70079 13.41487
v 33.25984 89.70079 12.28734
v 35.27559 89.70079 10.48348
v 37.29134 89.70079 15.49407
v 39.30709 89.70079 -7.96421
v 41.32283 89.70079 -5.37048
v 43.33858 89.70079 21.35131
v 45.35433 89.70079 21.28902
v 47.37008 89.70079 55.69952
v 49.38583 89.70079 40.88446
v 51.40157 89.70079 19.27863
v 53.41732 89.70079 15.00549
v 55.43307 89.70079 11.02979
v 57.44882 89.70079 -4.00245
v 59.46457 89.70079 7.95930
v 61.48031 89.70079 0.40878
v 63.49606 89.70079 11.89031
v 65.51181 89.70079 4.79685
v 67.52756 89.70079 3.95415
v 69.54331 89.70079 8.54265
v 71.55906 89.70079 3.63644
v 73.57480 89.70079 4.04064
v 75.59055 89.70079 6.69538
v 77.60630 89.70079 6.97431
v 79.62205 89.70079 5.97271
v 81.63780 89.70079 7.20538
v 83.65354 89.70079 11.23598
v 85.66929 89.70079 7.18800
v 87.68504 89.70079 5.17270
v 89.70079 89.70079 5.99630
v 91.71654 89.70079 6.81851
v 93.73228 89.70079 9.67836
v 95.74803 89.70079 9.06370
v 97.76378 89.70079 8.72295
v 99.77953 89.70079 7.88102
v 101.79528 89.70079 8.46635
v 103.81102 89.70079 14.95905
v 105.82677 89.70079 9.01152
v 107.84252 89.70079 8.02319
v 109.85827 89.70079 8.87511
v 111.87402 89.70079 5.33153
v 113.88976 89.70079 0.97821
v 115.90551 89.70079 9.67102
v 117.92126 89.70079 5.43757
v 119.93701 89.70079 15.22431
v 121.95276 89.70079 22.85679
v 123.96850 89.70079 6.67120
v 125.98425 89.70079 2.72136
v 128.00000 89.70079 10.68790
v -128.00000 91.71654 29.61639
v -125.98425 91.71654 26.34276
v -123.96850 91.71654 15.88308
v -121.95276 91.71654 -0.97317
v -119.93701 91.71654 0.70158
v -117.92126 91.71654 13.11856
v -115.90551 91.71654 11.04749
v -113.88976 91.71654 4.27445
v -111.87402 91.71654 12.55074
v -109.85827 91.71654 1.27078
v -107.84252 91.71654 2.06234
v -105.82677 91.71654 8.92728
v -103.81102 91.71654 23.61893
v -101.79528 91.71654 11.35439
v -99.77953 91.71654 20.42086
v -97.76378 91.71654 11.81309
v -95.74803 91.71654 14.51186
v -93.73228 91.71654 7.97276
v -91.71654 91.71654 3.79015
v -89.70079 91.71654 9.19910
v -87.68504 91.71654 6.43758
v -85.66929 91.71654 9.18330
v -83.65354 91.71654 5.99207
v -81.63780 91.71654 15.49170
v -79.62205 91.71654 20.22100
v -77.60630 91.71654 15.83459
v -75.59055 91.71654 26.87106
v -73.57480 91.71654 -36.70738
v -71.55906 91.71654 -1.94918
v -69.54331 91.71654 -136.01100
v -67.52756 91.71654 -164.89894
v -65.51181 91.71654 -41.61058
v -63.49606 91.71654 0.26875
v -61.48031 91.71654 -8.23589
v -59.46457 91.71654 2.49531
v -57.44882 91.71654 2.38736
v -55.43307 91.71654 9.10696
v -53.41732 91.71654 9.03347
v -51.40157 91.71654 7.98666
v -49.38583 91.71654 7.38137
v -47.37008 91.71654 1.71271
v -45.35433 91.71654 5.65038
v -43.33858 91.71654 5.36718
v -41.32283 91.71654 49.99378
v -39.30709 91.71654 9.07164
v -37.29134 91.71654 -11.52846
v -35.27559 91.71654 34.96001
v -33.25984 91.71654 72.72340
v -31.24409 91.71654 18.57776
v -29.22835 91.71654 11.63375
v -27.21260 91.71654 20.56896
v -25.19685 91.71654 1.80753
v -23.18110 91.71654 10.79943
v -21.16535 91.71654 9.84968
v -19.14961 91.71654 11.40552
v -17.13386 91.71654 23.58152
v -15.11811 91.71654 25.19480
v -13.10236 91.71654 7.76151
v -11.08661 91.71654 13.84677
v -9.07087 91.71654 8.50239
v -7.05512 91.71654 21.42237
v -5.03937 91.71654 -34.40888
v -3.02362 91.71654 1.14170
v -1.00787 91.71654 -32.38961
v 1.00787 91.71654 93.39050
v 3.02362 91.71654 120.25730
v 5.03937 91.71654 168.93178
v 7.05512 91.71654 428.76669
v 9.07087 91.71654 61.70211
v 11.08661 91.71654 141.63574
v 13.10236 91.71654 217.70032
v 15.11811 91.71654 154.38496
v 17.13386 91.71654 9.35826
v 19.14961 91.71654 32.29273
v 21.16535 91.71654 27.03826
v 23.18110 91.71654 17.16254
v 25.19685 91.71654 4.48361
v 27.21260 91.71654 10.66744
v 29.22835 91.71654 10.80709
v 31.24409 91.71654 5.38367
v 33.25984 91.71654 8.59059
v 35.27559 91.71654 11.47556
v 37.29134 91.71654 8.53716
v 39.30709 91.71654 10.28281
v 41.32283 91.71654 -6.26448
v 43.33858 91.71654 -13.38948
v 45.35433 91.71654 -16.34662
v 47.37008 91.71654 23.86236
v 49.38583 91.71654 4.33263
v 51.40157 91.71654 27.04695
v 53.41732 91.71654 2.25966
v 55.43307 91.71654 8.59657
v 57.44882 91.71654 12.98239
v 59.46457 91.71654 7.52983
v 61.48031 91.71654 0.96405
v 63.49606 91.71654 11.67787
v 65.51181 91.71654 8.84887
v 67.52756 91.71654 3.62929
v 69.54331 91.71654 10.34655
v 71.55906 91.71654 6.95323
v 73.57480 91.71654 10.01141
v 75.59055 91.71654 1.80182
v 77.60630 91.71654 4.91362
v 79.62205 91.71654 6.33140
v 81.63780 91.71654 1.81652
v 83.65354 91.71654 6.62501
v 85.66929 91.71654 9.45115
v 87.68504 91.71654 7.49678
v 89.70079 91.71654 7.59422
v 91.71654 91.71654 5.00863
v 93.73228 91.71654 8.82656
v 95.74803 91.71654 8.63525
v 97.76378 91.71654 7.72395
v 99.77953 91.71654 4.25950
v 101.79528 91.71654 6.66213
v 103.81102 91.71654 8.45172
v 105.82677 91.71654 14.99333
v 107.84252 91.71654 2.24396
v 109.85827 91.71654 3.81439
v 111.87402 91.71654 9.12462
v 113.88976 91.71654 10.50888
v 115.90551 91.71654 7.52143
v 117.92126 91.71654 7.20246
v 119.93701 91.71654 10.84594
v 121.95276 91.71654 10.99794
v 123.96850 91.71654 8.54326
v 125.98425 91.71654 -2.46342
v 128.00000 91.71654 14.27966
v -128.00000 93.73228 42.39343
v -125.98425 93.73228 17.06723
v -123.96850 93.73228 12.35183
v -121.95276 93.73228 21.00281
v -119.93701 93.73228 2.38897
v -117.92126 93.73228 2.44387
v -115.90551 93.73228 3.66695
v -113.88976 93.73228 8.52716
v -111.87402 93.73228 8.09873
v -109.85827 93.73228 7.59017
v -107.84252 93.73228 10.21924
v -105.82677 93.73228 11.67756
v -103.81102 93.73228 8.33198
v -101.79528 93.73228 20.72618
v -99.77953 93.73228 12.25800
v -97.76378 93.73228 3.58717
v -95.74803 93.73228 -2.82653
v -93.73228 93.73228 7.94834
v -91.71654 93.73228 5.94846
v -89.70079 93.73228 8.63920
v -87.68504 93.73228 10.07203
v -85.66929 93.73228 4.13505
v -83.65354 93.73228 8.31159
v -81.63780 93.73228 25.72897
v -79.62205 93.73228 56.14970
v -77.60630 93.73228 30.42421
v -75.59055 93.73228 -10.22528
v -73.57480 93.73228 58.13658
v -71.55906 93.73228 -10.59576
v -69.54331 93.73228 -71.35273
v -67.52756 93.73228 -180.30801
v -65.51181 93.73228 -57.32963
v -63.49606 93.73228 10.51917
v -61.48031 93.73228 26.99712
v -59.46457 93.73228 4.89220
v -57.44882 93.73228 7.98271
v -55.43307 93.73228 6.07553
v -53.41732 93.73228 11.70764
v -51.40157 93.73228 4.27978
v -49.38583 93.73228 -1.54062
v -47.37008 93.73228 -0.86203
v -45.35433 93.73228 4.48000
v -43.33858 93.73228 14.54235
v -41.32283 93.73228 24.43307
v -39.30709 93.73228 54.82016
v -37.29134 93.73228 25.75854
v -35.27559 93.73228 52.23486
v -33.25984 93.73228 21.68699
v -31.24409 93.73228 18.36572
v -29.22835 93.73228 7.70667
v -27.21260 93.73228 9.36124
v -25.19685 93.73228 -0.26349
v -23.18110 93.73228 14.10281
v -21.16535 93.73228 18.31897
v -19.14961 93.73228 6.81268
v -17.13386 93.73228 14.80440
v -15.11811 93.73228 8.33040
v -13.10236 93.73228 12.18681
v -11.08661 93.73228 6.87134
v -9.07087 93.73228 12.52550
v -7.05512 93.73228 -3.04111
v -5.03937 93.73228 27.05632
v -3.02362 93.73228 5.61515
v -1.00787 93.73228 15.71875
v 1.00787 93.73228 82.28753
v 3.02362 93.73228 19.04626
v 5.03937 93.73228 37.26791
v 7.05512 93.73228 224.06839
v 9.07087 93.73228 85.35474
v 11.08661 93.73228 90.62789
v 13.10236 93.73228 119.48913
v 15.11811 93.73228 101.24481
v 17.13386 93.73228 24.23747
v 19.14961 93.73228 23.30591
v 21.16535 93.73228 50.00098
v 23.18110 93.73228 -14.75388
v 25.19685 93.73228 13.07900
v 27.21260 93.73228 10.68369
v 29.22835 93.73228 5.60964
v 31.24409 93.73228 1.73892
v 33.25984 93.73228 9.06805
v 35.27559 93.73228 11.40296
v 37.29134 93.73228 9.44176
v 39.30709 93.73228 -8.68277
v 41.32283 93.73228 12.18236
v 43.33858 93.73228 7.61258
v 45.35433 93.73228 2.41853
v 47.37008 93.73228 20.54545
v 49.38583 93.73228 -2.75311
v 51.40157 93.73228 18.22368
v 53.41732 93.73228 22.22866
v 55.43307 93.73228 6.22601
v 57.44882 93.73228 0.94600
v 59.46457 93.73228 -0.92716
v 61.48031 93.73228 -6.16237
v 63.49606 93.73228 1.18966
v 65.51181 93.73228 10.62498
v 67.52756 93.73228 7.70385
v 69.54331 93.73228 2.77081
v 71.55906 93.73228 4.37254
v 73.57480 93.73228 5.44406
v 75.59055 93.73228 8.49592
v 77.60630 93.73228 16.47330
v 79.62205 93.73228 3.22594
v 81.63780 93.73228 6.79296
v 83.65354 93.73228 6.08889
v 85.66929 93.73228 9.85606
v 87.68504 93.73228 3.88444
v 89.70079 93.73228 4.81492
v 91.71654 93.73228 8.53449
v 93.73228 93.73228 6.87021
v 95.74803 93.73228 7.07190
v 97.76378 93.73228 8.52481
v 99.77953 93.73228 2.57560
v 101.79528 93.73228 7.10979
v 103.81102 93.73228 9.98560
v 105.82677 93.73228 0.50750
v 107.84252 93.73228 3.25464
v 109.85827 93.73228 9.40001
v 111.87402 93.73228 8.05162
v 113.88976 93.73228 4.36187
v 115.90551 93.73228 4.12287
v 117.92126 93.73228 7.40905
v 119.93701 93.73228 -8.23070
v 121.95276 93.73228 -2.32879
v 123.96850 93.73228 -22.26601
v 125.98425 93.73228 -1.39489
v 128.00000 93.73228 69.68369
v -128.00000 95.74803 37.11713
v -125.98425 95.74803 17.54251
v -123.96850 95.74803 13.25912
v -121.95276 95.74803 8.25018
v -119.93701 95.74803 9.00134
v -117.92126 95.74803 6.21184
v -115.90551 95.74803 8.69190
v -113.88976 95.74803 7.29389
v -111.87402 95.74803 6.89317
v -109.85827 95.74803 8.83714
v -107.84252 95.74803 7.45596
v -105.82677 95.74803 11.00370
v -103.81102 95.74803 9.66828
v -101.79528 95.74803 -3.25947
v -99.77953 95.74803 19.18828
v -97.76378 95.74803 1.50724
v -95.74803 95.74803 6.88258
v -93.73228 95.74803 13.53380
v -91.71654 95.74803 9.95044
v -89.70079 95.74803 5.94172
v -87.68504 95.74803 4.77235
v -85.66929 95.74803 7.92619
v -83.65354 95.74803 8.31027
v -81.63780 95.74803 -3.03615
v -79.62205 95.74803 -22.84046
v -77.60630 95.74803 80.63091
v -75.59055 95.74803 9.85827
v -73.57480 95.74803 20.09218
v -71.55906 95.74803 9.38208
v -69.54331 95.74803 112.64305
v -67.52756 95.74803 11.11802
v -65.51181 95.74803 25.88766
v -63.49606 95.74803 22.95299
v -61.48031 95.74803 12.59685
v -59.46457 95.74803 10.52797
v -57.44882 95.74803 15.00188
v -55.43307 95.74803 14.45056
v -53.41732 95.74803 9.63909
v -51.40157 95.74803 9.00544
v -49.38583 95.74803 -1.54289
v -47.37008 95.74803 10.09296
v -45.35433 95.74803 1.66376
v -43.33858 95.74803 -26.47678
v -41.32283 95.74803 -11.97331
v -39.30709 95.74803 -34.12275
v -37.29134 95.74803 55.24301
v -35.27559 95.74803 22.71226
v -33.25984 95.74803 30.51443
v -31.24409 95.74803 20.82782
v -29.22835 95.74803 6.74988
v -27.21260 95.74803 10.11445
v -25.19685 95.74803 -1.44827
v -23.18110 95.74803 23.87977
v -21.16535 95.74803 -1.37309
v -19.14961 95.74803 7.18671
v -17.13386 95.74803 15.18952
v -15.11811 95.74803 3.04403
v -13.10236 95.74803 10.56976
v -11.08661 95.74803 13.87313
v -9.07087 95.74803 3.35515
v -7.05512 95.74803 -5.44939
v -5.03937 95.74803 17.52478
v -3.02362 95.74803 54.52181
v -1.00787 95.74803 3.36498
v 1.00787 95.74803 37.51296
v 3.02362 95.74803 48.53918
v 5.03937 95.74803 90.44378
v 7.05512 95.74803 45.63227
v 9.07087 95.74803 75.26861
v 11.08661 95.74803 172.93074
v 13.10236 95.74803 149.66635
v 15.11811 95.74803 46.84373
v 17.13386 95.74803 62.29089
v 19.14961 95.74803 76.70387
v 21.16535 95.74803 -21.50659
v 23.18110 95.74803 -39.90293
v 25.19685 95.74803 -7.31160
v 27.21260 95.74803 21.48978
v 29.22835 95.74803 15.48324
v 31.24409 95.74803 5.42902
v 33.25984 95.74803 17.41152
v 35.27559 95.74803 8.50118
v 37.29134 95.74803 15.33909
v 39.30709 95.74803 7.70215
v 41.32283 95.74803 12.62357
v 43.33858 95.74803 8.79700
v 45.35433 95.74803 6.47624
v 47.37008 95.74803 26.25372
v 49.38583 95.74803 14.38763
v 51.40157 95.74803 17.18715
v 53.41732 95.74803 9.04793
v 55.43307 95.74803 -6.06223
v 57.44882 95.74803 6.13369
v 59.46457 95.74803 -1.11046
v 61.48031 95.74803 4.60323
v 63.49606 95.74803 10.27355
v 65.51181 95.74803 -0.00461
v 67.52756 95.74803 10.62665
v 69.54331 95.74803 6.83976
v 71.55906 95.74803 1.28615
v 73.57480 95.74803 3.96724
v 75.59055 95.74803 3.45433
v 77.60630 95.74803 42.70988
v 79.62205 95.74803 -4.48748
v 81.63780 95.74803 11.59124
v 83.65354 95.74803 3.28064
v 85.66929 95.74803 6.37170
v 87.68504 95.74803 7.47179
v 89.70079 95.74803 6.30725
v 91.71654 95.74803 8.24806
v 93.73228 95.74803 10.33294
v 95.74803 95.74803 7.56165
v 97.76378 95.74803 10.20838
v 99.77953 95.74803 8.41851
v 101.79528 95.74803 8.92419
v 103.81102 95.74803 8.35319
v 105.82677 95.74803 6.71743
v 107.84252 95.74803 5.95854
v 109.85827 95.74803 8.54249
v 111.87402 95.74803 4.27492
v 113.88976 95.74803 11.00059
v 115.90551 95.74803 8.82478
v 117.92126 95.74803 -2.26403
v 119.93701 95.74803 15.97241
v 121.95276 95.74803 -3.09261
v 123.96850 95.74803 19.83003
v 125.98425 95.74803 33.66841
v 128.00000 95.74803 -54.43674
v -128.00000 97.76378 27.00030
v -125.98425 97.76378 14.22707
v -123.96850 97.76378 12.15943
v -121.95276 97.76378 24.77085
v -119.93701 97.76378 13.21966
v -117.92126 97.76378 1.86670
v -115.90551 97.76378 9.40831
v -113.88976 97.76378 11.94260
v -111.87402 97.76378 4.68168
v -109.85827 97.76378 4.51041
v -107.84252 97.76378 4.65642
v -105.82677 97.76378 21.50590
v -103.81102 97.76378 0.08553
v -101.79528 97.76378 0.52927
v -99.77953 97.76378 6.95501
v -97.76378 97.76378 8.70923
v -95.74803 97.76378 7.87338
v -93.73228 97.76378 6.32609
v -91.71654 97.76378 3.03269
v -89.70079 97.76378 14.28095
v -87.68504 97.76378 17.32866
v -85.66929 97.76378 5.37060
v -83.65354 97.76378 -9.19869
v -81.63780 97.76378 1.42328
v -79.62205 97.76378 21.88339
v -77.60630 97.76378 7.85549
v -75.59055 97.76378 49.33987
v -73.57480 97.76378 9.82362
v -71.55906 97.76378 44.14233
v -69.54331 97.76378 -4.96519
v -67.52756 97.76378 23.68914
v -65.51181 97.76378 -28.64194
v -63.49606 97.76378 2.84807
v -61.48031 97.76378 -2.36401
v -59.46457 97.76378 20.87994
v -57.44882 97.76378 18.17377
v -55.43307 97.76378 8.72292
v -53.41732 97.76378 13.22993
v -51.40157 97.76378 4.08602
v -49.38583 97.76378 -2.47049
v -47.37008 97.76378 4.57040
v -45.35433 97.76378 9.15413
v -43.33858 97.76378 14.54561
v -41.32283 97.76378 -30.68995
v -39.30709 97.76378 -41.00065
v -37.29134 97.76378 -45.02217
v -35.27559 97.76378 -17.32652
v -33.25984 97.76378 40.26647
v -31.24409 97.76378 -24.23342
v -29.22835 97.76378 -17.64807
v -27.21260 97.76378 22.40028
v -25.19685 97.76378 6.15469
v -23.18110 97.76378 11.18253
v -21.16535 97.76378 5.24314
v -19.14961 97.76378 18.56454
v -17.13386 97.76378 18.12727
v -15.11811 97.76378 3.90796
v -13.10236 97.76378 6.33846
v -11.08661 97.76378 12.97064
v -9.07087 97.76378 20.24067
v -7.05512 97.76378 37.53449
v -5.03937 97.76378 33.26534
v -3.02362 97.76378 35.09877
v -1.00787 97.76378 39.37136
v 1.00787 97.76378 37.39209
v 3.02362 97.76378 35.96080
v 5.03937 97.76378 -30.57463
v 7.05512 97.76378 21.28504
v 9.07087 97.76378 128.27254
v 11.08661 97.76378 90.93745
v 13.10236 97.76378 69.89561
v 15.11811 97.76378 70.55488
v 17.13386 97.76378 114.50023
v 19.14961 97.76378 26.41736
v 21.16535 97.76378 27.84318
v 23.18110 97.76378 -0.79314
v 25.19685 97.76378 -18.27243
v 27.21260 97.76378 -0.95226
v 29.22835 97.76378 15.53834
v 31.24409 97.76378 -0.55668
v 33.25984 97.76378 3.62079
v 35.27559 97.76378 5.13809
v 37.29134 97.76378 16.86110
v 39.30709 97.76378 26.97641
v 41.32283 97.76378 13.43266
v 43.33858 97.76378 7.65779
v 45.35433 97.76378 7.91783
v 47.37008 97.76378 9.40825
v 49.38583 97.76378 2.75176
v 51.40157 97.76378 2.25356
v 53.41732 97.76378 8.96549
v 55.43307 97.76378 10.40173
v 57.44882 97.76378 -3.54021
v 59.46457 97.76378 6.68401
v 61.48031 97.76378 3.90339
v 63.49606 97.76378 10.93774
v 65.51181 97.76378 8.96350
v 67.52756 97.76378 2.94695
v 69.54331 97.76378 8.48452
v 71.55906 97.76378 -0.44177
v 73.57480 97.76378 4.52631
v 75.59055 97.76378 -2.92343
v 77.60630 97.76378 8.00824
v 79.62205 97.76378 6.82470
v 81.63780 97.76378 18.43160
v 83.65354 97.76378 3.55823
v 85.66929 97.76378 5.75969
v 87.68504 97.76378 6.20878
v 89.70079 97.76378 8.12108
v 91.71654 97.76378 4.28401
v 93.73228 97.76378 6.62716
v 95.74803 97.76378 0.57709
v 97.76378 97.76378 8.54484
v 99.77953 97.76378 7.51276
v 101.79528 97.76378 7.98693
v 103.81102 97.76378 4.86612
v 105.82677 97.76378 6.42928
v 107.84252 97.76378 6.17368
v 109.85827 97.76378 5.89495
v 111.87402 97.76378 4.21237
v 113.88976 97.76378 4.68682
v 115.90551 97.76378 8.39623
v 117.92126 97.76378 2.53352
v 119.93701 97.76378 2.46799
v 121.95276 97.76378 9.70079
v 123.96850 97.76378 17.33366
v 125.98425 97.76378 -0.79606
v 128.00000 97.76378 17.34842
v -128.00000 99.77953 -6.42772
v -125.98425 99.77953 3.39714
v -123.96850 99.77953 1.31861
v -121.95276 99.77953 9.02842
v -119.93701 99.77953 1.75242
v -117.92126 99.77953 4.42231
v -115.90551 99.77953 9.71221
v -113.88976 99.77953 2.35292
v -111.87402 99.77953 7.37294
v -109.85827 99.77953 6.17603
v -107.84252 99.77953 2.40784
v -105.82677 99.77953 8.10752
v -103.81102 99.77953 -1.79779
v -101.79528 99.77953 11.62770
v -99.77953 99.77953 18.67238
v -97.76378 99.77953 1.42569
v -95.74803 99.77953 4.59412
v -93.73228 99.77953 8.40369
v -91.71654 99.77953 1.82420
v -89.70079 99.77953 8.89618
v -87.68504 99.77953 8.66991
v -85.66929 99.77953 10.64861
v -83.65354 99.77953 16.50653
v -81.63780 99.77953 2.65294
v -79.62205 99.77953 -11.18723
v -77.60630 99.77953 -0.58473
v -75.59055 99.77953 1.13426
v -73.57480 99.77953 -34.27253
v -71.55906 99.77953 -5.05237
v -69.54331 99.77953 13.05447
v -67.52756 99.77953 57.33602
v -65.51181 99.77953 -27.67002
v -63.49606 99.77953 -10.60888
v -61.48031 99.77953 -12.40708
v -59.46457 99.77953 21.77274
v -57.44882 99.77953 7.11955
v -55.43307 99.77953 6.79297
v -53.41732 99.77953 17.76739
v -51.40157 99.77953 7.77056
v -49.38583 99.77953 1.28858
v -47.37008 99.77953 3.79389
v -45.35433 99.77953 -9.94253
v -43.33858 99.77953 -36.89985
v -41.32283 99.77953 25.88228
v -39.30709 99.77953 1.41063
v -37.29134 99.77953 -10.67269
v -35.27559 99.77953 103.78227
v -33.25984 99.77953 34.70982
v -31.24409 99.77953 -17.95667
v -29.22835 99.77953 13.36390
v -27.21260 99.77953 24.72584
v -25.19685 99.77953 -7.91084
v -23.18110 99.77953 18.09985
v -21.16535 99.77953 17.96896
v -19.14961 99.77953 19.34901
v -17.13386 99.77953 15.74942
v -15.11811 99.77953 3.57383
v -13.10236 99.77953 11.77870
v -11.08661 99.77953 22.18591
v -9.07087 99.77953 10.09865
v -7.05512 99.77953 34.39830
v -5.03937 99.77953 56.29220
v -3.02362 99.77953 57.74127
v -1.00787 99.77953 21.58407
v 1.00787 99.77953 -38.53321
v 3.02362 99.77953 -37.97563
v 5.03937 99.77953 -6.07386
v 7.05512 99.77953 10.68072
v 9.07087 99.77953 155.19754
v 11.08661 99.77953 381.76151
v 13.10236 99.77953 244.36644
v 15.11811 99.77953 46.26644
v 17.13386 99.77953 28.52628
v 19.14961 99.77953 50.34958
v 21.16535 99.77953 16.12680
v 23.18110 99.77953 46.69582
v 25.19685 99.77953 22.10493
v 27.21260 99.77953 7.19160
v 29.22835 99.77953 6.28243
v 31.24409 99.77953 9.10287
v 33.25984 99.77953 3.58757
v 35.27559 99.77953 11.85364
v 37.29134 99.77953 17.48655
v 39.30709 99.77953 13.51155
v 41.32283 99.77953 12.38004
v 43.33858 99.77953 9.99356
v 45.35433 99.77953 9.17621
v 47.37008 99.77953 8.37750
v 49.38583 99.77953 10.27986
v 51.40157 99.77953 -2.06236
v 53.41732 99.77953 7.50340
v 55.43307 99.77953 8.12541
v 57.44882 99.77953 7.06365
v 59.46457 99.77953 2.62849
v 61.48031 99.77953 7.20480
v 63.49606 99.77953 7.64589
v 65.51181 99.77953 5.22319
v 67.52756 99.77953 2.49328
v 69.54331 99.77953 8.37824
v 71.55906 99.77953 9.46540
v 73.57480 99.77953 0.66928
v 75.59055 99.77953 -11.02472
v 77.60630 99.77953 30.05284
v 79.62205 99.77953 33.18188
v 81.63780 99.77953 -12.10409
v 83.65354 99.77953 7.73351
v 85.66929 99.77953 0.40210
v 87.68504 99.77953 8.35491
v 89.70079 99.77953 11.57893
v 91.71654 99.77953 4.63876
v 93.73228 99.77953 7.28330
v 95.74803 99.77953 8.38936
v 97.76378 99.77953 3.35199
v 99.77953 99.77953 7.95848
v 101.79528 99.77953 6.43803
v 103.81102 99.77953 8.37333
v 105.82677 99.77953 6.55725
v 107.84252 99.77953 7.10649
v 109.85827 99.77953 10.47383
v 111.87402 99.77953 8.04666
v 113.88976 99.77953 10.04025
v 115.90551 99.77953 5.48376
v 117.92126 99.77953 3.78092
v 119.93701 99.77953 11.54702
v 121.95276 99.77953 11.22781
v 123.96850 99.77953 11.23734
v 125.98425 99.77953 -1.43344
v 128.00000 99.77953 50.27880
v -128.00000 101.79528 4.37146
v -125.98425 101.79528 3.59221
v -123.96850 101.79528 2.29849
v -121.95276 101.79528 7.92548
v -119.93701 101.79528 6.30761
v -117.92126 101.79528 5.76995
v -115.90551 101.79528 6.83702
v -113.88976 101.79528 4.26903
v -111.87402 101.79528 7.52918
v -109.85827 101.79528 5.81258
v -107.84252 101.79528 3.99918
v -105.82677 101.79528 16.87015
v -103.81102 101.79528 0.56342
v -101.79528 101.79528 5.07641
v -99.77953 101.79528 -1.16669
v -97.76378 101.79528 11.32004
v -95.74803 101.79528 8.62563
v -93.73228 101.79528 14.56225
v -91.71654 101.79528 7.75238
v -89.70079 101.79528 10.81264
v -87.68504 101.79528 -3.73868
v -85.66929 101.79528 7.07569
v -83.65354 101.79528 -15.77779
v -81.63780 101.79528 0.05648
v -79.62205 101.79528 0.22541
v -77.60630 101.79528 40.33806
v -75.59055 101.79528 4.81166
v -73.57480 101.79528 -5.94015
v -71.55906 101.79528 -1.63731
v -69.54331 101.79528 -23.32589
v -67.52756 101.79528 54.99000
v -65.51181 101.79528 61.48633
v -63.49606 101.79528 23.40555
v -61.48031 101.79528 31.00315
v -59.46457 101.79528 -10.84453
v -57.44882 101.79528 24.39629
v -55.43307 101.79528 19.74623
v -53.41732 101.79528 19.83641
v -51.40157 101.79528 21.00986
v -49.38583 101.79528 10.79679
v -47.37008 101.79528 12.15530
v -45.35433 101.79528 -19.47378
v -43.33858 101.79528 -8.83937
v -41.32283 101.79528 197.91656
v -39.30709 101.79528 111.99534
v -37.29134 101.79528 48.15490
v -35.27559 101.79528 73.82591
v -33.25984 101.79528 27.59014
v -31.24409 101.79528 -7.77954
v -29.22835 101.79528 -13.86560
v -27.21260 101.79528 6.67807
v -25.19685 101.79528 5.18837
v -23.18110 101.79528 11.43295
v -21.16535 101.79528 12.16844
v -19.14961 101.79528 18.67477
v -17.13386 101.79528 9.47282
v -15.11811 101.79528 17.35888
v -13.10236 101.79528 11.63509
v -11.08661 101.79528 11.93129
v -9.07087 101.79528 16.37385
v -7.05512 101.79528 11.93181
v -5.03937 101.79528 20.66988
v -3.02362 101.79528 73.74650
v -1.00787 101.79528 2.58462
v 1.00787 101.79528 -86.74178
v 3.02362 101.79528 -196.68436
v 5.03937 101.79528 -22.85527
v 7.05512 101.79528 -21.05107
v 9.07087 101.79528 192.17480
v 11.08661 101.79528 706.75171
v 13.10236 101.79528 116.36803
v 15.11811 101.79528 -0.76462
v 17.13386 101.79528 15.14918
v 19.14961 101.79528 15.11708
v 21.16535 101.79528 40.68859
v 23.18110 101.79528 26.90326
v 25.19685 101.79528 16.59078
v 27.21260 101.79528 26.31021
v 29.22835 101.79528 7.95058
v 31.24409 101.79528 6.08829
v 33.25984 101.79528 12.24258
v 35.27559 101.79528 14.53117
v 37.29134 101.79528 10.06182
v 39.30709 101.79528 4.33711
v 41.32283 101.79528 8.56006
v 43.33858 101.79528 10.39505
v 45.35433 101.79528 9.10508
v 47.37008 101.79528 2.85510
v 49.38583 101.79528 8.54822
v 51.40157 101.79528 5.28588
v 53.41732 101.79528 8.75344
v 55.43307 101.79528 4.47651
v 57.44882 101.79528 5.32539
v 59.46457 101.79528 6.86251
v 61.48031 101.79528 4.79218
v 63.49606 101.79528 6.65581
v 65.51181 101.79528 13.12608
v 67.52756 101.79528 17.04076
v 69.54331 101.79528 -0.22194
v 71.55906 101.79528 -11.59387
v 73.57480 101.79528 -7.32946
v 75.59055 101.79528 -12.74874
v 77.60630 101.79528 29.59114
v 79.62205 101.79528 -18.74592
v 81.63780 101.79528 -48.21561
v 83.65354 101.79528 -9.22604
v 85.66929 101.79528 -2.34375
v 87.68504 101.79528 10.06182
v 89.70079 101.79528 8.43622
v 91.71654 101.79528 7.08744
v 93.73228 101.79528 4.46880
v 95.74803 101.79528 7.23321
v 97.76378 101.79528 9.82475
v 99.77953 101.79528 6.67579
v 101.79528 101.79528 7.94753
v 103.81102 101.79528 8.94237
v 105.82677 101.79528 5.71028
v 107.84252 101.79528 4.93528
v 109.85827 101.79528 9.52717
v 111.87402 101.79528 6.44075
v 113.88976 101.79528 9.85466
v 115.90551 101.79528 7.60977
v 117.92126 101.79528 4.16279
v 119.93701 101.79528 16.42238
v 121.95276 101.79528 6.40668
v 123.96850 101.79528 -0.31114
v 125.98425 101.79528 14.63213
v 128.00000 101.79528 18.93107
v -128.00000 103.81102 4.97111
v -125.98425 103.81102 -1.76858
v -123.96850 103.81102 -1.15727
v -121.95276 103.81102 8.34517
v -119.93701 103.81102 7.91969
v -117.92126 103.81102 8.45340
v -115.90551 103.81102 4.69481
v -113.88976 103.81102 5.12304
v -111.87402 103.81102 9.34899
v -109.85827 103.81102 3.43186
v -107.84252 103.81102 1.46950
v -105.82677 103.81102 30.65666
v -103.81102 103.81102 -6.43762
v -101.79528 103.81102 -17.40424
v -99.77953 103.81102 4.58426
v -97.76378 103.81102 6.22622
v -95.74803 103.81102 3.57509
v -93.73228 103.81102 11.33614
v -91.71654 103.81102 15.58499
v -89.70079 103.81102 3.07473
v -87.68504 103.81102 1.92176
v -85.66929 103.81102 -3.82875
v -83.65354 103.81102 4.13737
v -81.63780 103.81102 -8.10041
v -79.62205 103.81102 1.19096
v -77.60630 103.81102 32.32843
v -75.59055 103.81102 98.78538
v -73.57480 103.81102 5.14652
v -71.55906 103.81102 22.87779
v -69.54331 103.81102 10.12384
v -67.52756 103.81102 20.24097
v -65.51181 103.81102 83.14689
v -63.49606 103.81102 90.10517
v -61.48031 103.81102 31.23991
v -59.46457 103.81102 11.46257
v -57.44882 103.81102 25.90706
v -55.43307 103.81102 36.42429
v -53.41732 103.81102 26.26004
v -51.40157 103.81102 33.59502
v -49.38583 103.81102 35.02686
v -47.37008 103.81102 34.83011
v -45.35433 103.81102 11.83932
v -43.33858 103.81102 35.15067
v -41.32283 103.81102 268.57571
v -39.30709 103.81102 253.55013
v -37.29134 103.81102 39.03652
v -35.27559 103.81102 64.58230
v -33.25984 103.81102 16.87698
v -31.24409 103.81102 -26.45817
v -29.22835 103.81102 -15.35393
v -27.21260 103.81102 8.08338
v -25.19685 103.81102 13.72786
v -23.18110 103.81102 9.00002
v -21.16535 103.81102 18.38298
v -19.14961 103.81102 16.24009
v -17.13386 103.81102 23.28806
v -15.11811 103.81102 -4.47539
v -13.10236 103.81102 15.72782
v -11.08661 103.81102 30.69148
v -9.07087 103.81102 32.53051
v -7.05512 103.81102 18.26676
v -5.03937 103.81102 0.28389
v -3.02362 103.81102 -28.77098
v -1.00787 103.81102 10.12180
v 1.00787 103.81102 105.70950
v 3.02362 103.81102 -3.98772
v 5.03937 103.81102 -71.31937
v 7.05512 103.81102 35.25673
v 9.07087 103.81102 85.13745
v 11.08661 103.81102 270.67377
v 13.10236 103.81102 209.72865
v 15.11811 103.81102 60.71991
v 17.13386 103.81102 68.87125
v 19.14961 103.81102 33.41965
v 21.16535 103.81102 15.16823
v 23.18110 103.81102 -7.06337
v 25.19685 103.81102 9.44535
v 27.21260 103.81102 1.86164
v 29.22835 103.81102 13.25218
v 31.24409 103.81102 7.04344
v 33.25984 103.81102 12.76543
v 35.27559 103.81102 3.08669
v 37.29134 103.81102 10.39530
v 39.30709 103.81102 4.46997
v 41.32283 103.81102 7.23809
v 43.33858 103.81102 4.33668
v 45.35433 103.81102 11.31459
v 47.37008 103.81102 9.18271
v 49.38583 103.81102 4.96805
v 51.40157 103.81102 5.03638
v 53.41732 103.81102 7.86061
v 55.43307 103.81102 7.76108
v 57.44882 103.81102 7.94472
v 59.46457 103.81102 2.83546
v 61.48031 103.81102 4.05536
v 63.49606 103.81102 8.27137
v 65.51181 103.81102 1.72762
v 67.52756 103.81102 2.00006
v 69.54331 103.81102 3.52527
v 71.55906 103.81102 15.15502
v 73.57480 103.81102 -1.34921
v 75.59055 103.81102 -31.59652
v 77.60630 103.81102 -3.23838
v 79.62205 103.81102 6.56431
v 81.63780 103.81102 -5.25122
v 83.65354 103.81102 14.76206
v 85.66929 103.81102 12.67417
v 87.68504 103.81102 14.89023
v 89.70079 103.81102 4.19479
v 91.71654 103.81102 2.44454
v 93.73228 103.81102 9.39935
v 95.74803 103.81102 4.09773
v 97.76378 103.81102 8.51673
v 99.77953 103.81102 10.35382
v 101.79528 103.81102 10.69779
v 103.81102 103.81102 7.06454
v 105.82677 103.81102 9.35417
v 107.84252 103.81102 10.14499
v 109.85827 103.81102 1.35005
v 111.87402 103.81102 3.95721
v 113.88976 103.81102 5.30144
v 115.90551 103.81102 12.27507
v 117.92126 103.81102 5.74916
v 119.93701 103.81102 3.55431
v 121.95276 103.81102 6.37615
v 123.96850 103.81102 7.02755
v 125.98425 103.81102 10.55399
v 128.00000 103.81102 -21.21659
v -128.00000 105.82677 12.32274
v -125.98425 105.82677 -2.83565
v -123.96850 105.82677 6.57626
v -121.95276 105.82677 6.04671
v -119.93701 105.82677 4.57291
v -117.92126 105.82677 5.99232
v -115.90551 105.82677 8.54864
v -113.88976 105.82677 6.96295
v -111.87402 105.82677 4.60669
v -109.85827 105.82677 8.01960
v -107.84252 105.82677 10.30108
v -105.82677 105.82677 3.08151
v -103.81102 105.82677 -5.39335
v -101.79528 105.82677 -1.85231
v -99.77953 105.82677 11.25247
v -97.76378 105.82677 3.24931
v -95.74803 105.82677 4.70639
v -93.73228 105.82677 9.45164
v -91.71654 105.82677 3.76227
v -89.70079 105.82677 4.65764
v -87.68504 105.82677 -19.18361
v -85.66929 105.82677 11.30159
v -83.65354 105.82677 -27.40795
v -81.63780 105.82677 -4.25641
v -79.62205 105.82677 25.79704
v -77.60630 105.82677 57.93501
v -75.59055 105.82677 15.49907
v -73.57480 105.82677 11.61402
v -71.55906 105.82677 -3.84857
v -69.54331 105.82677 54.80885
v -67.52756 105.82677 57.06169
v -65.51181 105.82677 181.62592
v -63.49606 105.82677 123.52979
v -61.48031 105.82677 282.91144
v -59.46457 105.82677 52.87294
v -57.44882 105.82677 78.96547
v -55.43307 105.82677 68.65466
v -53.41732 105.82677 27.85096
v -51.40157 105.82677 27.53557
v -49.38583 105.82677 18.77636
v -47.37008 105.82677 15.17075
v -45.35433 105.82677 41.79266
v -43.33858 105.82677 50.73779
v -41.32283 105.82677 43.78974
v -39.30709 105.82677 106.17407
v -37.29134 105.82677 75.89464
v -35.27559 105.82677 180.02388
v -33.25984 105.82677 -27.20199
v -31.24409 105.82677 -28.95530
v -29.22835 105.82677 -24.80270
v -27.21260 105.82677 8.23351
v -25.19685 105.82677 3.97613
v -23.18110 105.82677 16.03570
v -21.16535 105.82677 -5.66253
v -19.14961 105.82677 16.27035
v -17.13386 105.82677 -12.17671
v -15.11811 105.82677 14.55647
v -13.10236 105.82677 46.97477
v -11.08661 105.82677 70.56464
v -9.07087 105.82677 29.19903
v -7.05512 105.82677 6.94064
v -5.03937 105.82677 -24.78205
v -3.02362 105.82677 -52.40019
v -1.00787 105.82677 276.10895
v 1.00787 105.82677 252.54065
v 3.02362 105.82677 151.63168
v 5.03937 105.82677 375.53629
v 7.05512 105.82677 305.35709
v 9.07087 105.82677 42.54845
v 11.08661 105.82677 169.03195
v 13.10236 105.82677 98.97762
v 15.11811 105.82677 69.90176
v 17.13386 105.82677 34.69946
v 19.14961 105.82677 -0.24402
v 21.16535 105.82677 0.58354
v 23.18110 105.82677 12.51050
v 25.19685 105.82677 16.58757
v 27.21260 105.82677 7.33121
v 29.22835 105.82677 8.00349
v 31.24409 105.82677 5.48610
v 33.25984 105.82677 4.16752
v 35.27559 105.82677 11.18492
v 37.29134 105.82677 14.13495
v 39.30709 105.82677 2.72041
v 41.32283 105.82677 7.74346
v 43.33858 105.82677 6.02532
v 45.35433 105.82677 9.31421
v 47.37008 105.82677 5.20693
v 49.38583 105.82677 8.54323
v 51.40157 105.82677 7.60609
v 53.41732 105.82677 6.99219
v 55.43307 105.82677 11.16704
v 57.44882 105.82677 2.73296
v 59.46457 105.82677 11.46726
v 61.48031 105.82677 -1.20330
v 63.49606 105.82677 10.83922
v 65.51181 105.82677 9.00448
v 67.52756 105.82677 3.47302
v 69.54331 105.82677 -4.41557
v 71.55906 105.82677 5.54212
v 73.57480 105.82677 14.57432
v 75.59055 105.82677 4.73914
v 77.60630 105.82677 -3.95737
v 79.62205 105.82677 3.21757
v 81.63780 105.82677 -13.69850
v 83.65354 105.82677 2.38638
v 85.66929 105.82677 1.44659
v 87.68504 105.82677 6.59540
v 89.70079 105.82677 13.68159
v 91.71654 105.82677 6.22569
v 93.73228 105.82677 5.16851
v 95.74803 105.82677 1.31952
v 97.76378 105.82677 9.07223
v 99.77953 105.82677 3.75125
v 101.79528 105.82677 9.23775
v 103.81102 105.82677 4.35284
v 105.82677 105.82677 8.74768
v 107.84252 105.82677 5.76309
v 109.85827 105.82677 4.92876
v 111.87402 105.82677 6.89847
v 113.88976 105.82677 9.30353
v 115.90551 105.82677 2.68771
v 117.92126 105.82677 9.58872
v 119.93701 105.82677 4.32621
v 121.95276 105.82677 -2.14673
v 123.96850 105.82677 7.77552
v 125.98425 105.82677 0.82531
v 128.00000 105.82677 16.92826
v -128.00000 107.84252 7.27561
v -125.98425 107.84252 9.69634
v -123.96850 107.84252 5.31111
v -121.95276 107.84252 6.81691
v -119.93701 107.84252 6.08586
v -117.92126 107.84252 9.20274
v -115.90551 107.84252 8.66124
v -113.88976 107.84252 6.91809
v -111.87402 107.84252 6.29527
v -109.85827 107.84252 6.20891
v -107.84252 107.84252 11.93605
v -105.82677 107.84252 5.01481
v -103.81102 107.84252 6.91009
v -101.79528 107.84252 11.44781
v -99.77953 107.84252 7.25450
v -97.76378 107.84252 8.31313
v -95.74803 107.84252 7.42362
v -93.73228 107.84252 -0.82327
v -91.71654 107.84252 -9.93478
v -89.70079 107.84252 17.98840
v -87.68504 107.84252 10.75498
v -85.66929 107.84252 1.39383
v -83.65354 107.84252 -2.74386
v -81.63780 107.84252 11.53807
v -79.62205 107.84252 -0.60269
v -77.60630 107.84252 3.75174
v -75.59055 107.84252 66.14990
v -73.57480 107.84252 162.72217
v -71.55906 107.84252 142.97560
v -69.54331 107.84252 -15.00593
v -67.52756 107.84252 176.15210
v -65.51181 107.84252 115.07883
v -63.49606 107.84252 297.79593
v -61.48031 107.84252 185.51181
v -59.46457 107.84252 148.79868
v -57.44882 107.84252 59.24821
v -55.43307 107.84252 39.87980
v -53.41732 107.84252 52.75647
v -51.40157 107.84252 43.61029
v -49.38583 107.84252 26.52422
v -47.37008 107.84252 26.31626
v -45.35433 107.84252 100.90210
v -43.33858 107.84252 118.20372
v -41.32283 107.84252 21.91908
v -39.30709 107.84252 111.39475
v -37.29134 107.84252 79.11115
v -35.27559 107.84252 64.55242
v -33.25984 107.84252 9.67545
v -31.24409 107.84252 -0.76691
v -29.22835 107.84252 2.81816
v -27.21260 107.84252 -19.17770
v -25.19685 107.84252 -5.96375
v -23.18110 107.84252 8.74254
v -21.16535 107.84252 9.99836
v -19.14961 107.84252 7.76349
v -17.13386 107.84252 -21.52014
v -15.11811 107.84252 46.13215
v -13.10236 107.84252 90.83794
v -11.08661 107.84252 90.91520
v -9.07087 107.84252 -5.44383
v -7.05512 107.84252 -7.43700
v -5.03937 107.84252 16.85254
v -3.02362 107.84252 67.32634
v -1.00787 107.84252 4.74346
v 1.00787 107.84252 178.48286
v 3.02362 107.84252 531.10565
v 5.03937 107.84252 439.21295
v 7.05512 107.84252 324.83136
v 9.07087 107.84252 184.12244
v 11.08661 107.84252 95.49059
v 13.10236 107.84252 31.04861
v 15.11811 107.84252 46.68782
v 17.13386 107.84252 37.14676
v 19.14961 107.84252 -5.38254
v 21.16535 107.84252 -4.01774
v 23.18110 107.84252 6.24926
v 25.19685 107.84252 -2.86698
v 27.21260 107.84252 10.45321
v 29.22835 107.84252 11.55557
v 31.24409 107.84252 5.29256
v 33.25984 107.84252 -3.22451
v 35.27559 107.84252 17.34548
v 37.29134 107.84252 23.01030
v 39.30709 107.84252 1.50078
v 41.32283 107.84252 10.01906
v 43.33858 107.84252 7.62694
v 45.35433 107.84252 8.02195
v 47.37008 107.84252 12.36510
v 49.38583 107.84252 4.27415
v 51.40157 107.84252 12.48337
v 53.41732 107.84252 8.09339
v 55.43307 107.84252 3.49538
v 57.44882 107.84252 5.42374
v 59.46457 107.84252 0.84136
v 61.48031 107.84252 8.05062
v 63.49606 107.84252 7.79563
v 65.51181 107.84252 7.18359
v 67.52756 107.84252 15.13911
v 69.54331 107.84252 1.58615
v 71.55906 107.84252 9.34445
v 73.57480 107.84252 5.11790
v 75.59055 107.84252 3.53208
v 77.60630 107.84252 9.38728
v 79.62205 107.84252 14.60568
v 81.63780 107.84252 10.67592
v 83.65354 107.84252 14.99475
v 85.66929 107.84252 6.56681
v 87.68504 107.84252 3.61217
v 89.70079 107.84252 6.30356
v 91.71654 107.84252 5.39949
v 93.73228 107.84252 5.71672
v 95.74803 107.84252 8.97323
v 97.76378 107.84252 7.94280
v 99.77953 107.84252 11.47151
v 101.79528 107.84252 11.76312
v 103.81102 107.84252 2.63776
v 105.82677 107.84252 3.45453
v 107.84252 107.84252 7.92073
v 109.85827 107.84252 9.81604
v 111.87402 107.84252 5.70201
v 113.88976 107.84252 6.47903
v 115.90551 107.84252 5.77603
v 117.92126 107.84252 10.05012
v 119.93701 107.84252 5.39292
v 121.95276 107.84252 0.23773
v 123.96850 107.84252 5.40440
v 125.98425 107.84252 9.56619
v 128.00000 107.84252 15.83485
v -128.00000 109.85827 10.66610
v -125.98425 109.85827 31.24046
v -123.96850 109.85827 -4.80773
v -121.95276 109.85827 5.94283
v -119.93701 109.85827 10.20503
v -117.92126 109.85827 6.48911
v -115.90551 109.85827 5.63684
v -113.88976 109.85827 2.84022
v -111.87402 109.85827 5.10571
v -109.85827 109.85827 8.99027
v -107.84252 109.85827 6.56756
v -105.82677 109.85827 8.36726
v -103.81102 109.85827 1.88943
v -101.79528 109.85827 7.91094
v -99.77953 109.85827 7.42906
v -97.76378 109.85827 10.78047
v -95.74803 109.85827 1.14284
v -93.73228 109.85827 7.32535
v -91.71654 109.85827 1.00513
v -89.70079 109.85827 -1.64602
v -87.68504 109.85827 -14.14939
v -85.66929 109.85827 19.07510
v -83.65354 109.85827 -6.97120
v -81.63780 109.85827 7.53857
v -79.62205 109.85827 -1.30285
v -77.60630 109.85827 -10.34116
v -75.59055 109.85827 57.43106
v -73.57480 109.85827 254.20831
v -71.55906 109.85827 50.53860
v -69.54331 109.85827 -55.03387
v -67.52756 109.85827 54.82491
v -65.51181 109.85827 314.76709
v -63.49606 109.85827 317.47641
v -61.48031 109.85827 43.85136
v -59.46457 109.85827 113.18485
v -57.44882 109.85827 39.74467
v -55.43307 109.85827 -5.05634
v -53.41732 109.85827 36.53531
v -51.40157 109.85827 58.54654
v -49.38583 109.85827 42.06941
v -47.37008 109.85827 62.28562
v -45.35433 109.85827 4.71882
v -43.33858 109.85827 83.13547
v -41.32283 109.85827 64.86312
v -39.30709 109.85827 30.81948
v -37.29134 109.85827 49.80687
v -35.27559 109.85827 -4.58202
v -33.25984 109.85827 31.08694
v -31.24409 109.85827 14.92919
v -29.22835 109.85827 -20.03075
v -27.21260 109.85827 -12.59395
v -25.19685 109.85827 1.03915
v -23.18110 109.85827 4.78328
v -21.16535 109.85827 -0.88803
v -19.14961 109.85827 25.80833
v -17.13386 109.85827 -56.32087
v -15.11811 109.85827 34.25731
v -13.10236 109.85827 159.08464
v -11.08661 109.85827 121.77844
v -9.07087 109.85827 62.19480
v -7.05512 109.85827 35.45135
v -5.03937 109.85827 7.18140
v -3.02362 109.85827 49.62167
v -1.00787 109.85827 50.56161
v 1.00787 109.85827 111.19485
v 3.02362 109.85827 280.70563
v 5.03937 109.85827 146.50420
v 7.05512 109.85827 98.23541
v 9.07087 109.85827 34.07004
v 11.08661 109.85827 15.87040
v 13.10236 109.85827 36.77219
v 15.11811 109.85827 51.24140
v 17.13386 109.85827 13.45356
v 19.14961 109.85827 21.00138
v 21.16535 109.85827 8.62377
v 23.18110 109.85827 4.37172
v 25.19685 109.85827 12.44042
v 27.21260 109.85827 18.59580
v 29.22835 109.85827 -0.83292
v 31.24409 109.85827 4.06937
v 33.25984 109.85827 13.82395
v 35.27559 109.85827 9.29319
v 37.29134 109.85827 10.57333
v 39.30709 109.85827 2.74463
v 41.32283 109.85827 10.07786
v 43.33858 109.85827 6.58805
v 45.35433 109.85827 6.07666
v 47.37008 109.85827 7.73226
v 49.38583 109.85827 2.25919
v 51.40157 109.85827 10.04127
v 53.41732 109.85827 8.86052
v 55.43307 109.85827 5.77316
v 57.44882 109.85827 0.01017
v 59.46457 109.85827 0.09227
v 61.48031 109.85827 5.12143
v 63.49606 109.85827 3.24485
v 65.51181 109.85827 17.28285
v 67.52756 109.85827 1.15609
v 69.54331 109.85827 11.17408
v 71.55906 109.85827 6.53286
v 73.57480 109.85827 5.77301
v 75.59055 109.85827 9.25716
v 77.60630 109.85827 4.54265
v 79.62205 109.85827 12.45758
v 81.63780 109.85827 -14.03989
v 83.65354 109.85827 6.47510
v 85.66929 109.85827 8.73793
v 87.68504 109.85827 9.76665
v 89.70079 109.85827 7.60119
v 91.71654 109.85827 3.23494
v 93.73228 109.85827 7.70066
v 95.74803 109.85827 5.03552
v 97.76378 109.85827 1.51059
v 99.77953 109.85827 11.67755
v 101.79528 109.85827 5.53180
v 103.81102 109.85827 8.27082
v 105.82677 109.85827 5.20184
v 107.84252 109.85827 10.00451
v 109.85827 109.85827 3.53523
v 111.87402 109.85827 6.03266
v 113.88976 109.85827 7.93655
v 115.90551 109.85827 4.72500
v 117.92126 109.85827 6.05592
v 119.93701 109.85827 4.79575
v 121.95276 109.85827 17.68059
v 123.96850 109.85827 5.39756
v 125.98425 109.85827 6.27667
v 128.00000 109.85827 9.22060
v -128.00000 111.87402 37.46362
v -125.98425 111.87402 -9.89899
v -123.96850 111.87402 -0.30784
v -121.95276 111.87402 7.31369
v -119.93701 111.87402 8.99237
v -117.92126 111.87402 6.10674
v -115.90551 111.87402 10.38110
v -113.88976 111.87402 3.66497
v -111.87402 111.87402 7.87523
v -109.85827 111.87402 12.33983
v -107.84252 111.87402 9.59561
v -105.82677 111.87402 7.07435
v -103.81102 111.87402 3.64877
v -101.79528 111.87402 8.98834
v -99.77953 111.87402 6.70114
v -97.76378 111.87402 6.69764
v -95.74803 111.87402 1.69062
v -93.73228 111.87402 5.61430
v -91.71654 111.87402 -5.40427
v -89.70079 111.87402 -11.51844
v -87.68504 111.87402 -6.81969
v -85.66929 111.87402 -20.02372
v -83.65354 111.87402 25.74069
v -81.63780 111.87402 15.89232
v -79.62205 111.87402 0.79412
v -77.60630 111.87402 10.00231
v -75.59055 111.87402 24.47432
v -73.57480 111.87402 81.09184
v -71.55906 111.87402 115.18777
v -69.54331 111.87402 61.91297
v -67.52756 111.87402 158.41574
v -65.51181 111.87402 230.48096
v -63.49606 111.87402 56.65726
v -61.48031 111.87402 116.80190
v -59.46457 111.87402 26.97715
v -57.44882 111.87402 -2.02141
v -55.43307 111.87402 45.02178
v -53.41732 111.87402 17.56106
v -51.40157 111.87402 73.46262
v -49.38583 111.87402 58.70610
v -47.37008 111.87402 61.79527
v -45.35433 111.87402 42.47223
v -43.33858 111.87402 66.86014
v -41.32283 111.87402 15.15445
v -39.30709 111.87402 16.61422
v -37.29134 111.87402 12.77147
v -35.27559 111.87402 -1.36182
v -33.25984 111.87402 3.53963
v -31.24409 111.87402 16.67023
v -29.22835 111.87402 -12.33159
v -27.21260 111.87402 2.09087
v -25.19685 111.87402 4.42441
v -23.18110 111.87402 9.04570
v -21.16535 111.87402 1.86321
v -19.14961 111.87402 0.97279
v -17.13386 111.87402 10.25497
v -15.11811 111.87402 49.52327
v -13.10236 111.87402 23.36851
v -11.08661 111.87402 32.82858
v -9.07087 111.87402 12.58562
v -7.05512 111.87402 49.08944
v -5.03937 111.87402 15.47316
v -3.02362 111.87402 -0.34785
v -1.00787 111.87402 59.61802
v 1.00787 111.87402 56.03903
v 3.02362 111.87402 76.10229
v 5.03937 111.87402 40.18248
v 7.05512 111.87402 15.82567
v 9.07087 111.87402 18.28420
v 11.08661 111.87402 22.23619
v 13.10236 111.87402 16.69988
v 15.11811 111.87402 24.72250
v 17.13386 111.87402 10.35916
v 19.14961 111.87402 25.18386
v 21.16535 111.87402 18.79644
v 23.18110 111.87402 22.35838
v 25.19685 111.87402 50.00465
v 27.21260 111.87402 -5.26191
v 29.22835 111.87402 9.16896
v 31.24409 111.87402 10.44922
v 33.25984 111.87402 4.32813
v 35.27559 111.87402 7.32290
v 37.29134 111.87402 5.56611
v 39.30709 111.87402 3.05732
v 41.32283 111.87402 9.04800
v 43.33858 111.87402 8.27950
v 45.35433 111.87402 11.33037
v 47.37008 111.87402 9.84355
v 49.38583 111.87402 8.85698
v 51.40157 111.87402 8.51069
v 53.41732 111.87402 15.94624
v 55.43307 111.87402 7.46713
v 57.44882 111.87402 -14.39776
v 59.46457 111.87402 0.52746
v 61.48031 111.87402 5.42278
v 63.49606 111.87402 8.83147
v 65.51181 111.87402 5.84262
v 67.52756 111.87402 2.67397
v 69.54331 111.87402 15.13572
v 71.55906 111.87402 6.40424
v 73.57480 111.87402 5.85067
v 75.59055 111.87402 10.60786
v 77.60630 111.87402 5.11479
v 79.62205 111.87402 3.84253
v 81.63780 111.87402 10.68927
v 83.65354 111.87402 0.86455
v 85.66929 111.87402 5.12423
v 87.68504 111.87402 6.16356
v 89.70079 111.87402 7.20017
v 91.71654 111.87402 6.46503
v 93.73228 111.87402 5.88942
v 95.74803 111.87402 6.91464
v 97.76378 111.87402 13.03904
v 99.77953 111.87402 2.11678
v 101.79528 111.87402 6.48477
v 103.81102 111.87402 7.62827
v 105.82677 111.87402 6.55954
v 107.84252 111.87402 4.06059
v 109.85827 111.87402 7.61977
v 111.87402 111.87402 10.25238
v 113.88976 111.87402 9.15760
v 115.90551 111.87402 8.58603
v 117.92126 111.87402 5.82602
v 119.93701 111.87402 9.20096
v 121.95276 111.87402 8.14333
v 123.96850 111.87402 11.10516
v 125.98425 111.87402 6.60647
v 128.00000 111.87402 19.00138
v -128.00000 113.88976 26.09971
v -125.98425 113.88976 -30.59512
v -123.96850 113.88976 18.35374
v -121.95276 113.88976 0.01920
v -119.93701 113.88976 0.08709
v -117.92126 113.88976 6.31955
v -115.90551 113.88976 7.37673
v -113.88976 113.88976 5.47542
v -111.87402 113.88976 8.56700
v -109.85827 113.88976 5.14602
v -107.84252 113.88976 6.47185
v -105.82677 113.88976 5.02182
v -103.81102 113.88976 2.53253
v -101.79528 113.88976 10.37932
v -99.77953 113.88976 6.59337
v -97.76378 113.88976 8.60126
v -95.74803 113.88976 6.41462
v -93.73228 113.88976 -0.72721
v -91.71654 113.88976 1.94982
v -89.70079 113.88976 -0.45745
v -87.68504 113.88976 -39.91495
v -85.66929 113.88976 -33.14091
v -83.65354 113.88976 15.06109
v -81.63780 113.88976 12.68252
v -79.62205 113.88976 -45.62590
v -77.60630 113.88976 21.98892
v -75.59055 113.88976 3.34163
v -73.57480 113.88976 42.47933
v -71.55906 113.88976 11.48685
v -69.54331 113.88976 93.40292
v -67.52756 113.88976 68.49957
v -65.51181 113.88976 136.84041
v -63.49606 113.88976 155.80846
v -61.48031 113.88976 240.18947
v -59.46457 113.88976 87.64771
v -57.44882 113.88976 -7.78641
v -55.43307 113.88976 58.89533
v -53.41732 113.88976 69.07223
v -51.40157 113.88976 56.44338
v -49.38583 113.88976 71.84533
v -47.37008 113.88976 43.69953
v -45.35433 113.88976 7.64422
v -43.33858 113.88976 65.56841
v -41.32283 113.88976 3.90807
v -39.30709 113.88976 22.45730
v -37.29134 113.88976 -2.02556
v -35.27559 113.88976 1.57299
v -33.25984 113.88976 -2.01656
v -31.24409 113.88976 -0.25266
v -29.22835 113.88976 -9.01745
v -27.21260 113.88976 4.79144
v -25.19685 113.88976 2.72572
v -23.18110 113.88976 8.39355
v -21.16535 113.88976 7.59674
v -19.14961 113.88976 7.68547
v -17.13386 113.88976 0.56582
v -15.11811 113.88976 14.85541
v -13.10236 113.88976 47.50907
v -11.08661 113.88976 -58.01764
v -9.07087 113.88976 30.49134
v -7.05512 113.88976 46.79125
v -5.03937 113.88976 25.62261
v -3.02362 113.88976 21.66844
v -1.00787 113.88976 50.63563
v 1.00787 113.88976 49.47465
v 3.02362 113.88976 44.66610
v 5.03937 113.88976 19.60829
v 7.05512 113.88976 -22.28779
v 9.07087 113.88976 43.53729
v 11.08661 113.88976 27.55591
v 13.10236 113.88976 24.37885
v 15.11811 113.88976 11.87045
v 17.13386 113.88976 6.77195
v 19.14961 113.88976 22.00750
v 21.16535 113.88976 13.95717
v 23.18110 113.88976 9.66755
v 25.19685 113.88976 10.95099
v 27.21260 113.88976 -2.38077
v 29.22835 113.88976 11.51124
v 31.24409 113.88976 5.47189
v 33.25984 113.88976 8.32733
v 35.27559 113.88976 16.07169
v 37.29134 113.88976 9.18510
v 39.30709 113.88976 10.21777
v 41.32283 113.88976 7.79021
v 43.33858 113.88976 11.12337
v 45.35433 113.88976 6.17096
v 47.37008 113.88976 8.22691
v 49.38583 113.88976 9.10774
v 51.40157 113.88976 10.60343
v 53.41732 113.88976 12.57288
v 55.43307 113.88976 8.30716
v 57.44882 113.88976 15.92931
v 59.46457 113.88976 -0.65740
v 61.48031 113.88976 2.62963
v 63.49606 113.88976 8.21441
v 65.51181 113.88976 10.06410
v 67.52756 113.88976 2.87811
v 69.54331 113.88976 7.54587
v 71.55906 113.88976 9.82889
v 73.57480 113.88976 4.96867
v 75.59055 113.88976 6.41498
v 77.60630 113.88976 2.43806
v 79.62205 113.88976 8.52219
v 81.63780 113.88976 -5.96079
v 83.65354 113.88976 8.04512
v 85.66929 113.88976 10.54978
v 87.68504 113.88976 3.36811
v 89.70079 113.88976 5.72718
v 91.71654 113.88976 12.87170
v 93.73228 113.88976 3.94342
v 95.74803 113.88976 12.52952
v 97.76378 113.88976 5.32008
v 99.77953 113.88976 6.75454
v 101.79528 113.88976 11.85896
v 103.81102 113.88976 5.50279
v 105.82677 113.88976 6.25825
v 107.84252 113.88976 8.43091
v 109.85827 113.88976 6.71702
v 111.87402 113.88976 15.90629
v 113.88976 113.88976 7.26237
v 115.90551 113.88976 1.95874
v 117.92126 113.88976 6.38065
v 119.93701 113.88976 12.78413
v 121.95276 113.88976 5.95102
v 123.96850 113.88976 2.95224
v 125.98425 113.88976 2.78487
v 128.00000 113.88976 58.97118
v -128.00000 115.90551 -48.60595
v -125.98425 115.90551 -12.91511
v -123.96850 115.90551 4.74377
v -121.95276 115.90551 6.74870
v -119.93701 115.90551 9.47976
v -117.92126 115.90551 8.11998
v -115.90551 115.90551 5.18257
v -113.88976 115.90551 6.34570
v -111.87402 115.90551 5.94530
v -109.85827 115.90551 5.40072
v -107.84252 115.90551 8.95016
v -105.82677 115.90551 8.28691
v -103.81102 115.90551 3.99056
v -101.79528 115.90551 9.51169
v -99.77953 115.90551 2.46216
v -97.76378 115.90551 -6.61688
v -95.74803 115.90551 0.42685
v -93.73228 115.90551 -21.90641
v -91.71654 115.90551 -1.37692
v -89.70079 115.90551 -20.27800
v -87.68504 115.90551 -20.83918
v -85.66929 115.90551 0.38077
v -83.65354 115.90551 26.08632
v -81.63780 115.90551 8.10931
v -79.62205 115.90551 -20.11671
v -77.60630 115.90551 0.30622
v -75.59055 115.90551 -21.46168
v -73.57480 115.90551 13.20014
v -71.55906 115.90551 12.32787
v -69.54331 115.90551 92.08693
v -67.52756 115.90551 125.74813
v -65.51181 115.90551 58.51879
v -63.49606 115.90551 448.41727
v -61.48031 115.90551 1.06978
v -59.46457 115.90551 59.92679
v -57.44882 115.90551 41.30872
v -55.43307 115.90551 64.83949
v -53.41732 115.90551 74.89925
v -51.40157 115.90551 77.42632
v -49.38583 115.90551 27.10233
v -47.37008 115.90551 43.59140
v -45.35433 115.90551 36.00151
v -43.33858 115.90551 45.46312
v -41.32283 115.90551 63.98783
v -39.30709 115.90551 9.22686
v -37.29134 115.90551 20.56010
v -35.27559 115.90551 13.48301
v -33.25984 115.90551 21.52977
v -31.24409 115.90551 8.43899
v -29.22835 115.90551 -7.18692
v -27.21260 115.90551 4.67277
v -25.19685 115.90551 4.95257
v -23.18110 115.90551 11.36055
v -21.16535 115.90551 4.56974
v -19.14961 115.90551 13.18688
v -17.13386 115.90551 12.71097
v -15.11811 115.90551 17.36570
v -13.10236 115.90551 23.53907
v -11.08661 115.90551 -11.17018
v -9.07087 115.90551 -20.60748
v -7.05512 115.90551 9.07340
v -5.03937 115.90551 18.52822
v -3.02362 115.90551 25.49944
v -1.00787 115.90551 15.60379
v 1.00787 115.90551 33.11058
v 3.02362 115.90551 24.52457
v 5.03937 115.90551 19.49846
v 7.05512 115.90551 5.35209
v 9.07087 115.90551 45.76571
v 11.08661 115.90551 18.28817
v 13.10236 115.90551 16.97285
v 15.11811 115.90551 3.70212
v 17.13386 115.90551 2.61471
v 19.14961 115.90551 15.91898
v 21.16535 115.90551 19.65330
v 23.18110 115.90551 5.64868
v 25.19685 115.90551 5.41706
v 27.21260 115.90551 5.74861
v 29.22835 115.90551 9.67159
v 31.24409 115.90551 6.90341
v 33.25984 115.90551 10.32603
v 35.27559 115.90551 12.73688
v 37.29134 115.90551 10.46861
v 39.30709 115.90551 8.68802
v 41.32283 115.90551 12.35681
v 43.33858 115.90551 4.52319
v 45.35433 115.90551 22.35798
v 47.37008 115.90551 17.51110
v 49.38583 115.90551 14.30155
v 51.40157 115.90551 8.21001
v 53.41732 115.90551 7.09061
v 55.43307 115.90551 5.66157
v 57.44882 115.90551 1.36881
v 59.46457 115.90551 9.34806
v 61.48031 115.90551 7.52562
v 63.49606 115.90551 2.65801
v 65.51181 115.90551 6.09956
v 67.52756 115.90551 5.18429
v 69.54331 115.90551 6.89594
v 71.55906 115.90551 15.31875
v 73.57480 115.90551 10.03581
v 75.59055 115.90551 9.64480
v 77.60630 115.90551 5.90999
v 79.62205 115.90551 -3.38996
v 81.63780 115.90551 10.23217
v 83.65354 115.90551 4.12633
v 85.66929 115.90551 5.71412
v 87.68504 115.90551 9.35482
v 89.70079 115.90551 0.30399
v 91.71654 115.90551 6.77632
v 93.73228 115.90551 0.08039
v 95.74803 115.90551 -3.85425
v 97.76378 115.90551 9.74753
v 99.77953 115.90551 7.74697
v 101.79528 115.90551 15.63742
v 103.81102 115.90551 4.06703
v 105.82677 115.90551 7.32985
v 107.84252 115.90551 9.65204
v 109.85827 115.90551 5.54783
v 111.87402 115.90551 -1.32742
v 113.88976 115.90551 9.45243
v 115.90551 115.90551 -6.09772
v 117.92126 115.90551 -3.09173
v 119.93701 115.90551 4.48512
v 121.95276 115.90551 5.92060
v 123.96850 115.90551 4.59689
v 125.98425 115.90551 17.34992
v 128.00000 115.90551 -33.25925
v -128.00000 117.92126 -44.01856
v -125.98425 117.92126 -7.12593
v -123.96850 117.92126 -10.37869
v -121.95276 117.92126 10.88914
v -119.93701 117.92126 12.62248
v -117.92126 117.92126 6.86744
v -115.90551 117.92126 7.86146
v -113.88976 117.92126 6.90814
v -111.87402 117.92126 6.66694
v -109.85827 117.92126 5.82279
v -107.84252 117.92126 8.16900
v -105.82677 117.92126 8.58905
v -103.81102 117.92126 7.50435
v -101.79528 117.92126 4.55096
v -99.77953 117.92126 7.72601
v -97.76378 117.92126 4.27073
v -95.74803 117.92126 -20.35138
v -93.73228 117.92126 -11.32655
v -91.71654 117.92126 -2.58145
v -89.70079 117.92126 -20.27615
v -87.68504 117.92126 11.97739
v -85.66929 117.92126 -10.53360
v -83.65354 117.92126 -0.14531
v -81.63780 117.92126 -35.93784
v -79.62205 117.92126 -26.99065
v -77.60630 117.92126 -16.47907
v -75.59055 117.92126 -42.40436
v -73.57480 117.92126 -31.11057
v -71.55906 117.92126 42.77479
v -69.54331 117.92126 64.96698
v -67.52756 117.92126 167.24158
v -65.51181 117.92126 201.85603
v -63.49606 117.92126 372.27368
v -61.48031 117.92126 72.48266
v -59.46457 117.92126 -27.62902
v -57.44882 117.92126 51.83275
v -55.43307 117.92126 48.41956
v -53.41732 117.92126 87.20873
v -51.40157 117.92126 77.85494
v -49.38583 117.92126 34.36226
v -47.37008 117.92126 74.98439
v -45.35433 117.92126 80.89910
v -43.33858 117.92126 28.83373
v -41.32283 117.92126 79.18494
v -39.30709 117.92126 58.42749
v -37.29134 117.92126 -14.78169
v -35.27559 117.92126 46.99472
v -33.25984 117.92126 37.51071
v -31.24409 117.92126 2.01243
v -29.22835 117.92126 2.46323
v -27.21260 117.92126 10.21394
v -25.19685 117.92126 12.80471
v -23.18110 117.92126 3.99791
v -21.16535 117.92126 9.29624
v -19.14961 117.92126 13.73001
v -17.13386 117.92126 6.92190
v -15.11811 117.92126 10.78119
v -13.10236 117.92126 14.21698
v -11.08661 117.92126 12.78790
v -9.07087 117.92126 -7.54792
v -7.05512 117.92126 -1.20234
v -5.03937 117.92126 8.83465
v -3.02362 117.92126 20.18520
v -1.00787 117.92126 20.51386
v 1.00787 117.92126 24.38851
v 3.02362 117.92126 20.39425
v 5.03937 117.92126 12.03227
v 7.05512 117.92126 2.67561
v 9.07087 117.92126 11.97490
v 11.08661 117.92126 19.47224
v 13.10236 117.92126 18.64786
v 15.11811 117.92126 6.98171
v 17.13386 117.92126 10.55434
v 19.14961 117.92126 9.77800
v 21.16535 117.92126 8.76828
v 23.18110 117.92126 2.29662
v 25.19685 117.92126 14.86155
v 27.21260 117.92126 10.65803
v 29.22835 117.92126 4.84581
v 31.24409 117.92126 9.00673
v 33.25984 117.92126 8.94128
v 35.27559 117.92126 14.89675
v 37.29134 117.92126 13.22054
v 39.30709 117.92126 10.22306
v 41.32283 117.92126 6.94006
v 43.33858 117.92126 9.14846
v 45.35433 117.92126 22.45385
v 47.37008 117.92126 9.19260
v 49.38583 117.92126 12.24338
v 51.40157 117.92126 19.24697
v 53.41732 117.92126 -1.67818
v 55.43307 117.92126 7.59777
v 57.44882 117.92126 1.07045
v 59.46457 117.92126 8.39152
v 61.48031 117.92126 9.46312
v 63.49606 117.92126 8.39790
v 65.51181 117.92126 10.57659
v 67.52756 117.92126 2.40878
v 69.54331 117.92126 2.25768
v 71.55906 117.92126 17.77400
v 73.57480 117.92126 9.59980
v 75.59055 117.92126 10.55024
v 77.60630 117.92126 -2.15118
v 79.62205 117.92126 -0.82617
v 81.63780 117.92126 15.53596
v 83.65354 117.92126 9.50952
v 85.66929 117.92126 8.13029
v 87.68504 117.92126 12.44962
v 89.70079 117.92126 1.10296
v 91.71654 117.92126 7.09831
v 93.73228 117.92126 -5.54869
v 95.74803 117.92126 -14.17905
v 97.76378 117.92126 3.34543
v 99.77953 117.92126 7.39932
v 101.79528 117.92126 8.80682
v 103.81102 117.92126 6.80545
v 105.82677 117.92126 10.04373
v 107.84252 117.92126 1.25150
v 109.85827 117.92126 4.95971
v 111.87402 117.92126 6.45812
v 113.88976 117.92126 2.20343
v 115.90551 117.92126 4.77120
v 117.92126 117.92126 5.86137
v 119.93701 117.92126 -3.34356
v 121.95276 117.92126 0.11836
v 123.96850 117.92126 3.08264
v 125.98425 117.92126 -13.17109
v 128.00000 117.92126 -7.58134
v -128.00000 119.93701 -19.32214
v -125.98425 119.93701 11.37457
v -123.96850 119.93701 1.25285
v -121.95276 119.93701 8.29515
v -119.93701 119.93701 7.20920
v -117.92126 119.93701 6.95261
v -115.90551 119.93701 4.04056
v -113.88976 119.93701 4.51430
v -111.87402 119.93701 8.82767
v -109.85827 119.93701 6.16186
v -107.84252 119.93701 8.06909
v -105.82677 119.93701 5.07537
v -103.81102 119.93701 5.43093
v -101.79528 119.93701 7.67071
v -99.77953 119.93701 2.14394
v -97.76378 119.93701 8.48505
v -95.74803 119.93701 21.51479
v -93.73228 119.93701 4.57633
v -91.71654 119.93701 -0.92619
v -89.70079 119.93701 36.27871
v -87.68504 119.93701 -24.95226
v -85.66929 119.93701 9.76539
v -83.65354 119.93701 6.91934
v -81.63780 119.93701 -21.46983
v -79.62205 119.93701 -27.36746
v -77.60630 119.93701 -21.06631
v -75.59055 119.93701 -36.37253
v -73.57480 119.93701 -21.25705
v -71.55906 119.93701 11.44892
v -69.54331 119.93701 116.79105
v -67.52756 119.93701 54.11065
v -65.51181 119.93701 97.35313
v -63.49606 119.93701 147.34439
v -61.48031 119.93701 129.42226
v -59.46457 119.93701 10.43698
v -57.44882 119.93701 13.79869
v -55.43307 119.93701 45.96832
v -53.41732 119.93701 20.44412
v -51.40157 119.93701 34.36976
v -49.38583 119.93701 36.10320
v -47.37008 119.93701 85.59014
v -45.35433 119.93701 54.33031
v -43.33858 119.93701 66.40515
v -41.32283 119.93701 25.11004
v -39.30709 119.93701 57.18044
v -37.29134 119.93701 54.68307
v -35.27559 119.93701 13.78748
v -33.25984 119.93701 20.21290
v -31.24409 119.93701 35.34026
v -29.22835 119.93701 24.59570
v -27.21260 119.93701 7.85710
v -25.19685 119.93701 8.18059
v -23.18110 119.93701 8.03503
v -21.16535 119.93701 14.25850
v -19.14961 119.93701 5.85496
v -17.13386 119.93701 17.51423
v -15.11811 119.93701 13.69910
v -13.10236 119.93701 6.62809
v -11.08661 119.93701 6.87664
v -9.07087 119.93701 5.99105
v -7.05512 119.93701 2.50764
v -5.03937 119.93701 9.24439
v -3.02362 119.93701 5.67976
v -1.00787 119.93701 9.49845
v 1.00787 119.93701 13.91536
v 3.02362 119.93701 2.26737
v 5.03937 119.93701 12.25539
v 7.05512 119.93701 7.83542
v 9.07087 119.93701 -0.41796
v 11.08661 119.93701 15.25301
v 13.10236 119.93701 10.26344
v 15.11811 119.93701 12.24282
v 17.13386 119.93701 10.40162
v 19.14961 119.93701 7.92858
v 21.16535 119.93701 8.44294
v 23.18110 119.93701 1.56023
v 25.19685 119.93701 8.46069
v 27.21260 119.93701 10.00234
v 29.22835 119.93701 8.36268
v 31.24409 119.93701 6.16160
v 33.25984 119.93701 4.73672
v 35.27559 119.93701 8.89469
v 37.29134 119.93701 6.27316
v 39.30709 119.93701 3.68405
v 41.32283 119.93701 8.56102
v 43.33858 119.93701 8.45121
v 45.35433 119.93701 19.61567
v 47.37008 119.93701 8.82310
v 49.38583 119.93701 7.18293
v 51.40157 119.93701 10.34526
v 53.41732 119.93701 0.88812
v 55.43307 119.93701 6.03172
v 57.44882 119.93701 7.57906
v 59.46457 119.93701 4.12619
v 61.48031 119.93701 6.25181
v 63.49606 119.93701 6.23868
v 65.51181 119.93701 3.77962
v 67.52756 119.93701 5.96248
v 69.54331 119.93701 4.56756
v 71.55906 119.93701 0.41460
v 73.57480 119.93701 8.79477
v 75.59055 119.93701 5.64084
v 77.60630 119.93701 7.72801
v 79.62205 119.93701 7.78778
v 81.63780 119.93701 4.84494
v 83.65354 119.93701 2.89576
v 85.66929 119.93701 11.05104
v 87.68504 119.93701 7.83625
v 89.70079 119.93701 10.67637
v 91.71654 119.93701 2.87915
v 93.73228 119.93701 5.37466
v 95.74803 119.93701 -2.94814
v 97.76378 119.93701 8.42337
v 99.77953 119.93701 7.52736
v 101.79528 119.93701 7.06239
v 103.81102 119.93701 5.54224
v 105.82677 119.93701 2.74454
v 107.84252 119.93701 3.72939
v 109.85827 119.93701 6.36678
v 111.87402 119.93701 4.84980
v 113.88976 119.93701 7.69985
v 115.90551 119.93701 2.97641
v 117.92126 119.93701 9.14082
v 119.93701 119.93701 13.08746
v 121.95276 119.93701 3.07502
v 123.96850 119.93701 10.18138
v 125.98425 119.93701 -8.33611
v 128.00000 119.93701 -0.36207
v -128.00000 121.95276 -10.02798
v -125.98425 121.95276 -3.31953
v -123.96850 121.95276 -4.59149
v -121.95276 121.95276 10.96617
v -119.93701 121.95276 7.76369
v -117.92126 121.95276 3.27887
v -115.90551 121.95276 3.00538
v -113.88976 121.95276 6.08892
v -111.87402 121.95276 5.49826
v -109.85827 121.95276 7.54833
v -107.84252 121.95276 6.13097
v -105.82677 121.95276 6.36201
v -103.81102 121.95276 7.96492
v -101.79528 121.95276 9.84585
v -99.77953 121.95276 0.60987
v -97.76378 121.95276 9.50143
v -95.74803 121.95276 10.53950
v -93.73228 121.95276 -24.00629
v -91.71654 121.95276 18.76429
v -89.70079 121.95276 -11.64469
v -87.68504 121.95276 -19.17546
v -85.66929 121.95276 5.99824
v -83.65354 121.95276 8.32037
v -81.63780 121.95276 -2.09504
v -79.62205 121.95276 4.93302
v -77.60630 121.95276 -4.05846
v -75.59055 121.95276 -21.50187
v -73.57480 121.95276 21.37168
v -71.55906 121.95276 53.64585
v -69.54331 121.95276 101.27647
v -67.52756 121.95276 73.41098
v -65.51181 121.95276 23.31258
v -63.49606 121.95276 147.24756
v -61.48031 121.95276 19.61087
v -59.46457 121.95276 -72.79530
v -57.44882 121.95276 18.65565
v -55.43307 121.95276 14.49203
v -53.41732 121.95276 26.41397
v -51.40157 121.95276 39.57981
v -49.38583 121.95276 45.23856
v -47.37008 121.95276 0.74333
v -45.35433 121.95276 77.92712
v -43.33858 121.95276 78.01608
v -41.32283 121.95276 308.74820
v -39.30709 121.95276 214.04337
v -37.29134 121.95276 109.48824
v -35.27559 121.95276 139.07657
v -33.25984 121.95276 26.67811
v -31.24409 121.95276 46.52522
v -29.22835 121.95276 -0.38330
v -27.21260 121.95276 41.56535
v -25.19685 121.95276 16.88174
v -23.18110 121.95276 7.35405
v -21.16535 121.95276 2.21228
v -19.14961 121.95276 8.60041
v -17.13386 121.95276 10.25594
v -15.11811 121.95276 14.39564
v -13.10236 121.95276 3.10234
v -11.08661 121.95276 11.83927
v -9.07087 121.95276 12.13122
v -7.05512 121.95276 9.38066
v -5.03937 121.95276 9.40918
v -3.02362 121.95276 14.38529
v -1.00787 121.95276 12.85307
v 1.00787 121.95276 7.87828
v 3.02362 121.95276 3.66845
v 5.03937 121.95276 10.79025
v 7.05512 121.95276 7.28551
v 9.07087 121.95276 9.52224
v 11.08661 121.95276 13.35165
v 13.10236 121.95276 16.35493
v 15.11811 121.95276 11.20158
v 17.13386 121.95276 5.94233
v 19.14961 121.95276 -1.16212
v 21.16535 121.95276 11.72317
v 23.18110 121.95276 4.99636
v 25.19685 121.95276 0.81699
v 27.21260 121.95276 0.72029
v 29.22835 121.95276 11.03704
v 31.24409 121.95276 8.60004
v 33.25984 121.95276 15.84752
v 35.27559 121.95276 8.39401
v 37.29134 121.95276 6.10377
v 39.30709 121.95276 2.26282
v 41.32283 121.95276 5.82961
v 43.33858 121.95276 11.79813
v 45.35433 121.95276 9.83542
v 47.37008 121.95276 11.55750
v 49.38583 121.95276 4.28715
v 51.40157 121.95276 8.90511
v 53.41732 121.95276 4.99030
v 55.43307 121.95276 6.46603
v 57.44882 121.95276 4.83404
v 59.46457 121.95276 5.47065
v 61.48031 121.95276 6.34737
v 63.49606 121.95276 4.40179
v 65.51181 121.95276 6.92002
v 67.52756 121.95276 0.88588
v 69.54331 121.95276 2.54494
v 71.55906 121.95276 6.68000
v 73.57480 121.95276 5.43516
v 75.59055 121.95276 2.64352
v 77.60630 121.95276 -0.00871
v 79.62205 121.95276 6.10258
v 81.63780 121.95276 8.03115
v 83.65354 121.95276 10.07356
v 85.66929 121.95276 8.40162
v 87.68504 121.95276 2.04890
v 89.70079 121.95276 4.86986
v 91.71654 121.95276 6.48243
v 93.73228 121.95276 9.42841
v 95.74803 121.95276 12.00873
v 97.76378 121.95276 -1.55370
v 99.77953 121.95276 8.29708
v 101.79528 121.95276 7.65685
v 103.81102 121.95276 3.30086
v 105.82677 121.95276 3.31995
v 107.84252 121.95276 7.39963
v 109.85827 121.95276 10.37198
v 111.87402 121.95276 7.36030
v 113.88976 121.95276 5.08513
v 115.90551 121.95276 -0.27811
v 117.92126 121.95276 1.96333
v 119.93701 121.95276 3.19599
v 121.95276 121.95276 8.64193
v 123.96850 121.95276 6.77650
v 125.98425 121.95276 2.12279
v 128.00000 121.95276 -15.61384
v -128.00000 123.96850 -24.66167
v -125.98425 123.96850 -4.56402
v -123.96850 123.96850 0.54737
v -121.95276 123.96850 9.89638
v -119.93701 123.96850 16.10703
v -117.92126 123.96850 -1.29048
v -115.90551 123.96850 5.13426
v -113.88976 123.96850 10.24165
v -111.87402 123.96850 3.77598
v -109.85827 123.96850 10.45229
v -107.84252 123.96850 5.81121
v -105.82677 123.96850 9.28558
v -103.81102 123.96850 11.04555
v -101.79528 123.96850 0.16887
v -99.77953 123.96850 12.50077
v -97.76378 123.96850 8.96965
v -95.74803 123.96850 -1.69884
v -93.73228 123.96850 4.60460
v -91.71654 123.96850 0.96224
v -89.70079 123.96850 6.44569
v -87.68504 123.96850 16.29373
v -85.66929 123.96850 17.25678
v -83.65354 123.96850 12.09193
v -81.63780 123.96850 -4.35490
v -79.62205 123.96850 -0.01341
v -77.60630 123.96850 29.62986
v -75.59055 123.96850 10.93487
v -73.57480 123.96850 -0.03696
v -71.55906 123.96850 56.55165
v -69.54331 123.96850 10.25144
v -67.52756 123.96850 -16.40517
v -65.51181 123.96850 71.15289
v -63.49606 123.96850 83.76338
v -61.48031 123.96850 -7.09798
v -59.46457 123.96850 -23.39927
v -57.44882 123.96850 -23.98224
v -55.43307 123.96850 -18.51408
v -53.41732 123.96850 11.34932
v -51.40157 123.96850 71.24795
v -49.38583 123.96850 65.72252
v -47.37008 123.96850 -26.31610
v -45.35433 123.96850 38.63146
v -43.33858 123.96850 36.34531
v -41.32283 123.96850 24.18228
v -39.30709 123.96850 240.42581
v -37.29134 123.96850 46.99367
v -35.27559 123.96850 50.12329
v -33.25984 123.96850 64.71846
v -31.24409 123.96850 35.14984
v -29.22835 123.96850 43.42197
v -27.21260 123.96850 21.15814
v -25.19685 123.96850 -7.53195
v -23.18110 123.96850 5.72932
v -21.16535 123.96850 -5.31005
v -19.14961 123.96850 22.40061
v -17.13386 123.96850 14.04039
v -15.11811 123.96850 10.92721
v -13.10236 123.96850 3.52779
v -11.08661 123.96850 16.90441
v -9.07087 123.96850 9.48013
v -7.05512 123.96850 9.51674
v -5.03937 123.96850 5.93959
v -3.02362 123.96850 5.30123
v -1.00787 123.96850 3.52346
v 1.00787 123.96850 13.80238
v 3.02362 123.96850 4.06736
v 5.03937 123.96850 12.39271
v 7.05512 123.96850 3.85742
v 9.07087 123.96850 11.05562
v 11.08661 123.96850 8.16947
v 13.10236 123.96850 19.72631
v 15.11811 123.96850 2.99753
v 17.13386 123.96850 -0.63333
v 19.14961 123.96850 17.93333
v 21.16535 123.96850 2.87310
v 23.18110 123.96850 -5.09890
v 25.19685 123.96850 24.20415
v 27.21260 123.96850 8.70656
v 29.22835 123.96850 12.29573
v 31.24409 123.96850 7.63984
v 33.25984 123.96850 2.57105
v 35.27559 123.96850 20.11789
v 37.29134 123.96850 12.47176
v 39.30709 123.96850 -8.06336
v 41.32283 123.96850 9.95073
v 43.33858 123.96850 15.94055
v 45.35433 123.96850 15.96873
v 47.37008 123.96850 2.90108
v 49.38583 123.96850 -4.82665
v 51.40157 123.96850 9.77006
v 53.41732 123.96850 11.61878
v 55.43307 123.96850 4.66319
v 57.44882 123.96850 6.04778
v 59.46457 123.96850 0.06602
v 61.48031 123.96850 11.31480
v 63.49606 123.96850 9.36587
v 65.51181 123.96850 5.94474
v 67.52756 123.96850 22.16453
v 69.54331 123.96850 7.16886
v 71.55906 123.96850 12.16264
v 73.57480 123.96850 7.93182
v 75.59055 123.96850 -3.13431
v 77.60630 123.96850 13.48257
v 79.62205 123.96850 6.50098
v 81.63780 123.96850 9.41193
v 83.65354 123.96850 13.58463
v 85.66929 123.96850 2.34852
v 87.68504 123.96850 2.68160
v 89.70079 123.96850 10.64912
v 91.71654 123.96850 5.81503
v 93.73228 123.96850 5.37241
v 95.74803 123.96850 -1.24607
v 97.76378 123.96850 11.71498
v 99.77953 123.96850 8.21311
v 101.79528 123.96850 7.83939
v 103.81102 123.96850 3.23981
v 105.82677 123.96850 10.03923
v 107.84252 123.96850 6.48965
v 109.85827 123.96850 4.75418
v 111.87402 123.96850 13.94440
v 113.88976 123.96850 6.06515
v 115.90551 123.96850 15.65266
v 117.92126 123.96850 16.12329
v 119.93701 123.96850 0.56109
v 121.95276 123.96850 3.03310
v 123.96850 123.96850 7.23492
v 125.98425 123.96850 -8.53650
v 128.00000 123.96850 51.37823
v -128.00000 125.98425 -44.82732
v -125.98425 125.98425 -1.36927
v -123.96850 125.98425 9.69027
v -121.95276 125.98425 7.23587
v -119.93701 125.98425 -7.62727
v -117.92126 125.98425 -5.08802
v -115.90551 125.98425 6.08122
v -113.88976 125.98425 3.58398
v -111.87402 125.98425 15.38443
v -109.85827 125.98425 1.76860
v -107.84252 125.98425 9.05520
v -105.82677 125.98425 11.38848
v -103.81102 125.98425 9.13004
v -101.79528 125.98425 10.25873
v -99.77953 125.98425 3.73316
v -97.76378 125.98425 4.16621
v -95.74803 125.98425 6.23955
v -93.73228 125.98425 2.54225
v -91.71654 125.98425 2.99467
v -89.70079 125.98425 1.23279
v -87.68504 125.98425 20.73370
v -85.66929 125.98425 2.77382
v -83.65354 125.98425 -3.99436
v -81.63780 125.98425 -1.87147
v -79.62205 125.98425 16.89411
v -77.60630 125.98425 13.07454
v -75.59055 125.98425 -7.95305
v -73.57480 125.98425 -17.70581
v -71.55906 125.98425 1.87035
v -69.54331 125.98425 12.79648
v -67.52756 125.98425 57.71548
v -65.51181 125.98425 51.18466
v -63.49606 125.98425 52.98210
v -61.48031 125.98425 1.03406
v -59.46457 125.98425 10.58044
v -57.44882 125.98425 -32.00731
v -55.43307 125.98425 -34.05162
v -53.41732 125.98425 13.53459
v -51.40157 125.98425 -33.98214
v -49.38583 125.98425 18.54642
v -47.37008 125.98425 46.82221
v -45.35433 125.98425 98.34953
v -43.33858 125.98425 173.20578
v -41.32283 125.98425 44.90530
v -39.30709 125.98425 118.84367
v -37.29134 125.98425 65.33875
v -35.27559 125.98425 -24.92801
v -33.25984 125.98425 71.70522
v -31.24409 125.98425 63.20794
v -29.22835 125.98425 27.16857
v -27.21260 125.98425 3.98577
v -25.19685 125.98425 1.70946
v -23.18110 125.98425 1.75145
v -21.16535 125.98425 7.45491
v -19.14961 125.98425 6.78024
v -17.13386 125.98425 11.18902
v -15.11811 125.98425 14.01917
v -13.10236 125.98425 7.10992
v -11.08661 125.98425 8.54777
v -9.07087 125.98425 14.34805
v -7.05512 125.98425 7.63891
v -5.03937 125.98425 0.51118
v -3.02362 125.98425 -1.49121
v -1.00787 125.98425 6.32874
v 1.00787 125.98425 1.76742
v 3.02362 125.98425 9.33990
v 5.03937 125.98425 3.40920
v 7.05512 125.98425 11.68269
v 9.07087 125.98425 7.88376
v 11.08661 125.98425 2.96165
v 13.10236 125.98425 7.33516
v 15.11811 125.98425 -16.02085
v 17.13386 125.98425 17.66757
v 19.14961 125.98425 39.49762
v 21.16535 125.98425 19.24563
v 23.18110 125.98425 34.61965
v 25.19685 125.98425 3.89418
v 27.21260 125.98425 32.79155
v 29.22835 125.98425 19.80080
v 31.24409 125.98425 16.46652
v 33.25984 125.98425 -0.57423
v 35.27559 125.98425 19.78676
v 37.29134 125.98425 0.56744
v 39.30709 125.98425 20.26569
v 41.32283 125.98425 10.84637
v 43.33858 125.98425 11.27075
v 45.35433 125.98425 3.46423
v 47.37008 125.98425 -3.46355
v 49.38583 125.98425 7.19842
v 51.40157 125.98425 7.91500
v 53.41732 125.98425 5.87855
v 55.43307 125.98425 6.56551
v 57.44882 125.98425 6.19388
v 59.46457 125.98425 13.27267
v 61.48031 125.98425 16.06515
v 63.49606 125.98425 1.07241
v 65.51181 125.98425 5.94466
v 67.52756 125.98425 0.39556
v 69.54331 125.98425 5.91472
v 71.55906 125.98425 7.57482
v 73.57480 125.98425 7.25599
v 75.59055 125.98425 6.65916
v 77.60630 125.98425 -1.16673
v 79.62205 125.98425 14.54373
v 81.63780 125.98425 5.94014
v 83.65354 125.98425 2.53322
v 85.66929 125.98425 -2.93823
v 87.68504 125.98425 17.62020
v 89.70079 125.98425 9.17565
v 91.71654 125.98425 7.14959
v 93.73228 125.98425 4.21273
v 95.74803 125.98425 -0.71940
v 97.76378 125.98425 -2.52335
v 99.77953 125.98425 10.90465
v 101.79528 125.98425 -8.42928
v 103.81102 125.98425 4.36135
v 105.82677 125.98425 19.70947
v 107.84252 125.98425 8.88721
v 109.85827 125.98425 20.49349
v 111.87402 125.98425 1.81630
v 113.88976 125.98425 19.49619
v 115.90551 125.98425 25.75147
v 117.92126 125.98425 11.47908
v 119.93701 125.98425 8.34158
v 121.95276 125.98425 3.84636
v 123.96850 125.98425 -7.38981
v 125.98425 125.98425 16.56053
v 128.00000 125.98425 30.51408
v -128.00000 128.00000 -100.05811
v -125.98425 128.00000 12.77792
v -123.96850 128.00000 -14.89572
v -121.95276 128.00000 16.35448
v -119.93701 128.00000 -32.61535
v -117.92126 128.00000 11.55695
v -115.90551 128.00000 -0.04794
v -113.88976 128.00000 8.54618
v -111.87402 128.00000 12.05947
v -109.85827 128.00000 11.40638
v -107.84252 128.00000 15.65153
v -105.82677 128.00000 11.52461
v -103.81102 128.00000 23.38455
v -101.79528 128.00000 5.39212
v -99.77953 128.00000 11.96729
v -97.76378 128.00000 22.65738
v -95.74803 128.00000 1.25068
v -93.73228 128.00000 -4.52680
v -91.71654 128.00000 21.66083
v -89.70079 128.00000 27.45774
v -87.68504 128.00000 43.62370
v -85.66929 128.00000 16.41565
v -83.65354 128.00000 6.10615
v -81.63780 128.00000 -19.80162
v -79.62205 128.00000 -18.18027
v -77.60630 128.00000 -22.36769
v -75.59055 128.00000 21.68727
v -73.57480 128.00000 -58.50169
v -71.55906 128.00000 -60.15402
v -69.54331 128.00000 -23.37039
v -67.52756 128.00000 26.84794
v -65.51181 128.00000 26.88789
v -63.49606 128.00000 42.84302
v -61.48031 128.00000 -55.34678
v -59.46457 128.00000 -20.33999
v -57.44882 128.00000 -23.03584
v -55.43307 128.00000 -3.97482
v -53.41732 128.00000 21.54421
v -51.40157 128.00000 -0.15533
v -49.38583 128.00000 -59.69463
v -47.37008 128.00000 -37.98165
v -45.35433 128.00000 15.61009
v -43.33858 128.00000 -22.48123
v -41.32283 128.00000 18.84120
v -39.30709 128.00000 -26.33455
v -37.29134 128.00000 55.30482
v -35.27559 128.00000 39.48335
v -33.25984 128.00000 3.07556
v -31.24409 128.00000 -34.65629
v -29.22835 128.00000 23.47372
v -27.21260 128.00000 -34.63536
v -25.19685 128.00000 5.37696
v -23.18110 128.00000 28.80177
v -21.16535 128.00000 1.69639
v -19.14961 128.00000 8.60306
v -17.13386 128.00000 12.01202
v -15.11811 128.00000 16.60407
v -13.10236 128.00000 23.23827
v -11.08661 128.00000 33.72385
v -9.07087 128.00000 20.89967
v -7.05512 128.00000 -3.59381
v -5.03937 128.00000 8.92866
v -3.02362 128.00000 33.45567
v -1.00787 128.00000 11.17882
v 1.00787 128.00000 5.45295
v 3.02362 128.00000 7.09736
v 5.03937 128.00000 11.15461
v 7.05512 128.00000 26.75085
v 9.07087 128.00000 10.98591
v 11.08661 128.00000 18.24550
v 13.10236 128.00000 13.12879
v 15.11811 128.00000 1.59683
v 17.13386 128.00000 27.96153
v 19.14961 128.00000 -3.52123
v 21.16535 128.00000 8.52799
v 23.18110 128.00000 4.62268
v 25.19685 128.00000 12.95653
v 27.21260 128.00000 16.12915
v 29.22835 128.00000 31.27260
v 31.24409 128.00000 35.98059
v 33.25984 128.00000 -8.41958
v 35.27559 128.00000 11.16262
v 37.29134 128.00000 19.31241
v 39.30709 128.00000 11.57213
v 41.32283 128.00000 13.82475
v 43.33858 128.00000 9.59279
v 45.35433 128.00000 9.23787
v 47.37008 128.00000 3.28782
v 49.38583 128.00000 27.10863
v 51.40157 128.00000 17.44954
v 53.41732 128.00000 14.42503
v 55.43307 128.00000 -5.20404
v 57.44882 128.00000 1.83730
v 59.46457 128.00000 15.86682
v 61.48031 128.00000 -17.17643
v 63.49606 128.00000 -5.35453
v 65.51181 128.00000 12.13281
v 67.52756 128.00000 14.08074
v 69.54331 128.00000 23.14435
v 71.55906 128.00000 19.81962
v 73.57480 128.00000 27.08883
v 75.59055 128.00000 4.77950
v 77.60630 128.00000 31.06476
v 79.62205 128.00000 23.03682
v 81.63780 128.00000 29.70775
v 83.65354 128.00000 -7.90929
v 85.66929 128.00000 18.51608
v 87.68504 128.00000 10.72522
v 89.70079 128.00000 15.64932
v 91.71654 128.00000 8.41062
v 93.73228 128.00000 16.88948
v 95.74803 128.00000 11.16954
v 97.76378 128.00000 13.83896
v 99.77953 128.00000 18.38886
v 101.79528 128.00000 -20.17055
v 103.81102 128.00000 5.89566
v 105.82677 128.00000 -3.08354
v 107.84252 128.00000 13.40060
v 109.85827 128.00000 6.69160
v 111.87402 128.00000 29.38339
v 113.88976 128.00000 31.70854
v 115.90551 128.00000 6.45425
v 117.92126 128.00000 2.92205
v 119.93701 128.00000 6.32278
v 121.95276 128.00000 5.47629
v 123.96850 128.00000 0.70900
v 125.98425 128.00000 9.64144
v 128.00000 128.00000 -114.21413
f 1 2 130 129
f 2 3 131 130
f 3 4 132 131
f 4 5 133 132
f 5 6 134 133
f 6 7 135 134
f 7 8 136 135
f 8 9 137 136
f 9 10 138 137
f 10 11 139 138
f 11 12 140 139
f 12 13 141 140
f 13 14 142 141
f 14 15 143 142
f 15 16 144 143
f 16 17 145 144
f 17 18 146 145
f 18 19 147 146
f 19 20 148 147
f 20 21 149 148
f 21 22 150 149
f 22 23 151 150
f 23 24 152 151
f 24 25 153 152
f 25 26 154 153
f 26 27 155 154
f 27 28 156 155
f 28 29 157 156
f 29 30 158 157
f 30 31 159 158
f 31 32 160 159
f 32 33 161 160
f 33 34 162 161
f 34 35 163 162
f 35 36 164 163
f 36 37 165 164
f 37 38 166 165
f 38 39 167 166
f 39 40 168 167
f 40 41 169 168
f 41 42 170 169
f 42 43 171 170
f 43 44 172 171
f 44 45 173 172
f 45 46 174 173
f 46 47 175 174
f 47 48 176 175
f 48 49 177 176
f 49 50 178 177
f 50 51 179 178
f 51 52 180 179
f 52 53 181 180
f 53 54 182 181
f 54 55 183 182
f 55 56 184 183
f 56 57 185 184
f 57 58 186 185
f 58 59 187 186
f 59 60 188 187
f 60 61 189 188
f 61 62 190 189
f 62 63 191 190
f 63 64 192 191
f 64 65 193 192
f 65 66 194 193
f 66 67 195 194
f 67 68 196 195
f 68 69 197 196
f 69 70 198 197
f 70 71 199 198
f 71 72 200 199
f 72 73 201 200
f 73 74 202 201
f 74 75 203 202
f 75 76 204 203
f 76 77 205 204
f 77 78 206 205
f 78 79 207 206
f 79 80 208 207
f 80 81 209 208
f 81 82 210 209
f 82 83 211 210
f 83 84 212 211
f 84 85 213 212
f 85 86 214 213
f 86 87 215 214
f 87 88 216 215
f 88 89 217 216
f 89 90 218 217
f 90 91 219 218
f 91 92 220 219
f 92 93 221 220
f 93 94 222 221
f 94 95 223 222
f 95 96 224 223
f 96 97 225 224
f 97 98 226 225
f 98 99 227 226
f 99 100 228 227
f 100 101 229 228
f 101 102 230 229
f 102 103 231 230
f 103 104 232 231
f 104 105 233 232
f 105 106 234 233
f 106 107 235 234
f 107 108 236 235
f 108 109 237 236
f 109 110 238 237
f 110 111 239 238
f 111 112 240 239
f 112 113 241 240
f 113 114 242 241
f 114 115 243 242
f 115 116 244 243
f 116 117 245 244
f 117 118 246 245
f 118 119 247 246
f 119 120 248 247
f 120 121 249 248
f 121 122 250 249
f 122 123 251 250
f 123 124 252 251
f 124 125 253 252
f 125 126 254 253
f 126 127 255 254
f 127 128 256 255
f 129 130 258 257
f 130 131 259 258
f 131 132 260 259
f 132 133 261 260
f 133 134 262 261
f 134 135 263 262
f 135 136 264 263
f 136 137 265 264
f 137 138 266 265
f 138 139 267 266
f 139 140 268 267
f 140 141 269 268
f 141 142 270 269
f 142 143 271 270
f 143 144 272 271
f 144 145 273 272
f 145 146 274 273
f 146 147 275 274
f 147 148 276 275
f 148 149 277 276
f 149 150 278 277
f 150 151 279 278
f 151 152 280 279
f 152 153 281 280
f 153 154 282 281
f 154 155 283 282
f 155 156 284 283
f 156 157 285 284
f 157 158 286 285
f 158 159 287 286
f 159 160 288 287
f 160 161 289 288
f 161 162 290 289
f 162 163 291 290
f 163 164 292 291
f 164 165 293 292
f 165 166 294 293
f 166 167 295 294
f 167 168 296 295
f 168 169 297 296
f 169 170 298 297
f 170 171 299 298
f 171 172 300 299
f 172 173 301 300
f 173 174 302 301
f 174 175 303 302
f 175 176 304 303
f 176 177 305 304
f 177 178 306 305
f 178 179 307 306
f 179 180 308 307
f 180 181 309 308
f 181 182 310 309
f 182 183 311 310
f 183 184 312 311
f 184 185 313 312
f 185 186 314 313
f 186 187 315 314
f 187 188 316 315
f 188 189 317 316
f 189 190 318 317
f 190 191 319 318
f 191 192 320 319
f 192 193 321 320
f 193 194 322 321
f 194 195 323 322
f 195 196 324 323
f 196 197 325 324
f 197 198 326 325
f 198 199 327 326
f 199 200 328 327
f 200 201 329 328
f 201 202 330 329
f 202 203 331 330
f 203 204 332 331
f 204 205 333 332
f 205 206 334 333
f 206 207 335 334
f 207 208 336 335
f 208 209 337 336
f 209 210 338 337
f 210 211 339 338
f 211 212 340 339
f 212 213 341 340
f 213 214 342 341
f 214 215 343 342
f 215 216 344 343
f 216 217 345 344
f 217 218 346 345
f 218 219 347 346
f 219 220 348 347
f 220 221 349 348
f 221 222 350 349
f 222 223 351 350
f 223 224 352 351
f 224 225 353 352
f 225 226 354 353
f 226 227 355 354
f 227 228 356 355
f 228 229 357 356
f 229 230 358 357
f 230 231 359 358
f 231 232 360 359
f 232 233 361 360
f 233 234 362 361
f 234 235 363 362
f 235 236 364 363
f 236 237 365 364
f 237 238 366 365
f 238 239 367 366
f 239 240 368 367
f 240 241 369 368
f 241 242 370 369
f 242 243 371 370
f 243 244 372 371
f 244 245 373 372
f 245 246 374 373
f 246 247 375 374
f 247 248 376 375
f 248 249 377 376
f 249 250 378 377
f 250 251 379 378
f 251 252 380 379
f 252 253 381 380
f 253 254 382 381
f 254 255 383 382
f 255 256 384 383
f 257 258 386 385
f 258 259 387 386
f 259 260 388 387
f 260 261 389 388
f 261 262 390 389
f 262 263 391 390
f 263 264 392 391
f 264 265 393 392
f 265 266 394 393
f 266 267 395 394
f 267 268 396 395
f 268 269 397 396
f 269 270 398 397
f 270 271 399 398
f 271 272 400 399
f 272 273 401 400
f 273 274 402 401
f 274 275 403 402
f 275 276 404 403
f 276 277 405 404
f 277 278 406 405
f 278 279 407 406
f 279 280 408 407
f 280 281 409 408
f 281 282 410 409
f 282 283 411 410
f 283 284 412 411
f 284 285 413 412
f 285 286 414 413
f 286 287 415 414
f 287 288 416 415
f 288 289 417 416
f 289 290 418 417
f 290 291 419 418
f 291 292 420 419
f 292 293 421 420
f 293 294 422 421
f 294 295 423 422
f 295 296 424 423
f 296 297 425 424
f 297 298 426 425
f 298 299 427 426
f 299 300 428 427
f 300 301 429 428
f 301 302 430 429
f 302 303 431 430
f 303 304 432 431
f 304 305 433 432
f 305 306 434 433
f 306 307 435 434
f 307 308 436 435
f 308 309 437 436
f 309 310 438 437
f 310 311 439 438
f 311 312 440 439
f 312 313 441 440
f 313 314 442 441
f 314 315 443 442
f 315 316 444 443
f 316 317 445 444
f 317 318 446 445
f 318 319 447 446
f 319 320 448 447
f 320 321 449 448
f 321 322 450 449
f 322 323 451 450
f 323 324 452 451
f 324 325 453 452
f 325 326 454 453
f 326 327 455 454
f 327 328 456 455
f 328 329 457 456
f 329 330 458 457
f 330 331 459 458
f 331 332 460 459
f 332 333 461 460
f 333 334 462 461
f 334 335 463 462
f 335 336 464 463
f 336 337 465 464
f 337 338 466 465
f 338 339 467 466
f 339 340 468 467
f 340 341 469 468
f 341 342 470 469
f 342 343 471 470
f 343 344 472 471
f 344 345 473 472
f 345 346 474 473
f 346 347 475 474
f 347 348 476 475
f 348 349 477 476
f 349 350 478 477
f 350 351 479 478
f 351 352 480 479
f 352 353 481 480
f 353 354 482 481
f 354 355 483 482
f 355 356 484 483
f 356 357 485 484
f 357 358 486 485
f 358 359 487 486
f 359 360 488 487
f 360 361 489 488
f 361 362 490 489
f 362 363 491 490
f 363 364 492 491
f 364 365 493 492
f 365 366 494 493
f 366 367 495 494
f 367 368 496 495
f 368 369 497 496
f 369 370 498 497
f 370 371 499 498
f 371 372 500 499
f 372 373 501 500
f 373 374 502 501
f 374 375 503 502
f 375 376 504 503
f 376 377 505 504
f 377 378 506 505
f 378 379 507 506
f 379 380 508 507
f 380 381 509 508
f 381 382 510 509
f 382 383 511 510
f 383 384 512 511
f 385 386 514 513
f 386 387 515 514
f 387 388 516 515
f 388 389 517 516
f 389 390 518 517
f 390 391 519 518
f 391 392 520 519
f 392 393 521 520
f 393 394 522 521
f 394 395 523 522
f 395 396 524 523
f 396 397 525 524
f 397 398 526 525
f 398 399 527 526
f 399 400 528 527
f 400 401 529 528
f 401 402 530 529
f 402 403 531 530
f 403 404 532 531
f 404 405 533 532
f 405 406 534 533
f 406 407 535 534
f 407 408 536 535
f 408 409 537 536
f 409 410 538 537
f 410 411 539 538
f 411 412 540 539
f 412 413 541 540
f 413 414 542 541
f 414 415 543 542
f 415 416 544 543
f 416 417 545 544
f 417 418 546 545
f 418 419 547 546
f 419 420 548 547
f 420 421 549 548
f 421 422 550 549
f 422 423 551 550
f 423 424 552 551
f 424 425 553 552
f 425 426 554 553
f 426 427 555 554
f 427 428 556 555
f 428 429 557 556
f 429 430 558 557
f 430 431 559 558
f 431 432 560 559
f 432 433 561 560
f 433 434 562 561
f 434 435 563 562
f 435 436 564 563
f 436 437 565 564
f 437 438 566 565
f 438 439 567 566
f 439 440 568 567
f 440 441 569 568
f 441 442 570 569
f 442 443 571 570
f 443 444 572 571
f 444 445 573 572
f 445 446 574 573
f 446 447 575 574
f 447 448 576 575
f 448 449 577 576
f 449 450 578 577
f 450 451 579 578
f 451 452 580 579
f 452 453 581 580
f 453 454 582 581
f 454 455 583 582
f 455 456 584 583
f 456 457 585 584
f 457 458 586 585
f 458 459 587 586
f 459 460 588 587
f 460 461 589 588
f 461 462 590 589
f 462 463 591 590
f 463 464 592 591
f 464 465 593 592
f 465 466 594 593
f 466 467 595 594
f 467 468 596 595
f 468 469 597 596
f 469 470 598 597
f 470 471 599 598
f 471 472 600 599
f 472 473 601 600
f 473 474 602 601
f 474 475 603 602
f 475 476 604 603
f 476 477 605 604
f 477 478 606 605
f 478 479 607 606
f 479 480 608 607
f 480 481 609 608
f 481 482 610 609
f 482 483 611 610
f 483 484 612 611
f 484 485 613 612
f 485 486 614 613
f 486 487 615 614
f 487 488 616 615
f 488 489 617 616
f 489 490 618 617
f 490 491 619 618
f 491 492 620 619
f 492 493 621 620
f 493 494 622 621
f 494 495 623 622
f 495 496 624 623
f 496 497 625 624
f 497 498 626 625
f 498 499 627 626
f 499 500 628 627
f 500 501 629 628
f 501 502 630 629
f 502 503 631 630
f 503 504 632 631
f 504 505 633 632
f 505 506 634 633
f 506 507 635 634
f 507 508 636 635
f 508 509 637 636
f 509 510 638 637
f 510 511 639 638
f 511 512 640 639
f 513 514 642 641
f 514 515 643 642
f 515 516 644 643
f 516 517 645 644
f 517 518 646 645
f 518 519 647 646
f 519 520 648 647
f 520 521 649 648
f 521 522 650 649
f 522 523 651 650
f 523 524 652 651
f 524 525 653 652
f 525 526 654 653
f 526 527 655 654
f 527 528 656 655
f 528 529 657 656
f 529 530 658 657
f 530 531 659 658
f 531 532 660 659
f 532 533 661 660
f 533 534 662 661
f 534 535 663 662
f 535 536 664 663
f 536 537 665 664
f 537 538 666 665
f 538 539 667 666
f 539 540 668 667
f 540 541 669 668
f 541 542 670 669
f 542 543 671 670
f 543 544 672 671
f 544 545 673 672
f 545 546 674 673
f 546 547 675 674
f 547 548 676 675
f 548 549 677 676
f 549 550 678 677
f 550 551 679 678
f 551 552 680 679
f 552 553 681 680
f 553 554 682 681
f 554 555 683 682
f 555 556 684 683
f 556 557 685 684
f 557 558 686 685
f 558 559 687 686
f 559 560 688 687
f 560 561 689 688
f 561 562 690 689
f 562 563 691 690
f 563 564 692 691
f 564 565 693 692
f 565 566 694 693
f 566 567 695 694
f 567 568 696 695
f 568 569 697 696
f 569 570 698 697
f 570 571 699 698
f 571 572 700 699
f 572 573 701 700
f 573 574 702 701
f 574 575 703 702
f 575 576 704 703
f 576 577 705 704
f 577 578 706 705
f 578 579 707 706
f 579 580 708 707
f 580 581 709 708
f 581 582 710 709
f 582 583 711 710
f 583 584 712 711
f 584 585 713 712
f 585 586 714 713
f 586 587 715 714
f 587 588 716 715
f 588 589 717 716
f 589 590 718 717
f 590 591 719 718
f 591 592 720 719
f 592 593 721 720
f 593 594 722 721
f 594 595 723 722
f 595 596 724 723
f 596 597 725 724
f 597 598 726 725
f 598 599 727 726
f 599 600 728 727
f 600 601 729 728
f 601 602 730 729
f 602 603 731 730
f 603 604 732 731
f 604 605 733 732
f 605 606 734 733
f 606 607 735 734
f 607 608 736 735
f 608 609 737 736
f 609 610 738 737
f 610 611 739 738
f 611 612 740 739
f 612 613 741 740
f 613 614 742 741
f 614 615 743 742
f 615 616 744 743
f 616 617 745 744
f 617 618 746 745
f 618 619 747 746
f 619 620 748 747
f 620 621 749 748
f 621 622 750 749
f 622 623 751 750
f 623 624 752 751
f 624 625 753 752
f 625 626 754 753
f 626 627 755 754
f 627 628 756 755
f 628 629 757 756
f 629 630 758 757
f 630 631 759 758
f 631 632 760 759
f 632 633 761 760
f 633 634 762 761
f 634 635 763 762
f 635 636 764 763
f 636 637 765 764
f 637 638 766 765
f 638 639 767 766
f 639 640 768 767
f 641 642 770 769
f 642 643 771 770
f 643 644 772 771
f 644 645 773 772
f 645 646 774 773
f 646 647 775 774
f 647 648 776 775
f 648 649 777 776
f 649 650 778 777
f 650 651 779 778
f 651 652 780 779
f 652 653 781 780
f 653 654 782 781
f 654 655 783 782
f 655 656 784 783
f 656 657 785 784
f 657 658 786 785
f 658 659 787 786
f 659 660 788 787
f 660 661 789 788
f 661 662 790 789
f 662 663 791 790
f 663 664 792 791
f 664 665 793 792
f 665 666 794 793
f 666 667 795 794
f 667 668 796 795
f 668 669 797 796
f 669 670 798 797
f 670 671 799 798
f 671 672 800 799
f 672 673 801 800
f 673 674 802 801
f 674 675 803 802
f 675 676 804 803
f 676 677 805 804
f 677 678 806 805
f 678 679 807 806
f 679 680 808 807
f 680 681 809 808
f 681 682 810 809
f 682 683 811 810
f 683 684 812 811
f 684 685 813 812
f 685 686 814 813
f 686 687 815 814
f 687 688 816 815
f 688 689 817 816
f 689 690 818 817
f 690 691 819 818
f 691 692 820 819
f 692 693 821 820
f 693 694 822 821
f 694 695 823 822
f 695 696 824 823
f 696 697 825 824
f 697 698 826 825
f 698 699 827 826
f 699 700 828 827
f 700 701 829 828
f 701 702 830 829
f 702 703 831 830
f 703 704 832 831
f 704 705 833 832
f 705 706 834 833
f 706 707 835 834
f 707 708 836 835
f 708 709 837 836
f 709 710 838 837
f 710 711 839 838
f 711 712 840 839
f 712 713 841 840
f 713 714 842 841
f 714 715 843 842
f 715 716 844 843
f 716 717 845 844
f 717 718 846 845
f 718 719 847 846
f 719 720 848 847
f 720 721 849 848
f 721 722 850 849
f 722 723 851 850
f 723 724 852 851
f 724 725 853 852
f 725 726 854 853
f 726 727 855 854
f 727 728 856 855
f 728 729 857 856
f 729 730 858 857
f 730 731 859 858
f 731 732 860 859
f 732 733 861 860
f 733 734 862 861
f 734 735 863 862
f 735 736 864 863
f 736 737 865 864
f 737 738 866 865
f 738 739 867 866
f 739 740 868 867
f 740 741 869 868
f 741 742 870 869
f 742 743 871 870
f 743 744 872 871
f 744 745 873 872
f 745 746 874 873
f 746 747 875 874
f 747 748 876 875
f 748 749 877 876
f 749 750 878 877
f 750 751 879 878
f 751 752 880 879
f 752 753 881 880
f 753 754 882 881
f 754 755 883 882
f 755 756 884 883
f 756 757 885 884
f 757 758 886 885
f 758 759 887 886
f 759 760 888 887
f 760 761 889 888
f 761 762 890 889
f 762 763 891 890
f 763 764 892 891
f 764 765 893 892
f 765 766 894 893
f 766 767 895 894
f 767 768 896 895
f 769 770 898 897
f 770 771 899 898
f 771 772 900 899
f 772 773 901 900
f 773 774 902 901
f 774 775 903 902
f 775 776 904 903
f 776 777 905 904
f 777 778 906 905
f 778 779 907 906
f 779 780 908 907
f 780 781 909 908
f 781 782 910 909
f 782 783 911 910
f 783 784 912 911
f 784 785 913 912
f 785 786 914 913
f 786 787 915 914
f 787 788 916 915
f 788 789 917 916
f 789 790 918 917
f 790 791 919 918
f 791 792 920 919
f 792 793 921 920
f 793 794 922 921
f 794 795 923 922
f 795 796 924 923
f 796 797 925 924
f 797 798 926 925
f 798 799 927 926
f 799 800 928 927
f 800 801 929 928
f 801 802 930 929
f 802 803 931 930
f 803 804 932 931
f 804 805 933 932
f 805 806 934 933
f 806 807 935 934
f 807 808 936 935
f 808 809 937 936
f 809 810 938 937
f 810 811 939 938
f 811 812 940 939
f 812 813 941 940
f 813 814 942 941
f 814 815 943 942
f 815 816 944 943
f 816 817 945 944
f 817 818 946 945
f 818 819 947 946
f 819 820 948 947
f 820 821 949 948
f 821 822 950 949
f 822 823 951 950
f 823 824 952 951
f 824 825 953 952
f 825 826 954 953
f 826 827 955 954
f 827 828 956 955
f 828 829 957 956
f 829 830 958 957
f 830 831 959 958
f 831 832 960 959
f 832 833 961 960
f 833 834 962 961
f 834 835 963 962
f 835 836 964 963
f 836 837 965 964
f 837 838 966 965
f 838 839 967 966
f 839 840 968 967
f 840 841 969 968
f 841 842 970 969
f 842 843 971 970
f 843 844 972 971
f 844 845 973 972
f 845 846 974 973
f 846 847 975 974
f 847 848 976 975
f 848 849 977 976
f 849 850 978 977
f 850 851 979 978
f 851 852 980 979
f 852 853 981 980
f 853 854 982 981
f 854 855 983 982
f 855 856 984 983
f 856 857 985 984
f 857 858 986 985
f 858 859 987 986
f 859 860 988 987
f 860 861 989 988
f 861 862 990 989
f 862 863 991 990
f 863 864 992 991
f 864 865 993 992
f 865 866 994 993
f 866 867 995 994
f 867 868 996 995
f 868 869 997 996
f 869 870 998 997
f 870 871 999 998
f 871 872 1000 999
f 872 873 1001 1000
f 873 874 1002 1001
f 874 875 1003 1002
f 875 876 1004 1003
f 876 877 1005 1004
f 877 878 1006 1005
f 878 879 1007 1006
f 879 880 1008 1007
f 880 881 1009 1008
f 881 882 1010 1009
f 882 883 1011 1010
f 883 884 1012 1011
f 884 885 1013 1012
f 885 886 1014 1013
f 886 887 1015 1014
f 887 888 1016 1015
f 888 889 1017 1016
f 889 890 1018 1017
f 890 891 1019 1018
f 891 892 1020 1019
f 892 893 1021 1020
f 893 894 1022 1021
f 894 895 1023 1022
f 895 896 1024 1023
f 897 898 1026 1025
f 898 899 1027 1026
f 899 900 1028 1027
f 900 901 1029 1028
f 901 902 1030 1029
f 902 903 1031 1030
f 903 904 1032 1031
f 904 905 1033 1032
f 905 906 1034 1033
f 906 907 1035 1034
f 907 908 1036 1035
f 908 909 1037 1036
f 909 910 1038 1037
f 910 911 1039 1038
f 911 912 1040 1039
f 912 913 1041 1040
f 913 914 1042 1041
f 914 915 1043 1042
f 915 916 1044 1043
f 916 917 1045 1044
f 917 918 1046 1045
f 918 919 1047 1046
f 919 920 1048 1047
f 920 921 1049 1048
f 921 922 1050 1049
f 922 923 1051 1050
f 923 924 1052 1051
f 924 925 1053 1052
f 925 926 1054 1053
f 926 927 1055 1054
f 927 928 1056 1055
f 928 929 1057 1056
f 929 930 1058 1057
f 930 931 1059 1058
f 931 932 1060 1059
f 932 933 1061 1060
f 933 934 1062 1061
f 934 935 1063 1062
f 935 936 1064 1063
f 936 937 1065 1064
f 937 938 1066 1065
f 938 939 1067 1066
f 939 940 1068 1067
f 940 941 1069 1068
f 941 942 1070 1069
f 942 943 1071 1070
f 943 944 1072 1071
f 944 945 1073 1072
f 945 946 1074 1073
f 946 947 1075 1074
f 947 948 1076 1075
f 948 949 1077 1076
f 949 950 1078 1077
f 950 951 1079 1078
f 951 952 1080 1079
f 952 953 1081 1080
f 953 954 1082 1081
f 954 955 1083 1082
f 955 956 1084 1083
f 956 957 1085 1084
f 957 958 1086 1085
f 958 959 1087 1086
f 959 960 1088 1087
f 960 961 1089 1088
f 961 962 1090 1089
f 962 963 1091 1090
f 963 964 1092 1091
f 964 965 1093 1092
f 965 966 1094 1093
f 966 967 1095 1094
f 967 968 1096 1095
f 968 969 1097 1096
f 969 970 1098 1097
f 970 971 1099 1098
f 971 972 1100 1099
f 972 973 1101 1100
f 973 974 1102 1101
f 974 975 1103 1102
f 975 976 1104 1103
f 976 977 1105 1104
f 977 978 1106 1105
f 978 979 1107 1106
f 979 980 1108 1107
f 980 981 1109 1108
f 981 982 1110 1109
f 982 983 1111 1110
f 983 984 1112 1111
f 984 985 1113 1112
f 985 986 1114 1113
f 986 987 1115 1114
f 987 988 1116 1115
f 988 989 1117 1116
f 989 990 1118 1117
f 990 991 1119 1118
f 991 992 1120 1119
f 992 993 1121 1120
f 993 994 1122 1121
f 994 995 1123 1122
f 995 996 1124 1123
f 996 997 1125 1124
f 997 998 1126 1125
f 998 999 1127 1126
f 999 1000 1128 1127
f 1000 1001 1129 1128
f 1001 1002 1130 1129
f 1002 1003 1131 1130
f 1003 1004 1132 1131
f 1004 1005 1133 1132
f 1005 1006 1134 1133
f 1006 1007 1135 1134
f 1007 1008 1136 1135
f 1008 1009 1137 1136
f 1009 1010 1138 1137
f 1010 1011 1139 1138
f 1011 1012 1140 1139
f 1012 1013 1141 1140
f 1013 1014 1142 1141
f 1014 1015 1143 1142
f 1015 1016 1144 1143
f 1016 1017 1145 1144
f 1017 1018 1146 1145
f 1018 1019 1147 1146
f 1019 1020 1148 1147
f 1020 1021 1149 1148
f 1021 1022 1150 1149
f 1022 1023 1151 1150
f 1023 1024 1152 1151
f 1025 1026 1154 1153
f 1026 1027 1155 1154
f 1027 1028 1156 1155
f 1028 1029 1157 1156
f 1029 1030 1158 1157
f 1030 1031 1159 1158
f 1031 1032 1160 1159
f 1032 1033 1161 1160
f 1033 1034 1162 1161
f 1034 1035 1163 1162
f 1035 1036 1164 1163
f 1036 1037 1165 1164
f 1037 1038 1166 1165
f 1038 1039 1167 1166
f 1039 1040 1168 1167
f 1040 1041 1169 1168
f 1041 1042 1170 1169
f 1042 1043 1171 1170
f 1043 1044 1172 1171
f 1044 1045 1173 1172
f 1045 1046 1174 1173
f 1046 1047 1175 1174
f 1047 1048 1176 1175
f 1048 1049 1177 1176
f 1049 1050 1178 1177
f 1050 1051 1179 1178
f 1051 1052 1180 1179
f 1052 1053 1181 1180
f 1053 1054 1182 1181
f 1054 1055 1183 1182
f 1055 1056 1184 1183
f 1056 1057 1185 1184
f 1057 1058 1186 1185
f 1058 1059 1187 1186
f 1059 1060 1188 1187
f 1060 1061 1189 1188
f 1061 1062 1190 1189
f 1062 1063 1191 1190
f 1063 1064 1192 1191
f 1064 1065 1193 1192
f 1065 1066 1194 1193
f 1066 1067 1195 1194
f 1067 1068 1196 1195
f 1068 1069 1197 1196
f 1069 1070 1198 1197
f 1070 1071 1199 1198
f 1071 1072 1200 1199
f 1072 1073 1201 1200
f 1073 1074 1202 1201
f 1074 1075 1203 1202
f 1075 1076 1204 1203
f 1076 1077 1205 1204
f 1077 1078 1206 1205
f 1078 1079 1207 1206
f 1079 1080 1208 1207
f 1080 1081 1209 1208
f 1081 1082 1210 1209
f 1082 1083 1211 1210
f 1083 1084 1212 1211
f 1084 1085 1213 1212
f 1085 1086 1214 1213
f 1086 1087 1215 1214
f 1087 1088 1216 1215
f 1088 1089 1217 1216
f 1089 1090 1218 1217
f 1090 1091 1219 1218
f 1091 1092 1220 1219
f 1092 1093 1221 1220
f 1093 1094 1222 1221
f 1094 1095 1223 1222
f 1095 1096 1224 1223
f 1096 1097 1225 1224
f 1097 1098 1226 1225
f 1098 1099 1227 1226
f 1099 1100 1228 1227
f 1100 1101 1229 1228
f 1101 1102 1230 1229
f 1102 1103 1231 1230
f 1103 1104 1232 1231
f 1104 1105 1233 1232
f 1105 1106 1234 1233
f 1106 1107 1235 1234
f 1107 1108 1236 1235
f 1108 1109 1237 1236
f 1109 1110 1238 1237
f 1110 1111 1239 1238
f 1111 1112 1240 1239
f 1112 1113 1241 1240
f 1113 1114 1242 1241
f 1114 1115 1243 1242
f 1115 1116 1244 1243
f 1116 1117 1245 1244
f 1117 1118 1246 1245
f 1118 1119 1247 1246
f 1119 1120 1248 1247
f 1120 1121 1249 1248
f 1121 1122 1250 1249
f 1122 1123 1251 1250
f 1123 1124 1252 1251
f 1124 1125 1253 1252
f 1125 1126 1254 1253
f 1126 1127 1255 1254
f 1127 1128 1256 1255
f 1128 1129 1257 1256
f 1129 1130 1258 1257
f 1130 1131 1259 1258
f 1131 1132 1260 1259
f 1132 1133 1261 1260
f 1133 1134 1262 1261
f 1134 1135 1263 1262
f 1135 1136 1264 1263
f 1136 1137 1265 1264
f 1137 1138 1266 1265
f 1138 1139 1267 1266
f 1139 1140 1268 1267
f 1140 1141 1269 1268
f 1141 1142 1270 1269
f 1142 1143 1271 1270
f 1143 1144 1272 1271
f 1144 1145 1273 1272
f 1145 1146 1274 1273
f 1146 1147 1275 1274
f 1147 1148 1276 1275
f 1148 1149 1277 1276
f 1149 1150 1278 1277
f 1150 1151 1279 1278
f 1151 1152 1280 1279
f 1153 1154 1282 1281
f 1154 1155 1283 1282
f 1155 1156 1284 1283
f 1156 1157 1285 1284
f 1157 1158 1286 1285
f 1158 1159 1287 1286
f 1159 1160 1288 1287
f 1160 1161 1289 1288
f 1161 1162 1290 1289
f 1162 1163 1291 1290
f 1163 1164 1292 1291
f 1164 1165 1293 1292
f 1165 1166 1294 1293
f 1166 1167 1295 1294
f 1167 1168 1296 1295
f 1168 1169 1297 1296
f 1169 1170 1298 1297
f 1170 1171 1299 1298
f 1171 1172 1300 1299
f 1172 1173 1301 1300
f 1173 1174 1302 1301
f 1174 1175 1303 1302
f 1175 1176 1304 1303
f 1176 1177 1305 1304
f 1177 1178 1306 1305
f 1178 1179 1307 1306
f 1179 1180 1308 1307
f 1180 1181 1309 1308
f 1181 1182 1310 1309
f 1182 1183 1311 1310
f 1183 1184 1312 1311
f 1184 1185 1313 1312
f 1185 1186 1314 1313
f 1186 1187 1315 1314
f 1187 1188 1316 1315
f 1188 1189 1317 1316
f 1189 1190 1318 1317
f 1190 1191 1319 1318
f 1191 1192 1320 1319
f 1192 1193 1321 1320
f 1193 1194 1322 1321
f 1194 1195 1323 1322
f 1195 1196 1324 1323
f 1196 1197 1325 1324
f 1197 1198 1326 1325
f 1198 1199 1327 1326
f 1199 1200 1328 1327
f 1200 1201 1329 1328
f 1201 1202 1330 1329
f 1202 1203 1331 1330
f 1203 1204 1332 1331
f 1204 1205 1333 1332
f 1205 1206 1334 1333
f 1206 1207 1335 1334
f 1207 1208 1336 1335
f 1208 1209 1337 1336
f 1209 1210 1338 1337
f 1210 1211 1339 1338
f 1211 1212 1340 1339
f 1212 1213 1341 1340
f 1213 1214 1342 1341
f 1214 1215 1343 1342
f 1215 1216 1344 1343
f 1216 1217 1345 1344
f 1217 1218 1346 1345
f 1218 1219 1347 1346
f 1219 1220 1348 1347
f 1220 1221 1349 1348
f 1221 1222 1350 1349
f 1222 1223 1351 1350
f 1223 1224 1352 1351
f 1224 1225 1353 1352
f 1225 1226 1354 1353
f 1226 1227 1355 1354
f 1227 1228 1356 1355
f 1228 1229 1357 1356
f 1229 1230 1358 1357
f 1230 1231 1359 1358
f 1231 1232 1360 1359
f 1232 1233 1361 1360
f 1233 1234 1362 1361
f 1234 1235 1363 1362
f 1235 1236 1364 1363
f 1236 1237 1365 1364
f 1237 1238 1366 1365
f 1238 1239 1367 1366
f 1239 1240 1368 1367
f 1240 1241 1369 1368
f 1241 1242 1370 1369
f 1242 1243 1371 1370
f 1243 1244 1372 1371
f 1244 1245 1373 1372
f 1245 1246 1374 1373
f 1246 1247 1375 1374
f 1247 1248 1376 1375
f 1248 1249 1377 1376
f 1249 1250 1378 1377
f 1250 1251 1379 1378
f 1251 1252 1380 1379
f 1252 1253 1381 1380
f 1253 1254 1382 1381
f 1254 1255 1383 1382
f 1255 1256 1384 1383
f 1256 1257 1385 1384
f 1257 1258 1386 1385
f 1258 1259 1387 1386
f 1259 1260 1388 1387
f 1260 1261 1389 1388
f 1261 1262 1390 1389
f 1262 1263 1391 1390
f 1263 1264 1392 1391
f 1264 1265 1393 1392
f 1265 1266 1394 1393
f 1266 1267 1395 1394
f 1267 1268 1396 1395
f 1268 1269 1397 1396
f 1269 1270 1398 1397
f 1270 1271 1399 1398
f 1271 1272 1400 1399
f 1272 1273 1401 1400
f 1273 1274 1402 1401
f 1274 1275 1403 1402
f 1275 1276 1404 1403
f 1276 1277 1405 1404
f 1277 1278 1406 1405
f 1278 1279 1407 1406
f 1279 1280 1408 1407
f 1281 1282 1410 1409
f 1282 1283 1411 1410
f 1283 1284 1412 1411
f 1284 1285 1413 1412
f 1285 1286 1414 1413
f 1286 1287 1415 1414
f 1287 1288 1416 1415
f 1288 1289 1417 1416
f 1289 1290 1418 1417
f 1290 1291 1419 1418
f 1291 1292 1420 1419
f 1292 1293 1421 1420
f 1293 1294 1422 1421
f 1294 1295 1423 1422
f 1295 1296 1424 1423
f 1296 1297 1425 1424
f 1297 1298 1426 1425
f 1298 1299 1427 1426
f 1299 1300 1428 1427
f 1300 1301 1429 1428
f 1301 1302 1430 1429
f 1302 1303 1431 1430
f 1303 1304 1432 1431
f 1304 1305 1433 1432
f 1305 1306 1434 1433
f 1306 1307 1435 1434
f 1307 1308 1436 1435
f 1308 1309 1437 1436
f 1309 1310 1438 1437
f 1310 1311 1439 1438
f 1311 1312 1440 1439
f 1312 1313 1441 1440
f 1313 1314 1442 1441
f 1314 1315 1443 1442
f 1315 1316 1444 1443
f 1316 1317 1445 1444
f 1317 1318 1446 1445
f 1318 1319 1447 1446
f 1319 1320 1448 1447
f 1320 1321 1449 1448
f 1321 1322 1450 1449
f 1322 1323 1451 1450
f 1323 1324 1452 1451
f 1324 1325 1453 1452
f 1325 1326 1454 1453
f 1326 1327 1455 1454
f 1327 1328 1456 1455
f 1328 1329 1457 1456
f 1329 1330 1458 1457
f 1330 1331 1459 1458
f 1331 1332 1460 1459
f 1332 1333 1461 1460
f 1333 1334 1462 1461
f 1334 1335 1463 1462
f 1335 1336 1464 1463
f 1336 1337 1465 1464
f 1337 1338 1466 1465
f 1338 1339 1467 1466
f 1339 1340 1468 1467
f 1340 1341 1469 1468
f 1341 1342 1470 1469
f 1342 1343 1471 1470
f 1343 1344 1472 1471
f 1344 1345 1473 1472
f 1345 1346 1474 1473
f 1346 1347 1475 1474
f 1347 1348 1476 1475
f 1348 1349 1477 1476
f 1349 1350 1478 1477
f 1350 1351 1479 1478
f 1351 1352 1480 1479
f 1352 1353 1481 1480
f 1353 1354 1482 1481
f 1354 1355 1483 1482
f 1355 1356 1484 1483
f 1356 1357 1485 1484
f 1357 1358 1486 1485
f 1358 1359 1487 1486
f 1359 1360 1488 1487
f 1360 1361 1489 1488
f 1361 1362 1490 1489
f 1362 1363 1491 1490
f 1363 1364 1492 1491
f 1364 1365 1493 1492
f 1365 1366 1494 1493
f 1366 1367 1495 1494
f 1367 1368 1496 1495
f 1368 1369 1497 1496
f 1369 1370 1498 1497
f 1370 1371 1499 1498
f 1371 1372 1500 1499
f 1372 1373 1501 1500
f 1373 1374 1502 1501
f 1374 1375 1503 1502
f 1375 1376 1504 1503
f 1376 1377 1505 1504
f 1377 1378 1506 1505
f 1378 1379 1507 1506
f 1379 1380 1508 1507
f 1380 1381 1509 1508
f 1381 1382 1510 1509
f 1382 1383 1511 1510
f 1383 1384 1512 1511
f 1384 1385 1513 1512
f 1385 1386 1514 1513
f 1386 1387 1515 1514
f 1387 1388 1516 1515
f 1388 1389 1517 1516
f 1389 1390 1518 1517
f 1390 1391 1519 1518
f 1391 1392 1520 1519
f 1392 1393 1521 1520
f 1393 1394 1522 1521
f 1394 1395 1523 1522
f 1395 1396 1524 1523
f 1396 1397 1525 1524
f 1397 1398 1526 1525
f 1398 1399 1527 1526
f 1399 1400 1528 1527
f 1400 1401 1529 1528
f 1401 1402 1530 1529
f 1402 1403 1531 1530
f 1403 1404 1532 1531
f 1404 1405 1533 1532
f 1405 1406 1534 1533
f 1406 1407 1535 1534
f 1407 1408 1536 1535
f 1409 1410 1538 1537
f 1410 1411 1539 1538
f 1411 1412 1540 1539
f 1412 1413 1541 1540
f 1413 1414 1542 1541
f 1414 1415 1543 1542
f 1415 1416 1544 1543
f 1416 1417 1545 1544
f 1417 1418 1546 1545
f 1418 1419 1547 1546
f 1419 1420 1548 1547
f 1420 1421 1549 1548
f 1421 1422 1550 1549
f 1422 1423 1551 1550
f 1423 1424 1552 1551
f 1424 1425 1553 1552
f 1425 1426 1554 1553
f 1426 1427 1555 1554
f 1427 1428 1556 1555
f 1428 1429 1557 1556
f 1429 1430 1558 1557
f 1430 1431 1559 1558
f 1431 1432 1560 1559
f 1432 1433 1561 1560
f 1433 1434 1562 1561
f 1434 1435 1563 1562
f 1435 1436 1564 1563
f 1436 1437 1565 1564
f 1437 1438 1566 1565
f 1438 1439 1567 1566
f 1439 1440 1568 1567
f 1440 1441 1569 1568
f 1441 1442 1570 1569
f 1442 1443 1571 1570
f 1443 1444 1572 1571
f 1444 1445 1573 1572
f 1445 1446 1574 1573
f 1446 1447 1575 1574
f 1447 1448 1576 1575
f 1448 1449 1577 1576
f 1449 1450 1578 1577
f 1450 1451 1579 1578
f 1451 1452 1580 1579
f 1452 1453 1581 1580
f 1453 1454 1582 1581
f 1454 1455 1583 1582
f 1455 1456 1584 1583
f 1456 1457 1585 1584
f 1457 1458 1586 1585
f 1458 1459 1587 1586
f 1459 1460 1588 1587
f 1460 1461 1589 1588
f 1461 1462 1590 1589
f 1462 1463 1591 1590
f 1463 1464 1592 1591
f 1464 1465 1593 1592
f 1465 1466 1594 1593
f 1466 1467 1595 1594
f 1467 1468 1596 1595
f 1468 1469 1597 1596
f 1469 1470 1598 1597
f 1470 1471 1599 1598
f 1471 1472 1600 1599
f 1472 1473 1601 1600
f 1473 1474 1602 1601
f 1474 1475 1603 1602
f 1475 1476 1604 1603
f 1476 1477 1605 1604
f 1477 1478 1606 1605
f 1478 1479 1607 1606
f 1479 1480 1608 1607
f 1480 1481 1609 1608
f 1481 1482 1610 1609
f 1482 1483 1611 1610
f 1483 1484 1612 1611
f 1484 1485 1613 1612
f 1485 1486 1614 1613
f 1486 1487 1615 1614
f 1487 1488 1616 1615
f 1488 1489 1617 1616
f 1489 1490 1618 1617
f 1490 1491 1619 1618
f 1491 1492 1620 1619
f 1492 1493 1621 1620
f 1493 1494 1622 1621
f 1494 1495 1623 1622
f 1495 1496 1624 1623
f 1496 1497 1625 1624
f 1497 1498 1626 1625
f 1498 1499 1627 1626
f 1499 1500 1628 1627
f 1500 1501 1629 1628
f 1501 1502 1630 1629
f 1502 1503 1631 1630
f 1503 1504 1632 1631
f 1504 1505 1633 1632
f 1505 1506 1634 1633
f 1506 1507 1635 1634
f 1507 1508 1636 1635
f 1508 1509 1637 1636
f 1509 1510 1638 1637
f 1510 1511 1639 1638
f 1511 1512 1640 1639
f 1512 1513 1641 1640
f 1513 1514 1642 1641
f 1514 1515 1643 1642
f 1515 1516 1644 1643
f 1516 1517 1645 1644
f 1517 1518 1646 1645
f 1518 1519 1647 1646
f 1519 1520 1648 1647
f 1520 1521 1649 1648
f 1521 1522 1650 1649
f 1522 1523 1651 1650
f 1523 1524 1652 1651
f 1524 1525 1653 1652
f 1525 1526 1654 1653
f 1526 1527 1655 1654
f 1527 1528 1656 1655
f 1528 1529 1657 1656
f 1529 1530 1658 1657
f 1530 1531 1659 1658
f 1531 1532 1660 1659
f 1532 1533 1661 1660
f 1533 1534 1662 1661
f 1534 1535 1663 1662
f 1535 1536 1664 1663
f 1537 1538 1666 1665
f 1538 1539 1667 1666
f 1539 1540 1668 1667
f 1540 1541 1669 1668
f 1541 1542 1670 1669
f 1542 1543 1671 1670
f 1543 1544 1672 1671
f 1544 1545 1673 1672
f 1545 1546 1674 1673
f 1546 1547 1675 1674
f 1547 1548 1676 1675
f 1548 1549 1677 1676
f 1549 1550 1678 1677
f 1550 1551 1679 1678
f 1551 1552 1680 1679
f 1552 1553 1681 1680
f 1553 1554 1682 1681
f 1554 1555 1683 1682
f 1555 1556 1684 1683
f 1556 1557 1685 1684
f 1557 1558 1686 1685
f 1558 1559 1687 1686
f 1559 1560 1688 1687
f 1560 1561 1689 1688
f 1561 1562 1690 1689
f 1562 1563 1691 1690
f 1563 1564 1692 1691
f 1564 1565 1693 1692
f 1565 1566 1694 1693
f 1566 1567 1695 1694
f 1567 1568 1696 1695
f 1568 1569 1697 1696
f 1569 1570 1698 1697
f 1570 1571 1699 1698
f 1571 1572 1700 1699
f 1572 1573 1701 1700
f 1573 1574 1702 1701
f 1574 1575 1703 1702
f 1575 1576 1704 1703
f 1576 1577 1705 1704
f 1577 1578 1706 1705
f 1578 1579 1707 1706
f 1579 1580 1708 1707
f 1580 1581 1709 1708
f 1581 1582 1710 1709
f 1582 1583 1711 1710
f 1583 1584 1712 1711
f 1584 1585 1713 1712
f 1585 1586 1714 1713
f 1586 1587 1715 1714
f 1587 1588 1716 1715
f 1588 1589 1717 1716
f 1589 1590 1718 1717
f 1590 1591 1719 1718
f 1591 1592 1720 1719
f 1592 1593 1721 1720
f 1593 1594 1722 1721
f 1594 1595 1723 1722
f 1595 1596 1724 1723
f 1596 1597 1725 1724
f 1597 1598 1726 1725
f 1598 1599 1727 1726
f 1599 1600 1728 1727
f 1600 1601 1729 1728
f 1601 1602 1730 1729
f 1602 1603 1731 1730
f 1603 1604 1732 1731
f 1604 1605 1733 1732
f 1605 1606 1734 1733
f 1606 1607 1735 1734
f 1607 1608 1736 1735
f 1608 1609 1737 1736
f 1609 1610 1738 1737
f 1610 1611 1739 1738
f 1611 1612 1740 1739
f 1612 1613 1741 1740
f 1613 1614 1742 1741
f 1614 1615 1743 1742
f 1615 1616 1744 1743
f 1616 1617 1745 1744
f 1617 1618 1746 1745
f 1618 1619 1747 1746
f 1619 1620 1748 1747
f 1620 1621 1749 1748
f 1621 1622 1750 1749
f 1622 1623 1751 1750
f 1623 1624 1752 1751
f 1624 1625 1753 1752
f 1625 1626 1754 1753
f 1626 1627 1755 1754
f 1627 1628 1756 1755
f 1628 1629 1757 1756
f 1629 1630 1758 1757
f 1630 1631 1759 1758
f 1631 1632 1760 1759
f 1632 1633 1761 1760
f 1633 1634 1762 1761
f 1634 1635 1763 1762
f 1635 1636 1764 1763
f 1636 1637 1765 1764
f 1637 1638 1766 1765
f 1638 1639 1767 1766
f 1639 1640 1768 1767
f 1640 1641 1769 1768
f 1641 1642 1770 1769
f 1642 1643 1771 1770
f 1643 1644 1772 1771
f 1644 1645 1773 1772
f 1645 1646 1774 1773
f 1646 1647 1775 1774
f 1647 1648 1776 1775
f 1648 1649 1777 1776
f 1649 1650 1778 1777
f 1650 1651 1779 1778
f 1651 1652 1780 1779
f 1652 1653 1781 1780
f 1653 1654 1782 1781
f 1654 1655 1783 1782
f 1655 1656 1784 1783
f 1656 1657 1785 1784
f 1657 1658 1786 1785
f 1658 1659 1787 1786
f 1659 1660 1788 1787
f 1660 1661 1789 1788
f 1661 1662 1790 1789
f 1662 1663 1791 1790
f 1663 1664 1792 1791
f 1665 1666 1794 1793
f 1666 1667 1795 1794
f 1667 1668 1796 1795
f 1668 1669 1797 1796
f 1669 1670 1798 1797
f 1670 1671 1799 1798
f 1671 1672 1800 1799
f 1672 1673 1801 1800
f 1673 1674 1802 1801
f 1674 1675 1803 1802
f 1675 1676 1804 1803
f 1676 1677 1805 1804
f 1677 1678 1806 1805
f 1678 1679 1807 1806
f 1679 1680 1808 1807
f 1680 1681 1809 1808
f 1681 1682 1810 1809
f 1682 1683 1811 1810
f 1683 1684 1812 1811
f 1684 1685 1813 1812
f 1685 1686 1814 1813
f 1686 1687 1815 1814
f 1687 1688 1816 1815
f 1688 1689 1817 1816
f 1689 1690 1818 1817
f 1690 1691 1819 1818
f 1691 1692 1820 1819
f 1692 1693 1821 1820
f 1693 1694 1822 1821
f 1694 1695 1823 1822
f 1695 1696 1824 1823
f 1696 1697 1825 1824
f 1697 1698 1826 1825
f 1698 1699 1827 1826
f 1699 1700 1828 1827
f 1700 1701 1829 1828
f 1701 1702 1830 1829
f 1702 1703 1831 1830
f 1703 1704 1832 1831
f 1704 1705 1833 1832
f 1705 1706 1834 1833
f 1706 1707 1835 1834
f 1707 1708 1836 1835
f 1708 1709 1837 1836
f 1709 1710 1838 1837
f 1710 1711 1839 1838
f 1711 1712 1840 1839
f 1712 1713 1841 1840
f 1713 1714 1842 1841
f 1714 1715 1843 1842
f 1715 1716 1844 1843
f 1716 1717 1845 1844
f 1717 1718 1846 1845
f 1718 1719 1847 1846
f 1719 1720 1848 1847
f 1720 1721 1849 1848
f 1721 1722 1850 1849
f 1722 1723 1851 1850
f 1723 1724 1852 1851
f 1724 1725 1853 1852
f 1725 1726 1854 1853
f 1726 1727 1855 1854
f 1727 1728 1856 1855
f 1728 1729 1857 1856
f 1729 1730 1858 1857
f 1730 1731 1859 1858
f 1731 1732 1860 1859
f 1732 1733 1861 1860
f 1733 1734 1862 1861
f 1734 1735 1863 1862
f 1735 1736 1864 1863
f 1736 1737 1865 1864
f 1737 1738 1866 1865
f 1738 1739 1867 1866
f 1739 1740 1868 1867
f 1740 1741 1869 1868
f 1741 1742 1870 1869
f 1742 1743 1871 1870
f 1743 1744 1872 1871
f 1744 1745 1873 1872
f 1745 1746 1874 1873
f 1746 1747 1875 1874
f 1747 1748 1876 1875
f 1748 1749 1877 1876
f 1749 1750 1878 1877
f 1750 1751 1879 1878
f 1751 1752 1880 1879
f 1752 1753 1881 1880
f 1753 1754 1882 1881
f 1754 1755 1883 1882
f 1755 1756 1884 1883
f 1756 1757 1885 1884
f 1757 1758 1886 1885
f 1758 1759 1887 1886
f 1759 1760 1888 1887
f 1760 1761 1889 1888
f 1761 1762 1890 1889
f 1762 1763 1891 1890
f 1763 1764 1892 1891
f 1764 1765 1893 1892
f 1765 1766 1894 1893
f 1766 1767 1895 1894
f 1767 1768 1896 1895
f 1768 1769 1897 1896
f 1769 1770 1898 1897
f 1770 1771 1899 1898
f 1771 1772 1900 1899
f 1772 1773 1901 1900
f 1773 1774 1902 1901
f 1774 1775 1903 1902
f 1775 1776 1904 1903
f 1776 1777 1905 1904
f 1777 1778 1906 1905
f 1778 1779 1907 1906
f 1779 1780 1908 1907
f 1780 1781 1909 1908
f 1781 1782 1910 1909
f 1782 1783 1911 1910
f 1783 1784 1912 1911
f 1784 1785 1913 1912
f 1785 1786 1914 1913
f 1786 1787 1915 1914
f 1787 1788 1916 1915
f 1788 1789 1917 1916
f 1789 1790 1918 1917
f 1790 1791 1919 1918
f 1791 1792 1920 1919
f 1793 1794 1922 1921
f 1794 1795 1923 1922
f 1795 1796 1924 1923
f 1796 1797 1925 1924
f 1797 1798 1926 1925
f 1798 1799 1927 1926
f 1799 1800 1928 1927
f 1800 1801 1929 1928
f 1801 1802 1930 1929
f 1802 1803 1931 1930
f 1803 1804 1932 1931
f 1804 1805 1933 1932
f 1805 1806 1934 1933
f 1806 1807 1935 1934
f 1807 1808 1936 1935
f 1808 1809 1937 1936
f 1809 1810 1938 1937
f 1810 1811 1939 1938
f 1811 1812 1940 1939
f 1812 1813 1941 1940
f 1813 1814 1942 1941
f 1814 1815 1943 1942
f 1815 1816 1944 1943
f 1816 1817 1945 1944
f 1817 1818 1946 1945
f 1818 1819 1947 1946
f 1819 1820 1948 1947
f 1820 1821 1949 1948
f 1821 1822 1950 1949
f 1822 1823 1951 1950
f 1823 1824 1952 1951
f 1824 1825 1953 1952
f 1825 1826 1954 1953
f 1826 1827 1955 1954
f 1827 1828 1956 1955
f 1828 1829 1957 1956
f 1829 1830 1958 1957
f 1830 1831 1959 1958
f 1831 1832 1960 1959
f 1832 1833 1961 1960
f 1833 1834 1962 1961
f 1834 1835 1963 1962
f 1835 1836 1964 1963
f 1836 1837 1965 1964
f 1837 1838 1966 1965
f 1838 1839 1967 1966
f 1839 1840 1968 1967
f 1840 1841 1969 1968
f 1841 1842 1970 1969
f 1842 1843 1971 1970
f 1843 1844 1972 1971
f 1844 1845 1973 1972
f 1845 1846 1974 1973
f 1846 1847 1975 1974
f 1847 1848 1976 1975
f 1848 1849 1977 1976
f 1849 1850 1978 1977
f 1850 1851 1979 1978
f 1851 1852 1980 1979
f 1852 1853 1981 1980
f 1853 1854 1982 1981
f 1854 1855 1983 1982
f 1855 1856 1984 1983
f 1856 1857 1985 1984
f 1857 1858 1986 1985
f 1858 1859 1987 1986
f 1859 1860 1988 1987
f 1860 1861 1989 1988
f 1861 1862 1990 1989
f 1862 1863 1991 1990
f 1863 1864 1992 1991
f 1864 1865 1993 1992
f 1865 1866 1994 1993
f 1866 1867 1995 1994
f 1867 1868 1996 1995
f 1868 1869 1997 1996
f 1869 1870 1998 1997
f 1870 1871 1999 1998
f 1871 1872 2000 1999
f 1872 1873 2001 2000
f 1873 1874 2002 2001
f 1874 1875 2003 2002
f 1875 1876 2004 2003
f 1876 1877 2005 2004
f 1877 1878 2006 2005
f 1878 1879 2007 2006
f 1879 1880 2008 2007
f 1880 1881 2009 2008
f 1881 1882 2010 2009
f 1882 1883 2011 2010
f 1883 1884 2012 2011
f 1884 1885 2013 2012
f 1885 1886 2014 2013
f 1886 1887 2015 2014
f 1887 1888 2016 2015
f 1888 1889 2017 2016
f 1889 1890 2018 2017
f 1890 1891 2019 2018
f 1891 1892 2020 2019
f 1892 1893 2021 2020
f 1893 1894 2022 2021
f 1894 1895 2023 2022
f 1895 1896 2024 2023
f 1896 1897 2025 2024
f 1897 1898 2026 2025
f 1898 1899 2027 2026
f 1899 1900 2028 2027
f 1900 1901 2029 2028
f 1901 1902 2030 2029
f 1902 1903 2031 2030
f 1903 1904 2032 2031
f 1904 1905 2033 2032
f 1905 1906 2034 2033
f 1906 1907 2035 2034
f 1907 1908 2036 2035
f 1908 1909 2037 2036
f 1909 1910 2038 2037
f 1910 1911 2039 2038
f 1911 1912 2040 2039
f 1912 1913 2041 2040
f 1913 1914 2042 2041
f 1914 1915 2043 2042
f 1915 1916 2044 2043
f 1916 1917 2045 2044
f 1917 1918 2046 2045
f 1918 1919 2047 2046
f 1919 1920 2048 2047
f 1921 1922 2050 2049
f 1922 1923 2051 2050
f 1923 1924 2052 2051
f 1924 1925 2053 2052
f 1925 1926 2054 2053
f 1926 1927 2055 2054
f 1927 1928 2056 2055
f 1928 1929 2057 2056
f 1929 1930 2058 2057
f 1930 1931 2059 2058
f 1931 1932 2060 2059
f 1932 1933 2061 2060
f 1933 1934 2062 2061
f 1934 1935 2063 2062
f 1935 1936 2064 2063
f 1936 1937 2065 2064
f 1937 1938 2066 2065
f 1938 1939 2067 2066
f 1939 1940 2068 2067
f 1940 1941 2069 2068
f 1941 1942 2070 2069
f 1942 1943 2071 2070
f 1943 1944 2072 2071
f 1944 1945 2073 2072
f 1945 1946 2074 2073
f 1946 1947 2075 2074
f 1947 1948 2076 2075
f 1948 1949 2077 2076
f 1949 1950 2078 2077
f 1950 1951 2079 2078
f 1951 1952 2080 2079
f 1952 1953 2081 2080
f 1953 1954 2082 2081
f 1954 1955 2083 2082
f 1955 1956 2084 2083
f 1956 1957 2085 2084
f 1957 1958 2086 2085
f 1958 1959 2087 2086
f 1959 1960 2088 2087
f 1960 1961 2089 2088
f 1961 1962 2090 2089
f 1962 1963 2091 2090
f 1963 1964 2092 2091
f 1964 1965 2093 2092
f 1965 1966 2094 2093
f 1966 1967 2095 2094
f 1967 1968 2096 2095
f 1968 1969 2097 2096
f 1969 1970 2098 2097
f 1970 1971 2099 2098
f 1971 1972 2100 2099
f 1972 1973 2101 2100
f 1973 1974 2102 2101
f 1974 1975 2103 2102
f 1975 1976 2104 2103
f 1976 1977 2105 2104
f 1977 1978 2106 2105
f 1978 1979 2107 2106
f 1979 1980 2108 2107
f 1980 1981 2109 2108
f 1981 1982 2110 2109
f 1982 1983 2111 2110
f 1983 1984 2112 2111
f 1984 1985 2113 2112
f 1985 1986 2114 2113
f 1986 1987 2115 2114
f 1987 1988 2116 2115
f 1988 1989 2117 2116
f 1989 1990 2118 2117
f 1990 1991 2119 2118
f 1991 1992 2120 2119
f 1992 1993 2121 2120
f 1993 1994 2122 2121
f 1994 1995 2123 2122
f 1995 1996 2124 2123
f 1996 1997 2125 2124
f 1997 1998 2126 2125
f 1998 1999 2127 2126
f 1999 2000 2128 2127
f 2000 2001 2129 2128
f 2001 2002 2130 2129
f 2002 2003 2131 2130
f 2003 2004 2132 2131
f 2004 2005 2133 2132
f 2005 2006 2134 2133
f 2006 2007 2135 2134
f 2007 2008 2136 2135
f 2008 2009 2137 2136
f 2009 2010 2138 2137
f 2010 2011 2139 2138
f 2011 2012 2140 2139
f 2012 2013 2141 2140
f 2013 2014 2142 2141
f 2014 2015 2143 2142
f 2015 2016 2144 2143
f 2016 2017 2145 2144
f 2017 2018 2146 2145
f 2018 2019 2147 2146
f 2019 2020 2148 2147
f 2020 2021 2149 2148
f 2021 2022 2150 2149
f 2022 2023 2151 2150
f 2023 2024 2152 2151
f 2024 2025 2153 2152
f 2025 2026 2154 2153
f 2026 2027 2155 2154
f 2027 2028 2156 2155
f 2028 2029 2157 2156
f 2029 2030 2158 2157
f 2030 2031 2159 2158
f 2031 2032 2160 2159
f 2032 2033 2161 2160
f 2033 2034 2162 2161
f 2034 2035 2163 2162
f 2035 2036 2164 2163
f 2036 2037 2165 2164
f 2037 2038 2166 2165
f 2038 2039 2167 2166
f 2039 2040 2168 2167
f 2040 2041 2169 2168
f 2041 2042 2170 2169
f 2042 2043 2171 2170
f 2043 2044 2172 2171
f 2044 2045 2173 2172
f 2045 2046 2174 2173
f 2046 2047 2175 2174
f 2047 2048 2176 2175
f 2049 2050 2178 2177
f 2050 2051 2179 2178
f 2051 2052 2180 2179
f 2052 2053 2181 2180
f 2053 2054 2182 2181
f 2054 2055 2183 2182
f 2055 2056 2184 2183
f 2056 2057 2185 2184
f 2057 2058 2186 2185
f 2058 2059 2187 2186
f 2059 2060 2188 2187
f 2060 2061 2189 2188
f 2061 2062 2190 2189
f 2062 2063 2191 2190
f 2063 2064 2192 2191
f 2064 2065 2193 2192
f 2065 2066 2194 2193
f 2066 2067 2195 2194
f 2067 2068 2196 2195
f 2068 2069 2197 2196
f 2069 2070 2198 2197
f 2070 2071 2199 2198
f 2071 2072 2200 2199
f 2072 2073 2201 2200
f 2073 2074 2202 2201
f 2074 2075 2203 2202
f 2075 2076 2204 2203
f 2076 2077 2205 2204
f 2077 2078 2206 2205
f 2078 2079 2207 2206
f 2079 2080 2208 2207
f 2080 2081 2209 2208
f 2081 2082 2210 2209
f 2082 2083 2211 2210
f 2083 2084 2212 2211
f 2084 2085 2213 2212
f 2085 2086 2214 2213
f 2086 2087 2215 2214
f 2087 2088 2216 2215
f 2088 2089 2217 2216
f 2089 2090 2218 2217
f 2090 2091 2219 2218
f 2091 2092 2220 2219
f 2092 2093 2221 2220
f 2093 2094 2222 2221
f 2094 2095 2223 2222
f 2095 2096 2224 2223
f 2096 2097 2225 2224
f 2097 2098 2226 2225
f 2098 2099 2227 2226
f 2099 2100 2228 2227
f 2100 2101 2229 2228
f 2101 2102 2230 2229
f 2102 2103 2231 2230
f 2103 2104 2232 2231
f 2104 2105 2233 2232
f 2105 2106 2234 2233
f 2106 2107 2235 2234
f 2107 2108 2236 2235
f 2108 2109 2237 2236
f 2109 2110 2238 2237
f 2110 2111 2239 2238
f 2111 2112 2240 2239
f 2112 2113 2241 2240
f 2113 2114 2242 2241
f 2114 2115 2243 2242
f 2115 2116 2244 2243
f 2116 2117 2245 2244
f 2117 2118 2246 2245
f 2118 2119 2247 2246
f 2119 2120 2248 2247
f 2120 2121 2249 2248
f 2121 2122 2250 2249
f 2122 2123 2251 2250
f 2123 2124 2252 2251
f 2124 2125 2253 2252
f 2125 2126 2254 2253
f 2126 2127 2255 2254
f 2127 2128 2256 2255
f 2128 2129 2257 2256
f 2129 2130 2258 2257
f 2130 2131 2259 2258
f 2131 2132 2260 2259
f 2132 2133 2261 2260
f 2133 2134 2262 2261
f 2134 2135 2263 2262
f 2135 2136 2264 2263
f 2136 2137 2265 2264
f 2137 2138 2266 2265
f 2138 2139 2267 2266
f 2139 2140 2268 2267
f 2140 2141 2269 2268
f 2141 2142 2270 2269
f 2142 2143 2271 2270
f 2143 2144 2272 2271
f 2144 2145 2273 2272
f 2145 2146 2274 2273
f 2146 2147 2275 2274
f 2147 2148 2276 2275
f 2148 2149 2277 2276
f 2149 2150 2278 2277
f 2150 2151 2279 2278
f 2151 2152 2280 2279
f 2152 2153 2281 2280
f 2153 2154 2282 2281
f 2154 2155 2283 2282
f 2155 2156 2284 2283
f 2156 2157 2285 2284
f 2157 2158 2286 2285
f 2158 2159 2287 2286
f 2159 2160 2288 2287
f 2160 2161 2289 2288
f 2161 2162 2290 2289
f 2162 2163 2291 2290
f 2163 2164 2292 2291
f 2164 2165 2293 2292
f 2165 2166 2294 2293
f 2166 2167 2295 2294
f 2167 2168 2296 2295
f 2168 2169 2297 2296
f 2169 2170 2298 2297
f 2170 2171 2299 2298
f 2171 2172 2300 2299
f 2172 2173 2301 2300
f 2173 2174 2302 2301
f 2174 2175 2303 2302
f 2175 2176 2304 2303
f 2177 2178 2306 2305
f 2178 2179 2307 2306
f 2179 2180 2308 2307
f 2180 2181 2309 2308
f 2181 2182 2310 2309
f 2182 2183 2311 2310
f 2183 2184 2312 2311
f 2184 2185 2313 2312
f 2185 2186 2314 2313
f 2186 2187 2315 2314
f 2187 2188 2316 2315
f 2188 2189 2317 2316
f 2189 2190 2318 2317
f 2190 2191 2319 2318
f 2191 2192 2320 2319
f 2192 2193 2321 2320
f 2193 2194 2322 2321
f 2194 2195 2323 2322
f 2195 2196 2324 2323
f 2196 2197 2325 2324
f 2197 2198 2326 2325
f 2198 2199 2327 2326
f 2199 2200 2328 2327
f 2200 2201 2329 2328
f 2201 2202 2330 2329
f 2202 2203 2331 2330
f 2203 2204 2332 2331
f 2204 2205 2333 2332
f 2205 2206 2334 2333
f 2206 2207 2335 2334
f 2207 2208 2336 2335
f 2208 2209 2337 2336
f 2209 2210 2338 2337
f 2210 2211 2339 2338
f 2211 2212 2340 2339
f 2212 2213 2341 2340
f 2213 2214 2342 2341
f 2214 2215 2343 2342
f 2215 2216 2344 2343
f 2216 2217 2345 2344
f 2217 2218 2346 2345
f 2218 2219 2347 2346
f 2219 2220 2348 2347
f 2220 2221 2349 2348
f 2221 2222 2350 2349
f 2222 2223 2351 2350
f 2223 2224 2352 2351
f 2224 2225 2353 2352
f 2225 2226 2354 2353
f 2226 2227 2355 2354
f 2227 2228 2356 2355
f 2228 2229 2357 2356
f 2229 2230 2358 2357
f 2230 2231 2359 2358
f 2231 2232 2360 2359
f 2232 2233 2361 2360
f 2233 2234 2362 2361
f 2234 2235 2363 2362
f 2235 2236 2364 2363
f 2236 2237 2365 2364
f 2237 2238 2366 2365
f 2238 2239 2367 2366
f 2239 2240 2368 2367
f 2240 2241 2369 2368
f 2241 2242 2370 2369
f 2242 2243 2371 2370
f 2243 2244 2372 2371
f 2244 2245 2373 2372
f 2245 2246 2374 2373
f 2246 2247 2375 2374
f 2247 2248 2376 2375
f 2248 2249 2377 2376
f 2249 2250 2378 2377
f 2250 2251 2379 2378
f 2251 2252 2380 2379
f 2252 2253 2381 2380
f 2253 2254 2382 2381
f 2254 2255 2383 2382
f 2255 2256 2384 2383
f 2256 2257 2385 2384
f 2257 2258 2386 2385
f 2258 2259 2387 2386
f 2259 2260 2388 2387
f 2260 2261 2389 2388
f 2261 2262 2390 2389
f 2262 2263 2391 2390
f 2263 2264 2392 2391
f 2264 2265 2393 2392
f 2265 2266 2394 2393
f 2266 2267 2395 2394
f 2267 2268 2396 2395
f 2268 2269 2397 2396
f 2269 2270 2398 2397
f 2270 2271 2399 2398
f 2271 2272 2400 2399
f 2272 2273 2401 2400
f 2273 2274 2402 2401
f 2274 2275 2403 2402
f 2275 2276 2404 2403
f 2276 2277 2405 2404
f 2277 2278 2406 2405
f 2278 2279 2407 2406
f 2279 2280 2408 2407
f 2280 2281 2409 2408
f 2281 2282 2410 2409
f 2282 2283 2411 2410
f 2283 2284 2412 2411
f 2284 2285 2413 2412
f 2285 2286 2414 2413
f 2286 2287 2415 2414
f 2287 2288 2416 2415
f 2288 2289 2417 2416
f 2289 2290 2418 2417
f 2290 2291 2419 2418
f 2291 2292 2420 2419
f 2292 2293 2421 2420
f 2293 2294 2422 2421
f 2294 2295 2423 2422
f 2295 2296 2424 2423
f 2296 2297 2425 2424
f 2297 2298 2426 2425
f 2298 2299 2427 2426
f 2299 2300 2428 2427
f 2300 2301 2429 2428
f 2301 2302 2430 2429
f 2302 2303 2431 2430
f 2303 2304 2432 2431
f 2305 2306 2434 2433
f 2306 2307 2435 2434
f 2307 2308 2436 2435
f 2308 2309 2437 2436
f 2309 2310 2438 2437
f 2310 2311 2439 2438
f 2311 2312 2440 2439
f 2312 2313 2441 2440
f 2313 2314 2442 2441
f 2314 2315 2443 2442
f 2315 2316 2444 2443
f 2316 2317 2445 2444
f 2317 2318 2446 2445
f 2318 2319 2447 2446
f 2319 2320 2448 2447
f 2320 2321 2449 2448
f 2321 2322 2450 2449
f 2322 2323 2451 2450
f 2323 2324 2452 2451
f 2324 2325 2453 2452
f 2325 2326 2454 2453
f 2326 2327 2455 2454
f 2327 2328 2456 2455
f 2328 2329 2457 2456
f 2329 2330 2458 2457
f 2330 2331 2459 2458
f 2331 2332 2460 2459
f 2332 2333 2461 2460
f 2333 2334 2462 2461
f 2334 2335 2463 2462
f 2335 2336 2464 2463
f 2336 2337 2465 2464
f 2337 2338 2466 2465
f 2338 2339 2467 2466
f 2339 2340 2468 2467
f 2340 2341 2469 2468
f 2341 2342 2470 2469
f 2342 2343 2471 2470
f 2343 2344 2472 2471
f 2344 2345 2473 2472
f 2345 2346 2474 2473
f 2346 2347 2475 2474
f 2347 2348 2476 2475
f 2348 2349 2477 2476
f 2349 2350 2478 2477
f 2350 2351 2479 2478
f 2351 2352 2480 2479
f 2352 2353 2481 2480
f 2353 2354 2482 2481
f 2354 2355 2483 2482
f 2355 2356 2484 2483
f 2356 2357 2485 2484
f 2357 2358 2486 2485
f 2358 2359 2487 2486
f 2359 2360 2488 2487
f 2360 2361 2489 2488
f 2361 2362 2490 2489
f 2362 2363 2491 2490
f 2363 2364 2492 2491
f 2364 2365 2493 2492
f 2365 2366 2494 2493
f 2366 2367 2495 2494
f 2367 2368 2496 2495
f 2368 2369 2497 2496
f 2369 2370 2498 2497
f 2370 2371 2499 2498
f 2371 2372 2500 2499
f 2372 2373 2501 2500
f 2373 2374 2502 2501
f 2374 2375 2503 2502
f 2375 2376 2504 2503
f 2376 2377 2505 2504
f 2377 2378 2506 2505
f 2378 2379 2507 2506
f 2379 2380 2508 2507
f 2380 2381 2509 2508
f 2381 2382 2510 2509
f 2382 2383 2511 2510
f 2383 2384 2512 2511
f 2384 2385 2513 2512
f 2385 2386 2514 2513
f 2386 2387 2515 2514
f 2387 2388 2516 2515
f 2388 2389 2517 2516
f 2389 2390 2518 2517
f 2390 2391 2519 2518
f 2391 2392 2520 2519
f 2392 2393 2521 2520
f 2393 2394 2522 2521
f 2394 2395 2523 2522
f 2395 2396 2524 2523
f 2396 2397 2525 2524
f 2397 2398 2526 2525
f 2398 2399 2527 2526
f 2399 2400 2528 2527
f 2400 2401 2529 2528
f 2401 2402 2530 2529
f 2402 2403 2531 2530
f 2403 2404 2532 2531
f 2404 2405 2533 2532
f 2405 2406 2534 2533
f 2406 2407 2535 2534
f 2407 2408 2536 2535
f 2408 2409 2537 2536
f 2409 2410 2538 2537
f 2410 2411 2539 2538
f 2411 2412 2540 2539
f 2412 2413 2541 2540
f 2413 2414 2542 2541
f 2414 2415 2543 2542
f 2415 2416 2544 2543
f 2416 2417 2545 2544
f 2417 2418 2546 2545
f 2418 2419 2547 2546
f 2419 2420 2548 2547
f 2420 2421 2549 2548
f 2421 2422 2550 2549
f 2422 2423 2551 2550
f 2423 2424 2552 2551
f 2424 2425 2553 2552
f 2425 2426 2554 2553
f 2426 2427 2555 2554
f 2427 2428 2556 2555
f 2428 2429 2557 2556
f 2429 2430 2558 2557
f 2430 2431 2559 2558
f 2431 2432 2560 2559
f 2433 2434 2562 2561
f 2434 2435 2563 2562
f 2435 2436 2564 2563
f 2436 2437 2565 2564
f 2437 2438 2566 2565
f 2438 2439 2567 2566
f 2439 2440 2568 2567
f 2440 2441 2569 2568
f 2441 2442 2570 2569
f 2442 2443 2571 2570
f 2443 2444 2572 2571
f 2444 2445 2573 2572
f 2445 2446 2574 2573
f 2446 2447 2575 2574
f 2447 2448 2576 2575
f 2448 2449 2577 2576
f 2449 2450 2578 2577
f 2450 2451 2579 2578
f 2451 2452 2580 2579
f 2452 2453 2581 2580
f 2453 2454 2582 2581
f 2454 2455 2583 2582
f 2455 2456 2584 2583
f 2456 2457 2585 2584
f 2457 2458 2586 2585
f 2458 2459 2587 2586
f 2459 2460 2588 2587
f 2460 2461 2589 2588
f 2461 2462 2590 2589
f 2462 2463 2591 2590
f 2463 2464 2592 2591
f 2464 2465 2593 2592
f 2465 2466 2594 2593
f 2466 2467 2595 2594
f 2467 2468 2596 2595
f 2468 2469 2597 2596
f 2469 2470 2598 2597
f 2470 2471 2599 2598
f 2471 2472 2600 2599
f 2472 2473 2601 2600
f 2473 2474 2602 2601
f 2474 2475 2603 2602
f 2475 2476 2604 2603
f 2476 2477 2605 2604
f 2477 2478 2606 2605
f 2478 2479 2607 2606
f 2479 2480 2608 2607
f 2480 2481 2609 2608
f 2481 2482 2610 2609
f 2482 2483 2611 2610
f 2483 2484 2612 2611
f 2484 2485 2613 2612
f 2485 2486 2614 2613
f 2486 2487 2615 2614
f 2487 2488 2616 2615
f 2488 2489 2617 2616
f 2489 2490 2618 2617
f 2490 2491 2619 2618
f 2491 2492 2620 2619
f 2492 2493 2621 2620
f 2493 2494 2622 2621
f 2494 2495 2623 2622
f 2495 2496 2624 2623
f 2496 2497 2625 2624
f 2497 2498 2626 2625
f 2498 2499 2627 2626
f 2499 2500 2628 2627
f 2500 2501 2629 2628
f 2501 2502 2630 2629
f 2502 2503 2631 2630
f 2503 2504 2632 2631
f 2504 2505 2633 2632
f 2505 2506 2634 2633
f 2506 2507 2635 2634
f 2507 2508 2636 2635
f 2508 2509 2637 2636
f 2509 2510 2638 2637
f 2510 2511 2639 2638
f 2511 2512 2640 2639
f 2512 2513 2641 2640
f 2513 2514 2642 2641
f 2514 2515 2643 2642
f 2515 2516 2644 2643
f 2516 2517 2645 2644
f 2517 2518 2646 2645
f 2518 2519 2647 2646
f 2519 2520 2648 2647
f 2520 2521 2649 2648
f 2521 2522 2650 2649
f 2522 2523 2651 2650
f 2523 2524 2652 2651
f 2524 2525 2653 2652
f 2525 2526 2654 2653
f 2526 2527 2655 2654
f 2527 2528 2656 2655
f 2528 2529 2657 2656
f 2529 2530 2658 2657
f 2530 2531 2659 2658
f 2531 2532 2660 2659
f 2532 2533 2661 2660
f 2533 2534 2662 2661
f 2534 2535 2663 2662
f 2535 2536 2664 2663
f 2536 2537 2665 2664
f 2537 2538 2666 2665
f 2538 2539 2667 2666
f 2539 2540 2668 2667
f 2540 2541 2669 2668
f 2541 2542 2670 2669
f 2542 2543 2671 2670
f 2543 2544 2672 2671
f 2544 2545 2673 2672
f 2545 2546 2674 2673
f 2546 2547 2675 2674
f 2547 2548 2676 2675
f 2548 2549 2677 2676
f 2549 2550 2678 2677
f 2550 2551 2679 2678
f 2551 2552 2680 2679
f 2552 2553 2681 2680
f 2553 2554 2682 2681
f 2554 2555 2683 2682
f 2555 2556 2684 2683
f 2556 2557 2685 2684
f 2557 2558 2686 2685
f 2558 2559 2687 2686
f 2559 2560 2688 2687
f 2561 2562 2690 2689
f 2562 2563 2691 2690
f 2563 2564 2692 2691
f 2564 2565 2693 2692
f 2565 2566 2694 2693
f 2566 2567 2695 2694
f 2567 2568 2696 2695
f 2568 2569 2697 2696
f 2569 2570 2698 2697
f 2570 2571 2699 2698
f 2571 2572 2700 2699
f 2572 2573 2701 2700
f 2573 2574 2702 2701
f 2574 2575 2703 2702
f 2575 2576 2704 2703
f 2576 2577 2705 2704
f 2577 2578 2706 2705
f 2578 2579 2707 2706
f 2579 2580 2708 2707
f 2580 2581 2709 2708
f 2581 2582 2710 2709
f 2582 2583 2711 2710
f 2583 2584 2712 2711
f 2584 2585 2713 2712
f 2585 2586 2714 2713
f 2586 2587 2715 2714
f 2587 2588 2716 2715
f 2588 2589 2717 2716
f 2589 2590 2718 2717
f 2590 2591 2719 2718
f 2591 2592 2720 2719
f 2592 2593 2721 2720
f 2593 2594 2722 2721
f 2594 2595 2723 2722
f 2595 2596 2724 2723
f 2596 2597 2725 2724
f 2597 2598 2726 2725
f 2598 2599 2727 2726
f 2599 2600 2728 2727
f 2600 2601 2729 2728
f 2601 2602 2730 2729
f 2602 2603 2731 2730
f 2603 2604 2732 2731
f 2604 2605 2733 2732
f 2605 2606 2734 2733
f 2606 2607 2735 2734
f 2607 2608 2736 2735
f 2608 2609 2737 2736
f 2609 2610 2738 2737
f 2610 2611 2739 2738
f 2611 2612 2740 2739
f 2612 2613 2741 2740
f 2613 2614 2742 2741
f 2614 2615 2743 2742
f 2615 2616 2744 2743
f 2616 2617 2745 2744
f 2617 2618 2746 2745
f 2618 2619 2747 2746
f 2619 2620 2748 2747
f 2620 2621 2749 2748
f 2621 2622 2750 2749
f 2622 2623 2751 2750
f 2623 2624 2752 2751
f 2624 2625 2753 2752
f 2625 2626 2754 2753
f 2626 2627 2755 2754
f 2627 2628 2756 2755
f 2628 2629 2757 2756
f 2629 2630 2758 2757
f 2630 2631 2759 2758
f 2631 2632 2760 2759
f 2632 2633 2761 2760
f 2633 2634 2762 2761
f 2634 2635 2763 2762
f 2635 2636 2764 2763
f 2636 2637 2765 2764
f 2637 2638 2766 2765
f 2638 2639 2767 2766
f 2639 2640 2768 2767
f 2640 2641 2769 2768
f 2641 2642 2770 2769
f 2642 2643 2771 2770
f 2643 2644 2772 2771
f 2644 2645 2773 2772
f 2645 2646 2774 2773
f 2646 2647 2775 2774
f 2647 2648 2776 2775
f 2648 2649 2777 2776
f 2649 2650 2778 2777
f 2650 2651 2779 2778
f 2651 2652 2780 2779
f 2652 2653 2781 2780
f 2653 2654 2782 2781
f 2654 2655 2783 2782
f 2655 2656 2784 2783
f 2656 2657 2785 2784
f 2657 2658 2786 2785
f 2658 2659 2787 2786
f 2659 2660 2788 2787
f 2660 2661 2789 2788
f 2661 2662 2790 2789
f 2662 2663 2791 2790
f 2663 2664 2792 2791
f 2664 2665 2793 2792
f 2665 2666 2794 2793
f 2666 2667 2795 2794
f 2667 2668 2796 2795
f 2668 2669 2797 2796
f 2669 2670 2798 2797
f 2670 2671 2799 2798
f 2671 2672 2800 2799
f 2672 2673 2801 2800
f 2673 2674 2802 2801
f 2674 2675 2803 2802
f 2675 2676 2804 2803
f 2676 2677 2805 2804
f 2677 2678 2806 2805
f 2678 2679 2807 2806
f 2679 2680 2808 2807
f 2680 2681 2809 2808
f 2681 2682 2810 2809
f 2682 2683 2811 2810
f 2683 2684 2812 2811
f 2684 2685 2813 2812
f 2685 2686 2814 2813
f 2686 2687 2815 2814
f 2687 2688 2816 2815
f 2689 2690 2818 2817
f 2690 2691 2819 2818
f 2691 2692 2820 2819
f 2692 2693 2821 2820
f 2693 2694 2822 2821
f 2694 2695 2823 2822
f 2695 2696 2824 2823
f 2696 2697 2825 2824
f 2697 2698 2826 2825
f 2698 2699 2827 2826
f 2699 2700 2828 2827
f 2700 2701 2829 2828
f 2701 2702 2830 2829
f 2702 2703 2831 2830
f 2703 2704 2832 2831
f 2704 2705 2833 2832
f 2705 2706 2834 2833
f 2706 2707 2835 2834
f 2707 2708 2836 2835
f 2708 2709 2837 2836
f 2709 2710 2838 2837
f 2710 2711 2839 2838
f 2711 2712 2840 2839
f 2712 2713 2841 2840
f 2713 2714 2842 2841
f 2714 2715 2843 2842
f 2715 2716 2844 2843
f 2716 2717 2845 2844
f 2717 2718 2846 2845
f 2718 2719 2847 2846
f 2719 2720 2848 2847
f 2720 2721 2849 2848
f 2721 2722 2850 2849
f 2722 2723 2851 2850
f 2723 2724 2852 2851
f 2724 2725 2853 2852
f 2725 2726 2854 2853
f 2726 2727 2855 2854
f 2727 2728 2856 2855
f 2728 2729 2857 2856
f 2729 2730 2858 2857
f 2730 2731 2859 2858
f 2731 2732 2860 2859
f 2732 2733 2861 2860
f 2733 2734 2862 2861
f 2734 2735 2863 2862
f 2735 2736 2864 2863
f 2736 2737 2865 2864
f 2737 2738 2866 2865
f 2738 2739 2867 2866
f 2739 2740 2868 2867
f 2740 2741 2869 2868
f 2741 2742 2870 2869
f 2742 2743 2871 2870
f 2743 2744 2872 2871
f 2744 2745 2873 2872
f 2745 2746 2874 2873
f 2746 2747 2875 2874
f 2747 2748 2876 2875
f 2748 2749 2877 2876
f 2749 2750 2878 2877
f 2750 2751 2879 2878
f 2751 2752 2880 2879
f 2752 2753 2881 2880
f 2753 2754 2882 2881
f 2754 2755 2883 2882
f 2755 2756 2884 2883
f 2756 2757 2885 2884
f 2757 2758 2886 2885
f 2758 2759 2887 2886
f 2759 2760 2888 2887
f 2760 2761 2889 2888
f 2761 2762 2890 2889
f 2762 2763 2891 2890
f 2763 2764 2892 2891
f 2764 2765 2893 2892
f 2765 2766 2894 2893
f 2766 2767 2895 2894
f 2767 2768 2896 2895
f 2768 2769 2897 2896
f 2769 2770 2898 2897
f 2770 2771 2899 2898
f 2771 2772 2900 2899
f 2772 2773 2901 2900
f 2773 2774 2902 2901
f 2774 2775 2903 2902
f 2775 2776 2904 2903
f 2776 2777 2905 2904
f 2777 2778 2906 2905
f 2778 2779 2907 2906
f 2779 2780 2908 2907
f 2780 2781 2909 2908
f 2781 2782 2910 2909
f 2782 2783 2911 2910
f 2783 2784 2912 2911
f 2784 2785 2913 2912
f 2785 2786 2914 2913
f 2786 2787 2915 2914
f 2787 2788 2916 2915
f 2788 2789 2917 2916
f 2789 2790 2918 2917
f 2790 2791 2919 2918
f 2791 2792 2920 2919
f 2792 2793 2921 2920
f 2793 2794 2922 2921
f 2794 2795 2923 2922
f 2795 2796 2924 2923
f 2796 2797 2925 2924
f 2797 2798 2926 2925
f 2798 2799 2927 2926
f 2799 2800 2928 2927
f 2800 2801 2929 2928
f 2801 2802 2930 2929
f 2802 2803 2931 2930
f 2803 2804 2932 2931
f 2804 2805 2933 2932
f 2805 2806 2934 2933
f 2806 2807 2935 2934
f 2807 2808 2936 2935
f 2808 2809 2937 2936
f 2809 2810 2938 2937
f 2810 2811 2939 2938
f 2811 2812 2940 2939
f 2812 2813 2941 2940
f 2813 2814 2942 2941
f 2814 2815 2943 2942
f 2815 2816 2944 2943
f 2817 2818 2946 2945
f 2818 2819 2947 2946
f 2819 2820 2948 2947
f 2820 2821 2949 2948
f 2821 2822 2950 2949
f 2822 2823 2951 2950
f 2823 2824 2952 2951
f 2824 2825 2953 2952
f 2825 2826 2954 2953
f 2826 2827 2955 2954
f 2827 2828 2956 2955
f 2828 2829 2957 2956
f 2829 2830 2958 2957
f 2830 2831 2959 2958
f 2831 2832 2960 2959
f 2832 2833 2961 2960
f 2833 2834 2962 2961
f 2834 2835 2963 2962
f 2835 2836 2964 2963
f 2836 2837 2965 2964
f 2837 2838 2966 2965
f 2838 2839 2967 2966
f 2839 2840 2968 2967
f 2840 2841 2969 2968
f 2841 2842 2970 2969
f 2842 2843 2971 2970
f 2843 2844 2972 2971
f 2844 2845 2973 2972
f 2845 2846 2974 2973
f 2846 2847 2975 2974
f 2847 2848 2976 2975
f 2848 2849 2977 2976
f 2849 2850 2978 2977
f 2850 2851 2979 2978
f 2851 2852 2980 2979
f 2852 2853 2981 2980
f 2853 2854 2982 2981
f 2854 2855 2983 2982
f 2855 2856 2984 2983
f 2856 2857 2985 2984
f 2857 2858 2986 2985
f 2858 2859 2987 2986
f 2859 2860 2988 2987
f 2860 2861 2989 2988
f 2861 2862 2990 2989
f 2862 2863 2991 2990
f 2863 2864 2992 2991
f 2864 2865 2993 2992
f 2865 2866 2994 2993
f 2866 2867 2995 2994
f 2867 2868 2996 2995
f 2868 2869 2997 2996
f 2869 2870 2998 2997
f 2870 2871 2999 2998
f 2871 2872 3000 2999
f 2872 2873 3001 3000
f 2873 2874 3002 3001
f 2874 2875 3003 3002
f 2875 2876 3004 3003
f 2876 2877 3005 3004
f 2877 2878 3006 3005
f 2878 2879 3007 3006
f 2879 2880 3008 3007
f 2880 2881 3009 3008
f 2881 2882 3010 3009
f 2882 2883 3011 3010
f 2883 2884 3012 3011
f 2884 2885 3013 3012
f 2885 2886 3014 3013
f 2886 2887 3015 3014
f 2887 2888 3016 3015
f 2888 2889 3017 3016
f 2889 2890 3018 3017
f 2890 2891 3019 3018
f 2891 2892 3020 3019
f 2892 2893 3021 3020
f 2893 2894 3022 3021
f 2894 2895 3023 3022
f 2895 2896 3024 3023
f 2896 2897 3025 3024
f 2897 2898 3026 3025
f 2898 2899 3027 3026
f 2899 2900 3028 3027
f 2900 2901 3029 3028
f 2901 2902 3030 3029
f 2902 2903 3031 3030
f 2903 2904 3032 3031
f 2904 2905 3033 3032
f 2905 2906 3034 3033
f 2906 2907 3035 3034
f 2907 2908 3036 3035
f 2908 2909 3037 3036
f 2909 2910 3038 3037
f 2910 2911 3039 3038
f 2911 2912 3040 3039
f 2912 2913 3041 3040
f 2913 2914 3042 3041
f 2914 2915 3043 3042
f 2915 2916 3044 3043
f 2916 2917 3045 3044
f 2917 2918 3046 3045
f 2918 2919 3047 3046
f 2919 2920 3048 3047
f 2920 2921 3049 3048
f 2921 2922 3050 3049
f 2922 2923 3051 3050
f 2923 2924 3052 3051
f 2924 2925 3053 3052
f 2925 2926 3054 3053
f 2926 2927 3055 3054
f 2927 2928 3056 3055
f 2928 2929 3057 3056
f 2929 2930 3058 3057
f 2930 2931 3059 3058
f 2931 2932 3060 3059
f 2932 2933 3061 3060
f 2933 2934 3062 3061
f 2934 2935 3063 3062
f 2935 2936 3064 3063
f 2936 2937 3065 3064
f 2937 2938 3066 3065
f 2938 2939 3067 3066
f 2939 2940 3068 3067
f 2940 2941 3069 3068
f 2941 2942 3070 3069
f 2942 2943 3071 3070
f 2943 2944 3072 3071
f 2945 2946 3074 3073
f 2946 2947 3075 3074
f 2947 2948 3076 3075
f 2948 2949 3077 3076
f 2949 2950 3078 3077
f 2950 2951 3079 3078
f 2951 2952 3080 3079
f 2952 2953 3081 3080
f 2953 2954 3082 3081
f 2954 2955 3083 3082
f 2955 2956 3084 3083
f 2956 2957 3085 3084
f 2957 2958 3086 3085
f 2958 2959 3087 3086
f 2959 2960 3088 3087
f 2960 2961 3089 3088
f 2961 2962 3090 3089
f 2962 2963 3091 3090
f 2963 2964 3092 3091
f 2964 2965 3093 3092
f 2965 2966 3094 3093
f 2966 2967 3095 3094
f 2967 2968 3096 3095
f 2968 2969 3097 3096
f 2969 2970 3098 3097
f 2970 2971 3099 3098
f 2971 2972 3100 3099
f 2972 2973 3101 3100
f 2973 2974 3102 3101
f 2974 2975 3103 3102
f 2975 2976 3104 3103
f 2976 2977 3105 3104
f 2977 2978 3106 3105
f 2978 2979 3107 3106
f 2979 2980 3108 3107
f 2980 2981 3109 3108
f 2981 2982 3110 3109
f 2982 2983 3111 3110
f 2983 2984 3112 3111
f 2984 2985 3113 3112
f 2985 2986 3114 3113
f 2986 2987 3115 3114
f 2987 2988 3116 3115
f 2988 2989 3117 3116
f 2989 2990 3118 3117
f 2990 2991 3119 3118
f 2991 2992 3120 3119
f 2992 2993 3121 3120
f 2993 2994 3122 3121
f 2994 2995 3123 3122
f 2995 2996 3124 3123
f 2996 2997 3125 3124
f 2997 2998 3126 3125
f 2998 2999 3127 3126
f 2999 3000 3128 3127
f 3000 3001 3129 3128
f 3001 3002 3130 3129
f 3002 3003 3131 3130
f 3003 3004 3132 3131
f 3004 3005 3133 3132
f 3005 3006 3134 3133
f 3006 3007 3135 3134
f 3007 3008 3136 3135
f 3008 3009 3137 3136
f 3009 3010 3138 3137
f 3010 3011 3139 3138
f 3011 3012 3140 3139
f 3012 3013 3141 3140
f 3013 3014 3142 3141
f 3014 3015 3143 3142
f 3015 3016 3144 3143
f 3016 3017 3145 3144
f 3017 3018 3146 3145
f 3018 3019 3147 3146
f 3019 3020 3148 3147
f 3020 3021 3149 3148
f 3021 3022 3150 3149
f 3022 3023 3151 3150
f 3023 3024 3152 3151
f 3024 3025 3153 3152
f 3025 3026 3154 3153
f 3026 3027 3155 3154
f 3027 3028 3156 3155
f 3028 3029 3157 3156
f 3029 3030 3158 3157
f 3030 3031 3159 3158
f 3031 3032 3160 3159
f 3032 3033 3161 3160
f 3033 3034 3162 3161
f 3034 3035 3163 3162
f 3035 3036 3164 3163
f 3036 3037 3165 3164
f 3037 3038 3166 3165
f 3038 3039 3167 3166
f 3039 3040 3168 3167
f 3040 3041 3169 3168
f 3041 3042 3170 3169
f 3042 3043 3171 3170
f 3043 3044 3172 3171
f 3044 3045 3173 3172
f 3045 3046 3174 3173
f 3046 3047 3175 3174
f 3047 3048 3176 3175
f 3048 3049 3177 3176
f 3049 3050 3178 3177
f 3050 3051 3179 3178
f 3051 3052 3180 3179
f 3052 3053 3181 3180
f 3053 3054 3182 3181
f 3054 3055 3183 3182
f 3055 3056 3184 3183
f 3056 3057 3185 3184
f 3057 3058 3186 3185
f 3058 3059 3187 3186
f 3059 3060 3188 3187
f 3060 3061 3189 3188
f 3061 3062 3190 3189
f 3062 3063 3191 3190
f 3063 3064 3192 3191
f 3064 3065 3193 3192
f 3065 3066 3194 3193
f 3066 3067 3195 3194
f 3067 3068 3196 3195
f 3068 3069 3197 3196
f 3069 3070 3198 3197
f 3070 3071 3199 3198
f 3071 3072 3200 3199
f 3073 3074 3202 3201
f 3074 3075 3203 3202
f 3075 3076 3204 3203
f 3076 3077 3205 3204
f 3077 3078 3206 3205
f 3078 3079 3207 3206
f 3079 3080 3208 3207
f 3080 3081 3209 3208
f 3081 3082 3210 3209
f 3082 3083 3211 3210
f 3083 3084 3212 3211
f 3084 3085 3213 3212
f 3085 3086 3214 3213
f 3086 3087 3215 3214
f 3087 3088 3216 3215
f 3088 3089 3217 3216
f 3089 3090 3218 3217
f 3090 3091 3219 3218
f 3091 3092 3220 3219
f 3092 3093 3221 3220
f 3093 3094 3222 3221
f 3094 3095 3223 3222
f 3095 3096 3224 3223
f 3096 3097 3225 3224
f 3097 3098 3226 3225
f 3098 3099 3227 3226
f 3099 3100 3228 3227
f 3100 3101 3229 3228
f 3101 3102 3230 3229
f 3102 3103 3231 3230
f 3103 3104 3232 3231
f 3104 3105 3233 3232
f 3105 3106 3234 3233
f 3106 3107 3235 3234
f 3107 3108 3236 3235
f 3108 3109 3237 3236
f 3109 3110 3238 3237
f 3110 3111 3239 3238
f 3111 3112 3240 3239
f 3112 3113 3241 3240
f 3113 3114 3242 3241
f 3114 3115 3243 3242
f 3115 3116 3244 3243
f 3116 3117 3245 3244
f 3117 3118 3246 3245
f 3118 3119 3247 3246
f 3119 3120 3248 3247
f 3120 3121 3249 3248
f 3121 3122 3250 3249
f 3122 3123 3251 3250
f 3123 3124 3252 3251
f 3124 3125 3253 3252
f 3125 3126 3254 3253
f 3126 3127 3255 3254
f 3127 3128 3256 3255
f 3128 3129 3257 3256
f 3129 3130 3258 3257
f 3130 3131 3259 3258
f 3131 3132 3260 3259
f 3132 3133 3261 3260
f 3133 3134 3262 3261
f 3134 3135 3263 3262
f 3135 3136 3264 3263
f 3136 3137 3265 3264
f 3137 3138 3266 3265
f 3138 3139 3267 3266
f 3139 3140 3268 3267
f 3140 3141 3269 3268
f 3141 3142 3270 3269
f 3142 3143 3271 3270
f 3143 3144 3272 3271
f 3144 3145 3273 3272
f 3145 3146 3274 3273
f 3146 3147 3275 3274
f 3147 3148 3276 3275
f 3148 3149 3277 3276
f 3149 3150 3278 3277
f 3150 3151 3279 3278
f 3151 3152 3280 3279
f 3152 3153 3281 3280
f 3153 3154 3282 3281
f 3154 3155 3283 3282
f 3155 3156 3284 3283
f 3156 3157 3285 3284
f 3157 3158 3286 3285
f 3158 3159 3287 3286
f 3159 3160 3288 3287
f 3160 3161 3289 3288
f 3161 3162 3290 3289
f 3162 3163 3291 3290
f 3163 3164 3292 3291
f 3164 3165 3293 3292
f 3165 3166 3294 3293
f 3166 3167 3295 3294
f 3167 3168 3296 3295
f 3168 3169 3297 3296
f 3169 3170 3298 3297
f 3170 3171 3299 3298
f 3171 3172 3300 3299
f 3172 3173 3301 3300
f 3173 3174 3302 3301
f 3174 3175 3303 3302
f 3175 3176 3304 3303
f 3176 3177 3305 3304
f 3177 3178 3306 3305
f 3178 3179 3307 3306
f 3179 3180 3308 3307
f 3180 3181 3309 3308
f 3181 3182 3310 3309
f 3182 3183 3311 3310
f 3183 3184 3312 3311
f 3184 3185 3313 3312
f 3185 3186 3314 3313
f 3186 3187 3315 3314
f 3187 3188 3316 3315
f 3188 3189 3317 3316
f 3189 3190 3318 3317
f 3190 3191 3319 3318
f 3191 3192 3320 3319
f 3192 3193 3321 3320
f 3193 3194 3322 3321
f 3194 3195 3323 3322
f 3195 3196 3324 3323
f 3196 3197 3325 3324
f 3197 3198 3326 3325
f 3198 3199 3327 3326
f 3199 3200 3328 3327
f 3201 3202 3330 3329
f 3202 3203 3331 3330
f 3203 3204 3332 3331
f 3204 3205 3333 3332
f 3205 3206 3334 3333
f 3206 3207 3335 3334
f 3207 3208 3336 3335
f 3208 3209 3337 3336
f 3209 3210 3338 3337
f 3210 3211 3339 3338
f 3211 3212 3340 3339
f 3212 3213 3341 3340
f 3213 3214 3342 3341
f 3214 3215 3343 3342
f 3215 3216 3344 3343
f 3216 3217 3345 3344
f 3217 3218 3346 3345
f 3218 3219 3347 3346
f 3219 3220 3348 3347
f 3220 3221 3349 3348
f 3221 3222 3350 3349
f 3222 3223 3351 3350
f 3223 3224 3352 3351
f 3224 3225 3353 3352
f 3225 3226 3354 3353
f 3226 3227 3355 3354
f 3227 3228 3356 3355
f 3228 3229 3357 3356
f 3229 3230 3358 3357
f 3230 3231 3359 3358
f 3231 3232 3360 3359
f 3232 3233 3361 3360
f 3233 3234 3362 3361
f 3234 3235 3363 3362
f 3235 3236 3364 3363
f 3236 3237 3365 3364
f 3237 3238 3366 3365
f 3238 3239 3367 3366
f 3239 3240 3368 3367
f 3240 3241 3369 3368
f 3241 3242 3370 3369
f 3242 3243 3371 3370
f 3243 3244 3372 3371
f 3244 3245 3373 3372
f 3245 3246 3374 3373
f 3246 3247 3375 3374
f 3247 3248 3376 3375
f 3248 3249 3377 3376
f 3249 3250 3378 3377
f 3250 3251 3379 3378
f 3251 3252 3380 3379
f 3252 3253 3381 3380
f 3253 3254 3382 3381
f 3254 3255 3383 3382
f 3255 3256 3384 3383
f 3256 3257 3385 3384
f 3257 3258 3386 3385
f 3258 3259 3387 3386
f 3259 3260 3388 3387
f 3260 3261 3389 3388
f 3261 3262 3390 3389
f 3262 3263 3391 3390
f 3263 3264 3392 3391
f 3264 3265 3393 3392
f 3265 3266 3394 3393
f 3266 3267 3395 3394
f 3267 3268 3396 3395
f 3268 3269 3397 3396
f 3269 3270 3398 3397
f 3270 3271 3399 3398
f 3271 3272 3400 3399
f 3272 3273 3401 3400
f 3273 3274 3402 3401
f 3274 3275 3403 3402
f 3275 3276 3404 3403
f 3276 3277 3405 3404
f 3277 3278 3406 3405
f 3278 3279 3407 3406
f 3279 3280 3408 3407
f 3280 3281 3409 3408
f 3281 3282 3410 3409
f 3282 3283 3411 3410
f 3283 3284 3412 3411
f 3284 3285 3413 3412
f 3285 3286 3414 3413
f 3286 3287 3415 3414
f 3287 3288 3416 3415
f 3288 3289 3417 3416
f 3289 3290 3418 3417
f 3290 3291 3419 3418
f 3291 3292 3420 3419
f 3292 3293 3421 3420
f 3293 3294 3422 3421
f 3294 3295 3423 3422
f 3295 3296 3424 3423
f 3296 3297 3425 3424
f 3297 3298 3426 3425
f 3298 3299 3427 3426
f 3299 3300 3428 3427
f 3300 3301 3429 3428
f 3301 3302 3430 3429
f 3302 3303 3431 3430
f 3303 3304 3432 3431
f 3304 3305 3433 3432
f 3305 3306 3434 3433
f 3306 3307 3435 3434
f 3307 3308 3436 3435
f 3308 3309 3437 3436
f 3309 3310 3438 3437
f 3310 3311 3439 3438
f 3311 3312 3440 3439
f 3312 3313 3441 3440
f 3313 3314 3442 3441
f 3314 3315 3443 3442
f 3315 3316 3444 3443
f 3316 3317 3445 3444
f 3317 3318 3446 3445
f 3318 3319 3447 3446
f 3319 3320 3448 3447
f 3320 3321 3449 3448
f 3321 3322 3450 3449
f 3322 3323 3451 3450
f 3323 3324 3452 3451
f 3324 3325 3453 3452
f 3325 3326 3454 3453
f 3326 3327 3455 3454
f 3327 3328 3456 3455
f 3329 3330 3458 3457
f 3330 3331 3459 3458
f 3331 3332 3460 3459
f 3332 3333 3461 3460
f 3333 3334 3462 3461
f 3334 3335 3463 3462
f 3335 3336 3464 3463
f 3336 3337 3465 3464
f 3337 3338 3466 3465
f 3338 3339 3467 3466
f 3339 3340 3468 3467
f 3340 3341 3469 3468
f 3341 3342 3470 3469
f 3342 3343 3471 3470
f 3343 3344 3472 3471
f 3344 3345 3473 3472
f 3345 3346 3474 3473
f 3346 3347 3475 3474
f 3347 3348 3476 3475
f 3348 3349 3477 3476
f 3349 3350 3478 3477
f 3350 3351 3479 3478
f 3351 3352 3480 3479
f 3352 3353 3481 3480
f 3353 3354 3482 3481
f 3354 3355 3483 3482
f 3355 3356 3484 3483
f 3356 3357 3485 3484
f 3357 3358 3486 3485
f 3358 3359 3487 3486
f 3359 3360 3488 3487
f 3360 3361 3489 3488
f 3361 3362 3490 3489
f 3362 3363 3491 3490
f 3363 3364 3492 3491
f 3364 3365 3493 3492
f 3365 3366 3494 3493
f 3366 3367 3495 3494
f 3367 3368 3496 3495
f 3368 3369 3497 3496
f 3369 3370 3498 3497
f 3370 3371 3499 3498
f 3371 3372 3500 3499
f 3372 3373 3501 3500
f 3373 3374 3502 3501
f 3374 3375 3503 3502
f 3375 3376 3504 3503
f 3376 3377 3505 3504
f 3377 3378 3506 3505
f 3378 3379 3507 3506
f 3379 3380 3508 3507
f 3380 3381 3509 3508
f 3381 3382 3510 3509
f 3382 3383 3511 3510
f 3383 3384 3512 3511
f 3384 3385 3513 3512
f 3385 3386 3514 3513
f 3386 3387 3515 3514
f 3387 3388 3516 3515
f 3388 3389 3517 3516
f 3389 3390 3518 3517
f 3390 3391 3519 3518
f 3391 3392 3520 3519
f 3392 3393 3521 3520
f 3393 3394 3522 3521
f 3394 3395 3523 3522
f 3395 3396 3524 3523
f 3396 3397 3525 3524
f 3397 3398 3526 3525
f 3398 3399 3527 3526
f 3399 3400 3528 3527
f 3400 3401 3529 3528
f 3401 3402 3530 3529
f 3402 3403 3531 3530
f 3403 3404 3532 3531
f 3404 3405 3533 3532
f 3405 3406 3534 3533
f 3406 3407 3535 3534
f 3407 3408 3536 3535
f 3408 3409 3537 3536
f 3409 3410 3538 3537
f 3410 3411 3539 3538
f 3411 3412 3540 3539
f 3412 3413 3541 3540
f 3413 3414 3542 3541
f 3414 3415 3543 3542
f 3415 3416 3544 3543
f 3416 3417 3545 3544
f 3417 3418 3546 3545
f 3418 3419 3547 3546
f 3419 3420 3548 3547
f 3420 3421 3549 3548
f 3421 3422 3550 3549
f 3422 3423 3551 3550
f 3423 3424 3552 3551
f 3424 3425 3553 3552
f 3425 3426 3554 3553
f 3426 3427 3555 3554
f 3427 3428 3556 3555
f 3428 3429 3557 3556
f 3429 3430 3558 3557
f 3430 3431 3559 3558
f 3431 3432 3560 3559
f 3432 3433 3561 3560
f 3433 3434 3562 3561
f 3434 3435 3563 3562
f 3435 3436 3564 3563
f 3436 3437 3565 3564
f 3437 3438 3566 3565
f 3438 3439 3567 3566
f 3439 3440 3568 3567
f 3440 3441 3569 3568
f 3441 3442 3570 3569
f 3442 3443 3571 3570
f 3443 3444 3572 3571
f 3444 3445 3573 3572
f 3445 3446 3574 3573
f 3446 3447 3575 3574
f 3447 3448 3576 3575
f 3448 3449 3577 3576
f 3449 3450 3578 3577
f 3450 3451 3579 3578
f 3451 3452 3580 3579
f 3452 3453 3581 3580
f 3453 3454 3582 3581
f 3454 3455 3583 3582
f 3455 3456 3584 3583
f 3457 3458 3586 3585
f 3458 3459 3587 3586
f 3459 3460 3588 3587
f 3460 3461 3589 3588
f 3461 3462 3590 3589
f 3462 3463 3591 3590
f 3463 3464 3592 3591
f 3464 3465 3593 3592
f 3465 3466 3594 3593
f 3466 3467 3595 3594
f 3467 3468 3596 3595
f 3468 3469 3597 3596
f 3469 3470 3598 3597
f 3470 3471 3599 3598
f 3471 3472 3600 3599
f 3472 3473 3601 3600
f 3473 3474 3602 3601
f 3474 3475 3603 3602
f 3475 3476 3604 3603
f 3476 3477 3605 3604
f 3477 3478 3606 3605
f 3478 3479 3607 3606
f 3479 3480 3608 3607
f 3480 3481 3609 3608
f 3481 3482 3610 3609
f 3482 3483 3611 3610
f 3483 3484 3612 3611
f 3484 3485 3613 3612
f 3485 3486 3614 3613
f 3486 3487 3615 3614
f 3487 3488 3616 3615
f 3488 3489 3617 3616
f 3489 3490 3618 3617
f 3490 3491 3619 3618
f 3491 3492 3620 3619
f 3492 3493 3621 3620
f 3493 3494 3622 3621
f 3494 3495 3623 3622
f 3495 3496 3624 3623
f 3496 3497 3625 3624
f 3497 3498 3626 3625
f 3498 3499 3627 3626
f 3499 3500 3628 3627
f 3500 3501 3629 3628
f 3501 3502 3630 3629
f 3502 3503 3631 3630
f 3503 3504 3632 3631
f 3504 3505 3633 3632
f 3505 3506 3634 3633
f 3506 3507 3635 3634
f 3507 3508 3636 3635
f 3508 3509 3637 3636
f 3509 3510 3638 3637
f 3510 3511 3639 3638
f 3511 3512 3640 3639
f 3512 3513 3641 3640
f 3513 3514 3642 3641
f 3514 3515 3643 3642
f 3515 3516 3644 3643
f 3516 3517 3645 3644
f 3517 3518 3646 3645
f 3518 3519 3647 3646
f 3519 3520 3648 3647
f 3520 3521 3649 3648
f 3521 3522 3650 3649
f 3522 3523 3651 3650
f 3523 3524 3652 3651
f 3524 3525 3653 3652
f 3525 3526 3654 3653
f 3526 3527 3655 3654
f 3527 3528 3656 3655
f 3528 3529 3657 3656
f 3529 3530 3658 3657
f 3530 3531 3659 3658
f 3531 3532 3660 3659
f 3532 3533 3661 3660
f 3533 3534 3662 3661
f 3534 3535 3663 3662
f 3535 3536 3664 3663
f 3536 3537 3665 3664
f 3537 3538 3666 3665
f 3538 3539 3667 3666
f 3539 3540 3668 3667
f 3540 3541 3669 3668
f 3541 3542 3670 3669
f 3542 3543 3671 3670
f 3543 3544 3672 3671
f 3544 3545 3673 3672
f 3545 3546 3674 3673
f 3546 3547 3675 3674
f 3547 3548 3676 3675
f 3548 3549 3677 3676
f 3549 3550 3678 3677
f 3550 3551 3679 3678
f 3551 3552 3680 3679
f 3552 3553 3681 3680
f 3553 3554 3682 3681
f 3554 3555 3683 3682
f 3555 3556 3684 3683
f 3556 3557 3685 3684
f 3557 3558 3686 3685
f 3558 3559 3687 3686
f 3559 3560 3688 3687
f 3560 3561 3689 3688
f 3561 3562 3690 3689
f 3562 3563 3691 3690
f 3563 3564 3692 3691
f 3564 3565 3693 3692
f 3565 3566 3694 3693
f 3566 3567 3695 3694
f 3567 3568 3696 3695
f 3568 3569 3697 3696
f 3569 3570 3698 3697
f 3570 3571 3699 3698
f 3571 3572 3700 3699
f 3572 3573 3701 3700
f 3573 3574 3702 3701
f 3574 3575 3703 3702
f 3575 3576 3704 3703
f 3576 3577 3705 3704
f 3577 3578 3706 3705
f 3578 3579 3707 3706
f 3579 3580 3708 3707
f 3580 3581 3709 3708
f 3581 3582 3710 3709
f 3582 3583 3711 3710
f 3583 3584 3712 3711
f 3585 3586 3714 3713
f 3586 3587 3715 3714
f 3587 3588 3716 3715
f 3588 3589 3717 3716
f 3589 3590 3718 3717
f 3590 3591 3719 3718
f 3591 3592 3720 3719
f 3592 3593 3721 3720
f 3593 3594 3722 3721
f 3594 3595 3723 3722
f 3595 3596 3724 3723
f 3596 3597 3725 3724
f 3597 3598 3726 3725
f 3598 3599 3727 3726
f 3599 3600 3728 3727
f 3600 3601 3729 3728
f 3601 3602 3730 3729
f 3602 3603 3731 3730
f 3603 3604 3732 3731
f 3604 3605 3733 3732
f 3605 3606 3734 3733
f 3606 3607 3735 3734
f 3607 3608 3736 3735
f 3608 3609 3737 3736
f 3609 3610 3738 3737
f 3610 3611 3739 3738
f 3611 3612 3740 3739
f 3612 3613 3741 3740
f 3613 3614 3742 3741
f 3614 3615 3743 3742
f 3615 3616 3744 3743
f 3616 3617 3745 3744
f 3617 3618 3746 3745
f 3618 3619 3747 3746
f 3619 3620 3748 3747
f 3620 3621 3749 3748
f 3621 3622 3750 3749
f 3622 3623 3751 3750
f 3623 3624 3752 3751
f 3624 3625 3753 3752
f 3625 3626 3754 3753
f 3626 3627 3755 3754
f 3627 3628 3756 3755
f 3628 3629 3757 3756
f 3629 3630 3758 3757
f 3630 3631 3759 3758
f 3631 3632 3760 3759
f 3632 3633 3761 3760
f 3633 3634 3762 3761
f 3634 3635 3763 3762
f 3635 3636 3764 3763
f 3636 3637 3765 3764
f 3637 3638 3766 3765
f 3638 3639 3767 3766
f 3639 3640 3768 3767
f 3640 3641 3769 3768
f 3641 3642 3770 3769
f 3642 3643 3771 3770
f 3643 3644 3772 3771
f 3644 3645 3773 3772
f 3645 3646 3774 3773
f 3646 3647 3775 3774
f 3647 3648 3776 3775
f 3648 3649 3777 3776
f 3649 3650 3778 3777
f 3650 3651 3779 3778
f 3651 3652 3780 3779
f 3652 3653 3781 3780
f 3653 3654 3782 3781
f 3654 3655 3783 3782
f 3655 3656 3784 3783
f 3656 3657 3785 3784
f 3657 3658 3786 3785
f 3658 3659 3787 3786
f 3659 3660 3788 3787
f 3660 3661 3789 3788
f 3661 3662 3790 3789
f 3662 3663 3791 3790
f 3663 3664 3792 3791
f 3664 3665 3793 3792
f 3665 3666 3794 3793
f 3666 3667 3795 3794
f 3667 3668 3796 3795
f 3668 3669 3797 3796
f 3669 3670 3798 3797
f 3670 3671 3799 3798
f 3671 3672 3800 3799
f 3672 3673 3801 3800
f 3673 3674 3802 3801
f 3674 3675 3803 3802
f 3675 3676 3804 3803
f 3676 3677 3805 3804
f 3677 3678 3806 3805
f 3678 3679 3807 3806
f 3679 3680 3808 3807
f 3680 3681 3809 3808
f 3681 3682 3810 3809
f 3682 3683 3811 3810
f 3683 3684 3812 3811
f 3684 3685 3813 3812
f 3685 3686 3814 3813
f 3686 3687 3815 3814
f 3687 3688 3816 3815
f 3688 3689 3817 3816
f 3689 3690 3818 3817
f 3690 3691 3819 3818
f 3691 3692 3820 3819
f 3692 3693 3821 3820
f 3693 3694 3822 3821
f 3694 3695 3823 3822
f 3695 3696 3824 3823
f 3696 3697 3825 3824
f 3697 3698 3826 3825
f 3698 3699 3827 3826
f 3699 3700 3828 3827
f 3700 3701 3829 3828
f 3701 3702 3830 3829
f 3702 3703 3831 3830
f 3703 3704 3832 3831
f 3704 3705 3833 3832
f 3705 3706 3834 3833
f 3706 3707 3835 3834
f 3707 3708 3836 3835
f 3708 3709 3837 3836
f 3709 3710 3838 3837
f 3710 3711 3839 3838
f 3711 3712 3840 3839
f 3713 3714 3842 3841
f 3714 3715 3843 3842
f 3715 3716 3844 3843
f 3716 3717 3845 3844
f 3717 3718 3846 3845
f 3718 3719 3847 3846
f 3719 3720 3848 3847
f 3720 3721 3849 3848
f 3721 3722 3850 3849
f 3722 3723 3851 3850
f 3723 3724 3852 3851
f 3724 3725 3853 3852
f 3725 3726 3854 3853
f 3726 3727 3855 3854
f 3727 3728 3856 3855
f 3728 3729 3857 3856
f 3729 3730 3858 3857
f 3730 3731 3859 3858
f 3731 3732 3860 3859
f 3732 3733 3861 3860
f 3733 3734 3862 3861
f 3734 3735 3863 3862
f 3735 3736 3864 3863
f 3736 3737 3865 3864
f 3737 3738 3866 3865
f 3738 3739 3867 3866
f 3739 3740 3868 3867
f 3740 3741 3869 3868
f 3741 3742 3870 3869
f 3742 3743 3871 3870
f 3743 3744 3872 3871
f 3744 3745 3873 3872
f 3745 3746 3874 3873
f 3746 3747 3875 3874
f 3747 3748 3876 3875
f 3748 3749 3877 3876
f 3749 3750 3878 3877
f 3750 3751 3879 3878
f 3751 3752 3880 3879
f 3752 3753 3881 3880
f 3753 3754 3882 3881
f 3754 3755 3883 3882
f 3755 3756 3884 3883
f 3756 3757 3885 3884
f 3757 3758 3886 3885
f 3758 3759 3887 3886
f 3759 3760 3888 3887
f 3760 3761 3889 3888
f 3761 3762 3890 3889
f 3762 3763 3891 3890
f 3763 3764 3892 3891
f 3764 3765 3893 3892
f 3765 3766 3894 3893
f 3766 3767 3895 3894
f 3767 3768 3896 3895
f 3768 3769 3897 3896
f 3769 3770 3898 3897
f 3770 3771 3899 3898
f 3771 3772 3900 3899
f 3772 3773 3901 3900
f 3773 3774 3902 3901
f 3774 3775 3903 3902
f 3775 3776 3904 3903
f 3776 3777 3905 3904
f 3777 3778 3906 3905
f 3778 3779 3907 3906
f 3779 3780 3908 3907
f 3780 3781 3909 3908
f 3781 3782 3910 3909
f 3782 3783 3911 3910
f 3783 3784 3912 3911
f 3784 3785 3913 3912
f 3785 3786 3914 3913
f 3786 3787 3915 3914
f 3787 3788 3916 3915
f 3788 3789 3917 3916
f 3789 3790 3918 3917
f 3790 3791 3919 3918
f 3791 3792 3920 3919
f 3792 3793 3921 3920
f 3793 3794 3922 3921
f 3794 3795 3923 3922
f 3795 3796 3924 3923
f 3796 3797 3925 3924
f 3797 3798 3926 3925
f 3798 3799 3927 3926
f 3799 3800 3928 3927
f 3800 3801 3929 3928
f 3801 3802 3930 3929
f 3802 3803 3931 3930
f 3803 3804 3932 3931
f 3804 3805 3933 3932
f 3805 3806 3934 3933
f 3806 3807 3935 3934
f 3807 3808 3936 3935
f 3808 3809 3937 3936
f 3809 3810 3938 3937
f 3810 3811 3939 3938
f 3811 3812 3940 3939
f 3812 3813 3941 3940
f 3813 3814 3942 3941
f 3814 3815 3943 3942
f 3815 3816 3944 3943
f 3816 3817 3945 3944
f 3817 3818 3946 3945
f 3818 3819 3947 3946
f 3819 3820 3948 3947
f 3820 3821 3949 3948
f 3821 3822 3950 3949
f 3822 3823 3951 3950
f 3823 3824 3952 3951
f 3824 3825 3953 3952
f 3825 3826 3954 3953
f 3826 3827 3955 3954
f 3827 3828 3956 3955
f 3828 3829 3957 3956
f 3829 3830 3958 3957
f 3830 3831 3959 3958
f 3831 3832 3960 3959
f 3832 3833 3961 3960
f 3833 3834 3962 3961
f 3834 3835 3963 3962
f 3835 3836 3964 3963
f 3836 3837 3965 3964
f 3837 3838 3966 3965
f 3838 3839 3967 3966
f 3839 3840 3968 3967
f 3841 3842 3970 3969
f 3842 3843 3971 3970
f 3843 3844 3972 3971
f 3844 3845 3973 3972
f 3845 3846 3974 3973
f 3846 3847 3975 3974
f 3847 3848 3976 3975
f 3848 3849 3977 3976
f 3849 3850 3978 3977
f 3850 3851 3979 3978
f 3851 3852 3980 3979
f 3852 3853 3981 3980
f 3853 3854 3982 3981
f 3854 3855 3983 3982
f 3855 3856 3984 3983
f 3856 3857 3985 3984
f 3857 3858 3986 3985
f 3858 3859 3987 3986
f 3859 3860 3988 3987
f 3860 3861 3989 3988
f 3861 3862 3990 3989
f 3862 3863 3991 3990
f 3863 3864 3992 3991
f 3864 3865 3993 3992
f 3865 3866 3994 3993
f 3866 3867 3995 3994
f 3867 3868 3996 3995
f 3868 3869 3997 3996
f 3869 3870 3998 3997
f 3870 3871 3999 3998
f 3871 3872 4000 3999
f 3872 3873 4001 4000
f 3873 3874 4002 4001
f 3874 3875 4003 4002
f 3875 3876 4004 4003
f 3876 3877 4005 4004
f 3877 3878 4006 4005
f 3878 3879 4007 4006
f 3879 3880 4008 4007
f 3880 3881 4009 4008
f 3881 3882 4010 4009
f 3882 3883 4011 4010
f 3883 3884 4012 4011
f 3884 3885 4013 4012
f 3885 3886 4014 4013
f 3886 3887 4015 4014
f 3887 3888 4016 4015
f 3888 3889 4017 4016
f 3889 3890 4018 4017
f 3890 3891 4019 4018
f 3891 3892 4020 4019
f 3892 3893 4021 4020
f 3893 3894 4022 4021
f 3894 3895 4023 4022
f 3895 3896 4024 4023
f 3896 3897 4025 4024
f 3897 3898 4026 4025
f 3898 3899 4027 4026
f 3899 3900 4028 4027
f 3900 3901 4029 4028
f 3901 3902 4030 4029
f 3902 3903 4031 4030
f 3903 3904 4032 4031
f 3904 3905 4033 4032
f 3905 3906 4034 4033
f 3906 3907 4035 4034
f 3907 3908 4036 4035
f 3908 3909 4037 4036
f 3909 3910 4038 4037
f 3910 3911 4039 4038
f 3911 3912 4040 4039
f 3912 3913 4041 4040
f 3913 3914 4042 4041
f 3914 3915 4043 4042
f 3915 3916 4044 4043
f 3916 3917 4045 4044
f 3917 3918 4046 4045
f 3918 3919 4047 4046
f 3919 3920 4048 4047
f 3920 3921 4049 4048
f 3921 3922 4050 4049
f 3922 3923 4051 4050
f 3923 3924 4052 4051
f 3924 3925 4053 4052
f 3925 3926 4054 4053
f 3926 3927 4055 4054
f 3927 3928 4056 4055
f 3928 3929 4057 4056
f 3929 3930 4058 4057
f 3930 3931 4059 4058
f 3931 3932 4060 4059
f 3932 3933 4061 4060
f 3933 3934 4062 4061
f 3934 3935 4063 4062
f 3935 3936 4064 4063
f 3936 3937 4065 4064
f 3937 3938 4066 4065
f 3938 3939 4067 4066
f 3939 3940 4068 4067
f 3940 3941 4069 4068
f 3941 3942 4070 4069
f 3942 3943 4071 4070
f 3943 3944 4072 4071
f 3944 3945 4073 4072
f 3945 3946 4074 4073
f 3946 3947 4075 4074
f 3947 3948 4076 4075
f 3948 3949 4077 4076
f 3949 3950 4078 4077
f 3950 3951 4079 4078
f 3951 3952 4080 4079
f 3952 3953 4081 4080
f 3953 3954 4082 4081
f 3954 3955 4083 4082
f 3955 3956 4084 4083
f 3956 3957 4085 4084
f 3957 3958 4086 4085
f 3958 3959 4087 4086
f 3959 3960 4088 4087
f 3960 3961 4089 4088
f 3961 3962 4090 4089
f 3962 3963 4091 4090
f 3963 3964 4092 4091
f 3964 3965 4093 4092
f 3965 3966 4094 4093
f 3966 3967 4095 4094
f 3967 3968 4096 4095
f 3969 3970 4098 4097
f 3970 3971 4099 4098
f 3971 3972 4100 4099
f 3972 3973 4101 4100
f 3973 3974 4102 4101
f 3974 3975 4103 4102
f 3975 3976 4104 4103
f 3976 3977 4105 4104
f 3977 3978 4106 4105
f 3978 3979 4107 4106
f 3979 3980 4108 4107
f 3980 3981 4109 4108
f 3981 3982 4110 4109
f 3982 3983 4111 4110
f 3983 3984 4112 4111
f 3984 3985 4113 4112
f 3985 3986 4114 4113
f 3986 3987 4115 4114
f 3987 3988 4116 4115
f 3988 3989 4117 4116
f 3989 3990 4118 4117
f 3990 3991 4119 4118
f 3991 3992 4120 4119
f 3992 3993 4121 4120
f 3993 3994 4122 4121
f 3994 3995 4123 4122
f 3995 3996 4124 4123
f 3996 3997 4125 4124
f 3997 3998 4126 4125
f 3998 3999 4127 4126
f 3999 4000 4128 4127
f 4000 4001 4129 4128
f 4001 4002 4130 4129
f 4002 4003 4131 4130
f 4003 4004 4132 4131
f 4004 4005 4133 4132
f 4005 4006 4134 4133
f 4006 4007 4135 4134
f 4007 4008 4136 4135
f 4008 4009 4137 4136
f 4009 4010 4138 4137
f 4010 4011 4139 4138
f 4011 4012 4140 4139
f 4012 4013 4141 4140
f 4013 4014 4142 4141
f 4014 4015 4143 4142
f 4015 4016 4144 4143
f 4016 4017 4145 4144
f 4017 4018 4146 4145
f 4018 4019 4147 4146
f 4019 4020 4148 4147
f 4020 4021 4149 4148
f 4021 4022 4150 4149
f 4022 4023 4151 4150
f 4023 4024 4152 4151
f 4024 4025 4153 4152
f 4025 4026 4154 4153
f 4026 4027 4155 4154
f 4027 4028 4156 4155
f 4028 4029 4157 4156
f 4029 4030 4158 4157
f 4030 4031 4159 4158
f 4031 4032 4160 4159
f 4032 4033 4161 4160
f 4033 4034 4162 4161
f 4034 4035 4163 4162
f 4035 4036 4164 4163
f 4036 4037 4165 4164
f 4037 4038 4166 4165
f 4038 4039 4167 4166
f 4039 4040 4168 4167
f 4040 4041 4169 4168
f 4041 4042 4170 4169
f 4042 4043 4171 4170
f 4043 4044 4172 4171
f 4044 4045 4173 4172
f 4045 4046 4174 4173
f 4046 4047 4175 4174
f 4047 4048 4176 4175
f 4048 4049 4177 4176
f 4049 4050 4178 4177
f 4050 4051 4179 4178
f 4051 4052 4180 4179
f 4052 4053 4181 4180
f 4053 4054 4182 4181
f 4054 4055 4183 4182
f 4055 4056 4184 4183
f 4056 4057 4185 4184
f 4057 4058 4186 4185
f 4058 4059 4187 4186
f 4059 4060 4188 4187
f 4060 4061 4189 4188
f 4061 4062 4190 4189
f 4062 4063 4191 4190
f 4063 4064 4192 4191
f 4064 4065 4193 4192
f 4065 4066 4194 4193
f 4066 4067 4195 4194
f 4067 4068 4196 4195
f 4068 4069 4197 4196
f 4069 4070 4198 4197
f 4070 4071 4199 4198
f 4071 4072 4200 4199
f 4072 4073 4201 4200
f 4073 4074 4202 4201
f 4074 4075 4203 4202
f 4075 4076 4204 4203
f 4076 4077 4205 4204
f 4077 4078 4206 4205
f 4078 4079 4207 4206
f 4079 4080 4208 4207
f 4080 4081 4209 4208
f 4081 4082 4210 4209
f 4082 4083 4211 4210
f 4083 4084 4212 4211
f 4084 4085 4213 4212
f 4085 4086 4214 4213
f 4086 4087 4215 4214
f 4087 4088 4216 4215
f 4088 4089 4217 4216
f 4089 4090 4218 4217
f 4090 4091 4219 4218
f 4091 4092 4220 4219
f 4092 4093 4221 4220
f 4093 4094 4222 4221
f 4094 4095 4223 4222
f 4095 4096 4224 4223
f 4097 4098 4226 4225
f 4098 4099 4227 4226
f 4099 4100 4228 4227
f 4100 4101 4229 4228
f 4101 4102 4230 4229
f 4102 4103 4231 4230
f 4103 4104 4232 4231
f 4104 4105 4233 4232
f 4105 4106 4234 4233
f 4106 4107 4235 4234
f 4107 4108 4236 4235
f 4108 4109 4237 4236
f 4109 4110 4238 4237
f 4110 4111 4239 4238
f 4111 4112 4240 4239
f 4112 4113 4241 4240
f 4113 4114 4242 4241
f 4114 4115 4243 4242
f 4115 4116 4244 4243
f 4116 4117 4245 4244
f 4117 4118 4246 4245
f 4118 4119 4247 4246
f 4119 4120 4248 4247
f 4120 4121 4249 4248
f 4121 4122 4250 4249
f 4122 4123 4251 4250
f 4123 4124 4252 4251
f 4124 4125 4253 4252
f 4125 4126 4254 4253
f 4126 4127 4255 4254
f 4127 4128 4256 4255
f 4128 4129 4257 4256
f 4129 4130 4258 4257
f 4130 4131 4259 4258
f 4131 4132 4260 4259
f 4132 4133 4261 4260
f 4133 4134 4262 4261
f 4134 4135 4263 4262
f 4135 4136 4264 4263
f 4136 4137 4265 4264
f 4137 4138 4266 4265
f 4138 4139 4267 4266
f 4139 4140 4268 4267
f 4140 4141 4269 4268
f 4141 4142 4270 4269
f 4142 4143 4271 4270
f 4143 4144 4272 4271
f 4144 4145 4273 4272
f 4145 4146 4274 4273
f 4146 4147 4275 4274
f 4147 4148 4276 4275
f 4148 4149 4277 4276
f 4149 4150 4278 4277
f 4150 4151 4279 4278
f 4151 4152 4280 4279
f 4152 4153 4281 4280
f 4153 4154 4282 4281
f 4154 4155 4283 4282
f 4155 4156 4284 4283
f 4156 4157 4285 4284
f 4157 4158 4286 4285
f 4158 4159 4287 4286
f 4159 4160 4288 4287
f 4160 4161 4289 4288
f 4161 4162 4290 4289
f 4162 4163 4291 4290
f 4163 4164 4292 4291
f 4164 4165 4293 4292
f 4165 4166 4294 4293
f 4166 4167 4295 4294
f 4167 4168 4296 4295
f 4168 4169 4297 4296
f 4169 4170 4298 4297
f 4170 4171 4299 4298
f 4171 4172 4300 4299
f 4172 4173 4301 4300
f 4173 4174 4302 4301
f 4174 4175 4303 4302
f 4175 4176 4304 4303
f 4176 4177 4305 4304
f 4177 4178 4306 4305
f 4178 4179 4307 4306
f 4179 4180 4308 4307
f 4180 4181 4309 4308
f 4181 4182 4310 4309
f 4182 4183 4311 4310
f 4183 4184 4312 4311
f 4184 4185 4313 4312
f 4185 4186 4314 4313
f 4186 4187 4315 4314
f 4187 4188 4316 4315
f 4188 4189 4317 4316
f 4189 4190 4318 4317
f 4190 4191 4319 4318
f 4191 4192 4320 4319
f 4192 4193 4321 4320
f 4193 4194 4322 4321
f 4194 4195 4323 4322
f 4195 4196 4324 4323
f 4196 4197 4325 4324
f 4197 4198 4326 4325
f 4198 4199 4327 4326
f 4199 4200 4328 4327
f 4200 4201 4329 4328
f 4201 4202 4330 4329
f 4202 4203 4331 4330
f 4203 4204 4332 4331
f 4204 4205 4333 4332
f 4205 4206 4334 4333
f 4206 4207 4335 4334
f 4207 4208 4336 4335
f 4208 4209 4337 4336
f 4209 4210 4338 4337
f 4210 4211 4339 4338
f 4211 4212 4340 4339
f 4212 4213 4341 4340
f 4213 4214 4342 4341
f 4214 4215 4343 4342
f 4215 4216 4344 4343
f 4216 4217 4345 4344
f 4217 4218 4346 4345
f 4218 4219 4347 4346
f 4219 4220 4348 4347
f 4220 4221 4349 4348
f 4221 4222 4350 4349
f 4222 4223 4351 4350
f 4223 4224 4352 4351
f 4225 4226 4354 4353
f 4226 4227 4355 4354
f 4227 4228 4356 4355
f 4228 4229 4357 4356
f 4229 4230 4358 4357
f 4230 4231 4359 4358
f 4231 4232 4360 4359
f 4232 4233 4361 4360
f 4233 4234 4362 4361
f 4234 4235 4363 4362
f 4235 4236 4364 4363
f 4236 4237 4365 4364
f 4237 4238 4366 4365
f 4238 4239 4367 4366
f 4239 4240 4368 4367
f 4240 4241 4369 4368
f 4241 4242 4370 4369
f 4242 4243 4371 4370
f 4243 4244 4372 4371
f 4244 4245 4373 4372
f 4245 4246 4374 4373
f 4246 4247 4375 4374
f 4247 4248 4376 4375
f 4248 4249 4377 4376
f 4249 4250 4378 4377
f 4250 4251 4379 4378
f 4251 4252 4380 4379
f 4252 4253 4381 4380
f 4253 4254 4382 4381
f 4254 4255 4383 4382
f 4255 4256 4384 4383
f 4256 4257 4385 4384
f 4257 4258 4386 4385
f 4258 4259 4387 4386
f 4259 4260 4388 4387
f 4260 4261 4389 4388
f 4261 4262 4390 4389
f 4262 4263 4391 4390
f 4263 4264 4392 4391
f 4264 4265 4393 4392
f 4265 4266 4394 4393
f 4266 4267 4395 4394
f 4267 4268 4396 4395
f 4268 4269 4397 4396
f 4269 4270 4398 4397
f 4270 4271 4399 4398
f 4271 4272 4400 4399
f 4272 4273 4401 4400
f 4273 4274 4402 4401
f 4274 4275 4403 4402
f 4275 4276 4404 4403
f 4276 4277 4405 4404
f 4277 4278 4406 4405
f 4278 4279 4407 4406
f 4279 4280 4408 4407
f 4280 4281 4409 4408
f 4281 4282 4410 4409
f 4282 4283 4411 4410
f 4283 4284 4412 4411
f 4284 4285 4413 4412
f 4285 4286 4414 4413
f 4286 4287 4415 4414
f 4287 4288 4416 4415
f 4288 4289 4417 4416
f 4289 4290 4418 4417
f 4290 4291 4419 4418
f 4291 4292 4420 4419
f 4292 4293 4421 4420
f 4293 4294 4422 4421
f 4294 4295 4423 4422
f 4295 4296 4424 4423
f 4296 4297 4425 4424
f 4297 4298 4426 4425
f 4298 4299 4427 4426
f 4299 4300 4428 4427
f 4300 4301 4429 4428
f 4301 4302 4430 4429
f 4302 4303 4431 4430
f 4303 4304 4432 4431
f 4304 4305 4433 4432
f 4305 4306 4434 4433
f 4306 4307 4435 4434
f 4307 4308 4436 4435
f 4308 4309 4437 4436
f 4309 4310 4438 4437
f 4310 4311 4439 4438
f 4311 4312 4440 4439
f 4312 4313 4441 4440
f 4313 4314 4442 4441
f 4314 4315 4443 4442
f 4315 4316 4444 4443
f 4316 4317 4445 4444
f 4317 4318 4446 4445
f 4318 4319 4447 4446
f 4319 4320 4448 4447
f 4320 4321 4449 4448
f 4321 4322 4450 4449
f 4322 4323 4451 4450
f 4323 4324 4452 4451
f 4324 4325 4453 4452
f 4325 4326 4454 4453
f 4326 4327 4455 4454
f 4327 4328 4456 4455
f 4328 4329 4457 4456
f 4329 4330 4458 4457
f 4330 4331 4459 4458
f 4331 4332 4460 4459
f 4332 4333 4461 4460
f 4333 4334 4462 4461
f 4334 4335 4463 4462
f 4335 4336 4464 4463
f 4336 4337 4465 4464
f 4337 4338 4466 4465
f 4338 4339 4467 4466
f 4339 4340 4468 4467
f 4340 4341 4469 4468
f 4341 4342 4470 4469
f 4342 4343 4471 4470
f 4343 4344 4472 4471
f 4344 4345 4473 4472
f 4345 4346 4474 4473
f 4346 4347 4475 4474
f 4347 4348 4476 4475
f 4348 4349 4477 4476
f 4349 4350 4478 4477
f 4350 4351 4479 4478
f 4351 4352 4480 4479
f 4353 4354 4482 4481
f 4354 4355 4483 4482
f 4355 4356 4484 4483
f 4356 4357 4485 4484
f 4357 4358 4486 4485
f 4358 4359 4487 4486
f 4359 4360 4488 4487
f 4360 4361 4489 4488
f 4361 4362 4490 4489
f 4362 4363 4491 4490
f 4363 4364 4492 4491
f 4364 4365 4493 4492
f 4365 4366 4494 4493
f 4366 4367 4495 4494
f 4367 4368 4496 4495
f 4368 4369 4497 4496
f 4369 4370 4498 4497
f 4370 4371 4499 4498
f 4371 4372 4500 4499
f 4372 4373 4501 4500
f 4373 4374 4502 4501
f 4374 4375 4503 4502
f 4375 4376 4504 4503
f 4376 4377 4505 4504
f 4377 4378 4506 4505
f 4378 4379 4507 4506
f 4379 4380 4508 4507
f 4380 4381 4509 4508
f 4381 4382 4510 4509
f 4382 4383 4511 4510
f 4383 4384 4512 4511
f 4384 4385 4513 4512
f 4385 4386 4514 4513
f 4386 4387 4515 4514
f 4387 4388 4516 4515
f 4388 4389 4517 4516
f 4389 4390 4518 4517
f 4390 4391 4519 4518
f 4391 4392 4520 4519
f 4392 4393 4521 4520
f 4393 4394 4522 4521
f 4394 4395 4523 4522
f 4395 4396 4524 4523
f 4396 4397 4525 4524
f 4397 4398 4526 4525
f 4398 4399 4527 4526
f 4399 4400 4528 4527
f 4400 4401 4529 4528
f 4401 4402 4530 4529
f 4402 4403 4531 4530
f 4403 4404 4532 4531
f 4404 4405 4533 4532
f 4405 4406 4534 4533
f 4406 4407 4535 4534
f 4407 4408 4536 4535
f 4408 4409 4537 4536
f 4409 4410 4538 4537
f 4410 4411 4539 4538
f 4411 4412 4540 4539
f 4412 4413 4541 4540
f 4413 4414 4542 4541
f 4414 4415 4543 4542
f 4415 4416 4544 4543
f 4416 4417 4545 4544
f 4417 4418 4546 4545
f 4418 4419 4547 4546
f 4419 4420 4548 4547
f 4420 4421 4549 4548
f 4421 4422 4550 4549
f 4422 4423 4551 4550
f 4423 4424 4552 4551
f 4424 4425 4553 4552
f 4425 4426 4554 4553
f 4426 4427 4555 4554
f 4427 4428 4556 4555
f 4428 4429 4557 4556
f 4429 4430 4558 4557
f 4430 4431 4559 4558
f 4431 4432 4560 4559
f 4432 4433 4561 4560
f 4433 4434 4562 4561
f 4434 4435 4563 4562
f 4435 4436 4564 4563
f 4436 4437 4565 4564
f 4437 4438 4566 4565
f 4438 4439 4567 4566
f 4439 4440 4568 4567
f 4440 4441 4569 4568
f 4441 4442 4570 4569
f 4442 4443 4571 4570
f 4443 4444 4572 4571
f 4444 4445 4573 4572
f 4445 4446 4574 4573
f 4446 4447 4575 4574
f 4447 4448 4576 4575
f 4448 4449 4577 4576
f 4449 4450 4578 4577
f 4450 4451 4579 4578
f 4451 4452 4580 4579
f 4452 4453 4581 4580
f 4453 4454 4582 4581
f 4454 4455 4583 4582
f 4455 4456 4584 4583
f 4456 4457 4585 4584
f 4457 4458 4586 4585
f 4458 4459 4587 4586
f 4459 4460 4588 4587
f 4460 4461 4589 4588
f 4461 4462 4590 4589
f 4462 4463 4591 4590
f 4463 4464 4592 4591
f 4464 4465 4593 4592
f 4465 4466 4594 4593
f 4466 4467 4595 4594
f 4467 4468 4596 4595
f 4468 4469 4597 4596
f 4469 4470 4598 4597
f 4470 4471 4599 4598
f 4471 4472 4600 4599
f 4472 4473 4601 4600
f 4473 4474 4602 4601
f 4474 4475 4603 4602
f 4475 4476 4604 4603
f 4476 4477 4605 4604
f 4477 4478 4606 4605
f 4478 4479 4607 4606
f 4479 4480 4608 4607
f 4481 4482 4610 4609
f 4482 4483 4611 4610
f 4483 4484 4612 4611
f 4484 4485 4613 4612
f 4485 4486 4614 4613
f 4486 4487 4615 4614
f 4487 4488 4616 4615
f 4488 4489 4617 4616
f 4489 4490 4618 4617
f 4490 4491 4619 4618
f 4491 4492 4620 4619
f 4492 4493 4621 4620
f 4493 4494 4622 4621
f 4494 4495 4623 4622
f 4495 4496 4624 4623
f 4496 4497 4625 4624
f 4497 4498 4626 4625
f 4498 4499 4627 4626
f 4499 4500 4628 4627
f 4500 4501 4629 4628
f 4501 4502 4630 4629
f 4502 4503 4631 4630
f 4503 4504 4632 4631
f 4504 4505 4633 4632
f 4505 4506 4634 4633
f 4506 4507 4635 4634
f 4507 4508 4636 4635
f 4508 4509 4637 4636
f 4509 4510 4638 4637
f 4510 4511 4639 4638
f 4511 4512 4640 4639
f 4512 4513 4641 4640
f 4513 4514 4642 4641
f 4514 4515 4643 4642
f 4515 4516 4644 4643
f 4516 4517 4645 4644
f 4517 4518 4646 4645
f 4518 4519 4647 4646
f 4519 4520 4648 4647
f 4520 4521 4649 4648
f 4521 4522 4650 4649
f 4522 4523 4651 4650
f 4523 4524 4652 4651
f 4524 4525 4653 4652
f 4525 4526 4654 4653
f 4526 4527 4655 4654
f 4527 4528 4656 4655
f 4528 4529 4657 4656
f 4529 4530 4658 4657
f 4530 4531 4659 4658
f 4531 4532 4660 4659
f 4532 4533 4661 4660
f 4533 4534 4662 4661
f 4534 4535 4663 4662
f 4535 4536 4664 4663
f 4536 4537 4665 4664
f 4537 4538 4666 4665
f 4538 4539 4667 4666
f 4539 4540 4668 4667
f 4540 4541 4669 4668
f 4541 4542 4670 4669
f 4542 4543 4671 4670
f 4543 4544 4672 4671
f 4544 4545 4673 4672
f 4545 4546 4674 4673
f 4546 4547 4675 4674
f 4547 4548 4676 4675
f 4548 4549 4677 4676
f 4549 4550 4678 4677
f 4550 4551 4679 4678
f 4551 4552 4680 4679
f 4552 4553 4681 4680
f 4553 4554 4682 4681
f 4554 4555 4683 4682
f 4555 4556 4684 4683
f 4556 4557 4685 4684
f 4557 4558 4686 4685
f 4558 4559 4687 4686
f 4559 4560 4688 4687
f 4560 4561 4689 4688
f 4561 4562 4690 4689
f 4562 4563 4691 4690
f 4563 4564 4692 4691
f 4564 4565 4693 4692
f 4565 4566 4694 4693
f 4566 4567 4695 4694
f 4567 4568 4696 4695
f 4568 4569 4697 4696
f 4569 4570 4698 4697
f 4570 4571 4699 4698
f 4571 4572 4700 4699
f 4572 4573 4701 4700
f 4573 4574 4702 4701
f 4574 4575 4703 4702
f 4575 4576 4704 4703
f 4576 4577 4705 4704
f 4577 4578 4706 4705
f 4578 4579 4707 4706
f 4579 4580 4708 4707
f 4580 4581 4709 4708
f 4581 4582 4710 4709
f 4582 4583 4711 4710
f 4583 4584 4712 4711
f 4584 4585 4713 4712
f 4585 4586 4714 4713
f 4586 4587 4715 4714
f 4587 4588 4716 4715
f 4588 4589 4717 4716
f 4589 4590 4718 4717
f 4590 4591 4719 4718
f 4591 4592 4720 4719
f 4592 4593 4721 4720
f 4593 4594 4722 4721
f 4594 4595 4723 4722
f 4595 4596 4724 4723
f 4596 4597 4725 4724
f 4597 4598 4726 4725
f 4598 4599 4727 4726
f 4599 4600 4728 4727
f 4600 4601 4729 4728
f 4601 4602 4730 4729
f 4602 4603 4731 4730
f 4603 4604 4732 4731
f 4604 4605 4733 4732
f 4605 4606 4734 4733
f 4606 4607 4735 4734
f 4607 4608 4736 4735
f 4609 4610 4738 4737
f 4610 4611 4739 4738
f 4611 4612 4740 4739
f 4612 4613 4741 4740
f 4613 4614 4742 4741
f 4614 4615 4743 4742
f 4615 4616 4744 4743
f 4616 4617 4745 4744
f 4617 4618 4746 4745
f 4618 4619 4747 4746
f 4619 4620 4748 4747
f 4620 4621 4749 4748
f 4621 4622 4750 4749
f 4622 4623 4751 4750
f 4623 4624 4752 4751
f 4624 4625 4753 4752
f 4625 4626 4754 4753
f 4626 4627 4755 4754
f 4627 4628 4756 4755
f 4628 4629 4757 4756
f 4629 4630 4758 4757
f 4630 4631 4759 4758
f 4631 4632 4760 4759
f 4632 4633 4761 4760
f 4633 4634 4762 4761
f 4634 4635 4763 4762
f 4635 4636 4764 4763
f 4636 4637 4765 4764
f 4637 4638 4766 4765
f 4638 4639 4767 4766
f 4639 4640 4768 4767
f 4640 4641 4769 4768
f 4641 4642 4770 4769
f 4642 4643 4771 4770
f 4643 4644 4772 4771
f 4644 4645 4773 4772
f 4645 4646 4774 4773
f 4646 4647 4775 4774
f 4647 4648 4776 4775
f 4648 4649 4777 4776
f 4649 4650 4778 4777
f 4650 4651 4779 4778
f 4651 4652 4780 4779
f 4652 4653 4781 4780
f 4653 4654 4782 4781
f 4654 4655 4783 4782
f 4655 4656 4784 4783
f 4656 4657 4785 4784
f 4657 4658 4786 4785
f 4658 4659 4787 4786
f 4659 4660 4788 4787
f 4660 4661 4789 4788
f 4661 4662 4790 4789
f 4662 4663 4791 4790
f 4663 4664 4792 4791
f 4664 4665 4793 4792
f 4665 4666 4794 4793
f 4666 4667 4795 4794
f 4667 4668 4796 4795
f 4668 4669 4797 4796
f 4669 4670 4798 4797
f 4670 4671 4799 4798
f 4671 4672 4800 4799
f 4672 4673 4801 4800
f 4673 4674 4802 4801
f 4674 4675 4803 4802
f 4675 4676 4804 4803
f 4676 4677 4805 4804
f 4677 4678 4806 4805
f 4678 4679 4807 4806
f 4679 4680 4808 4807
f 4680 4681 4809 4808
f 4681 4682 4810 4809
f 4682 4683 4811 4810
f 4683 4684 4812 4811
f 4684 4685 4813 4812
f 4685 4686 4814 4813
f 4686 4687 4815 4814
f 4687 4688 4816 4815
f 4688 4689 4817 4816
f 4689 4690 4818 4817
f 4690 4691 4819 4818
f 4691 4692 4820 4819
f 4692 4693 4821 4820
f 4693 4694 4822 4821
f 4694 4695 4823 4822
f 4695 4696 4824 4823
f 4696 4697 4825 4824
f 4697 4698 4826 4825
f 4698 4699 4827 4826
f 4699 4700 4828 4827
f 4700 4701 4829 4828
f 4701 4702 4830 4829
f 4702 4703 4831 4830
f 4703 4704 4832 4831
f 4704 4705 4833 4832
f 4705 4706 4834 4833
f 4706 4707 4835 4834
f 4707 4708 4836 4835
f 4708 4709 4837 4836
f 4709 4710 4838 4837
f 4710 4711 4839 4838
f 4711 4712 4840 4839
f 4712 4713 4841 4840
f 4713 4714 4842 4841
f 4714 4715 4843 4842
f 4715 4716 4844 4843
f 4716 4717 4845 4844
f 4717 4718 4846 4845
f 4718 4719 4847 4846
f 4719 4720 4848 4847
f 4720 4721 4849 4848
f 4721 4722 4850 4849
f 4722 4723 4851 4850
f 4723 4724 4852 4851
f 4724 4725 4853 4852
f 4725 4726 4854 4853
f 4726 4727 4855 4854
f 4727 4728 4856 4855
f 4728 4729 4857 4856
f 4729 4730 4858 4857
f 4730 4731 4859 4858
f 4731 4732 4860 4859
f 4732 4733 4861 4860
f 4733 4734 4862 4861
f 4734 4735 4863 4862
f 4735 4736 4864 4863
f 4737 4738 4866 4865
f 4738 4739 4867 4866
f 4739 4740 4868 4867
f 4740 4741 4869 4868
f 4741 4742 4870 4869
f 4742 4743 4871 4870
f 4743 4744 4872 4871
f 4744 4745 4873 4872
f 4745 4746 4874 4873
f 4746 4747 4875 4874
f 4747 4748 4876 4875
f 4748 4749 4877 4876
f 4749 4750 4878 4877
f 4750 4751 4879 4878
f 4751 4752 4880 4879
f 4752 4753 4881 4880
f 4753 4754 4882 4881
f 4754 4755 4883 4882
f 4755 4756 4884 4883
f 4756 4757 4885 4884
f 4757 4758 4886 4885
f 4758 4759 4887 4886
f 4759 4760 4888 4887
f 4760 4761 4889 4888
f 4761 4762 4890 4889
f 4762 4763 4891 4890
f 4763 4764 4892 4891
f 4764 4765 4893 4892
f 4765 4766 4894 4893
f 4766 4767 4895 4894
f 4767 4768 4896 4895
f 4768 4769 4897 4896
f 4769 4770 4898 4897
f 4770 4771 4899 4898
f 4771 4772 4900 4899
f 4772 4773 4901 4900
f 4773 4774 4902 4901
f 4774 4775 4903 4902
f 4775 4776 4904 4903
f 4776 4777 4905 4904
f 4777 4778 4906 4905
f 4778 4779 4907 4906
f 4779 4780 4908 4907
f 4780 4781 4909 4908
f 4781 4782 4910 4909
f 4782 4783 4911 4910
f 4783 4784 4912 4911
f 4784 4785 4913 4912
f 4785 4786 4914 4913
f 4786 4787 4915 4914
f 4787 4788 4916 4915
f 4788 4789 4917 4916
f 4789 4790 4918 4917
f 4790 4791 4919 4918
f 4791 4792 4920 4919
f 4792 4793 4921 4920
f 4793 4794 4922 4921
f 4794 4795 4923 4922
f 4795 4796 4924 4923
f 4796 4797 4925 4924
f 4797 4798 4926 4925
f 4798 4799 4927 4926
f 4799 4800 4928 4927
f 4800 4801 4929 4928
f 4801 4802 4930 4929
f 4802 4803 4931 4930
f 4803 4804 4932 4931
f 4804 4805 4933 4932
f 4805 4806 4934 4933
f 4806 4807 4935 4934
f 4807 4808 4936 4935
f 4808 4809 4937 4936
f 4809 4810 4938 4937
f 4810 4811 4939 4938
f 4811 4812 4940 4939
f 4812 4813 4941 4940
f 4813 4814 4942 4941
f 4814 4815 4943 4942
f 4815 4816 4944 4943
f 4816 4817 4945 4944
f 4817 4818 4946 4945
f 4818 4819 4947 4946
f 4819 4820 4948 4947
f 4820 4821 4949 4948
f 4821 4822 4950 4949
f 4822 4823 4951 4950
f 4823 4824 4952 4951
f 4824 4825 4953 4952
f 4825 4826 4954 4953
f 4826 4827 4955 4954
f 4827 4828 4956 4955
f 4828 4829 4957 4956
f 4829 4830 4958 4957
f 4830 4831 4959 4958
f 4831 4832 4960 4959
f 4832 4833 4961 4960
f 4833 4834 4962 4961
f 4834 4835 4963 4962
f 4835 4836 4964 4963
f 4836 4837 4965 4964
f 4837 4838 4966 4965
f 4838 4839 4967 4966
f 4839 4840 4968 4967
f 4840 4841 4969 4968
f 4841 4842 4970 4969
f 4842 4843 4971 4970
f 4843 4844 4972 4971
f 4844 4845 4973 4972
f 4845 4846 4974 4973
f 4846 4847 4975 4974
f 4847 4848 4976 4975
f 4848 4849 4977 4976
f 4849 4850 4978 4977
f 4850 4851 4979 4978
f 4851 4852 4980 4979
f 4852 4853 4981 4980
f 4853 4854 4982 4981
f 4854 4855 4983 4982
f 4855 4856 4984 4983
f 4856 4857 4985 4984
f 4857 4858 4986 4985
f 4858 4859 4987 4986
f 4859 4860 4988 4987
f 4860 4861 4989 4988
f 4861 4862 4990 4989
f 4862 4863 4991 4990
f 4863 4864 4992 4991
f 4865 4866 4994 4993
f 4866 4867 4995 4994
f 4867 4868 4996 4995
f 4868 4869 4997 4996
f 4869 4870 4998 4997
f 4870 4871 4999 4998
f 4871 4872 5000 4999
f 4872 4873 5001 5000
f 4873 4874 5002 5001
f 4874 4875 5003 5002
f 4875 4876 5004 5003
f 4876 4877 5005 5004
f 4877 4878 5006 5005
f 4878 4879 5007 5006
f 4879 4880 5008 5007
f 4880 4881 5009 5008
f 4881 4882 5010 5009
f 4882 4883 5011 5010
f 4883 4884 5012 5011
f 4884 4885 5013 5012
f 4885 4886 5014 5013
f 4886 4887 5015 5014
f 4887 4888 5016 5015
f 4888 4889 5017 5016
f 4889 4890 5018 5017
f 4890 4891 5019 5018
f 4891 4892 5020 5019
f 4892 4893 5021 5020
f 4893 4894 5022 5021
f 4894 4895 5023 5022
f 4895 4896 5024 5023
f 4896 4897 5025 5024
f 4897 4898 5026 5025
f 4898 4899 5027 5026
f 4899 4900 5028 5027
f 4900 4901 5029 5028
f 4901 4902 5030 5029
f 4902 4903 5031 5030
f 4903 4904 5032 5031
f 4904 4905 5033 5032
f 4905 4906 5034 5033
f 4906 4907 5035 5034
f 4907 4908 5036 5035
f 4908 4909 5037 5036
f 4909 4910 5038 5037
f 4910 4911 5039 5038
f 4911 4912 5040 5039
f 4912 4913 5041 5040
f 4913 4914 5042 5041
f 4914 4915 5043 5042
f 4915 4916 5044 5043
f 4916 4917 5045 5044
f 4917 4918 5046 5045
f 4918 4919 5047 5046
f 4919 4920 5048 5047
f 4920 4921 5049 5048
f 4921 4922 5050 5049
f 4922 4923 5051 5050
f 4923 4924 5052 5051
f 4924 4925 5053 5052
f 4925 4926 5054 5053
f 4926 4927 5055 5054
f 4927 4928 5056 5055
f 4928 4929 5057 5056
f 4929 4930 5058 5057
f 4930 4931 5059 5058
f 4931 4932 5060 5059
f 4932 4933 5061 5060
f 4933 4934 5062 5061
f 4934 4935 5063 5062
f 4935 4936 5064 5063
f 4936 4937 5065 5064
f 4937 4938 5066 5065
f 4938 4939 5067 5066
f 4939 4940 5068 5067
f 4940 4941 5069 5068
f 4941 4942 5070 5069
f 4942 4943 5071 5070
f 4943 4944 5072 5071
f 4944 4945 5073 5072
f 4945 4946 5074 5073
f 4946 4947 5075 5074
f 4947 4948 5076 5075
f 4948 4949 5077 5076
f 4949 4950 5078 5077
f 4950 4951 5079 5078
f 4951 4952 5080 5079
f 4952 4953 5081 5080
f 4953 4954 5082 5081
f 4954 4955 5083 5082
f 4955 4956 5084 5083
f 4956 4957 5085 5084
f 4957 4958 5086 5085
f 4958 4959 5087 5086
f 4959 4960 5088 5087
f 4960 4961 5089 5088
f 4961 4962 5090 5089
f 4962 4963 5091 5090
f 4963 4964 5092 5091
f 4964 4965 5093 5092
f 4965 4966 5094 5093
f 4966 4967 5095 5094
f 4967 4968 5096 5095
f 4968 4969 5097 5096
f 4969 4970 5098 5097
f 4970 4971 5099 5098
f 4971 4972 5100 5099
f 4972 4973 5101 5100
f 4973 4974 5102 5101
f 4974 4975 5103 5102
f 4975 4976 5104 5103
f 4976 4977 5105 5104
f 4977 4978 5106 5105
f 4978 4979 5107 5106
f 4979 4980 5108 5107
f 4980 4981 5109 5108
f 4981 4982 5110 5109
f 4982 4983 5111 5110
f 4983 4984 5112 5111
f 4984 4985 5113 5112
f 4985 4986 5114 5113
f 4986 4987 5115 5114
f 4987 4988 5116 5115
f 4988 4989 5117 5116
f 4989 4990 5118 5117
f 4990 4991 5119 5118
f 4991 4992 5120 5119
f 4993 4994 5122 5121
f 4994 4995 5123 5122
f 4995 4996 5124 5123
f 4996 4997 5125 5124
f 4997 4998 5126 5125
f 4998 4999 5127 5126
f 4999 5000 5128 5127
f 5000 5001 5129 5128
f 5001 5002 5130 5129
f 5002 5003 5131 5130
f 5003 5004 5132 5131
f 5004 5005 5133 5132
f 5005 5006 5134 5133
f 5006 5007 5135 5134
f 5007 5008 5136 5135
f 5008 5009 5137 5136
f 5009 5010 5138 5137
f 5010 5011 5139 5138
f 5011 5012 5140 5139
f 5012 5013 5141 5140
f 5013 5014 5142 5141
f 5014 5015 5143 5142
f 5015 5016 5144 5143
f 5016 5017 5145 5144
f 5017 5018 5146 5145
f 5018 5019 5147 5146
f 5019 5020 5148 5147
f 5020 5021 5149 5148
f 5021 5022 5150 5149
f 5022 5023 5151 5150
f 5023 5024 5152 5151
f 5024 5025 5153 5152
f 5025 5026 5154 5153
f 5026 5027 5155 5154
f 5027 5028 5156 5155
f 5028 5029 5157 5156
f 5029 5030 5158 5157
f 5030 5031 5159 5158
f 5031 5032 5160 5159
f 5032 5033 5161 5160
f 5033 5034 5162 5161
f 5034 5035 5163 5162
f 5035 5036 5164 5163
f 5036 5037 5165 5164
f 5037 5038 5166 5165
f 5038 5039 5167 5166
f 5039 5040 5168 5167
f 5040 5041 5169 5168
f 5041 5042 5170 5169
f 5042 5043 5171 5170
f 5043 5044 5172 5171
f 5044 5045 5173 5172
f 5045 5046 5174 5173
f 5046 5047 5175 5174
f 5047 5048 5176 5175
f 5048 5049 5177 5176
f 5049 5050 5178 5177
f 5050 5051 5179 5178
f 5051 5052 5180 5179
f 5052 5053 5181 5180
f 5053 5054 5182 5181
f 5054 5055 5183 5182
f 5055 5056 5184 5183
f 5056 5057 5185 5184
f 5057 5058 5186 5185
f 5058 5059 5187 5186
f 5059 5060 5188 5187
f 5060 5061 5189 5188
f 5061 5062 5190 5189
f 5062 5063 5191 5190
f 5063 5064 5192 5191
f 5064 5065 5193 5192
f 5065 5066 5194 5193
f 5066 5067 5195 5194
f 5067 5068 5196 5195
f 5068 5069 5197 5196
f 5069 5070 5198 5197
f 5070 5071 5199 5198
f 5071 5072 5200 5199
f 5072 5073 5201 5200
f 5073 5074 5202 5201
f 5074 5075 5203 5202
f 5075 5076 5204 5203
f 5076 5077 5205 5204
f 5077 5078 5206 5205
f 5078 5079 5207 5206
f 5079 5080 5208 5207
f 5080 5081 5209 5208
f 5081 5082 5210 5209
f 5082 5083 5211 5210
f 5083 5084 5212 5211
f 5084 5085 5213 5212
f 5085 5086 5214 5213
f 5086 5087 5215 5214
f 5087 5088 5216 5215
f 5088 5089 5217 5216
f 5089 5090 5218 5217
f 5090 5091 5219 5218
f 5091 5092 5220 5219
f 5092 5093 5221 5220
f 5093 5094 5222 5221
f 5094 5095 5223 5222
f 5095 5096 5224 5223
f 5096 5097 5225 5224
f 5097 5098 5226 5225
f 5098 5099 5227 5226
f 5099 5100 5228 5227
f 5100 5101 5229 5228
f 5101 5102 5230 5229
f 5102 5103 5231 5230
f 5103 5104 5232 5231
f 5104 5105 5233 5232
f 5105 5106 5234 5233
f 5106 5107 5235 5234
f 5107 5108 5236 5235
f 5108 5109 5237 5236
f 5109 5110 5238 5237
f 5110 5111 5239 5238
f 5111 5112 5240 5239
f 5112 5113 5241 5240
f 5113 5114 5242 5241
f 5114 5115 5243 5242
f 5115 5116 5244 5243
f 5116 5117 5245 5244
f 5117 5118 5246 5245
f 5118 5119 5247 5246
f 5119 5120 5248 5247
f 5121 5122 5250 5249
f 5122 5123 5251 5250
f 5123 5124 5252 5251
f 5124 5125 5253 5252
f 5125 5126 5254 5253
f 5126 5127 5255 5254
f 5127 5128 5256 5255
f 5128 5129 5257 5256
f 5129 5130 5258 5257
f 5130 5131 5259 5258
f 5131 5132 5260 5259
f 5132 5133 5261 5260
f 5133 5134 5262 5261
f 5134 5135 5263 5262
f 5135 5136 5264 5263
f 5136 5137 5265 5264
f 5137 5138 5266 5265
f 5138 5139 5267 5266
f 5139 5140 5268 5267
f 5140 5141 5269 5268
f 5141 5142 5270 5269
f 5142 5143 5271 5270
f 5143 5144 5272 5271
f 5144 5145 5273 5272
f 5145 5146 5274 5273
f 5146 5147 5275 5274
f 5147 5148 5276 5275
f 5148 5149 5277 5276
f 5149 5150 5278 5277
f 5150 5151 5279 5278
f 5151 5152 5280 5279
f 5152 5153 5281 5280
f 5153 5154 5282 5281
f 5154 5155 5283 5282
f 5155 5156 5284 5283
f 5156 5157 5285 5284
f 5157 5158 5286 5285
f 5158 5159 5287 5286
f 5159 5160 5288 5287
f 5160 5161 5289 5288
f 5161 5162 5290 5289
f 5162 5163 5291 5290
f 5163 5164 5292 5291
f 5164 5165 5293 5292
f 5165 5166 5294 5293
f 5166 5167 5295 5294
f 5167 5168 5296 5295
f 5168 5169 5297 5296
f 5169 5170 5298 5297
f 5170 5171 5299 5298
f 5171 5172 5300 5299
f 5172 5173 5301 5300
f 5173 5174 5302 5301
f 5174 5175 5303 5302
f 5175 5176 5304 5303
f 5176 5177 5305 5304
f 5177 5178 5306 5305
f 5178 5179 5307 5306
f 5179 5180 5308 5307
f 5180 5181 5309 5308
f 5181 5182 5310 5309
f 5182 5183 5311 5310
f 5183 5184 5312 5311
f 5184 5185 5313 5312
f 5185 5186 5314 5313
f 5186 5187 5315 5314
f 5187 5188 5316 5315
f 5188 5189 5317 5316
f 5189 5190 5318 5317
f 5190 5191 5319 5318
f 5191 5192 5320 5319
f 5192 5193 5321 5320
f 5193 5194 5322 5321
f 5194 5195 5323 5322
f 5195 5196 5324 5323
f 5196 5197 5325 5324
f 5197 5198 5326 5325
f 5198 5199 5327 5326
f 5199 5200 5328 5327
f 5200 5201 5329 5328
f 5201 5202 5330 5329
f 5202 5203 5331 5330
f 5203 5204 5332 5331
f 5204 5205 5333 5332
f 5205 5206 5334 5333
f 5206 5207 5335 5334
f 5207 5208 5336 5335
f 5208 5209 5337 5336
f 5209 5210 5338 5337
f 5210 5211 5339 5338
f 5211 5212 5340 5339
f 5212 5213 5341 5340
f 5213 5214 5342 5341
f 5214 5215 5343 5342
f 5215 5216 5344 5343
f 5216 5217 5345 5344
f 5217 5218 5346 5345
f 5218 5219 5347 5346
f 5219 5220 5348 5347
f 5220 5221 5349 5348
f 5221 5222 5350 5349
f 5222 5223 5351 5350
f 5223 5224 5352 5351
f 5224 5225 5353 5352
f 5225 5226 5354 5353
f 5226 5227 5355 5354
f 5227 5228 5356 5355
f 5228 5229 5357 5356
f 5229 5230 5358 5357
f 5230 5231 5359 5358
f 5231 5232 5360 5359
f 5232 5233 5361 5360
f 5233 5234 5362 5361
f 5234 5235 5363 5362
f 5235 5236 5364 5363
f 5236 5237 5365 5364
f 5237 5238 5366 5365
f 5238 5239 5367 5366
f 5239 5240 5368 5367
f 5240 5241 5369 5368
f 5241 5242 5370 5369
f 5242 5243 5371 5370
f 5243 5244 5372 5371
f 5244 5245 5373 5372
f 5245 5246 5374 5373
f 5246 5247 5375 5374
f 5247 5248 5376 5375
f 5249 5250 5378 5377
f 5250 5251 5379 5378
f 5251 5252 5380 5379
f 5252 5253 5381 5380
f 5253 5254 5382 5381
f 5254 5255 5383 5382
f 5255 5256 5384 5383
f 5256 5257 5385 5384
f 5257 5258 5386 5385
f 5258 5259 5387 5386
f 5259 5260 5388 5387
f 5260 5261 5389 5388
f 5261 5262 5390 5389
f 5262 5263 5391 5390
f 5263 5264 5392 5391
f 5264 5265 5393 5392
f 5265 5266 5394 5393
f 5266 5267 5395 5394
f 5267 5268 5396 5395
f 5268 5269 5397 5396
f 5269 5270 5398 5397
f 5270 5271 5399 5398
f 5271 5272 5400 5399
f 5272 5273 5401 5400
f 5273 5274 5402 5401
f 5274 5275 5403 5402
f 5275 5276 5404 5403
f 5276 5277 5405 5404
f 5277 5278 5406 5405
f 5278 5279 5407 5406
f 5279 5280 5408 5407
f 5280 5281 5409 5408
f 5281 5282 5410 5409
f 5282 5283 5411 5410
f 5283 5284 5412 5411
f 5284 5285 5413 5412
f 5285 5286 5414 5413
f 5286 5287 5415 5414
f 5287 5288 5416 5415
f 5288 5289 5417 5416
f 5289 5290 5418 5417
f 5290 5291 5419 5418
f 5291 5292 5420 5419
f 5292 5293 5421 5420
f 5293 5294 5422 5421
f 5294 5295 5423 5422
f 5295 5296 5424 5423
f 5296 5297 5425 5424
f 5297 5298 5426 5425
f 5298 5299 5427 5426
f 5299 5300 5428 5427
f 5300 5301 5429 5428
f 5301 5302 5430 5429
f 5302 5303 5431 5430
f 5303 5304 5432 5431
f 5304 5305 5433 5432
f 5305 5306 5434 5433
f 5306 5307 5435 5434
f 5307 5308 5436 5435
f 5308 5309 5437 5436
f 5309 5310 5438 5437
f 5310 5311 5439 5438
f 5311 5312 5440 5439
f 5312 5313 5441 5440
f 5313 5314 5442 5441
f 5314 5315 5443 5442
f 5315 5316 5444 5443
f 5316 5317 5445 5444
f 5317 5318 5446 5445
f 5318 5319 5447 5446
f 5319 5320 5448 5447
f 5320 5321 5449 5448
f 5321 5322 5450 5449
f 5322 5323 5451 5450
f 5323 5324 5452 5451
f 5324 5325 5453 5452
f 5325 5326 5454 5453
f 5326 5327 5455 5454
f 5327 5328 5456 5455
f 5328 5329 5457 5456
f 5329 5330 5458 5457
f 5330 5331 5459 5458
f 5331 5332 5460 5459
f 5332 5333 5461 5460
f 5333 5334 5462 5461
f 5334 5335 5463 5462
f 5335 5336 5464 5463
f 5336 5337 5465 5464
f 5337 5338 5466 5465
f 5338 5339 5467 5466
f 5339 5340 5468 5467
f 5340 5341 5469 5468
f 5341 5342 5470 5469
f 5342 5343 5471 5470
f 5343 5344 5472 5471
f 5344 5345 5473 5472
f 5345 5346 5474 5473
f 5346 5347 5475 5474
f 5347 5348 5476 5475
f 5348 5349 5477 5476
f 5349 5350 5478 5477
f 5350 5351 5479 5478
f 5351 5352 5480 5479
f 5352 5353 5481 5480
f 5353 5354 5482 5481
f 5354 5355 5483 5482
f 5355 5356 5484 5483
f 5356 5357 5485 5484
f 5357 5358 5486 5485
f 5358 5359 5487 5486
f 5359 5360 5488 5487
f 5360 5361 5489 5488
f 5361 5362 5490 5489
f 5362 5363 5491 5490
f 5363 5364 5492 5491
f 5364 5365 5493 5492
f 5365 5366 5494 5493
f 5366 5367 5495 5494
f 5367 5368 5496 5495
f 5368 5369 5497 5496
f 5369 5370 5498 5497
f 5370 5371 5499 5498
f 5371 5372 5500 5499
f 5372 5373 5501 5500
f 5373 5374 5502 5501
f 5374 5375 5503 5502
f 5375 5376 5504 5503
f 5377 5378 5506 5505
f 5378 5379 5507 5506
f 5379 5380 5508 5507
f 5380 5381 5509 5508
f 5381 5382 5510 5509
f 5382 5383 5511 5510
f 5383 5384 5512 5511
f 5384 5385 5513 5512
f 5385 5386 5514 5513
f 5386 5387 5515 5514
f 5387 5388 5516 5515
f 5388 5389 5517 5516
f 5389 5390 5518 5517
f 5390 5391 5519 5518
f 5391 5392 5520 5519
f 5392 5393 5521 5520
f 5393 5394 5522 5521
f 5394 5395 5523 5522
f 5395 5396 5524 5523
f 5396 5397 5525 5524
f 5397 5398 5526 5525
f 5398 5399 5527 5526
f 5399 5400 5528 5527
f 5400 5401 5529 5528
f 5401 5402 5530 5529
f 5402 5403 5531 5530
f 5403 5404 5532 5531
f 5404 5405 5533 5532
f 5405 5406 5534 5533
f 5406 5407 5535 5534
f 5407 5408 5536 5535
f 5408 5409 5537 5536
f 5409 5410 5538 5537
f 5410 5411 5539 5538
f 5411 5412 5540 5539
f 5412 5413 5541 5540
f 5413 5414 5542 5541
f 5414 5415 5543 5542
f 5415 5416 5544 5543
f 5416 5417 5545 5544
f 5417 5418 5546 5545
f 5418 5419 5547 5546
f 5419 5420 5548 5547
f 5420 5421 5549 5548
f 5421 5422 5550 5549
f 5422 5423 5551 5550
f 5423 5424 5552 5551
f 5424 5425 5553 5552
f 5425 5426 5554 5553
f 5426 5427 5555 5554
f 5427 5428 5556 5555
f 5428 5429 5557 5556
f 5429 5430 5558 5557
f 5430 5431 5559 5558
f 5431 5432 5560 5559
f 5432 5433 5561 5560
f 5433 5434 5562 5561
f 5434 5435 5563 5562
f 5435 5436 5564 5563
f 5436 5437 5565 5564
f 5437 5438 5566 5565
f 5438 5439 5567 5566
f 5439 5440 5568 5567
f 5440 5441 5569 5568
f 5441 5442 5570 5569
f 5442 5443 5571 5570
f 5443 5444 5572 5571
f 5444 5445 5573 5572
f 5445 5446 5574 5573
f 5446 5447 5575 5574
f 5447 5448 5576 5575
f 5448 5449 5577 5576
f 5449 5450 5578 5577
f 5450 5451 5579 5578
f 5451 5452 5580 5579
f 5452 5453 5581 5580
f 5453 5454 5582 5581
f 5454 5455 5583 5582
f 5455 5456 5584 5583
f 5456 5457 5585 5584
f 5457 5458 5586 5585
f 5458 5459 5587 5586
f 5459 5460 5588 5587
f 5460 5461 5589 5588
f 5461 5462 5590 5589
f 5462 5463 5591 5590
f 5463 5464 5592 5591
f 5464 5465 5593 5592
f 5465 5466 5594 5593
f 5466 5467 5595 5594
f 5467 5468 5596 5595
f 5468 5469 5597 5596
f 5469 5470 5598 5597
f 5470 5471 5599 5598
f 5471 5472 5600 5599
f 5472 5473 5601 5600
f 5473 5474 5602 5601
f 5474 5475 5603 5602
f 5475 5476 5604 5603
f 5476 5477 5605 5604
f 5477 5478 5606 5605
f 5478 5479 5607 5606
f 5479 5480 5608 5607
f 5480 5481 5609 5608
f 5481 5482 5610 5609
f 5482 5483 5611 5610
f 5483 5484 5612 5611
f 5484 5485 5613 5612
f 5485 5486 5614 5613
f 5486 5487 5615 5614
f 5487 5488 5616 5615
f 5488 5489 5617 5616
f 5489 5490 5618 5617
f 5490 5491 5619 5618
f 5491 5492 5620 5619
f 5492 5493 5621 5620
f 5493 5494 5622 5621
f 5494 5495 5623 5622
f 5495 5496 5624 5623
f 5496 5497 5625 5624
f 5497 5498 5626 5625
f 5498 5499 5627 5626
f 5499 5500 5628 5627
f 5500 5501 5629 5628
f 5501 5502 5630 5629
f 5502 5503 5631 5630
f 5503 5504 5632 5631
f 5505 5506 5634 5633
f 5506 5507 5635 5634
f 5507 5508 5636 5635
f 5508 5509 5637 5636
f 5509 5510 5638 5637
f 5510 5511 5639 5638
f 5511 5512 5640 5639
f 5512 5513 5641 5640
f 5513 5514 5642 5641
f 5514 5515 5643 5642
f 5515 5516 5644 5643
f 5516 5517 5645 5644
f 5517 5518 5646 5645
f 5518 5519 5647 5646
f 5519 5520 5648 5647
f 5520 5521 5649 5648
f 5521 5522 5650 5649
f 5522 5523 5651 5650
f 5523 5524 5652 5651
f 5524 5525 5653 5652
f 5525 5526 5654 5653
f 5526 5527 5655 5654
f 5527 5528 5656 5655
f 5528 5529 5657 5656
f 5529 5530 5658 5657
f 5530 5531 5659 5658
f 5531 5532 5660 5659
f 5532 5533 5661 5660
f 5533 5534 5662 5661
f 5534 5535 5663 5662
f 5535 5536 5664 5663
f 5536 5537 5665 5664
f 5537 5538 5666 5665
f 5538 5539 5667 5666
f 5539 5540 5668 5667
f 5540 5541 5669 5668
f 5541 5542 5670 5669
f 5542 5543 5671 5670
f 5543 5544 5672 5671
f 5544 5545 5673 5672
f 5545 5546 5674 5673
f 5546 5547 5675 5674
f 5547 5548 5676 5675
f 5548 5549 5677 5676
f 5549 5550 5678 5677
f 5550 5551 5679 5678
f 5551 5552 5680 5679
f 5552 5553 5681 5680
f 5553 5554 5682 5681
f 5554 5555 5683 5682
f 5555 5556 5684 5683
f 5556 5557 5685 5684
f 5557 5558 5686 5685
f 5558 5559 5687 5686
f 5559 5560 5688 5687
f 5560 5561 5689 5688
f 5561 5562 5690 5689
f 5562 5563 5691 5690
f 5563 5564 5692 5691
f 5564 5565 5693 5692
f 5565 5566 5694 5693
f 5566 5567 5695 5694
f 5567 5568 5696 5695
f 5568 5569 5697 5696
f 5569 5570 5698 5697
f 5570 5571 5699 5698
f 5571 5572 5700 5699
f 5572 5573 5701 5700
f 5573 5574 5702 5701
f 5574 5575 5703 5702
f 5575 5576 5704 5703
f 5576 5577 5705 5704
f 5577 5578 5706 5705
f 5578 5579 5707 5706
f 5579 5580 5708 5707
f 5580 5581 5709 5708
f 5581 5582 5710 5709
f 5582 5583 5711 5710
f 5583 5584 5712 5711
f 5584 5585 5713 5712
f 5585 5586 5714 5713
f 5586 5587 5715 5714
f 5587 5588 5716 5715
f 5588 5589 5717 5716
f 5589 5590 5718 5717
f 5590 5591 5719 5718
f 5591 5592 5720 5719
f 5592 5593 5721 5720
f 5593 5594 5722 5721
f 5594 5595 5723 5722
f 5595 5596 5724 5723
f 5596 5597 5725 5724
f 5597 5598 5726 5725
f 5598 5599 5727 5726
f 5599 5600 5728 5727
f 5600 5601 5729 5728
f 5601 5602 5730 5729
f 5602 5603 5731 5730
f 5603 5604 5732 5731
f 5604 5605 5733 5732
f 5605 5606 5734 5733
f 5606 5607 5735 5734
f 5607 5608 5736 5735
f 5608 5609 5737 5736
f 5609 5610 5738 5737
f 5610 5611 5739 5738
f 5611 5612 5740 5739
f 5612 5613 5741 5740
f 5613 5614 5742 5741
f 5614 5615 5743 5742
f 5615 5616 5744 5743
f 5616 5617 5745 5744
f 5617 5618 5746 5745
f 5618 5619 5747 5746
f 5619 5620 5748 5747
f 5620 5621 5749 5748
f 5621 5622 5750 5749
f 5622 5623 5751 5750
f 5623 5624 5752 5751
f 5624 5625 5753 5752
f 5625 5626 5754 5753
f 5626 5627 5755 5754
f 5627 5628 5756 5755
f 5628 5629 5757 5756
f 5629 5630 5758 5757
f 5630 5631 5759 5758
f 5631 5632 5760 5759
f 5633 5634 5762 5761
f 5634 5635 5763 5762
f 5635 5636 5764 5763
f 5636 5637 5765 5764
f 5637 5638 5766 5765
f 5638 5639 5767 5766
f 5639 5640 5768 5767
f 5640 5641 5769 5768
f 5641 5642 5770 5769
f 5642 5643 5771 5770
f 5643 5644 5772 5771
f 5644 5645 5773 5772
f 5645 5646 5774 5773
f 5646 5647 5775 5774
f 5647 5648 5776 5775
f 5648 5649 5777 5776
f 5649 5650 5778 5777
f 5650 5651 5779 5778
f 5651 5652 5780 5779
f 5652 5653 5781 5780
f 5653 5654 5782 5781
f 5654 5655 5783 5782
f 5655 5656 5784 5783
f 5656 5657 5785 5784
f 5657 5658 5786 5785
f 5658 5659 5787 5786
f 5659 5660 5788 5787
f 5660 5661 5789 5788
f 5661 5662 5790 5789
f 5662 5663 5791 5790
f 5663 5664 5792 5791
f 5664 5665 5793 5792
f 5665 5666 5794 5793
f 5666 5667 5795 5794
f 5667 5668 5796 5795
f 5668 5669 5797 5796
f 5669 5670 5798 5797
f 5670 5671 5799 5798
f 5671 5672 5800 5799
f 5672 5673 5801 5800
f 5673 5674 5802 5801
f 5674 5675 5803 5802
f 5675 5676 5804 5803
f 5676 5677 5805 5804
f 5677 5678 5806 5805
f 5678 5679 5807 5806
f 5679 5680 5808 5807
f 5680 5681 5809 5808
f 5681 5682 5810 5809
f 5682 5683 5811 5810
f 5683 5684 5812 5811
f 5684 5685 5813 5812
f 5685 5686 5814 5813
f 5686 5687 5815 5814
f 5687 5688 5816 5815
f 5688 5689 5817 5816
f 5689 5690 5818 5817
f 5690 5691 5819 5818
f 5691 5692 5820 5819
f 5692 5693 5821 5820
f 5693 5694 5822 5821
f 5694 5695 5823 5822
f 5695 5696 5824 5823
f 5696 5697 5825 5824
f 5697 5698 5826 5825
f 5698 5699 5827 5826
f 5699 5700 5828 5827
f 5700 5701 5829 5828
f 5701 5702 5830 5829
f 5702 5703 5831 5830
f 5703 5704 5832 5831
f 5704 5705 5833 5832
f 5705 5706 5834 5833
f 5706 5707 5835 5834
f 5707 5708 5836 5835
f 5708 5709 5837 5836
f 5709 5710 5838 5837
f 5710 5711 5839 5838
f 5711 5712 5840 5839
f 5712 5713 5841 5840
f 5713 5714 5842 5841
f 5714 5715 5843 5842
f 5715 5716 5844 5843
f 5716 5717 5845 5844
f 5717 5718 5846 5845
f 5718 5719 5847 5846
f 5719 5720 5848 5847
f 5720 5721 5849 5848
f 5721 5722 5850 5849
f 5722 5723 5851 5850
f 5723 5724 5852 5851
f 5724 5725 5853 5852
f 5725 5726 5854 5853
f 5726 5727 5855 5854
f 5727 5728 5856 5855
f 5728 5729 5857 5856
f 5729 5730 5858 5857
f 5730 5731 5859 5858
f 5731 5732 5860 5859
f 5732 5733 5861 5860
f 5733 5734 5862 5861
f 5734 5735 5863 5862
f 5735 5736 5864 5863
f 5736 5737 5865 5864
f 5737 5738 5866 5865
f 5738 5739 5867 5866
f 5739 5740 5868 5867
f 5740 5741 5869 5868
f 5741 5742 5870 5869
f 5742 5743 5871 5870
f 5743 5744 5872 5871
f 5744 5745 5873 5872
f 5745 5746 5874 5873
f 5746 5747 5875 5874
f 5747 5748 5876 5875
f 5748 5749 5877 5876
f 5749 5750 5878 5877
f 5750 5751 5879 5878
f 5751 5752 5880 5879
f 5752 5753 5881 5880
f 5753 5754 5882 5881
f 5754 5755 5883 5882
f 5755 5756 5884 5883
f 5756 5757 5885 5884
f 5757 5758 5886 5885
f 5758 5759 5887 5886
f 5759 5760 5888 5887
f 5761 5762 5890 5889
f 5762 5763 5891 5890
f 5763 5764 5892 5891
f 5764 5765 5893 5892
f 5765 5766 5894 5893
f 5766 5767 5895 5894
f 5767 5768 5896 5895
f 5768 5769 5897 5896
f 5769 5770 5898 5897
f 5770 5771 5899 5898
f 5771 5772 5900 5899
f 5772 5773 5901 5900
f 5773 5774 5902 5901
f 5774 5775 5903 5902
f 5775 5776 5904 5903
f 5776 5777 5905 5904
f 5777 5778 5906 5905
f 5778 5779 5907 5906
f 5779 5780 5908 5907
f 5780 5781 5909 5908
f 5781 5782 5910 5909
f 5782 5783 5911 5910
f 5783 5784 5912 5911
f 5784 5785 5913 5912
f 5785 5786 5914 5913
f 5786 5787 5915 5914
f 5787 5788 5916 5915
f 5788 5789 5917 5916
f 5789 5790 5918 5917
f 5790 5791 5919 5918
f 5791 5792 5920 5919
f 5792 5793 5921 5920
f 5793 5794 5922 5921
f 5794 5795 5923 5922
f 5795 5796 5924 5923
f 5796 5797 5925 5924
f 5797 5798 5926 5925
f 5798 5799 5927 5926
f 5799 5800 5928 5927
f 5800 5801 5929 5928
f 5801 5802 5930 5929
f 5802 5803 5931 5930
f 5803 5804 5932 5931
f 5804 5805 5933 5932
f 5805 5806 5934 5933
f 5806 5807 5935 5934
f 5807 5808 5936 5935
f 5808 5809 5937 5936
f 5809 5810 5938 5937
f 5810 5811 5939 5938
f 5811 5812 5940 5939
f 5812 5813 5941 5940
f 5813 5814 5942 5941
f 5814 5815 5943 5942
f 5815 5816 5944 5943
f 5816 5817 5945 5944
f 5817 5818 5946 5945
f 5818 5819 5947 5946
f 5819 5820 5948 5947
f 5820 5821 5949 5948
f 5821 5822 5950 5949
f 5822 5823 5951 5950
f 5823 5824 5952 5951
f 5824 5825 5953 5952
f 5825 5826 5954 5953
f 5826 5827 5955 5954
f 5827 5828 5956 5955
f 5828 5829 5957 5956
f 5829 5830 5958 5957
f 5830 5831 5959 5958
f 5831 5832 5960 5959
f 5832 5833 5961 5960
f 5833 5834 5962 5961
f 5834 5835 5963 5962
f 5835 5836 5964 5963
f 5836 5837 5965 5964
f 5837 5838 5966 5965
f 5838 5839 5967 5966
f 5839 5840 5968 5967
f 5840 5841 5969 5968
f 5841 5842 5970 5969
f 5842 5843 5971 5970
f 5843 5844 5972 5971
f 5844 5845 5973 5972
f 5845 5846 5974 5973
f 5846 5847 5975 5974
f 5847 5848 5976 5975
f 5848 5849 5977 5976
f 5849 5850 5978 5977
f 5850 5851 5979 5978
f 5851 5852 5980 5979
f 5852 5853 5981 5980
f 5853 5854 5982 5981
f 5854 5855 5983 5982
f 5855 5856 5984 5983
f 5856 5857 5985 5984
f 5857 5858 5986 5985
f 5858 5859 5987 5986
f 5859 5860 5988 5987
f 5860 5861 5989 5988
f 5861 5862 5990 5989
f 5862 5863 5991 5990
f 5863 5864 5992 5991
f 5864 5865 5993 5992
f 5865 5866 5994 5993
f 5866 5867 5995 5994
f 5867 5868 5996 5995
f 5868 5869 5997 5996
f 5869 5870 5998 5997
f 5870 5871 5999 5998
f 5871 5872 6000 5999
f 5872 5873 6001 6000
f 5873 5874 6002 6001
f 5874 5875 6003 6002
f 5875 5876 6004 6003
f 5876 5877 6005 6004
f 5877 5878 6006 6005
f 5878 5879 6007 6006
f 5879 5880 6008 6007
f 5880 5881 6009 6008
f 5881 5882 6010 6009
f 5882 5883 6011 6010
f 5883 5884 6012 6011
f 5884 5885 6013 6012
f 5885 5886 6014 6013
f 5886 5887 6015 6014
f 5887 5888 6016 6015
f 5889 5890 6018 6017
f 5890 5891 6019 6018
f 5891 5892 6020 6019
f 5892 5893 6021 6020
f 5893 5894 6022 6021
f 5894 5895 6023 6022
f 5895 5896 6024 6023
f 5896 5897 6025 6024
f 5897 5898 6026 6025
f 5898 5899 6027 6026
f 5899 5900 6028 6027
f 5900 5901 6029 6028
f 5901 5902 6030 6029
f 5902 5903 6031 6030
f 5903 5904 6032 6031
f 5904 5905 6033 6032
f 5905 5906 6034 6033
f 5906 5907 6035 6034
f 5907 5908 6036 6035
f 5908 5909 6037 6036
f 5909 5910 6038 6037
f 5910 5911 6039 6038
f 5911 5912 6040 6039
f 5912 5913 6041 6040
f 5913 5914 6042 6041
f 5914 5915 6043 6042
f 5915 5916 6044 6043
f 5916 5917 6045 6044
f 5917 5918 6046 6045
f 5918 5919 6047 6046
f 5919 5920 6048 6047
f 5920 5921 6049 6048
f 5921 5922 6050 6049
f 5922 5923 6051 6050
f 5923 5924 6052 6051
f 5924 5925 6053 6052
f 5925 5926 6054 6053
f 5926 5927 6055 6054
f 5927 5928 6056 6055
f 5928 5929 6057 6056
f 5929 5930 6058 6057
f 5930 5931 6059 6058
f 5931 5932 6060 6059
f 5932 5933 6061 6060
f 5933 5934 6062 6061
f 5934 5935 6063 6062
f 5935 5936 6064 6063
f 5936 5937 6065 6064
f 5937 5938 6066 6065
f 5938 5939 6067 6066
f 5939 5940 6068 6067
f 5940 5941 6069 6068
f 5941 5942 6070 6069
f 5942 5943 6071 6070
f 5943 5944 6072 6071
f 5944 5945 6073 6072
f 5945 5946 6074 6073
f 5946 5947 6075 6074
f 5947 5948 6076 6075
f 5948 5949 6077 6076
f 5949 5950 6078 6077
f 5950 5951 6079 6078
f 5951 5952 6080 6079
f 5952 5953 6081 6080
f 5953 5954 6082 6081
f 5954 5955 6083 6082
f 5955 5956 6084 6083
f 5956 5957 6085 6084
f 5957 5958 6086 6085
f 5958 5959 6087 6086
f 5959 5960 6088 6087
f 5960 5961 6089 6088
f 5961 5962 6090 6089
f 5962 5963 6091 6090
f 5963 5964 6092 6091
f 5964 5965 6093 6092
f 5965 5966 6094 6093
f 5966 5967 6095 6094
f 5967 5968 6096 6095
f 5968 5969 6097 6096
f 5969 5970 6098 6097
f 5970 5971 6099 6098
f 5971 5972 6100 6099
f 5972 5973 6101 6100
f 5973 5974 6102 6101
f 5974 5975 6103 6102
f 5975 5976 6104 6103
f 5976 5977 6105 6104
f 5977 5978 6106 6105
f 5978 5979 6107 6106
f 5979 5980 6108 6107
f 5980 5981 6109 6108
f 5981 5982 6110 6109
f 5982 5983 6111 6110
f 5983 5984 6112 6111
f 5984 5985 6113 6112
f 5985 5986 6114 6113
f 5986 5987 6115 6114
f 5987 5988 6116 6115
f 5988 5989 6117 6116
f 5989 5990 6118 6117
f 5990 5991 6119 6118
f 5991 5992 6120 6119
f 5992 5993 6121 6120
f 5993 5994 6122 6121
f 5994 5995 6123 6122
f 5995 5996 6124 6123
f 5996 5997 6125 6124
f 5997 5998 6126 6125
f 5998 5999 6127 6126
f 5999 6000 6128 6127
f 6000 6001 6129 6128
f 6001 6002 6130 6129
f 6002 6003 6131 6130
f 6003 6004 6132 6131
f 6004 6005 6133 6132
f 6005 6006 6134 6133
f 6006 6007 6135 6134
f 6007 6008 6136 6135
f 6008 6009 6137 6136
f 6009 6010 6138 6137
f 6010 6011 6139 6138
f 6011 6012 6140 6139
f 6012 6013 6141 6140
f 6013 6014 6142 6141
f 6014 6015 6143 6142
f 6015 6016 6144 6143
f 6017 6018 6146 6145
f 6018 6019 6147 6146
f 6019 6020 6148 6147
f 6020 6021 6149 6148
f 6021 6022 6150 6149
f 6022 6023 6151 6150
f 6023 6024 6152 6151
f 6024 6025 6153 6152
f 6025 6026 6154 6153
f 6026 6027 6155 6154
f 6027 6028 6156 6155
f 6028 6029 6157 6156
f 6029 6030 6158 6157
f 6030 6031 6159 6158
f 6031 6032 6160 6159
f 6032 6033 6161 6160
f 6033 6034 6162 6161
f 6034 6035 6163 6162
f 6035 6036 6164 6163
f 6036 6037 6165 6164
f 6037 6038 6166 6165
f 6038 6039 6167 6166
f 6039 6040 6168 6167
f 6040 6041 6169 6168
f 6041 6042 6170 6169
f 6042 6043 6171 6170
f 6043 6044 6172 6171
f 6044 6045 6173 6172
f 6045 6046 6174 6173
f 6046 6047 6175 6174
f 6047 6048 6176 6175
f 6048 6049 6177 6176
f 6049 6050 6178 6177
f 6050 6051 6179 6178
f 6051 6052 6180 6179
f 6052 6053 6181 6180
f 6053 6054 6182 6181
f 6054 6055 6183 6182
f 6055 6056 6184 6183
f 6056 6057 6185 6184
f 6057 6058 6186 6185
f 6058 6059 6187 6186
f 6059 6060 6188 6187
f 6060 6061 6189 6188
f 6061 6062 6190 6189
f 6062 6063 6191 6190
f 6063 6064 6192 6191
f 6064 6065 6193 6192
f 6065 6066 6194 6193
f 6066 6067 6195 6194
f 6067 6068 6196 6195
f 6068 6069 6197 6196
f 6069 6070 6198 6197
f 6070 6071 6199 6198
f 6071 6072 6200 6199
f 6072 6073 6201 6200
f 6073 6074 6202 6201
f 6074 6075 6203 6202
f 6075 6076 6204 6203
f 6076 6077 6205 6204
f 6077 6078 6206 6205
f 6078 6079 6207 6206
f 6079 6080 6208 6207
f 6080 6081 6209 6208
f 6081 6082 6210 6209
f 6082 6083 6211 6210
f 6083 6084 6212 6211
f 6084 6085 6213 6212
f 6085 6086 6214 6213
f 6086 6087 6215 6214
f 6087 6088 6216 6215
f 6088 6089 6217 6216
f 6089 6090 6218 6217
f 6090 6091 6219 6218
f 6091 6092 6220 6219
f 6092 6093 6221 6220
f 6093 6094 6222 6221
f 6094 6095 6223 6222
f 6095 6096 6224 6223
f 6096 6097 6225 6224
f 6097 6098 6226 6225
f 6098 6099 6227 6226
f 6099 6100 6228 6227
f 6100 6101 6229 6228
f 6101 6102 6230 6229
f 6102 6103 6231 6230
f 6103 6104 6232 6231
f 6104 6105 6233 6232
f 6105 6106 6234 6233
f 6106 6107 6235 6234
f 6107 6108 6236 6235
f 6108 6109 6237 6236
f 6109 6110 6238 6237
f 6110 6111 6239 6238
f 6111 6112 6240 6239
f 6112 6113 6241 6240
f 6113 6114 6242 6241
f 6114 6115 6243 6242
f 6115 6116 6244 6243
f 6116 6117 6245 6244
f 6117 6118 6246 6245
f 6118 6119 6247 6246
f 6119 6120 6248 6247
f 6120 6121 6249 6248
f 6121 6122 6250 6249
f 6122 6123 6251 6250
f 6123 6124 6252 6251
f 6124 6125 6253 6252
f 6125 6126 6254 6253
f 6126 6127 6255 6254
f 6127 6128 6256 6255
f 6128 6129 6257 6256
f 6129 6130 6258 6257
f 6130 6131 6259 6258
f 6131 6132 6260 6259
f 6132 6133 6261 6260
f 6133 6134 6262 6261
f 6134 6135 6263 6262
f 6135 6136 6264 6263
f 6136 6137 6265 6264
f 6137 6138 6266 6265
f 6138 6139 6267 6266
f 6139 6140 6268 6267
f 6140 6141 6269 6268
f 6141 6142 6270 6269
f 6142 6143 6271 6270
f 6143 6144 6272 6271
f 6145 6146 6274 6273
f 6146 6147 6275 6274
f 6147 6148 6276 6275
f 6148 6149 6277 6276
f 6149 6150 6278 6277
f 6150 6151 6279 6278
f 6151 6152 6280 6279
f 6152 6153 6281 6280
f 6153 6154 6282 6281
f 6154 6155 6283 6282
f 6155 6156 6284 6283
f 6156 6157 6285 6284
f 6157 6158 6286 6285
f 6158 6159 6287 6286
f 6159 6160 6288 6287
f 6160 6161 6289 6288
f 6161 6162 6290 6289
f 6162 6163 6291 6290
f 6163 6164 6292 6291
f 6164 6165 6293 6292
f 6165 6166 6294 6293
f 6166 6167 6295 6294
f 6167 6168 6296 6295
f 6168 6169 6297 6296
f 6169 6170 6298 6297
f 6170 6171 6299 6298
f 6171 6172 6300 6299
f 6172 6173 6301 6300
f 6173 6174 6302 6301
f 6174 6175 6303 6302
f 6175 6176 6304 6303
f 6176 6177 6305 6304
f 6177 6178 6306 6305
f 6178 6179 6307 6306
f 6179 6180 6308 6307
f 6180 6181 6309 6308
f 6181 6182 6310 6309
f 6182 6183 6311 6310
f 6183 6184 6312 6311
f 6184 6185 6313 6312
f 6185 6186 6314 6313
f 6186 6187 6315 6314
f 6187 6188 6316 6315
f 6188 6189 6317 6316
f 6189 6190 6318 6317
f 6190 6191 6319 6318
f 6191 6192 6320 6319
f 6192 6193 6321 6320
f 6193 6194 6322 6321
f 6194 6195 6323 6322
f 6195 6196 6324 6323
f 6196 6197 6325 6324
f 6197 6198 6326 6325
f 6198 6199 6327 6326
f 6199 6200 6328 6327
f 6200 6201 6329 6328
f 6201 6202 6330 6329
f 6202 6203 6331 6330
f 6203 6204 6332 6331
f 6204 6205 6333 6332
f 6205 6206 6334 6333
f 6206 6207 6335 6334
f 6207 6208 6336 6335
f 6208 6209 6337 6336
f 6209 6210 6338 6337
f 6210 6211 6339 6338
f 6211 6212 6340 6339
f 6212 6213 6341 6340
f 6213 6214 6342 6341
f 6214 6215 6343 6342
f 6215 6216 6344 6343
f 6216 6217 6345 6344
f 6217 6218 6346 6345
f 6218 6219 6347 6346
f 6219 6220 6348 6347
f 6220 6221 6349 6348
f 6221 6222 6350 6349
f 6222 6223 6351 6350
f 6223 6224 6352 6351
f 6224 6225 6353 6352
f 6225 6226 6354 6353
f 6226 6227 6355 6354
f 6227 6228 6356 6355
f 6228 6229 6357 6356
f 6229 6230 6358 6357
f 6230 6231 6359 6358
f 6231 6232 6360 6359
f 6232 6233 6361 6360
f 6233 6234 6362 6361
f 6234 6235 6363 6362
f 6235 6236 6364 6363
f 6236 6237 6365 6364
f 6237 6238 6366 6365
f 6238 6239 6367 6366
f 6239 6240 6368 6367
f 6240 6241 6369 6368
f 6241 6242 6370 6369
f 6242 6243 6371 6370
f 6243 6244 6372 6371
f 6244 6245 6373 6372
f 6245 6246 6374 6373
f 6246 6247 6375 6374
f 6247 6248 6376 6375
f 6248 6249 6377 6376
f 6249 6250 6378 6377
f 6250 6251 6379 6378
f 6251 6252 6380 6379
f 6252 6253 6381 6380
f 6253 6254 6382 6381
f 6254 6255 6383 6382
f 6255 6256 6384 6383
f 6256 6257 6385 6384
f 6257 6258 6386 6385
f 6258 6259 6387 6386
f 6259 6260 6388 6387
f 6260 6261 6389 6388
f 6261 6262 6390 6389
f 6262 6263 6391 6390
f 6263 6264 6392 6391
f 6264 6265 6393 6392
f 6265 6266 6394 6393
f 6266 6267 6395 6394
f 6267 6268 6396 6395
f 6268 6269 6397 6396
f 6269 6270 6398 6397
f 6270 6271 6399 6398
f 6271 6272 6400 6399
f 6273 6274 6402 6401
f 6274 6275 6403 6402
f 6275 6276 6404 6403
f 6276 6277 6405 6404
f 6277 6278 6406 6405
f 6278 6279 6407 6406
f 6279 6280 6408 6407
f 6280 6281 6409 6408
f 6281 6282 6410 6409
f 6282 6283 6411 6410
f 6283 6284 6412 6411
f 6284 6285 6413 6412
f 6285 6286 6414 6413
f 6286 6287 6415 6414
f 6287 6288 6416 6415
f 6288 6289 6417 6416
f 6289 6290 6418 6417
f 6290 6291 6419 6418
f 6291 6292 6420 6419
f 6292 6293 6421 6420
f 6293 6294 6422 6421
f 6294 6295 6423 6422
f 6295 6296 6424 6423
f 6296 6297 6425 6424
f 6297 6298 6426 6425
f 6298 6299 6427 6426
f 6299 6300 6428 6427
f 6300 6301 6429 6428
f 6301 6302 6430 6429
f 6302 6303 6431 6430
f 6303 6304 6432 6431
f 6304 6305 6433 6432
f 6305 6306 6434 6433
f 6306 6307 6435 6434
f 6307 6308 6436 6435
f 6308 6309 6437 6436
f 6309 6310 6438 6437
f 6310 6311 6439 6438
f 6311 6312 6440 6439
f 6312 6313 6441 6440
f 6313 6314 6442 6441
f 6314 6315 6443 6442
f 6315 6316 6444 6443
f 6316 6317 6445 6444
f 6317 6318 6446 6445
f 6318 6319 6447 6446
f 6319 6320 6448 6447
f 6320 6321 6449 6448
f 6321 6322 6450 6449
f 6322 6323 6451 6450
f 6323 6324 6452 6451
f 6324 6325 6453 6452
f 6325 6326 6454 6453
f 6326 6327 6455 6454
f 6327 6328 6456 6455
f 6328 6329 6457 6456
f 6329 6330 6458 6457
f 6330 6331 6459 6458
f 6331 6332 6460 6459
f 6332 6333 6461 6460
f 6333 6334 6462 6461
f 6334 6335 6463 6462
f 6335 6336 6464 6463
f 6336 6337 6465 6464
f 6337 6338 6466 6465
f 6338 6339 6467 6466
f 6339 6340 6468 6467
f 6340 6341 6469 6468
f 6341 6342 6470 6469
f 6342 6343 6471 6470
f 6343 6344 6472 6471
f 6344 6345 6473 6472
f 6345 6346 6474 6473
f 6346 6347 6475 6474
f 6347 6348 6476 6475
f 6348 6349 6477 6476
f 6349 6350 6478 6477
f 6350 6351 6479 6478
f 6351 6352 6480 6479
f 6352 6353 6481 6480
f 6353 6354 6482 6481
f 6354 6355 6483 6482
f 6355 6356 6484 6483
f 6356 6357 6485 6484
f 6357 6358 6486 6485
f 6358 6359 6487 6486
f 6359 6360 6488 6487
f 6360 6361 6489 6488
f 6361 6362 6490 6489
f 6362 6363 6491 6490
f 6363 6364 6492 6491
f 6364 6365 6493 6492
f 6365 6366 6494 6493
f 6366 6367 6495 6494
f 6367 6368 6496 6495
f 6368 6369 6497 6496
f 6369 6370 6498 6497
f 6370 6371 6499 6498
f 6371 6372 6500 6499
f 6372 6373 6501 6500
f 6373 6374 6502 6501
f 6374 6375 6503 6502
f 6375 6376 6504 6503
f 6376 6377 6505 6504
f 6377 6378 6506 6505
f 6378 6379 6507 6506
f 6379 6380 6508 6507
f 6380 6381 6509 6508
f 6381 6382 6510 6509
f 6382 6383 6511 6510
f 6383 6384 6512 6511
f 6384 6385 6513 6512
f 6385 6386 6514 6513
f 6386 6387 6515 6514
f 6387 6388 6516 6515
f 6388 6389 6517 6516
f 6389 6390 6518 6517
f 6390 6391 6519 6518
f 6391 6392 6520 6519
f 6392 6393 6521 6520
f 6393 6394 6522 6521
f 6394 6395 6523 6522
f 6395 6396 6524 6523
f 6396 6397 6525 6524
f 6397 6398 6526 6525
f 6398 6399 6527 6526
f 6399 6400 6528 6527
f 6401 6402 6530 6529
f 6402 6403 6531 6530
f 6403 6404 6532 6531
f 6404 6405 6533 6532
f 6405 6406 6534 6533
f 6406 6407 6535 6534
f 6407 6408 6536 6535
f 6408 6409 6537 6536
f 6409 6410 6538 6537
f 6410 6411 6539 6538
f 6411 6412 6540 6539
f 6412 6413 6541 6540
f 6413 6414 6542 6541
f 6414 6415 6543 6542
f 6415 6416 6544 6543
f 6416 6417 6545 6544
f 6417 6418 6546 6545
f 6418 6419 6547 6546
f 6419 6420 6548 6547
f 6420 6421 6549 6548
f 6421 6422 6550 6549
f 6422 6423 6551 6550
f 6423 6424 6552 6551
f 6424 6425 6553 6552
f 6425 6426 6554 6553
f 6426 6427 6555 6554
f 6427 6428 6556 6555
f 6428 6429 6557 6556
f 6429 6430 6558 6557
f 6430 6431 6559 6558
f 6431 6432 6560 6559
f 6432 6433 6561 6560
f 6433 6434 6562 6561
f 6434 6435 6563 6562
f 6435 6436 6564 6563
f 6436 6437 6565 6564
f 6437 6438 6566 6565
f 6438 6439 6567 6566
f 6439 6440 6568 6567
f 6440 6441 6569 6568
f 6441 6442 6570 6569
f 6442 6443 6571 6570
f 6443 6444 6572 6571
f 6444 6445 6573 6572
f 6445 6446 6574 6573
f 6446 6447 6575 6574
f 6447 6448 6576 6575
f 6448 6449 6577 6576
f 6449 6450 6578 6577
f 6450 6451 6579 6578
f 6451 6452 6580 6579
f 6452 6453 6581 6580
f 6453 6454 6582 6581
f 6454 6455 6583 6582
f 6455 6456 6584 6583
f 6456 6457 6585 6584
f 6457 6458 6586 6585
f 6458 6459 6587 6586
f 6459 6460 6588 6587
f 6460 6461 6589 6588
f 6461 6462 6590 6589
f 6462 6463 6591 6590
f 6463 6464 6592 6591
f 6464 6465 6593 6592
f 6465 6466 6594 6593
f 6466 6467 6595 6594
f 6467 6468 6596 6595
f 6468 6469 6597 6596
f 6469 6470 6598 6597
f 6470 6471 6599 6598
f 6471 6472 6600 6599
f 6472 6473 6601 6600
f 6473 6474 6602 6601
f 6474 6475 6603 6602
f 6475 6476 6604 6603
f 6476 6477 6605 6604
f 6477 6478 6606 6605
f 6478 6479 6607 6606
f 6479 6480 6608 6607
f 6480 6481 6609 6608
f 6481 6482 6610 6609
f 6482 6483 6611 6610
f 6483 6484 6612 6611
f 6484 6485 6613 6612
f 6485 6486 6614 6613
f 6486 6487 6615 6614
f 6487 6488 6616 6615
f 6488 6489 6617 6616
f 6489 6490 6618 6617
f 6490 6491 6619 6618
f 6491 6492 6620 6619
f 6492 6493 6621 6620
f 6493 6494 6622 6621
f 6494 6495 6623 6622
f 6495 6496 6624 6623
f 6496 6497 6625 6624
f 6497 6498 6626 6625
f 6498 6499 6627 6626
f 6499 6500 6628 6627
f 6500 6501 6629 6628
f 6501 6502 6630 6629
f 6502 6503 6631 6630
f 6503 6504 6632 6631
f 6504 6505 6633 6632
f 6505 6506 6634 6633
f 6506 6507 6635 6634
f 6507 6508 6636 6635
f 6508 6509 6637 6636
f 6509 6510 6638 6637
f 6510 6511 6639 6638
f 6511 6512 6640 6639
f 6512 6513 6641 6640
f 6513 6514 6642 6641
f 6514 6515 6643 6642
f 6515 6516 6644 6643
f 6516 6517 6645 6644
f 6517 6518 6646 6645
f 6518 6519 6647 6646
f 6519 6520 6648 6647
f 6520 6521 6649 6648
f 6521 6522 6650 6649
f 6522 6523 6651 6650
f 6523 6524 6652 6651
f 6524 6525 6653 6652
f 6525 6526 6654 6653
f 6526 6527 6655 6654
f 6527 6528 6656 6655
f 6529 6530 6658 6657
f 6530 6531 6659 6658
f 6531 6532 6660 6659
f 6532 6533 6661 6660
f 6533 6534 6662 6661
f 6534 6535 6663 6662
f 6535 6536 6664 6663
f 6536 6537 6665 6664
f 6537 6538 6666 6665
f 6538 6539 6667 6666
f 6539 6540 6668 6667
f 6540 6541 6669 6668
f 6541 6542 6670 6669
f 6542 6543 6671 6670
f 6543 6544 6672 6671
f 6544 6545 6673 6672
f 6545 6546 6674 6673
f 6546 6547 6675 6674
f 6547 6548 6676 6675
f 6548 6549 6677 6676
f 6549 6550 6678 6677
f 6550 6551 6679 6678
f 6551 6552 6680 6679
f 6552 6553 6681 6680
f 6553 6554 6682 6681
f 6554 6555 6683 6682
f 6555 6556 6684 6683
f 6556 6557 6685 6684
f 6557 6558 6686 6685
f 6558 6559 6687 6686
f 6559 6560 6688 6687
f 6560 6561 6689 6688
f 6561 6562 6690 6689
f 6562 6563 6691 6690
f 6563 6564 6692 6691
f 6564 6565 6693 6692
f 6565 6566 6694 6693
f 6566 6567 6695 6694
f 6567 6568 6696 6695
f 6568 6569 6697 6696
f 6569 6570 6698 6697
f 6570 6571 6699 6698
f 6571 6572 6700 6699
f 6572 6573 6701 6700
f 6573 6574 6702 6701
f 6574 6575 6703 6702
f 6575 6576 6704 6703
f 6576 6577 6705 6704
f 6577 6578 6706 6705
f 6578 6579 6707 6706
f 6579 6580 6708 6707
f 6580 6581 6709 6708
f 6581 6582 6710 6709
f 6582 6583 6711 6710
f 6583 6584 6712 6711
f 6584 6585 6713 6712
f 6585 6586 6714 6713
f 6586 6587 6715 6714
f 6587 6588 6716 6715
f 6588 6589 6717 6716
f 6589 6590 6718 6717
f 6590 6591 6719 6718
f 6591 6592 6720 6719
f 6592 6593 6721 6720
f 6593 6594 6722 6721
f 6594 6595 6723 6722
f 6595 6596 6724 6723
f 6596 6597 6725 6724
f 6597 6598 6726 6725
f 6598 6599 6727 6726
f 6599 6600 6728 6727
f 6600 6601 6729 6728
f 6601 6602 6730 6729
f 6602 6603 6731 6730
f 6603 6604 6732 6731
f 6604 6605 6733 6732
f 6605 6606 6734 6733
f 6606 6607 6735 6734
f 6607 6608 6736 6735
f 6608 6609 6737 6736
f 6609 6610 6738 6737
f 6610 6611 6739 6738
f 6611 6612 6740 6739
f 6612 6613 6741 6740
f 6613 6614 6742 6741
f 6614 6615 6743 6742
f 6615 6616 6744 6743
f 6616 6617 6745 6744
f 6617 6618 6746 6745
f 6618 6619 6747 6746
f 6619 6620 6748 6747
f 6620 6621 6749 6748
f 6621 6622 6750 6749
f 6622 6623 6751 6750
f 6623 6624 6752 6751
f 6624 6625 6753 6752
f 6625 6626 6754 6753
f 6626 6627 6755 6754
f 6627 6628 6756 6755
f 6628 6629 6757 6756
f 6629 6630 6758 6757
f 6630 6631 6759 6758
f 6631 6632 6760 6759
f 6632 6633 6761 6760
f 6633 6634 6762 6761
f 6634 6635 6763 6762
f 6635 6636 6764 6763
f 6636 6637 6765 6764
f 6637 6638 6766 6765
f 6638 6639 6767 6766
f 6639 6640 6768 6767
f 6640 6641 6769 6768
f 6641 6642 6770 6769
f 6642 6643 6771 6770
f 6643 6644 6772 6771
f 6644 6645 6773 6772
f 6645 6646 6774 6773
f 6646 6647 6775 6774
f 6647 6648 6776 6775
f 6648 6649 6777 6776
f 6649 6650 6778 6777
f 6650 6651 6779 6778
f 6651 6652 6780 6779
f 6652 6653 6781 6780
f 6653 6654 6782 6781
f 6654 6655 6783 6782
f 6655 6656 6784 6783
f 6657 6658 6786 6785
f 6658 6659 6787 6786
f 6659 6660 6788 6787
f 6660 6661 6789 6788
f 6661 6662 6790 6789
f 6662 6663 6791 6790
f 6663 6664 6792 6791
f 6664 6665 6793 6792
f 6665 6666 6794 6793
f 6666 6667 6795 6794
f 6667 6668 6796 6795
f 6668 6669 6797 6796
f 6669 6670 6798 6797
f 6670 6671 6799 6798
f 6671 6672 6800 6799
f 6672 6673 6801 6800
f 6673 6674 6802 6801
f 6674 6675 6803 6802
f 6675 6676 6804 6803
f 6676 6677 6805 6804
f 6677 6678 6806 6805
f 6678 6679 6807 6806
f 6679 6680 6808 6807
f 6680 6681 6809 6808
f 6681 6682 6810 6809
f 6682 6683 6811 6810
f 6683 6684 6812 6811
f 6684 6685 6813 6812
f 6685 6686 6814 6813
f 6686 6687 6815 6814
f 6687 6688 6816 6815
f 6688 6689 6817 6816
f 6689 6690 6818 6817
f 6690 6691 6819 6818
f 6691 6692 6820 6819
f 6692 6693 6821 6820
f 6693 6694 6822 6821
f 6694 6695 6823 6822
f 6695 6696 6824 6823
f 6696 6697 6825 6824
f 6697 6698 6826 6825
f 6698 6699 6827 6826
f 6699 6700 6828 6827
f 6700 6701 6829 6828
f 6701 6702 6830 6829
f 6702 6703 6831 6830
f 6703 6704 6832 6831
f 6704 6705 6833 6832
f 6705 6706 6834 6833
f 6706 6707 6835 6834
f 6707 6708 6836 6835
f 6708 6709 6837 6836
f 6709 6710 6838 6837
f 6710 6711 6839 6838
f 6711 6712 6840 6839
f 6712 6713 6841 6840
f 6713 6714 6842 6841
f 6714 6715 6843 6842
f 6715 6716 6844 6843
f 6716 6717 6845 6844
f 6717 6718 6846 6845
f 6718 6719 6847 6846
f 6719 6720 6848 6847
f 6720 6721 6849 6848
f 6721 6722 6850 6849
f 6722 6723 6851 6850
f 6723 6724 6852 6851
f 6724 6725 6853 6852
f 6725 6726 6854 6853
f 6726 6727 6855 6854
f 6727 6728 6856 6855
f 6728 6729 6857 6856
f 6729 6730 6858 6857
f 6730 6731 6859 6858
f 6731 6732 6860 6859
f 6732 6733 6861 6860
f 6733 6734 6862 6861
f 6734 6735 6863 6862
f 6735 6736 6864 6863
f 6736 6737 6865 6864
f 6737 6738 6866 6865
f 6738 6739 6867 6866
f 6739 6740 6868 6867
f 6740 6741 6869 6868
f 6741 6742 6870 6869
f 6742 6743 6871 6870
f 6743 6744 6872 6871
f 6744 6745 6873 6872
f 6745 6746 6874 6873
f 6746 6747 6875 6874
f 6747 6748 6876 6875
f 6748 6749 6877 6876
f 6749 6750 6878 6877
f 6750 6751 6879 6878
f 6751 6752 6880 6879
f 6752 6753 6881 6880
f 6753 6754 6882 6881
f 6754 6755 6883 6882
f 6755 6756 6884 6883
f 6756 6757 6885 6884
f 6757 6758 6886 6885
f 6758 6759 6887 6886
f 6759 6760 6888 6887
f 6760 6761 6889 6888
f 6761 6762 6890 6889
f 6762 6763 6891 6890
f 6763 6764 6892 6891
f 6764 6765 6893 6892
f 6765 6766 6894 6893
f 6766 6767 6895 6894
f 6767 6768 6896 6895
f 6768 6769 6897 6896
f 6769 6770 6898 6897
f 6770 6771 6899 6898
f 6771 6772 6900 6899
f 6772 6773 6901 6900
f 6773 6774 6902 6901
f 6774 6775 6903 6902
f 6775 6776 6904 6903
f 6776 6777 6905 6904
f 6777 6778 6906 6905
f 6778 6779 6907 6906
f 6779 6780 6908 6907
f 6780 6781 6909 6908
f 6781 6782 6910 6909
f 6782 6783 6911 6910
f 6783 6784 6912 6911
f 6785 6786 6914 6913
f 6786 6787 6915 6914
f 6787 6788 6916 6915
f 6788 6789 6917 6916
f 6789 6790 6918 6917
f 6790 6791 6919 6918
f 6791 6792 6920 6919
f 6792 6793 6921 6920
f 6793 6794 6922 6921
f 6794 6795 6923 6922
f 6795 6796 6924 6923
f 6796 6797 6925 6924
f 6797 6798 6926 6925
f 6798 6799 6927 6926
f 6799 6800 6928 6927
f 6800 6801 6929 6928
f 6801 6802 6930 6929
f 6802 6803 6931 6930
f 6803 6804 6932 6931
f 6804 6805 6933 6932
f 6805 6806 6934 6933
f 6806 6807 6935 6934
f 6807 6808 6936 6935
f 6808 6809 6937 6936
f 6809 6810 6938 6937
f 6810 6811 6939 6938
f 6811 6812 6940 6939
f 6812 6813 6941 6940
f 6813 6814 6942 6941
f 6814 6815 6943 6942
f 6815 6816 6944 6943
f 6816 6817 6945 6944
f 6817 6818 6946 6945
f 6818 6819 6947 6946
f 6819 6820 6948 6947
f 6820 6821 6949 6948
f 6821 6822 6950 6949
f 6822 6823 6951 6950
f 6823 6824 6952 6951
f 6824 6825 6953 6952
f 6825 6826 6954 6953
f 6826 6827 6955 6954
f 6827 6828 6956 6955
f 6828 6829 6957 6956
f 6829 6830 6958 6957
f 6830 6831 6959 6958
f 6831 6832 6960 6959
f 6832 6833 6961 6960
f 6833 6834 6962 6961
f 6834 6835 6963 6962
f 6835 6836 6964 6963
f 6836 6837 6965 6964
f 6837 6838 6966 6965
f 6838 6839 6967 6966
f 6839 6840 6968 6967
f 6840 6841 6969 6968
f 6841 6842 6970 6969
f 6842 6843 6971 6970
f 6843 6844 6972 6971
f 6844 6845 6973 6972
f 6845 6846 6974 6973
f 6846 6847 6975 6974
f 6847 6848 6976 6975
f 6848 6849 6977 6976
f 6849 6850 6978 6977
f 6850 6851 6979 6978
f 6851 6852 6980 6979
f 6852 6853 6981 6980
f 6853 6854 6982 6981
f 6854 6855 6983 6982
f 6855 6856 6984 6983
f 6856 6857 6985 6984
f 6857 6858 6986 6985
f 6858 6859 6987 6986
f 6859 6860 6988 6987
f 6860 6861 6989 6988
f 6861 6862 6990 6989
f 6862 6863 6991 6990
f 6863 6864 6992 6991
f 6864 6865 6993 6992
f 6865 6866 6994 6993
f 6866 6867 6995 6994
f 6867 6868 6996 6995
f 6868 6869 6997 6996
f 6869 6870 6998 6997
f 6870 6871 6999 6998
f 6871 6872 7000 6999
f 6872 6873 7001 7000
f 6873 6874 7002 7001
f 6874 6875 7003 7002
f 6875 6876 7004 7003
f 6876 6877 7005 7004
f 6877 6878 7006 7005
f 6878 6879 7007 7006
f 6879 6880 7008 7007
f 6880 6881 7009 7008
f 6881 6882 7010 7009
f 6882 6883 7011 7010
f 6883 6884 7012 7011
f 6884 6885 7013 7012
f 6885 6886 7014 7013
f 6886 6887 7015 7014
f 6887 6888 7016 7015
f 6888 6889 7017 7016
f 6889 6890 7018 7017
f 6890 6891 7019 7018
f 6891 6892 7020 7019
f 6892 6893 7021 7020
f 6893 6894 7022 7021
f 6894 6895 7023 7022
f 6895 6896 7024 7023
f 6896 6897 7025 7024
f 6897 6898 7026 7025
f 6898 6899 7027 7026
f 6899 6900 7028 7027
f 6900 6901 7029 7028
f 6901 6902 7030 7029
f 6902 6903 7031 7030
f 6903 6904 7032 7031
f 6904 6905 7033 7032
f 6905 6906 7034 7033
f 6906 6907 7035 7034
f 6907 6908 7036 7035
f 6908 6909 7037 7036
f 6909 6910 7038 7037
f 6910 6911 7039 7038
f 6911 6912 7040 7039
f 6913 6914 7042 7041
f 6914 6915 7043 7042
f 6915 6916 7044 7043
f 6916 6917 7045 7044
f 6917 6918 7046 7045
f 6918 6919 7047 7046
f 6919 6920 7048 7047
f 6920 6921 7049 7048
f 6921 6922 7050 7049
f 6922 6923 7051 7050
f 6923 6924 7052 7051
f 6924 6925 7053 7052
f 6925 6926 7054 7053
f 6926 6927 7055 7054
f 6927 6928 7056 7055
f 6928 6929 7057 7056
f 6929 6930 7058 7057
f 6930 6931 7059 7058
f 6931 6932 7060 7059
f 6932 6933 7061 7060
f 6933 6934 7062 7061
f 6934 6935 7063 7062
f 6935 6936 7064 7063
f 6936 6937 7065 7064
f 6937 6938 7066 7065
f 6938 6939 7067 7066
f 6939 6940 7068 7067
f 6940 6941 7069 7068
f 6941 6942 7070 7069
f 6942 6943 7071 7070
f 6943 6944 7072 7071
f 6944 6945 7073 7072
f 6945 6946 7074 7073
f 6946 6947 7075 7074
f 6947 6948 7076 7075
f 6948 6949 7077 7076
f 6949 6950 7078 7077
f 6950 6951 7079 7078
f 6951 6952 7080 7079
f 6952 6953 7081 7080
f 6953 6954 7082 7081
f 6954 6955 7083 7082
f 6955 6956 7084 7083
f 6956 6957 7085 7084
f 6957 6958 7086 7085
f 6958 6959 7087 7086
f 6959 6960 7088 7087
f 6960 6961 7089 7088
f 6961 6962 7090 7089
f 6962 6963 7091 7090
f 6963 6964 7092 7091
f 6964 6965 7093 7092
f 6965 6966 7094 7093
f 6966 6967 7095 7094
f 6967 6968 7096 7095
f 6968 6969 7097 7096
f 6969 6970 7098 7097
f 6970 6971 7099 7098
f 6971 6972 7100 7099
f 6972 6973 7101 7100
f 6973 6974 7102 7101
f 6974 6975 7103 7102
f 6975 6976 7104 7103
f 6976 6977 7105 7104
f 6977 6978 7106 7105
f 6978 6979 7107 7106
f 6979 6980 7108 7107
f 6980 6981 7109 7108
f 6981 6982 7110 7109
f 6982 6983 7111 7110
f 6983 6984 7112 7111
f 6984 6985 7113 7112
f 6985 6986 7114 7113
f 6986 6987 7115 7114
f 6987 6988 7116 7115
f 6988 6989 7117 7116
f 6989 6990 7118 7117
f 6990 6991 7119 7118
f 6991 6992 7120 7119
f 6992 6993 7121 7120
f 6993 6994 7122 7121
f 6994 6995 7123 7122
f 6995 6996 7124 7123
f 6996 6997 7125 7124
f 6997 6998 7126 7125
f 6998 6999 7127 7126
f 6999 7000 7128 7127
f 7000 7001 7129 7128
f 7001 7002 7130 7129
f 7002 7003 7131 7130
f 7003 7004 7132 7131
f 7004 7005 7133 7132
f 7005 7006 7134 7133
f 7006 7007 7135 7134
f 7007 7008 7136 7135
f 7008 7009 7137 7136
f 7009 7010 7138 7137
f 7010 7011 7139 7138
f 7011 7012 7140 7139
f 7012 7013 7141 7140
f 7013 7014 7142 7141
f 7014 7015 7143 7142
f 7015 7016 7144 7143
f 7016 7017 7145 7144
f 7017 7018 7146 7145
f 7018 7019 7147 7146
f 7019 7020 7148 7147
f 7020 7021 7149 7148
f 7021 7022 7150 7149
f 7022 7023 7151 7150
f 7023 7024 7152 7151
f 7024 7025 7153 7152
f 7025 7026 7154 7153
f 7026 7027 7155 7154
f 7027 7028 7156 7155
f 7028 7029 7157 7156
f 7029 7030 7158 7157
f 7030 7031 7159 7158
f 7031 7032 7160 7159
f 7032 7033 7161 7160
f 7033 7034 7162 7161
f 7034 7035 7163 7162
f 7035 7036 7164 7163
f 7036 7037 7165 7164
f 7037 7038 7166 7165
f 7038 7039 7167 7166
f 7039 7040 7168 7167
f 7041 7042 7170 7169
f 7042 7043 7171 7170
f 7043 7044 7172 7171
f 7044 7045 7173 7172
f 7045 7046 7174 7173
f 7046 7047 7175 7174
f 7047 7048 7176 7175
f 7048 7049 7177 7176
f 7049 7050 7178 7177
f 7050 7051 7179 7178
f 7051 7052 7180 7179
f 7052 7053 7181 7180
f 7053 7054 7182 7181
f 7054 7055 7183 7182
f 7055 7056 7184 7183
f 7056 7057 7185 7184
f 7057 7058 7186 7185
f 7058 7059 7187 7186
f 7059 7060 7188 7187
f 7060 7061 7189 7188
f 7061 7062 7190 7189
f 7062 7063 7191 7190
f 7063 7064 7192 7191
f 7064 7065 7193 7192
f 7065 7066 7194 7193
f 7066 7067 7195 7194
f 7067 7068 7196 7195
f 7068 7069 7197 7196
f 7069 7070 7198 7197
f 7070 7071 7199 7198
f 7071 7072 7200 7199
f 7072 7073 7201 7200
f 7073 7074 7202 7201
f 7074 7075 7203 7202
f 7075 7076 7204 7203
f 7076 7077 7205 7204
f 7077 7078 7206 7205
f 7078 7079 7207 7206
f 7079 7080 7208 7207
f 7080 7081 7209 7208
f 7081 7082 7210 7209
f 7082 7083 7211 7210
f 7083 7084 7212 7211
f 7084 7085 7213 7212
f 7085 7086 7214 7213
f 7086 7087 7215 7214
f 7087 7088 7216 7215
f 7088 7089 7217 7216
f 7089 7090 7218 7217
f 7090 7091 7219 7218
f 7091 7092 7220 7219
f 7092 7093 7221 7220
f 7093 7094 7222 7221
f 7094 7095 7223 7222
f 7095 7096 7224 7223
f 7096 7097 7225 7224
f 7097 7098 7226 7225
f 7098 7099 7227 7226
f 7099 7100 7228 7227
f 7100 7101 7229 7228
f 7101 7102 7230 7229
f 7102 7103 7231 7230
f 7103 7104 7232 7231
f 7104 7105 7233 7232
f 7105 7106 7234 7233
f 7106 7107 7235 7234
f 7107 7108 7236 7235
f 7108 7109 7237 7236
f 7109 7110 7238 7237
f 7110 7111 7239 7238
f 7111 7112 7240 7239
f 7112 7113 7241 7240
f 7113 7114 7242 7241
f 7114 7115 7243 7242
f 7115 7116 7244 7243
f 7116 7117 7245 7244
f 7117 7118 7246 7245
f 7118 7119 7247 7246
f 7119 7120 7248 7247
f 7120 7121 7249 7248
f 7121 7122 7250 7249
f 7122 7123 7251 7250
f 7123 7124 7252 7251
f 7124 7125 7253 7252
f 7125 7126 7254 7253
f 7126 7127 7255 7254
f 7127 7128 7256 7255
f 7128 7129 7257 7256
f 7129 7130 7258 7257
f 7130 7131 7259 7258
f 7131 7132 7260 7259
f 7132 7133 7261 7260
f 7133 7134 7262 7261
f 7134 7135 7263 7262
f 7135 7136 7264 7263
f 7136 7137 7265 7264
f 7137 7138 7266 7265
f 7138 7139 7267 7266
f 7139 7140 7268 7267
f 7140 7141 7269 7268
f 7141 7142 7270 7269
f 7142 7143 7271 7270
f 7143 7144 7272 7271
f 7144 7145 7273 7272
f 7145 7146 7274 7273
f 7146 7147 7275 7274
f 7147 7148 7276 7275
f 7148 7149 7277 7276
f 7149 7150 7278 7277
f 7150 7151 7279 7278
f 7151 7152 7280 7279
f 7152 7153 7281 7280
f 7153 7154 7282 7281
f 7154 7155 7283 7282
f 7155 7156 7284 7283
f 7156 7157 7285 7284
f 7157 7158 7286 7285
f 7158 7159 7287 7286
f 7159 7160 7288 7287
f 7160 7161 7289 7288
f 7161 7162 7290 7289
f 7162 7163 7291 7290
f 7163 7164 7292 7291
f 7164 7165 7293 7292
f 7165 7166 7294 7293
f 7166 7167 7295 7294
f 7167 7168 7296 7295
f 7169 7170 7298 7297
f 7170 7171 7299 7298
f 7171 7172 7300 7299
f 7172 7173 7301 7300
f 7173 7174 7302 7301
f 7174 7175 7303 7302
f 7175 7176 7304 7303
f 7176 7177 7305 7304
f 7177 7178 7306 7305
f 7178 7179 7307 7306
f 7179 7180 7308 7307
f 7180 7181 7309 7308
f 7181 7182 7310 7309
f 7182 7183 7311 7310
f 7183 7184 7312 7311
f 7184 7185 7313 7312
f 7185 7186 7314 7313
f 7186 7187 7315 7314
f 7187 7188 7316 7315
f 7188 7189 7317 7316
f 7189 7190 7318 7317
f 7190 7191 7319 7318
f 7191 7192 7320 7319
f 7192 7193 7321 7320
f 7193 7194 7322 7321
f 7194 7195 7323 7322
f 7195 7196 7324 7323
f 7196 7197 7325 7324
f 7197 7198 7326 7325
f 7198 7199 7327 7326
f 7199 7200 7328 7327
f 7200 7201 7329 7328
f 7201 7202 7330 7329
f 7202 7203 7331 7330
f 7203 7204 7332 7331
f 7204 7205 7333 7332
f 7205 7206 7334 7333
f 7206 7207 7335 7334
f 7207 7208 7336 7335
f 7208 7209 7337 7336
f 7209 7210 7338 7337
f 7210 7211 7339 7338
f 7211 7212 7340 7339
f 7212 7213 7341 7340
f 7213 7214 7342 7341
f 7214 7215 7343 7342
f 7215 7216 7344 7343
f 7216 7217 7345 7344
f 7217 7218 7346 7345
f 7218 7219 7347 7346
f 7219 7220 7348 7347
f 7220 7221 7349 7348
f 7221 7222 7350 7349
f 7222 7223 7351 7350
f 7223 7224 7352 7351
f 7224 7225 7353 7352
f 7225 7226 7354 7353
f 7226 7227 7355 7354
f 7227 7228 7356 7355
f 7228 7229 7357 7356
f 7229 7230 7358 7357
f 7230 7231 7359 7358
f 7231 7232 7360 7359
f 7232 7233 7361 7360
f 7233 7234 7362 7361
f 7234 7235 7363 7362
f 7235 7236 7364 7363
f 7236 7237 7365 7364
f 7237 7238 7366 7365
f 7238 7239 7367 7366
f 7239 7240 7368 7367
f 7240 7241 7369 7368
f 7241 7242 7370 7369
f 7242 7243 7371 7370
f 7243 7244 7372 7371
f 7244 7245 7373 7372
f 7245 7246 7374 7373
f 7246 7247 7375 7374
f 7247 7248 7376 7375
f 7248 7249 7377 7376
f 7249 7250 7378 7377
f 7250 7251 7379 7378
f 7251 7252 7380 7379
f 7252 7253 7381 7380
f 7253 7254 7382 7381
f 7254 7255 7383 7382
f 7255 7256 7384 7383
f 7256 7257 7385 7384
f 7257 7258 7386 7385
f 7258 7259 7387 7386
f 7259 7260 7388 7387
f 7260 7261 7389 7388
f 7261 7262 7390 7389
f 7262 7263 7391 7390
f 7263 7264 7392 7391
f 7264 7265 7393 7392
f 7265 7266 7394 7393
f 7266 7267 7395 7394
f 7267 7268 7396 7395
f 7268 7269 7397 7396
f 7269 7270 7398 7397
f 7270 7271 7399 7398
f 7271 7272 7400 7399
f 7272 7273 7401 7400
f 7273 7274 7402 7401
f 7274 7275 7403 7402
f 7275 7276 7404 7403
f 7276 7277 7405 7404
f 7277 7278 7406 7405
f 7278 7279 7407 7406
f 7279 7280 7408 7407
f 7280 7281 7409 7408
f 7281 7282 7410 7409
f 7282 7283 7411 7410
f 7283 7284 7412 7411
f 7284 7285 7413 7412
f 7285 7286 7414 7413
f 7286 7287 7415 7414
f 7287 7288 7416 7415
f 7288 7289 7417 7416
f 7289 7290 7418 7417
f 7290 7291 7419 7418
f 7291 7292 7420 7419
f 7292 7293 7421 7420
f 7293 7294 7422 7421
f 7294 7295 7423 7422
f 7295 7296 7424 7423
f 7297 7298 7426 7425
f 7298 7299 7427 7426
f 7299 7300 7428 7427
f 7300 7301 7429 7428
f 7301 7302 7430 7429
f 7302 7303 7431 7430
f 7303 7304 7432 7431
f 7304 7305 7433 7432
f 7305 7306 7434 7433
f 7306 7307 7435 7434
f 7307 7308 7436 7435
f 7308 7309 7437 7436
f 7309 7310 7438 7437
f 7310 7311 7439 7438
f 7311 7312 7440 7439
f 7312 7313 7441 7440
f 7313 7314 7442 7441
f 7314 7315 7443 7442
f 7315 7316 7444 7443
f 7316 7317 7445 7444
f 7317 7318 7446 7445
f 7318 7319 7447 7446
f 7319 7320 7448 7447
f 7320 7321 7449 7448
f 7321 7322 7450 7449
f 7322 7323 7451 7450
f 7323 7324 7452 7451
f 7324 7325 7453 7452
f 7325 7326 7454 7453
f 7326 7327 7455 7454
f 7327 7328 7456 7455
f 7328 7329 7457 7456
f 7329 7330 7458 7457
f 7330 7331 7459 7458
f 7331 7332 7460 7459
f 7332 7333 7461 7460
f 7333 7334 7462 7461
f 7334 7335 7463 7462
f 7335 7336 7464 7463
f 7336 7337 7465 7464
f 7337 7338 7466 7465
f 7338 7339 7467 7466
f 7339 7340 7468 7467
f 7340 7341 7469 7468
f 7341 7342 7470 7469
f 7342 7343 7471 7470
f 7343 7344 7472 7471
f 7344 7345 7473 7472
f 7345 7346 7474 7473
f 7346 7347 7475 7474
f 7347 7348 7476 7475
f 7348 7349 7477 7476
f 7349 7350 7478 7477
f 7350 7351 7479 7478
f 7351 7352 7480 7479
f 7352 7353 7481 7480
f 7353 7354 7482 7481
f 7354 7355 7483 7482
f 7355 7356 7484 7483
f 7356 7357 7485 7484
f 7357 7358 7486 7485
f 7358 7359 7487 7486
f 7359 7360 7488 7487
f 7360 7361 7489 7488
f 7361 7362 7490 7489
f 7362 7363 7491 7490
f 7363 7364 7492 7491
f 7364 7365 7493 7492
f 7365 7366 7494 7493
f 7366 7367 7495 7494
f 7367 7368 7496 7495
f 7368 7369 7497 7496
f 7369 7370 7498 7497
f 7370 7371 7499 7498
f 7371 7372 7500 7499
f 7372 7373 7501 7500
f 7373 7374 7502 7501
f 7374 7375 7503 7502
f 7375 7376 7504 7503
f 7376 7377 7505 7504
f 7377 7378 7506 7505
f 7378 7379 7507 7506
f 7379 7380 7508 7507
f 7380 7381 7509 7508
f 7381 7382 7510 7509
f 7382 7383 7511 7510
f 7383 7384 7512 7511
f 7384 7385 7513 7512
f 7385 7386 7514 7513
f 7386 7387 7515 7514
f 7387 7388 7516 7515
f 7388 7389 7517 7516
f 7389 7390 7518 7517
f 7390 7391 7519 7518
f 7391 7392 7520 7519
f 7392 7393 7521 7520
f 7393 7394 7522 7521
f 7394 7395 7523 7522
f 7395 7396 7524 7523
f 7396 7397 7525 7524
f 7397 7398 7526 7525
f 7398 7399 7527 7526
f 7399 7400 7528 7527
f 7400 7401 7529 7528
f 7401 7402 7530 7529
f 7402 7403 7531 7530
f 7403 7404 7532 7531
f 7404 7405 7533 7532
f 7405 7406 7534 7533
f 7406 7407 7535 7534
f 7407 7408 7536 7535
f 7408 7409 7537 7536
f 7409 7410 7538 7537
f 7410 7411 7539 7538
f 7411 7412 7540 7539
f 7412 7413 7541 7540
f 7413 7414 7542 7541
f 7414 7415 7543 7542
f 7415 7416 7544 7543
f 7416 7417 7545 7544
f 7417 7418 7546 7545
f 7418 7419 7547 7546
f 7419 7420 7548 7547
f 7420 7421 7549 7548
f 7421 7422 7550 7549
f 7422 7423 7551 7550
f 7423 7424 7552 7551
f 7425 7426 7554 7553
f 7426 7427 7555 7554
f 7427 7428 7556 7555
f 7428 7429 7557 7556
f 7429 7430 7558 7557
f 7430 7431 7559 7558
f 7431 7432 7560 7559
f 7432 7433 7561 7560
f 7433 7434 7562 7561
f 7434 7435 7563 7562
f 7435 7436 7564 7563
f 7436 7437 7565 7564
f 7437 7438 7566 7565
f 7438 7439 7567 7566
f 7439 7440 7568 7567
f 7440 7441 7569 7568
f 7441 7442 7570 7569
f 7442 7443 7571 7570
f 7443 7444 7572 7571
f 7444 7445 7573 7572
f 7445 7446 7574 7573
f 7446 7447 7575 7574
f 7447 7448 7576 7575
f 7448 7449 7577 7576
f 7449 7450 7578 7577
f 7450 7451 7579 7578
f 7451 7452 7580 7579
f 7452 7453 7581 7580
f 7453 7454 7582 7581
f 7454 7455 7583 7582
f 7455 7456 7584 7583
f 7456 7457 7585 7584
f 7457 7458 7586 7585
f 7458 7459 7587 7586
f 7459 7460 7588 7587
f 7460 7461 7589 7588
f 7461 7462 7590 7589
f 7462 7463 7591 7590
f 7463 7464 7592 7591
f 7464 7465 7593 7592
f 7465 7466 7594 7593
f 7466 7467 7595 7594
f 7467 7468 7596 7595
f 7468 7469 7597 7596
f 7469 7470 7598 7597
f 7470 7471 7599 7598
f 7471 7472 7600 7599
f 7472 7473 7601 7600
f 7473 7474 7602 7601
f 7474 7475 7603 7602
f 7475 7476 7604 7603
f 7476 7477 7605 7604
f 7477 7478 7606 7605
f 7478 7479 7607 7606
f 7479 7480 7608 7607
f 7480 7481 7609 7608
f 7481 7482 7610 7609
f 7482 7483 7611 7610
f 7483 7484 7612 7611
f 7484 7485 7613 7612
f 7485 7486 7614 7613
f 7486 7487 7615 7614
f 7487 7488 7616 7615
f 7488 7489 7617 7616
f 7489 7490 7618 7617
f 7490 7491 7619 7618
f 7491 7492 7620 7619
f 7492 7493 7621 7620
f 7493 7494 7622 7621
f 7494 7495 7623 7622
f 7495 7496 7624 7623
f 7496 7497 7625 7624
f 7497 7498 7626 7625
f 7498 7499 7627 7626
f 7499 7500 7628 7627
f 7500 7501 7629 7628
f 7501 7502 7630 7629
f 7502 7503 7631 7630
f 7503 7504 7632 7631
f 7504 7505 7633 7632
f 7505 7506 7634 7633
f 7506 7507 7635 7634
f 7507 7508 7636 7635
f 7508 7509 7637 7636
f 7509 7510 7638 7637
f 7510 7511 7639 7638
f 7511 7512 7640 7639
f 7512 7513 7641 7640
f 7513 7514 7642 7641
f 7514 7515 7643 7642
f 7515 7516 7644 7643
f 7516 7517 7645 7644
f 7517 7518 7646 7645
f 7518 7519 7647 7646
f 7519 7520 7648 7647
f 7520 7521 7649 7648
f 7521 7522 7650 7649
f 7522 7523 7651 7650
f 7523 7524 7652 7651
f 7524 7525 7653 7652
f 7525 7526 7654 7653
f 7526 7527 7655 7654
f 7527 7528 7656 7655
f 7528 7529 7657 7656
f 7529 7530 7658 7657
f 7530 7531 7659 7658
f 7531 7532 7660 7659
f 7532 7533 7661 7660
f 7533 7534 7662 7661
f 7534 7535 7663 7662
f 7535 7536 7664 7663
f 7536 7537 7665 7664
f 7537 7538 7666 7665
f 7538 7539 7667 7666
f 7539 7540 7668 7667
f 7540 7541 7669 7668
f 7541 7542 7670 7669
f 7542 7543 7671 7670
f 7543 7544 7672 7671
f 7544 7545 7673 7672
f 7545 7546 7674 7673
f 7546 7547 7675 7674
f 7547 7548 7676 7675
f 7548 7549 7677 7676
f 7549 7550 7678 7677
f 7550 7551 7679 7678
f 7551 7552 7680 7679
f 7553 7554 7682 7681
f 7554 7555 7683 7682
f 7555 7556 7684 7683
f 7556 7557 7685 7684
f 7557 7558 7686 7685
f 7558 7559 7687 7686
f 7559 7560 7688 7687
f 7560 7561 7689 7688
f 7561 7562 7690 7689
f 7562 7563 7691 7690
f 7563 7564 7692 7691
f 7564 7565 7693 7692
f 7565 7566 7694 7693
f 7566 7567 7695 7694
f 7567 7568 7696 7695
f 7568 7569 7697 7696
f 7569 7570 7698 7697
f 7570 7571 7699 7698
f 7571 7572 7700 7699
f 7572 7573 7701 7700
f 7573 7574 7702 7701
f 7574 7575 7703 7702
f 7575 7576 7704 7703
f 7576 7577 7705 7704
f 7577 7578 7706 7705
f 7578 7579 7707 7706
f 7579 7580 7708 7707
f 7580 7581 7709 7708
f 7581 7582 7710 7709
f 7582 7583 7711 7710
f 7583 7584 7712 7711
f 7584 7585 7713 7712
f 7585 7586 7714 7713
f 7586 7587 7715 7714
f 7587 7588 7716 7715
f 7588 7589 7717 7716
f 7589 7590 7718 7717
f 7590 7591 7719 7718
f 7591 7592 7720 7719
f 7592 7593 7721 7720
f 7593 7594 7722 7721
f 7594 7595 7723 7722
f 7595 7596 7724 7723
f 7596 7597 7725 7724
f 7597 7598 7726 7725
f 7598 7599 7727 7726
f 7599 7600 7728 7727
f 7600 7601 7729 7728
f 7601 7602 7730 7729
f 7602 7603 7731 7730
f 7603 7604 7732 7731
f 7604 7605 7733 7732
f 7605 7606 7734 7733
f 7606 7607 7735 7734
f 7607 7608 7736 7735
f 7608 7609 7737 7736
f 7609 7610 7738 7737
f 7610 7611 7739 7738
f 7611 7612 7740 7739
f 7612 7613 7741 7740
f 7613 7614 7742 7741
f 7614 7615 7743 7742
f 7615 7616 7744 7743
f 7616 7617 7745 7744
f 7617 7618 7746 7745
f 7618 7619 7747 7746
f 7619 7620 7748 7747
f 7620 7621 7749 7748
f 7621 7622 7750 7749
f 7622 7623 7751 7750
f 7623 7624 7752 7751
f 7624 7625 7753 7752
f 7625 7626 7754 7753
f 7626 7627 7755 7754
f 7627 7628 7756 7755
f 7628 7629 7757 7756
f 7629 7630 7758 7757
f 7630 7631 7759 7758
f 7631 7632 7760 7759
f 7632 7633 7761 7760
f 7633 7634 7762 7761
f 7634 7635 7763 7762
f 7635 7636 7764 7763
f 7636 7637 7765 7764
f 7637 7638 7766 7765
f 7638 7639 7767 7766
f 7639 7640 7768 7767
f 7640 7641 7769 7768
f 7641 7642 7770 7769
f 7642 7643 7771 7770
f 7643 7644 7772 7771
f 7644 7645 7773 7772
f 7645 7646 7774 7773
f 7646 7647 7775 7774
f 7647 7648 7776 7775
f 7648 7649 7777 7776
f 7649 7650 7778 7777
f 7650 7651 7779 7778
f 7651 7652 7780 7779
f 7652 7653 7781 7780
f 7653 7654 7782 7781
f 7654 7655 7783 7782
f 7655 7656 7784 7783
f 7656 7657 7785 7784
f 7657 7658 7786 7785
f 7658 7659 7787 7786
f 7659 7660 7788 7787
f 7660 7661 7789 7788
f 7661 7662 7790 7789
f 7662 7663 7791 7790
f 7663 7664 7792 7791
f 7664 7665 7793 7792
f 7665 7666 7794 7793
f 7666 7667 7795 7794
f 7667 7668 7796 7795
f 7668 7669 7797 7796
f 7669 7670 7798 7797
f 7670 7671 7799 7798
f 7671 7672 7800 7799
f 7672 7673 7801 7800
f 7673 7674 7802 7801
f 7674 7675 7803 7802
f 7675 7676 7804 7803
f 7676 7677 7805 7804
f 7677 7678 7806 7805
f 7678 7679 7807 7806
f 7679 7680 7808 7807
f 7681 7682 7810 7809
f 7682 7683 7811 7810
f 7683 7684 7812 7811
f 7684 7685 7813 7812
f 7685 7686 7814 7813
f 7686 7687 7815 7814
f 7687 7688 7816 7815
f 7688 7689 7817 7816
f 7689 7690 7818 7817
f 7690 7691 7819 7818
f 7691 7692 7820 7819
f 7692 7693 7821 7820
f 7693 7694 7822 7821
f 7694 7695 7823 7822
f 7695 7696 7824 7823
f 7696 7697 7825 7824
f 7697 7698 7826 7825
f 7698 7699 7827 7826
f 7699 7700 7828 7827
f 7700 7701 7829 7828
f 7701 7702 7830 7829
f 7702 7703 7831 7830
f 7703 7704 7832 7831
f 7704 7705 7833 7832
f 7705 7706 7834 7833
f 7706 7707 7835 7834
f 7707 7708 7836 7835
f 7708 7709 7837 7836
f 7709 7710 7838 7837
f 7710 7711 7839 7838
f 7711 7712 7840 7839
f 7712 7713 7841 7840
f 7713 7714 7842 7841
f 7714 7715 7843 7842
f 7715 7716 7844 7843
f 7716 7717 7845 7844
f 7717 7718 7846 7845
f 7718 7719 7847 7846
f 7719 7720 7848 7847
f 7720 7721 7849 7848
f 7721 7722 7850 7849
f 7722 7723 7851 7850
f 7723 7724 7852 7851
f 7724 7725 7853 7852
f 7725 7726 7854 7853
f 7726 7727 7855 7854
f 7727 7728 7856 7855
f 7728 7729 7857 7856
f 7729 7730 7858 7857
f 7730 7731 7859 7858
f 7731 7732 7860 7859
f 7732 7733 7861 7860
f 7733 7734 7862 7861
f 7734 7735 7863 7862
f 7735 7736 7864 7863
f 7736 7737 7865 7864
f 7737 7738 7866 7865
f 7738 7739 7867 7866
f 7739 7740 7868 7867
f 7740 7741 7869 7868
f 7741 7742 7870 7869
f 7742 7743 7871 7870
f 7743 7744 7872 7871
f 7744 7745 7873 7872
f 7745 7746 7874 7873
f 7746 7747 7875 7874
f 7747 7748 7876 7875
f 7748 7749 7877 7876
f 7749 7750 7878 7877
f 7750 7751 7879 7878
f 7751 7752 7880 7879
f 7752 7753 7881 7880
f 7753 7754 7882 7881
f 7754 7755 7883 7882
f 7755 7756 7884 7883
f 7756 7757 7885 7884
f 7757 7758 7886 7885
f 7758 7759 7887 7886
f 7759 7760 7888 7887
f 7760 7761 7889 7888
f 7761 7762 7890 7889
f 7762 7763 7891 7890
f 7763 7764 7892 7891
f 7764 7765 7893 7892
f 7765 7766 7894 7893
f 7766 7767 7895 7894
f 7767 7768 7896 7895
f 7768 7769 7897 7896
f 7769 7770 7898 7897
f 7770 7771 7899 7898
f 7771 7772 7900 7899
f 7772 7773 7901 7900
f 7773 7774 7902 7901
f 7774 7775 7903 7902
f 7775 7776 7904 7903
f 7776 7777 7905 7904
f 7777 7778 7906 7905
f 7778 7779 7907 7906
f 7779 7780 7908 7907
f 7780 7781 7909 7908
f 7781 7782 7910 7909
f 7782 7783 7911 7910
f 7783 7784 7912 7911
f 7784 7785 7913 7912
f 7785 7786 7914 7913
f 7786 7787 7915 7914
f 7787 7788 7916 7915
f 7788 7789 7917 7916
f 7789 7790 7918 7917
f 7790 7791 7919 7918
f 7791 7792 7920 7919
f 7792 7793 7921 7920
f 7793 7794 7922 7921
f 7794 7795 7923 7922
f 7795 7796 7924 7923
f 7796 7797 7925 7924
f 7797 7798 7926 7925
f 7798 7799 7927 7926
f 7799 7800 7928 7927
f 7800 7801 7929 7928
f 7801 7802 7930 7929
f 7802 7803 7931 7930
f 7803 7804 7932 7931
f 7804 7805 7933 7932
f 7805 7806 7934 7933
f 7806 7807 7935 7934
f 7807 7808 7936 7935
f 7809 7810 7938 7937
f 7810 7811 7939 7938
f 7811 7812 7940 7939
f 7812 7813 7941 7940
f 7813 7814 7942 7941
f 7814 7815 7943 7942
f 7815 7816 7944 7943
f 7816 7817 7945 7944
f 7817 7818 7946 7945
f 7818 7819 7947 7946
f 7819 7820 7948 7947
f 7820 7821 7949 7948
f 7821 7822 7950 7949
f 7822 7823 7951 7950
f 7823 7824 7952 7951
f 7824 7825 7953 7952
f 7825 7826 7954 7953
f 7826 7827 7955 7954
f 7827 7828 7956 7955
f 7828 7829 7957 7956
f 7829 7830 7958 7957
f 7830 7831 7959 7958
f 7831 7832 7960 7959
f 7832 7833 7961 7960
f 7833 7834 7962 7961
f 7834 7835 7963 7962
f 7835 7836 7964 7963
f 7836 7837 7965 7964
f 7837 7838 7966 7965
f 7838 7839 7967 7966
f 7839 7840 7968 7967
f 7840 7841 7969 7968
f 7841 7842 7970 7969
f 7842 7843 7971 7970
f 7843 7844 7972 7971
f 7844 7845 7973 7972
f 7845 7846 7974 7973
f 7846 7847 7975 7974
f 7847 7848 7976 7975
f 7848 7849 7977 7976
f 7849 7850 7978 7977
f 7850 7851 7979 7978
f 7851 7852 7980 7979
f 7852 7853 7981 7980
f 7853 7854 7982 7981
f 7854 7855 7983 7982
f 7855 7856 7984 7983
f 7856 7857 7985 7984
f 7857 7858 7986 7985
f 7858 7859 7987 7986
f 7859 7860 7988 7987
f 7860 7861 7989 7988
f 7861 7862 7990 7989
f 7862 7863 7991 7990
f 7863 7864 7992 7991
f 7864 7865 7993 7992
f 7865 7866 7994 7993
f 7866 7867 7995 7994
f 7867 7868 7996 7995
f 7868 7869 7997 7996
f 7869 7870 7998 7997
f 7870 7871 7999 7998
f 7871 7872 8000 7999
f 7872 7873 8001 8000
f 7873 7874 8002 8001
f 7874 7875 8003 8002
f 7875 7876 8004 8003
f 7876 7877 8005 8004
f 7877 7878 8006 8005
f 7878 7879 8007 8006
f 7879 7880 8008 8007
f 7880 7881 8009 8008
f 7881 7882 8010 8009
f 7882 7883 8011 8010
f 7883 7884 8012 8011
f 7884 7885 8013 8012
f 7885 7886 8014 8013
f 7886 7887 8015 8014
f 7887 7888 8016 8015
f 7888 7889 8017 8016
f 7889 7890 8018 8017
f 7890 7891 8019 8018
f 7891 7892 8020 8019
f 7892 7893 8021 8020
f 7893 7894 8022 8021
f 7894 7895 8023 8022
f 7895 7896 8024 8023
f 7896 7897 8025 8024
f 7897 7898 8026 8025
f 7898 7899 8027 8026
f 7899 7900 8028 8027
f 7900 7901 8029 8028
f 7901 7902 8030 8029
f 7902 7903 8031 8030
f 7903 7904 8032 8031
f 7904 7905 8033 8032
f 7905 7906 8034 8033
f 7906 7907 8035 8034
f 7907 7908 8036 8035
f 7908 7909 8037 8036
f 7909 7910 8038 8037
f 7910 7911 8039 8038
f 7911 7912 8040 8039
f 7912 7913 8041 8040
f 7913 7914 8042 8041
f 7914 7915 8043 8042
f 7915 7916 8044 8043
f 7916 7917 8045 8044
f 7917 7918 8046 8045
f 7918 7919 8047 8046
f 7919 7920 8048 8047
f 7920 7921 8049 8048
f 7921 7922 8050 8049
f 7922 7923 8051 8050
f 7923 7924 8052 8051
f 7924 7925 8053 8052
f 7925 7926 8054 8053
f 7926 7927 8055 8054
f 7927 7928 8056 8055
f 7928 7929 8057 8056
f 7929 7930 8058 8057
f 7930 7931 8059 8058
f 7931 7932 8060 8059
f 7932 7933 8061 8060
f 7933 7934 8062 8061
f 7934 7935 8063 8062
f 7935 7936 8064 8063
f 7937 7938 8066 8065
f 7938 7939 8067 8066
f 7939 7940 8068 8067
f 7940 7941 8069 8068
f 7941 7942 8070 8069
f 7942 7943 8071 8070
f 7943 7944 8072 8071
f 7944 7945 8073 8072
f 7945 7946 8074 8073
f 7946 7947 8075 8074
f 7947 7948 8076 8075
f 7948 7949 8077 8076
f 7949 7950 8078 8077
f 7950 7951 8079 8078
f 7951 7952 8080 8079
f 7952 7953 8081 8080
f 7953 7954 8082 8081
f 7954 7955 8083 8082
f 7955 7956 8084 8083
f 7956 7957 8085 8084
f 7957 7958 8086 8085
f 7958 7959 8087 8086
f 7959 7960 8088 8087
f 7960 7961 8089 8088
f 7961 7962 8090 8089
f 7962 7963 8091 8090
f 7963 7964 8092 8091
f 7964 7965 8093 8092
f 7965 7966 8094 8093
f 7966 7967 8095 8094
f 7967 7968 8096 8095
f 7968 7969 8097 8096
f 7969 7970 8098 8097
f 7970 7971 8099 8098
f 7971 7972 8100 8099
f 7972 7973 8101 8100
f 7973 7974 8102 8101
f 7974 7975 8103 8102
f 7975 7976 8104 8103
f 7976 7977 8105 8104
f 7977 7978 8106 8105
f 7978 7979 8107 8106
f 7979 7980 8108 8107
f 7980 7981 8109 8108
f 7981 7982 8110 8109
f 7982 7983 8111 8110
f 7983 7984 8112 8111
f 7984 7985 8113 8112
f 7985 7986 8114 8113
f 7986 7987 8115 8114
f 7987 7988 8116 8115
f 7988 7989 8117 8116
f 7989 7990 8118 8117
f 7990 7991 8119 8118
f 7991 7992 8120 8119
f 7992 7993 8121 8120
f 7993 7994 8122 8121
f 7994 7995 8123 8122
f 7995 7996 8124 8123
f 7996 7997 8125 8124
f 7997 7998 8126 8125
f 7998 7999 8127 8126
f 7999 8000 8128 8127
f 8000 8001 8129 8128
f 8001 8002 8130 8129
f 8002 8003 8131 8130
f 8003 8004 8132 8131
f 8004 8005 8133 8132
f 8005 8006 8134 8133
f 8006 8007 8135 8134
f 8007 8008 8136 8135
f 8008 8009 8137 8136
f 8009 8010 8138 8137
f 8010 8011 8139 8138
f 8011 8012 8140 8139
f 8012 8013 8141 8140
f 8013 8014 8142 8141
f 8014 8015 8143 8142
f 8015 8016 8144 8143
f 8016 8017 8145 8144
f 8017 8018 8146 8145
f 8018 8019 8147 8146
f 8019 8020 8148 8147
f 8020 8021 8149 8148
f 8021 8022 8150 8149
f 8022 8023 8151 8150
f 8023 8024 8152 8151
f 8024 8025 8153 8152
f 8025 8026 8154 8153
f 8026 8027 8155 8154
f 8027 8028 8156 8155
f 8028 8029 8157 8156
f 8029 8030 8158 8157
f 8030 8031 8159 8158
f 8031 8032 8160 8159
f 8032 8033 8161 8160
f 8033 8034 8162 8161
f 8034 8035 8163 8162
f 8035 8036 8164 8163
f 8036 8037 8165 8164
f 8037 8038 8166 8165
f 8038 8039 8167 8166
f 8039 8040 8168 8167
f 8040 8041 8169 8168
f 8041 8042 8170 8169
f 8042 8043 8171 8170
f 8043 8044 8172 8171
f 8044 8045 8173 8172
f 8045 8046 8174 8173
f 8046 8047 8175 8174
f 8047 8048 8176 8175
f 8048 8049 8177 8176
f 8049 8050 8178 8177
f 8050 8051 8179 8178
f 8051 8052 8180 8179
f 8052 8053 8181 8180
f 8053 8054 8182 8181
f 8054 8055 8183 8182
f 8055 8056 8184 8183
f 8056 8057 8185 8184
f 8057 8058 8186 8185
f 8058 8059 8187 8186
f 8059 8060 8188 8187
f 8060 8061 8189 8188
f 8061 8062 8190 8189
f 8062 8063 8191 8190
f 8063 8064 8192 8191
f 8065 8066 8194 8193
f 8066 8067 8195 8194
f 8067 8068 8196 8195
f 8068 8069 8197 8196
f 8069 8070 8198 8197
f 8070 8071 8199 8198
f 8071 8072 8200 8199
f 8072 8073 8201 8200
f 8073 8074 8202 8201
f 8074 8075 8203 8202
f 8075 8076 8204 8203
f 8076 8077 8205 8204
f 8077 8078 8206 8205
f 8078 8079 8207 8206
f 8079 8080 8208 8207
f 8080 8081 8209 8208
f 8081 8082 8210 8209
f 8082 8083 8211 8210
f 8083 8084 8212 8211
f 8084 8085 8213 8212
f 8085 8086 8214 8213
f 8086 8087 8215 8214
f 8087 8088 8216 8215
f 8088 8089 8217 8216
f 8089 8090 8218 8217
f 8090 8091 8219 8218
f 8091 8092 8220 8219
f 8092 8093 8221 8220
f 8093 8094 8222 8221
f 8094 8095 8223 8222
f 8095 8096 8224 8223
f 8096 8097 8225 8224
f 8097 8098 8226 8225
f 8098 8099 8227 8226
f 8099 8100 8228 8227
f 8100 8101 8229 8228
f 8101 8102 8230 8229
f 8102 8103 8231 8230
f 8103 8104 8232 8231
f 8104 8105 8233 8232
f 8105 8106 8234 8233
f 8106 8107 8235 8234
f 8107 8108 8236 8235
f 8108 8109 8237 8236
f 8109 8110 8238 8237
f 8110 8111 8239 8238
f 8111 8112 8240 8239
f 8112 8113 8241 8240
f 8113 8114 8242 8241
f 8114 8115 8243 8242
f 8115 8116 8244 8243
f 8116 8117 8245 8244
f 8117 8118 8246 8245
f 8118 8119 8247 8246
f 8119 8120 8248 8247
f 8120 8121 8249 8248
f 8121 8122 8250 8249
f 8122 8123 8251 8250
f 8123 8124 8252 8251
f 8124 8125 8253 8252
f 8125 8126 8254 8253
f 8126 8127 8255 8254
f 8127 8128 8256 8255
f 8128 8129 8257 8256
f 8129 8130 8258 8257
f 8130 8131 8259 8258
f 8131 8132 8260 8259
f 8132 8133 8261 8260
f 8133 8134 8262 8261
f 8134 8135 8263 8262
f 8135 8136 8264 8263
f 8136 8137 8265 8264
f 8137 8138 8266 8265
f 8138 8139 8267 8266
f 8139 8140 8268 8267
f 8140 8141 8269 8268
f 8141 8142 8270 8269
f 8142 8143 8271 8270
f 8143 8144 8272 8271
f 8144 8145 8273 8272
f 8145 8146 8274 8273
f 8146 8147 8275 8274
f 8147 8148 8276 8275
f 8148 8149 8277 8276
f 8149 8150 8278 8277
f 8150 8151 8279 8278
f 8151 8152 8280 8279
f 8152 8153 8281 8280
f 8153 8154 8282 8281
f 8154 8155 8283 8282
f 8155 8156 8284 8283
f 8156 8157 8285 8284
f 8157 8158 8286 8285
f 8158 8159 8287 8286
f 8159 8160 8288 8287
f 8160 8161 8289 8288
f 8161 8162 8290 8289
f 8162 8163 8291 8290
f 8163 8164 8292 8291
f 8164 8165 8293 8292
f 8165 8166 8294 8293
f 8166 8167 8295 8294
f 8167 8168 8296 8295
f 8168 8169 8297 8296
f 8169 8170 8298 8297
f 8170 8171 8299 8298
f 8171 8172 8300 8299
f 8172 8173 8301 8300
f 8173 8174 8302 8301
f 8174 8175 8303 8302
f 8175 8176 8304 8303
f 8176 8177 8305 8304
f 8177 8178 8306 8305
f 8178 8179 8307 8306
f 8179 8180 8308 8307
f 8180 8181 8309 8308
f 8181 8182 8310 8309
f 8182 8183 8311 8310
f 8183 8184 8312 8311
f 8184 8185 8313 8312
f 8185 8186 8314 8313
f 8186 8187 8315 8314
f 8187 8188 8316 8315
f 8188 8189 8317 8316
f 8189 8190 8318 8317
f 8190 8191 8319 8318
f 8191 8192 8320 8319
f 8193 8194 8322 8321
f 8194 8195 8323 8322
f 8195 8196 8324 8323
f 8196 8197 8325 8324
f 8197 8198 8326 8325
f 8198 8199 8327 8326
f 8199 8200 8328 8327
f 8200 8201 8329 8328
f 8201 8202 8330 8329
f 8202 8203 8331 8330
f 8203 8204 8332 8331
f 8204 8205 8333 8332
f 8205 8206 8334 8333
f 8206 8207 8335 8334
f 8207 8208 8336 8335
f 8208 8209 8337 8336
f 8209 8210 8338 8337
f 8210 8211 8339 8338
f 8211 8212 8340 8339
f 8212 8213 8341 8340
f 8213 8214 8342 8341
f 8214 8215 8343 8342
f 8215 8216 8344 8343
f 8216 8217 8345 8344
f 8217 8218 8346 8345
f 8218 8219 8347 8346
f 8219 8220 8348 8347
f 8220 8221 8349 8348
f 8221 8222 8350 8349
f 8222 8223 8351 8350
f 8223 8224 8352 8351
f 8224 8225 8353 8352
f 8225 8226 8354 8353
f 8226 8227 8355 8354
f 8227 8228 8356 8355
f 8228 8229 8357 8356
f 8229 8230 8358 8357
f 8230 8231 8359 8358
f 8231 8232 8360 8359
f 8232 8233 8361 8360
f 8233 8234 8362 8361
f 8234 8235 8363 8362
f 8235 8236 8364 8363
f 8236 8237 8365 8364
f 8237 8238 8366 8365
f 8238 8239 8367 8366
f 8239 8240 8368 8367
f 8240 8241 8369 8368
f 8241 8242 8370 8369
f 8242 8243 8371 8370
f 8243 8244 8372 8371
f 8244 8245 8373 8372
f 8245 8246 8374 8373
f 8246 8247 8375 8374
f 8247 8248 8376 8375
f 8248 8249 8377 8376
f 8249 8250 8378 8377
f 8250 8251 8379 8378
f 8251 8252 8380 8379
f 8252 8253 8381 8380
f 8253 8254 8382 8381
f 8254 8255 8383 8382
f 8255 8256 8384 8383
f 8256 8257 8385 8384
f 8257 8258 8386 8385
f 8258 8259 8387 8386
f 8259 8260 8388 8387
f 8260 8261 8389 8388
f 8261 8262 8390 8389
f 8262 8263 8391 8390
f 8263 8264 8392 8391
f 8264 8265 8393 8392
f 8265 8266 8394 8393
f 8266 8267 8395 8394
f 8267 8268 8396 8395
f 8268 8269 8397 8396
f 8269 8270 8398 8397
f 8270 8271 8399 8398
f 8271 8272 8400 8399
f 8272 8273 8401 8400
f 8273 8274 8402 8401
f 8274 8275 8403 8402
f 8275 8276 8404 8403
f 8276 8277 8405 8404
f 8277 8278 8406 8405
f 8278 8279 8407 8406
f 8279 8280 8408 8407
f 8280 8281 8409 8408
f 8281 8282 8410 8409
f 8282 8283 8411 8410
f 8283 8284 8412 8411
f 8284 8285 8413 8412
f 8285 8286 8414 8413
f 8286 8287 8415 8414
f 8287 8288 8416 8415
f 8288 8289 8417 8416
f 8289 8290 8418 8417
f 8290 8291 8419 8418
f 8291 8292 8420 8419
f 8292 8293 8421 8420
f 8293 8294 8422 8421
f 8294 8295 8423 8422
f 8295 8296 8424 8423
f 8296 8297 8425 8424
f 8297 8298 8426 8425
f 8298 8299 8427 8426
f 8299 8300 8428 8427
f 8300 8301 8429 8428
f 8301 8302 8430 8429
f 8302 8303 8431 8430
f 8303 8304 8432 8431
f 8304 8305 8433 8432
f 8305 8306 8434 8433
f 8306 8307 8435 8434
f 8307 8308 8436 8435
f 8308 8309 8437 8436
f 8309 8310 8438 8437
f 8310 8311 8439 8438
f 8311 8312 8440 8439
f 8312 8313 8441 8440
f 8313 8314 8442 8441
f 8314 8315 8443 8442
f 8315 8316 8444 8443
f 8316 8317 8445 8444
f 8317 8318 8446 8445
f 8318 8319 8447 8446
f 8319 8320 8448 8447
f 8321 8322 8450 8449
f 8322 8323 8451 8450
f 8323 8324 8452 8451
f 8324 8325 8453 8452
f 8325 8326 8454 8453
f 8326 8327 8455 8454
f 8327 8328 8456 8455
f 8328 8329 8457 8456
f 8329 8330 8458 8457
f 8330 8331 8459 8458
f 8331 8332 8460 8459
f 8332 8333 8461 8460
f 8333 8334 8462 8461
f 8334 8335 8463 8462
f 8335 8336 8464 8463
f 8336 8337 8465 8464
f 8337 8338 8466 8465
f 8338 8339 8467 8466
f 8339 8340 8468 8467
f 8340 8341 8469 8468
f 8341 8342 8470 8469
f 8342 8343 8471 8470
f 8343 8344 8472 8471
f 8344 8345 8473 8472
f 8345 8346 8474 8473
f 8346 8347 8475 8474
f 8347 8348 8476 8475
f 8348 8349 8477 8476
f 8349 8350 8478 8477
f 8350 8351 8479 8478
f 8351 8352 8480 8479
f 8352 8353 8481 8480
f 8353 8354 8482 8481
f 8354 8355 8483 8482
f 8355 8356 8484 8483
f 8356 8357 8485 8484
f 8357 8358 8486 8485
f 8358 8359 8487 8486
f 8359 8360 8488 8487
f 8360 8361 8489 8488
f 8361 8362 8490 8489
f 8362 8363 8491 8490
f 8363 8364 8492 8491
f 8364 8365 8493 8492
f 8365 8366 8494 8493
f 8366 8367 8495 8494
f 8367 8368 8496 8495
f 8368 8369 8497 8496
f 8369 8370 8498 8497
f 8370 8371 8499 8498
f 8371 8372 8500 8499
f 8372 8373 8501 8500
f 8373 8374 8502 8501
f 8374 8375 8503 8502
f 8375 8376 8504 8503
f 8376 8377 8505 8504
f 8377 8378 8506 8505
f 8378 8379 8507 8506
f 8379 8380 8508 8507
f 8380 8381 8509 8508
f 8381 8382 8510 8509
f 8382 8383 8511 8510
f 8383 8384 8512 8511
f 8384 8385 8513 8512
f 8385 8386 8514 8513
f 8386 8387 8515 8514
f 8387 8388 8516 8515
f 8388 8389 8517 8516
f 8389 8390 8518 8517
f 8390 8391 8519 8518
f 8391 8392 8520 8519
f 8392 8393 8521 8520
f 8393 8394 8522 8521
f 8394 8395 8523 8522
f 8395 8396 8524 8523
f 8396 8397 8525 8524
f 8397 8398 8526 8525
f 8398 8399 8527 8526
f 8399 8400 8528 8527
f 8400 8401 8529 8528
f 8401 8402 8530 8529
f 8402 8403 8531 8530
f 8403 8404 8532 8531
f 8404 8405 8533 8532
f 8405 8406 8534 8533
f 8406 8407 8535 8534
f 8407 8408 8536 8535
f 8408 8409 8537 8536
f 8409 8410 8538 8537
f 8410 8411 8539 8538
f 8411 8412 8540 8539
f 8412 8413 8541 8540
f 8413 8414 8542 8541
f 8414 8415 8543 8542
f 8415 8416 8544 8543
f 8416 8417 8545 8544
f 8417 8418 8546 8545
f 8418 8419 8547 8546
f 8419 8420 8548 8547
f 8420 8421 8549 8548
f 8421 8422 8550 8549
f 8422 8423 8551 8550
f 8423 8424 8552 8551
f 8424 8425 8553 8552
f 8425 8426 8554 8553
f 8426 8427 8555 8554
f 8427 8428 8556 8555
f 8428 8429 8557 8556
f 8429 8430 8558 8557
f 8430 8431 8559 8558
f 8431 8432 8560 8559
f 8432 8433 8561 8560
f 8433 8434 8562 8561
f 8434 8435 8563 8562
f 8435 8436 8564 8563
f 8436 8437 8565 8564
f 8437 8438 8566 8565
f 8438 8439 8567 8566
f 8439 8440 8568 8567
f 8440 8441 8569 8568
f 8441 8442 8570 8569
f 8442 8443 8571 8570
f 8443 8444 8572 8571
f 8444 8445 8573 8572
f 8445 8446 8574 8573
f 8446 8447 8575 8574
f 8447 8448 8576 8575
f 8449 8450 8578 8577
f 8450 8451 8579 8578
f 8451 8452 8580 8579
f 8452 8453 8581 8580
f 8453 8454 8582 8581
f 8454 8455 8583 8582
f 8455 8456 8584 8583
f 8456 8457 8585 8584
f 8457 8458 8586 8585
f 8458 8459 8587 8586
f 8459 8460 8588 8587
f 8460 8461 8589 8588
f 8461 8462 8590 8589
f 8462 8463 8591 8590
f 8463 8464 8592 8591
f 8464 8465 8593 8592
f 8465 8466 8594 8593
f 8466 8467 8595 8594
f 8467 8468 8596 8595
f 8468 8469 8597 8596
f 8469 8470 8598 8597
f 8470 8471 8599 8598
f 8471 8472 8600 8599
f 8472 8473 8601 8600
f 8473 8474 8602 8601
f 8474 8475 8603 8602
f 8475 8476 8604 8603
f 8476 8477 8605 8604
f 8477 8478 8606 8605
f 8478 8479 8607 8606
f 8479 8480 8608 8607
f 8480 8481 8609 8608
f 8481 8482 8610 8609
f 8482 8483 8611 8610
f 8483 8484 8612 8611
f 8484 8485 8613 8612
f 8485 8486 8614 8613
f 8486 8487 8615 8614
f 8487 8488 8616 8615
f 8488 8489 8617 8616
f 8489 8490 8618 8617
f 8490 8491 8619 8618
f 8491 8492 8620 8619
f 8492 8493 8621 8620
f 8493 8494 8622 8621
f 8494 8495 8623 8622
f 8495 8496 8624 8623
f 8496 8497 8625 8624
f 8497 8498 8626 8625
f 8498 8499 8627 8626
f 8499 8500 8628 8627
f 8500 8501 8629 8628
f 8501 8502 8630 8629
f 8502 8503 8631 8630
f 8503 8504 8632 8631
f 8504 8505 8633 8632
f 8505 8506 8634 8633
f 8506 8507 8635 8634
f 8507 8508 8636 8635
f 8508 8509 8637 8636
f 8509 8510 8638 8637
f 8510 8511 8639 8638
f 8511 8512 8640 8639
f 8512 8513 8641 8640
f 8513 8514 8642 8641
f 8514 8515 8643 8642
f 8515 8516 8644 8643
f 8516 8517 8645 8644
f 8517 8518 8646 8645
f 8518 8519 8647 8646
f 8519 8520 8648 8647
f 8520 8521 8649 8648
f 8521 8522 8650 8649
f 8522 8523 8651 8650
f 8523 8524 8652 8651
f 8524 8525 8653 8652
f 8525 8526 8654 8653
f 8526 8527 8655 8654
f 8527 8528 8656 8655
f 8528 8529 8657 8656
f 8529 8530 8658 8657
f 8530 8531 8659 8658
f 8531 8532 8660 8659
f 8532 8533 8661 8660
f 8533 8534 8662 8661
f 8534 8535 8663 8662
f 8535 8536 8664 8663
f 8536 8537 8665 8664
f 8537 8538 8666 8665
f 8538 8539 8667 8666
f 8539 8540 8668 8667
f 8540 8541 8669 8668
f 8541 8542 8670 8669
f 8542 8543 8671 8670
f 8543 8544 8672 8671
f 8544 8545 8673 8672
f 8545 8546 8674 8673
f 8546 8547 8675 8674
f 8547 8548 8676 8675
f 8548 8549 8677 8676
f 8549 8550 8678 8677
f 8550 8551 8679 8678
f 8551 8552 8680 8679
f 8552 8553 8681 8680
f 8553 8554 8682 8681
f 8554 8555 8683 8682
f 8555 8556 8684 8683
f 8556 8557 8685 8684
f 8557 8558 8686 8685
f 8558 8559 8687 8686
f 8559 8560 8688 8687
f 8560 8561 8689 8688
f 8561 8562 8690 8689
f 8562 8563 8691 8690
f 8563 8564 8692 8691
f 8564 8565 8693 8692
f 8565 8566 8694 8693
f 8566 8567 8695 8694
f 8567 8568 8696 8695
f 8568 8569 8697 8696
f 8569 8570 8698 8697
f 8570 8571 8699 8698
f 8571 8572 8700 8699
f 8572 8573 8701 8700
f 8573 8574 8702 8701
f 8574 8575 8703 8702
f 8575 8576 8704 8703
f 8577 8578 8706 8705
f 8578 8579 8707 8706
f 8579 8580 8708 8707
f 8580 8581 8709 8708
f 8581 8582 8710 8709
f 8582 8583 8711 8710
f 8583 8584 8712 8711
f 8584 8585 8713 8712
f 8585 8586 8714 8713
f 8586 8587 8715 8714
f 8587 8588 8716 8715
f 8588 8589 8717 8716
f 8589 8590 8718 8717
f 8590 8591 8719 8718
f 8591 8592 8720 8719
f 8592 8593 8721 8720
f 8593 8594 8722 8721
f 8594 8595 8723 8722
f 8595 8596 8724 8723
f 8596 8597 8725 8724
f 8597 8598 8726 8725
f 8598 8599 8727 8726
f 8599 8600 8728 8727
f 8600 8601 8729 8728
f 8601 8602 8730 8729
f 8602 8603 8731 8730
f 8603 8604 8732 8731
f 8604 8605 8733 8732
f 8605 8606 8734 8733
f 8606 8607 8735 8734
f 8607 8608 8736 8735
f 8608 8609 8737 8736
f 8609 8610 8738 8737
f 8610 8611 8739 8738
f 8611 8612 8740 8739
f 8612 8613 8741 8740
f 8613 8614 8742 8741
f 8614 8615 8743 8742
f 8615 8616 8744 8743
f 8616 8617 8745 8744
f 8617 8618 8746 8745
f 8618 8619 8747 8746
f 8619 8620 8748 8747
f 8620 8621 8749 8748
f 8621 8622 8750 8749
f 8622 8623 8751 8750
f 8623 8624 8752 8751
f 8624 8625 8753 8752
f 8625 8626 8754 8753
f 8626 8627 8755 8754
f 8627 8628 8756 8755
f 8628 8629 8757 8756
f 8629 8630 8758 8757
f 8630 8631 8759 8758
f 8631 8632 8760 8759
f 8632 8633 8761 8760
f 8633 8634 8762 8761
f 8634 8635 8763 8762
f 8635 8636 8764 8763
f 8636 8637 8765 8764
f 8637 8638 8766 8765
f 8638 8639 8767 8766
f 8639 8640 8768 8767
f 8640 8641 8769 8768
f 8641 8642 8770 8769
f 8642 8643 8771 8770
f 8643 8644 8772 8771
f 8644 8645 8773 8772
f 8645 8646 8774 8773
f 8646 8647 8775 8774
f 8647 8648 8776 8775
f 8648 8649 8777 8776
f 8649 8650 8778 8777
f 8650 8651 8779 8778
f 8651 8652 8780 8779
f 8652 8653 8781 8780
f 8653 8654 8782 8781
f 8654 8655 8783 8782
f 8655 8656 8784 8783
f 8656 8657 8785 8784
f 8657 8658 8786 8785
f 8658 8659 8787 8786
f 8659 8660 8788 8787
f 8660 8661 8789 8788
f 8661 8662 8790 8789
f 8662 8663 8791 8790
f 8663 8664 8792 8791
f 8664 8665 8793 8792
f 8665 8666 8794 8793
f 8666 8667 8795 8794
f 8667 8668 8796 8795
f 8668 8669 8797 8796
f 8669 8670 8798 8797
f 8670 8671 8799 8798
f 8671 8672 8800 8799
f 8672 8673 8801 8800
f 8673 8674 8802 8801
f 8674 8675 8803 8802
f 8675 8676 8804 8803
f 8676 8677 8805 8804
f 8677 8678 8806 8805
f 8678 8679 8807 8806
f 8679 8680 8808 8807
f 8680 8681 8809 8808
f 8681 8682 8810 8809
f 8682 8683 8811 8810
f 8683 8684 8812 8811
f 8684 8685 8813 8812
f 8685 8686 8814 8813
f 8686 8687 8815 8814
f 8687 8688 8816 8815
f 8688 8689 8817 8816
f 8689 8690 8818 8817
f 8690 8691 8819 8818
f 8691 8692 8820 8819
f 8692 8693 8821 8820
f 8693 8694 8822 8821
f 8694 8695 8823 8822
f 8695 8696 8824 8823
f 8696 8697 8825 8824
f 8697 8698 8826 8825
f 8698 8699 8827 8826
f 8699 8700 8828 8827
f 8700 8701 8829 8828
f 8701 8702 8830 8829
f 8702 8703 8831 8830
f 8703 8704 8832 8831
f 8705 8706 8834 8833
f 8706 8707 8835 8834
f 8707 8708 8836 8835
f 8708 8709 8837 8836
f 8709 8710 8838 8837
f 8710 8711 8839 8838
f 8711 8712 8840 8839
f 8712 8713 8841 8840
f 8713 8714 8842 8841
f 8714 8715 8843 8842
f 8715 8716 8844 8843
f 8716 8717 8845 8844
f 8717 8718 8846 8845
f 8718 8719 8847 8846
f 8719 8720 8848 8847
f 8720 8721 8849 8848
f 8721 8722 8850 8849
f 8722 8723 8851 8850
f 8723 8724 8852 8851
f 8724 8725 8853 8852
f 8725 8726 8854 8853
f 8726 8727 8855 8854
f 8727 8728 8856 8855
f 8728 8729 8857 8856
f 8729 8730 8858 8857
f 8730 8731 8859 8858
f 8731 8732 8860 8859
f 8732 8733 8861 8860
f 8733 8734 8862 8861
f 8734 8735 8863 8862
f 8735 8736 8864 8863
f 8736 8737 8865 8864
f 8737 8738 8866 8865
f 8738 8739 8867 8866
f 8739 8740 8868 8867
f 8740 8741 8869 8868
f 8741 8742 8870 8869
f 8742 8743 8871 8870
f 8743 8744 8872 8871
f 8744 8745 8873 8872
f 8745 8746 8874 8873
f 8746 8747 8875 8874
f 8747 8748 8876 8875
f 8748 8749 8877 8876
f 8749 8750 8878 8877
f 8750 8751 8879 8878
f 8751 8752 8880 8879
f 8752 8753 8881 8880
f 8753 8754 8882 8881
f 8754 8755 8883 8882
f 8755 8756 8884 8883
f 8756 8757 8885 8884
f 8757 8758 8886 8885
f 8758 8759 8887 8886
f 8759 8760 8888 8887
f 8760 8761 8889 8888
f 8761 8762 8890 8889
f 8762 8763 8891 8890
f 8763 8764 8892 8891
f 8764 8765 8893 8892
f 8765 8766 8894 8893
f 8766 8767 8895 8894
f 8767 8768 8896 8895
f 8768 8769 8897 8896
f 8769 8770 8898 8897
f 8770 8771 8899 8898
f 8771 8772 8900 8899
f 8772 8773 8901 8900
f 8773 8774 8902 8901
f 8774 8775 8903 8902
f 8775 8776 8904 8903
f 8776 8777 8905 8904
f 8777 8778 8906 8905
f 8778 8779 8907 8906
f 8779 8780 8908 8907
f 8780 8781 8909 8908
f 8781 8782 8910 8909
f 8782 8783 8911 8910
f 8783 8784 8912 8911
f 8784 8785 8913 8912
f 8785 8786 8914 8913
f 8786 8787 8915 8914
f 8787 8788 8916 8915
f 8788 8789 8917 8916
f 8789 8790 8918 8917
f 8790 8791 8919 8918
f 8791 8792 8920 8919
f 8792 8793 8921 8920
f 8793 8794 8922 8921
f 8794 8795 8923 8922
f 8795 8796 8924 8923
f 8796 8797 8925 8924
f 8797 8798 8926 8925
f 8798 8799 8927 8926
f 8799 8800 8928 8927
f 8800 8801 8929 8928
f 8801 8802 8930 8929
f 8802 8803 8931 8930
f 8803 8804 8932 8931
f 8804 8805 8933 8932
f 8805 8806 8934 8933
f 8806 8807 8935 8934
f 8807 8808 8936 8935
f 8808 8809 8937 8936
f 8809 8810 8938 8937
f 8810 8811 8939 8938
f 8811 8812 8940 8939
f 8812 8813 8941 8940
f 8813 8814 8942 8941
f 8814 8815 8943 8942
f 8815 8816 8944 8943
f 8816 8817 8945 8944
f 8817 8818 8946 8945
f 8818 8819 8947 8946
f 8819 8820 8948 8947
f 8820 8821 8949 8948
f 8821 8822 8950 8949
f 8822 8823 8951 8950
f 8823 8824 8952 8951
f 8824 8825 8953 8952
f 8825 8826 8954 8953
f 8826 8827 8955 8954
f 8827 8828 8956 8955
f 8828 8829 8957 8956
f 8829 8830 8958 8957
f 8830 8831 8959 8958
f 8831 8832 8960 8959
f 8833 8834 8962 8961
f 8834 8835 8963 8962
f 8835 8836 8964 8963
f 8836 8837 8965 8964
f 8837 8838 8966 8965
f 8838 8839 8967 8966
f 8839 8840 8968 8967
f 8840 8841 8969 8968
f 8841 8842 8970 8969
f 8842 8843 8971 8970
f 8843 8844 8972 8971
f 8844 8845 8973 8972
f 8845 8846 8974 8973
f 8846 8847 8975 8974
f 8847 8848 8976 8975
f 8848 8849 8977 8976
f 8849 8850 8978 8977
f 8850 8851 8979 8978
f 8851 8852 8980 8979
f 8852 8853 8981 8980
f 8853 8854 8982 8981
f 8854 8855 8983 8982
f 8855 8856 8984 8983
f 8856 8857 8985 8984
f 8857 8858 8986 8985
f 8858 8859 8987 8986
f 8859 8860 8988 8987
f 8860 8861 8989 8988
f 8861 8862 8990 8989
f 8862 8863 8991 8990
f 8863 8864 8992 8991
f 8864 8865 8993 8992
f 8865 8866 8994 8993
f 8866 8867 8995 8994
f 8867 8868 8996 8995
f 8868 8869 8997 8996
f 8869 8870 8998 8997
f 8870 8871 8999 8998
f 8871 8872 9000 8999
f 8872 8873 9001 9000
f 8873 8874 9002 9001
f 8874 8875 9003 9002
f 8875 8876 9004 9003
f 8876 8877 9005 9004
f 8877 8878 9006 9005
f 8878 8879 9007 9006
f 8879 8880 9008 9007
f 8880 8881 9009 9008
f 8881 8882 9010 9009
f 8882 8883 9011 9010
f 8883 8884 9012 9011
f 8884 8885 9013 9012
f 8885 8886 9014 9013
f 8886 8887 9015 9014
f 8887 8888 9016 9015
f 8888 8889 9017 9016
f 8889 8890 9018 9017
f 8890 8891 9019 9018
f 8891 8892 9020 9019
f 8892 8893 9021 9020
f 8893 8894 9022 9021
f 8894 8895 9023 9022
f 8895 8896 9024 9023
f 8896 8897 9025 9024
f 8897 8898 9026 9025
f 8898 8899 9027 9026
f 8899 8900 9028 9027
f 8900 8901 9029 9028
f 8901 8902 9030 9029
f 8902 8903 9031 9030
f 8903 8904 9032 9031
f 8904 8905 9033 9032
f 8905 8906 9034 9033
f 8906 8907 9035 9034
f 8907 8908 9036 9035
f 8908 8909 9037 9036
f 8909 8910 9038 9037
f 8910 8911 9039 9038
f 8911 8912 9040 9039
f 8912 8913 9041 9040
f 8913 8914 9042 9041
f 8914 8915 9043 9042
f 8915 8916 9044 9043
f 8916 8917 9045 9044
f 8917 8918 9046 9045
f 8918 8919 9047 9046
f 8919 8920 9048 9047
f 8920 8921 9049 9048
f 8921 8922 9050 9049
f 8922 8923 9051 9050
f 8923 8924 9052 9051
f 8924 8925 9053 9052
f 8925 8926 9054 9053
f 8926 8927 9055 9054
f 8927 8928 9056 9055
f 8928 8929 9057 9056
f 8929 8930 9058 9057
f 8930 8931 9059 9058
f 8931 8932 9060 9059
f 8932 8933 9061 9060
f 8933 8934 9062 9061
f 8934 8935 9063 9062
f 8935 8936 9064 9063
f 8936 8937 9065 9064
f 8937 8938 9066 9065
f 8938 8939 9067 9066
f 8939 8940 9068 9067
f 8940 8941 9069 9068
f 8941 8942 9070 9069
f 8942 8943 9071 9070
f 8943 8944 9072 9071
f 8944 8945 9073 9072
f 8945 8946 9074 9073
f 8946 8947 9075 9074
f 8947 8948 9076 9075
f 8948 8949 9077 9076
f 8949 8950 9078 9077
f 8950 8951 9079 9078
f 8951 8952 9080 9079
f 8952 8953 9081 9080
f 8953 8954 9082 9081
f 8954 8955 9083 9082
f 8955 8956 9084 9083
f 8956 8957 9085 9084
f 8957 8958 9086 9085
f 8958 8959 9087 9086
f 8959 8960 9088 9087
f 8961 8962 9090 9089
f 8962 8963 9091 9090
f 8963 8964 9092 9091
f 8964 8965 9093 9092
f 8965 8966 9094 9093
f 8966 8967 9095 9094
f 8967 8968 9096 9095
f 8968 8969 9097 9096
f 8969 8970 9098 9097
f 8970 8971 9099 9098
f 8971 8972 9100 9099
f 8972 8973 9101 9100
f 8973 8974 9102 9101
f 8974 8975 9103 9102
f 8975 8976 9104 9103
f 8976 8977 9105 9104
f 8977 8978 9106 9105
f 8978 8979 9107 9106
f 8979 8980 9108 9107
f 8980 8981 9109 9108
f 8981 8982 9110 9109
f 8982 8983 9111 9110
f 8983 8984 9112 9111
f 8984 8985 9113 9112
f 8985 8986 9114 9113
f 8986 8987 9115 9114
f 8987 8988 9116 9115
f 8988 8989 9117 9116
f 8989 8990 9118 9117
f 8990 8991 9119 9118
f 8991 8992 9120 9119
f 8992 8993 9121 9120
f 8993 8994 9122 9121
f 8994 8995 9123 9122
f 8995 8996 9124 9123
f 8996 8997 9125 9124
f 8997 8998 9126 9125
f 8998 8999 9127 9126
f 8999 9000 9128 9127
f 9000 9001 9129 9128
f 9001 9002 9130 9129
f 9002 9003 9131 9130
f 9003 9004 9132 9131
f 9004 9005 9133 9132
f 9005 9006 9134 9133
f 9006 9007 9135 9134
f 9007 9008 9136 9135
f 9008 9009 9137 9136
f 9009 9010 9138 9137
f 9010 9011 9139 9138
f 9011 9012 9140 9139
f 9012 9013 9141 9140
f 9013 9014 9142 9141
f 9014 9015 9143 9142
f 9015 9016 9144 9143
f 9016 9017 9145 9144
f 9017 9018 9146 9145
f 9018 9019 9147 9146
f 9019 9020 9148 9147
f 9020 9021 9149 9148
f 9021 9022 9150 9149
f 9022 9023 9151 9150
f 9023 9024 9152 9151
f 9024 9025 9153 9152
f 9025 9026 9154 9153
f 9026 9027 9155 9154
f 9027 9028 9156 9155
f 9028 9029 9157 9156
f 9029 9030 9158 9157
f 9030 9031 9159 9158
f 9031 9032 9160 9159
f 9032 9033 9161 9160
f 9033 9034 9162 9161
f 9034 9035 9163 9162
f 9035 9036 9164 9163
f 9036 9037 9165 9164
f 9037 9038 9166 9165
f 9038 9039 9167 9166
f 9039 9040 9168 9167
f 9040 9041 9169 9168
f 9041 9042 9170 9169
f 9042 9043 9171 9170
f 9043 9044 9172 9171
f 9044 9045 9173 9172
f 9045 9046 9174 9173
f 9046 9047 9175 9174
f 9047 9048 9176 9175
f 9048 9049 9177 9176
f 9049 9050 9178 9177
f 9050 9051 9179 9178
f 9051 9052 9180 9179
f 9052 9053 9181 9180
f 9053 9054 9182 9181
f 9054 9055 9183 9182
f 9055 9056 9184 9183
f 9056 9057 9185 9184
f 9057 9058 9186 9185
f 9058 9059 9187 9186
f 9059 9060 9188 9187
f 9060 9061 9189 9188
f 9061 9062 9190 9189
f 9062 9063 9191 9190
f 9063 9064 9192 9191
f 9064 9065 9193 9192
f 9065 9066 9194 9193
f 9066 9067 9195 9194
f 9067 9068 9196 9195
f 9068 9069 9197 9196
f 9069 9070 9198 9197
f 9070 9071 9199 9198
f 9071 9072 9200 9199
f 9072 9073 9201 9200
f 9073 9074 9202 9201
f 9074 9075 9203 9202
f 9075 9076 9204 9203
f 9076 9077 9205 9204
f 9077 9078 9206 9205
f 9078 9079 9207 9206
f 9079 9080 9208 9207
f 9080 9081 9209 9208
f 9081 9082 9210 9209
f 9082 9083 9211 9210
f 9083 9084 9212 9211
f 9084 9085 9213 9212
f 9085 9086 9214 9213
f 9086 9087 9215 9214
f 9087 9088 9216 9215
f 9089 9090 9218 9217
f 9090 9091 9219 9218
f 9091 9092 9220 9219
f 9092 9093 9221 9220
f 9093 9094 9222 9221
f 9094 9095 9223 9222
f 9095 9096 9224 9223
f 9096 9097 9225 9224
f 9097 9098 9226 9225
f 9098 9099 9227 9226
f 9099 9100 9228 9227
f 9100 9101 9229 9228
f 9101 9102 9230 9229
f 9102 9103 9231 9230
f 9103 9104 9232 9231
f 9104 9105 9233 9232
f 9105 9106 9234 9233
f 9106 9107 9235 9234
f 9107 9108 9236 9235
f 9108 9109 9237 9236
f 9109 9110 9238 9237
f 9110 9111 9239 9238
f 9111 9112 9240 9239
f 9112 9113 9241 9240
f 9113 9114 9242 9241
f 9114 9115 9243 9242
f 9115 9116 9244 9243
f 9116 9117 9245 9244
f 9117 9118 9246 9245
f 9118 9119 9247 9246
f 9119 9120 9248 9247
f 9120 9121 9249 9248
f 9121 9122 9250 9249
f 9122 9123 9251 9250
f 9123 9124 9252 9251
f 9124 9125 9253 9252
f 9125 9126 9254 9253
f 9126 9127 9255 9254
f 9127 9128 9256 9255
f 9128 9129 9257 9256
f 9129 9130 9258 9257
f 9130 9131 9259 9258
f 9131 9132 9260 9259
f 9132 9133 9261 9260
f 9133 9134 9262 9261
f 9134 9135 9263 9262
f 9135 9136 9264 9263
f 9136 9137 9265 9264
f 9137 9138 9266 9265
f 9138 9139 9267 9266
f 9139 9140 9268 9267
f 9140 9141 9269 9268
f 9141 9142 9270 9269
f 9142 9143 9271 9270
f 9143 9144 9272 9271
f 9144 9145 9273 9272
f 9145 9146 9274 9273
f 9146 9147 9275 9274
f 9147 9148 9276 9275
f 9148 9149 9277 9276
f 9149 9150 9278 9277
f 9150 9151 9279 9278
f 9151 9152 9280 9279
f 9152 9153 9281 9280
f 9153 9154 9282 9281
f 9154 9155 9283 9282
f 9155 9156 9284 9283
f 9156 9157 9285 9284
f 9157 9158 9286 9285
f 9158 9159 9287 9286
f 9159 9160 9288 9287
f 9160 9161 9289 9288
f 9161 9162 9290 9289
f 9162 9163 9291 9290
f 9163 9164 9292 9291
f 9164 9165 9293 9292
f 9165 9166 9294 9293
f 9166 9167 9295 9294
f 9167 9168 9296 9295
f 9168 9169 9297 9296
f 9169 9170 9298 9297
f 9170 9171 9299 9298
f 9171 9172 9300 9299
f 9172 9173 9301 9300
f 9173 9174 9302 9301
f 9174 9175 9303 9302
f 9175 9176 9304 9303
f 9176 9177 9305 9304
f 9177 9178 9306 9305
f 9178 9179 9307 9306
f 9179 9180 9308 9307
f 9180 9181 9309 9308
f 9181 9182 9310 9309
f 9182 9183 9311 9310
f 9183 9184 9312 9311
f 9184 9185 9313 9312
f 9185 9186 9314 9313
f 9186 9187 9315 9314
f 9187 9188 9316 9315
f 9188 9189 9317 9316
f 9189 9190 9318 9317
f 9190 9191 9319 9318
f 9191 9192 9320 9319
f 9192 9193 9321 9320
f 9193 9194 9322 9321
f 9194 9195 9323 9322
f 9195 9196 9324 9323
f 9196 9197 9325 9324
f 9197 9198 9326 9325
f 9198 9199 9327 9326
f 9199 9200 9328 9327
f 9200 9201 9329 9328
f 9201 9202 9330 9329
f 9202 9203 9331 9330
f 9203 9204 9332 9331
f 9204 9205 9333 9332
f 9205 9206 9334 9333
f 9206 9207 9335 9334
f 9207 9208 9336 9335
f 9208 9209 9337 9336
f 9209 9210 9338 9337
f 9210 9211 9339 9338
f 9211 9212 9340 9339
f 9212 9213 9341 9340
f 9213 9214 9342 9341
f 9214 9215 9343 9342
f 9215 9216 9344 9343
f 9217 9218 9346 9345
f 9218 9219 9347 9346
f 9219 9220 9348 9347
f 9220 9221 9349 9348
f 9221 9222 9350 9349
f 9222 9223 9351 9350
f 9223 9224 9352 9351
f 9224 9225 9353 9352
f 9225 9226 9354 9353
f 9226 9227 9355 9354
f 9227 9228 9356 9355
f 9228 9229 9357 9356
f 9229 9230 9358 9357
f 9230 9231 9359 9358
f 9231 9232 9360 9359
f 9232 9233 9361 9360
f 9233 9234 9362 9361
f 9234 9235 9363 9362
f 9235 9236 9364 9363
f 9236 9237 9365 9364
f 9237 9238 9366 9365
f 9238 9239 9367 9366
f 9239 9240 9368 9367
f 9240 9241 9369 9368
f 9241 9242 9370 9369
f 9242 9243 9371 9370
f 9243 9244 9372 9371
f 9244 9245 9373 9372
f 9245 9246 9374 9373
f 9246 9247 9375 9374
f 9247 9248 9376 9375
f 9248 9249 9377 9376
f 9249 9250 9378 9377
f 9250 9251 9379 9378
f 9251 9252 9380 9379
f 9252 9253 9381 9380
f 9253 9254 9382 9381
f 9254 9255 9383 9382
f 9255 9256 9384 9383
f 9256 9257 9385 9384
f 9257 9258 9386 9385
f 9258 9259 9387 9386
f 9259 9260 9388 9387
f 9260 9261 9389 9388
f 9261 9262 9390 9389
f 9262 9263 9391 9390
f 9263 9264 9392 9391
f 9264 9265 9393 9392
f 9265 9266 9394 9393
f 9266 9267 9395 9394
f 9267 9268 9396 9395
f 9268 9269 9397 9396
f 9269 9270 9398 9397
f 9270 9271 9399 9398
f 9271 9272 9400 9399
f 9272 9273 9401 9400
f 9273 9274 9402 9401
f 9274 9275 9403 9402
f 9275 9276 9404 9403
f 9276 9277 9405 9404
f 9277 9278 9406 9405
f 9278 9279 9407 9406
f 9279 9280 9408 9407
f 9280 9281 9409 9408
f 9281 9282 9410 9409
f 9282 9283 9411 9410
f 9283 9284 9412 9411
f 9284 9285 9413 9412
f 9285 9286 9414 9413
f 9286 9287 9415 9414
f 9287 9288 9416 9415
f 9288 9289 9417 9416
f 9289 9290 9418 9417
f 9290 9291 9419 9418
f 9291 9292 9420 9419
f 9292 9293 9421 9420
f 9293 9294 9422 9421
f 9294 9295 9423 9422
f 9295 9296 9424 9423
f 9296 9297 9425 9424
f 9297 9298 9426 9425
f 9298 9299 9427 9426
f 9299 9300 9428 9427
f 9300 9301 9429 9428
f 9301 9302 9430 9429
f 9302 9303 9431 9430
f 9303 9304 9432 9431
f 9304 9305 9433 9432
f 9305 9306 9434 9433
f 9306 9307 9435 9434
f 9307 9308 9436 9435
f 9308 9309 9437 9436
f 9309 9310 9438 9437
f 9310 9311 9439 9438
f 9311 9312 9440 9439
f 9312 9313 9441 9440
f 9313 9314 9442 9441
f 9314 9315 9443 9442
f 9315 9316 9444 9443
f 9316 9317 9445 9444
f 9317 9318 9446 9445
f 9318 9319 9447 9446
f 9319 9320 9448 9447
f 9320 9321 9449 9448
f 9321 9322 9450 9449
f 9322 9323 9451 9450
f 9323 9324 9452 9451
f 9324 9325 9453 9452
f 9325 9326 9454 9453
f 9326 9327 9455 9454
f 9327 9328 9456 9455
f 9328 9329 9457 9456
f 9329 9330 9458 9457
f 9330 9331 9459 9458
f 9331 9332 9460 9459
f 9332 9333 9461 9460
f 9333 9334 9462 9461
f 9334 9335 9463 9462
f 9335 9336 9464 9463
f 9336 9337 9465 9464
f 9337 9338 9466 9465
f 9338 9339 9467 9466
f 9339 9340 9468 9467
f 9340 9341 9469 9468
f 9341 9342 9470 9469
f 9342 9343 9471 9470
f 9343 9344 9472 9471
f 9345 9346 9474 9473
f 9346 9347 9475 9474
f 9347 9348 9476 9475
f 9348 9349 9477 9476
f 9349 9350 9478 9477
f 9350 9351 9479 9478
f 9351 9352 9480 9479
f 9352 9353 9481 9480
f 9353 9354 9482 9481
f 9354 9355 9483 9482
f 9355 9356 9484 9483
f 9356 9357 9485 9484
f 9357 9358 9486 9485
f 9358 9359 9487 9486
f 9359 9360 9488 9487
f 9360 9361 9489 9488
f 9361 9362 9490 9489
f 9362 9363 9491 9490
f 9363 9364 9492 9491
f 9364 9365 9493 9492
f 9365 9366 9494 9493
f 9366 9367 9495 9494
f 9367 9368 9496 9495
f 9368 9369 9497 9496
f 9369 9370 9498 9497
f 9370 9371 9499 9498
f 9371 9372 9500 9499
f 9372 9373 9501 9500
f 9373 9374 9502 9501
f 9374 9375 9503 9502
f 9375 9376 9504 9503
f 9376 9377 9505 9504
f 9377 9378 9506 9505
f 9378 9379 9507 9506
f 9379 9380 9508 9507
f 9380 9381 9509 9508
f 9381 9382 9510 9509
f 9382 9383 9511 9510
f 9383 9384 9512 9511
f 9384 9385 9513 9512
f 9385 9386 9514 9513
f 9386 9387 9515 9514
f 9387 9388 9516 9515
f 9388 9389 9517 9516
f 9389 9390 9518 9517
f 9390 9391 9519 9518
f 9391 9392 9520 9519
f 9392 9393 9521 9520
f 9393 9394 9522 9521
f 9394 9395 9523 9522
f 9395 9396 9524 9523
f 9396 9397 9525 9524
f 9397 9398 9526 9525
f 9398 9399 9527 9526
f 9399 9400 9528 9527
f 9400 9401 9529 9528
f 9401 9402 9530 9529
f 9402 9403 9531 9530
f 9403 9404 9532 9531
f 9404 9405 9533 9532
f 9405 9406 9534 9533
f 9406 9407 9535 9534
f 9407 9408 9536 9535
f 9408 9409 9537 9536
f 9409 9410 9538 9537
f 9410 9411 9539 9538
f 9411 9412 9540 9539
f 9412 9413 9541 9540
f 9413 9414 9542 9541
f 9414 9415 9543 9542
f 9415 9416 9544 9543
f 9416 9417 9545 9544
f 9417 9418 9546 9545
f 9418 9419 9547 9546
f 9419 9420 9548 9547
f 9420 9421 9549 9548
f 9421 9422 9550 9549
f 9422 9423 9551 9550
f 9423 9424 9552 9551
f 9424 9425 9553 9552
f 9425 9426 9554 9553
f 9426 9427 9555 9554
f 9427 9428 9556 9555
f 9428 9429 9557 9556
f 9429 9430 9558 9557
f 9430 9431 9559 9558
f 9431 9432 9560 9559
f 9432 9433 9561 9560
f 9433 9434 9562 9561
f 9434 9435 9563 9562
f 9435 9436 9564 9563
f 9436 9437 9565 9564
f 9437 9438 9566 9565
f 9438 9439 9567 9566
f 9439 9440 9568 9567
f 9440 9441 9569 9568
f 9441 9442 9570 9569
f 9442 9443 9571 9570
f 9443 9444 9572 9571
f 9444 9445 9573 9572
f 9445 9446 9574 9573
f 9446 9447 9575 9574
f 9447 9448 9576 9575
f 9448 9449 9577 9576
f 9449 9450 9578 9577
f 9450 9451 9579 9578
f 9451 9452 9580 9579
f 9452 9453 9581 9580
f 9453 9454 9582 9581
f 9454 9455 9583 9582
f 9455 9456 9584 9583
f 9456 9457 9585 9584
f 9457 9458 9586 9585
f 9458 9459 9587 9586
f 9459 9460 9588 9587
f 9460 9461 9589 9588
f 9461 9462 9590 9589
f 9462 9463 9591 9590
f 9463 9464 9592 9591
f 9464 9465 9593 9592
f 9465 9466 9594 9593
f 9466 9467 9595 9594
f 9467 9468 9596 9595
f 9468 9469 9597 9596
f 9469 9470 9598 9597
f 9470 9471 9599 9598
f 9471 9472 9600 9599
f 9473 9474 9602 9601
f 9474 9475 9603 9602
f 9475 9476 9604 9603
f 9476 9477 9605 9604
f 9477 9478 9606 9605
f 9478 9479 9607 9606
f 9479 9480 9608 9607
f 9480 9481 9609 9608
f 9481 9482 9610 9609
f 9482 9483 9611 9610
f 9483 9484 9612 9611
f 9484 9485 9613 9612
f 9485 9486 9614 9613
f 9486 9487 9615 9614
f 9487 9488 9616 9615
f 9488 9489 9617 9616
f 9489 9490 9618 9617
f 9490 9491 9619 9618
f 9491 9492 9620 9619
f 9492 9493 9621 9620
f 9493 9494 9622 9621
f 9494 9495 9623 9622
f 9495 9496 9624 9623
f 9496 9497 9625 9624
f 9497 9498 9626 9625
f 9498 9499 9627 9626
f 9499 9500 9628 9627
f 9500 9501 9629 9628
f 9501 9502 9630 9629
f 9502 9503 9631 9630
f 9503 9504 9632 9631
f 9504 9505 9633 9632
f 9505 9506 9634 9633
f 9506 9507 9635 9634
f 9507 9508 9636 9635
f 9508 9509 9637 9636
f 9509 9510 9638 9637
f 9510 9511 9639 9638
f 9511 9512 9640 9639
f 9512 9513 9641 9640
f 9513 9514 9642 9641
f 9514 9515 9643 9642
f 9515 9516 9644 9643
f 9516 9517 9645 9644
f 9517 9518 9646 9645
f 9518 9519 9647 9646
f 9519 9520 9648 9647
f 9520 9521 9649 9648
f 9521 9522 9650 9649
f 9522 9523 9651 9650
f 9523 9524 9652 9651
f 9524 9525 9653 9652
f 9525 9526 9654 9653
f 9526 9527 9655 9654
f 9527 9528 9656 9655
f 9528 9529 9657 9656
f 9529 9530 9658 9657
f 9530 9531 9659 9658
f 9531 9532 9660 9659
f 9532 9533 9661 9660
f 9533 9534 9662 9661
f 9534 9535 9663 9662
f 9535 9536 9664 9663
f 9536 9537 9665 9664
f 9537 9538 9666 9665
f 9538 9539 9667 9666
f 9539 9540 9668 9667
f 9540 9541 9669 9668
f 9541 9542 9670 9669
f 9542 9543 9671 9670
f 9543 9544 9672 9671
f 9544 9545 9673 9672
f 9545 9546 9674 9673
f 9546 9547 9675 9674
f 9547 9548 9676 9675
f 9548 9549 9677 9676
f 9549 9550 9678 9677
f 9550 9551 9679 9678
f 9551 9552 9680 9679
f 9552 9553 9681 9680
f 9553 9554 9682 9681
f 9554 9555 9683 9682
f 9555 9556 9684 9683
f 9556 9557 9685 9684
f 9557 9558 9686 9685
f 9558 9559 9687 9686
f 9559 9560 9688 9687
f 9560 9561 9689 9688
f 9561 9562 9690 9689
f 9562 9563 9691 9690
f 9563 9564 9692 9691
f 9564 9565 9693 9692
f 9565 9566 9694 9693
f 9566 9567 9695 9694
f 9567 9568 9696 9695
f 9568 9569 9697 9696
f 9569 9570 9698 9697
f 9570 9571 9699 9698
f 9571 9572 9700 9699
f 9572 9573 9701 9700
f 9573 9574 9702 9701
f 9574 9575 9703 9702
f 9575 9576 9704 9703
f 9576 9577 9705 9704
f 9577 9578 9706 9705
f 9578 9579 9707 9706
f 9579 9580 9708 9707
f 9580 9581 9709 9708
f 9581 9582 9710 9709
f 9582 9583 9711 9710
f 9583 9584 9712 9711
f 9584 9585 9713 9712
f 9585 9586 9714 9713
f 9586 9587 9715 9714
f 9587 9588 9716 9715
f 9588 9589 9717 9716
f 9589 9590 9718 9717
f 9590 9591 9719 9718
f 9591 9592 9720 9719
f 9592 9593 9721 9720
f 9593 9594 9722 9721
f 9594 9595 9723 9722
f 9595 9596 9724 9723
f 9596 9597 9725 9724
f 9597 9598 9726 9725
f 9598 9599 9727 9726
f 9599 9600 9728 9727
f 9601 9602 9730 9729
f 9602 9603 9731 9730
f 9603 9604 9732 9731
f 9604 9605 9733 9732
f 9605 9606 9734 9733
f 9606 9607 9735 9734
f 9607 9608 9736 9735
f 9608 9609 9737 9736
f 9609 9610 9738 9737
f 9610 9611 9739 9738
f 9611 9612 9740 9739
f 9612 9613 9741 9740
f 9613 9614 9742 9741
f 9614 9615 9743 9742
f 9615 9616 9744 9743
f 9616 9617 9745 9744
f 9617 9618 9746 9745
f 9618 9619 9747 9746
f 9619 9620 9748 9747
f 9620 9621 9749 9748
f 9621 9622 9750 9749
f 9622 9623 9751 9750
f 9623 9624 9752 9751
f 9624 9625 9753 9752
f 9625 9626 9754 9753
f 9626 9627 9755 9754
f 9627 9628 9756 9755
f 9628 9629 9757 9756
f 9629 9630 9758 9757
f 9630 9631 9759 9758
f 9631 9632 9760 9759
f 9632 9633 9761 9760
f 9633 9634 9762 9761
f 9634 9635 9763 9762
f 9635 9636 9764 9763
f 9636 9637 9765 9764
f 9637 9638 9766 9765
f 9638 9639 9767 9766
f 9639 9640 9768 9767
f 9640 9641 9769 9768
f 9641 9642 9770 9769
f 9642 9643 9771 9770
f 9643 9644 9772 9771
f 9644 9645 9773 9772
f 9645 9646 9774 9773
f 9646 9647 9775 9774
f 9647 9648 9776 9775
f 9648 9649 9777 9776
f 9649 9650 9778 9777
f 9650 9651 9779 9778
f 9651 9652 9780 9779
f 9652 9653 9781 9780
f 9653 9654 9782 9781
f 9654 9655 9783 9782
f 9655 9656 9784 9783
f 9656 9657 9785 9784
f 9657 9658 9786 9785
f 9658 9659 9787 9786
f 9659 9660 9788 9787
f 9660 9661 9789 9788
f 9661 9662 9790 9789
f 9662 9663 9791 9790
f 9663 9664 9792 9791
f 9664 9665 9793 9792
f 9665 9666 9794 9793
f 9666 9667 9795 9794
f 9667 9668 9796 9795
f 9668 9669 9797 9796
f 9669 9670 9798 9797
f 9670 9671 9799 9798
f 9671 9672 9800 9799
f 9672 9673 9801 9800
f 9673 9674 9802 9801
f 9674 9675 9803 9802
f 9675 9676 9804 9803
f 9676 9677 9805 9804
f 9677 9678 9806 9805
f 9678 9679 9807 9806
f 9679 9680 9808 9807
f 9680 9681 9809 9808
f 9681 9682 9810 9809
f 9682 9683 9811 9810
f 9683 9684 9812 9811
f 9684 9685 9813 9812
f 9685 9686 9814 9813
f 9686 9687 9815 9814
f 9687 9688 9816 9815
f 9688 9689 9817 9816
f 9689 9690 9818 9817
f 9690 9691 9819 9818
f 9691 9692 9820 9819
f 9692 9693 9821 9820
f 9693 9694 9822 9821
f 9694 9695 9823 9822
f 9695 9696 9824 9823
f 9696 9697 9825 9824
f 9697 9698 9826 9825
f 9698 9699 9827 9826
f 9699 9700 9828 9827
f 9700 9701 9829 9828
f 9701 9702 9830 9829
f 9702 9703 9831 9830
f 9703 9704 9832 9831
f 9704 9705 9833 9832
f 9705 9706 9834 9833
f 9706 9707 9835 9834
f 9707 9708 9836 9835
f 9708 9709 9837 9836
f 9709 9710 9838 9837
f 9710 9711 9839 9838
f 9711 9712 9840 9839
f 9712 9713 9841 9840
f 9713 9714 9842 9841
f 9714 9715 9843 9842
f 9715 9716 9844 9843
f 9716 9717 9845 9844
f 9717 9718 9846 9845
f 9718 9719 9847 9846
f 9719 9720 9848 9847
f 9720 9721 9849 9848
f 9721 9722 9850 9849
f 9722 9723 9851 9850
f 9723 9724 9852 9851
f 9724 9725 9853 9852
f 9725 9726 9854 9853
f 9726 9727 9855 9854
f 9727 9728 9856 9855
f 9729 9730 9858 9857
f 9730 9731 9859 9858
f 9731 9732 9860 9859
f 9732 9733 9861 9860
f 9733 9734 9862 9861
f 9734 9735 9863 9862
f 9735 9736 9864 9863
f 9736 9737 9865 9864
f 9737 9738 9866 9865
f 9738 9739 9867 9866
f 9739 9740 9868 9867
f 9740 9741 9869 9868
f 9741 9742 9870 9869
f 9742 9743 9871 9870
f 9743 9744 9872 9871
f 9744 9745 9873 9872
f 9745 9746 9874 9873
f 9746 9747 9875 9874
f 9747 9748 9876 9875
f 9748 9749 9877 9876
f 9749 9750 9878 9877
f 9750 9751 9879 9878
f 9751 9752 9880 9879
f 9752 9753 9881 9880
f 9753 9754 9882 9881
f 9754 9755 9883 9882
f 9755 9756 9884 9883
f 9756 9757 9885 9884
f 9757 9758 9886 9885
f 9758 9759 9887 9886
f 9759 9760 9888 9887
f 9760 9761 9889 9888
f 9761 9762 9890 9889
f 9762 9763 9891 9890
f 9763 9764 9892 9891
f 9764 9765 9893 9892
f 9765 9766 9894 9893
f 9766 9767 9895 9894
f 9767 9768 9896 9895
f 9768 9769 9897 9896
f 9769 9770 9898 9897
f 9770 9771 9899 9898
f 9771 9772 9900 9899
f 9772 9773 9901 9900
f 9773 9774 9902 9901
f 9774 9775 9903 9902
f 9775 9776 9904 9903
f 9776 9777 9905 9904
f 9777 9778 9906 9905
f 9778 9779 9907 9906
f 9779 9780 9908 9907
f 9780 9781 9909 9908
f 9781 9782 9910 9909
f 9782 9783 9911 9910
f 9783 9784 9912 9911
f 9784 9785 9913 9912
f 9785 9786 9914 9913
f 9786 9787 9915 9914
f 9787 9788 9916 9915
f 9788 9789 9917 9916
f 9789 9790 9918 9917
f 9790 9791 9919 9918
f 9791 9792 9920 9919
f 9792 9793 9921 9920
f 9793 9794 9922 9921
f 9794 9795 9923 9922
f 9795 9796 9924 9923
f 9796 9797 9925 9924
f 9797 9798 9926 9925
f 9798 9799 9927 9926
f 9799 9800 9928 9927
f 9800 9801 9929 9928
f 9801 9802 9930 9929
f 9802 9803 9931 9930
f 9803 9804 9932 9931
f 9804 9805 9933 9932
f 9805 9806 9934 9933
f 9806 9807 9935 9934
f 9807 9808 9936 9935
f 9808 9809 9937 9936
f 9809 9810 9938 9937
f 9810 9811 9939 9938
f 9811 9812 9940 9939
f 9812 9813 9941 9940
f 9813 9814 9942 9941
f 9814 9815 9943 9942
f 9815 9816 9944 9943
f 9816 9817 9945 9944
f 9817 9818 9946 9945
f 9818 9819 9947 9946
f 9819 9820 9948 9947
f 9820 9821 9949 9948
f 9821 9822 9950 9949
f 9822 9823 9951 9950
f 9823 9824 9952 9951
f 9824 9825 9953 9952
f 9825 9826 9954 9953
f 9826 9827 9955 9954
f 9827 9828 9956 9955
f 9828 9829 9957 9956
f 9829 9830 9958 9957
f 9830 9831 9959 9958
f 9831 9832 9960 9959
f 9832 9833 9961 9960
f 9833 9834 9962 9961
f 9834 9835 9963 9962
f 9835 9836 9964 9963
f 9836 9837 9965 9964
f 9837 9838 9966 9965
f 9838 9839 9967 9966
f 9839 9840 9968 9967
f 9840 9841 9969 9968
f 9841 9842 9970 9969
f 9842 9843 9971 9970
f 9843 9844 9972 9971
f 9844 9845 9973 9972
f 9845 9846 9974 9973
f 9846 9847 9975 9974
f 9847 9848 9976 9975
f 9848 9849 9977 9976
f 9849 9850 9978 9977
f 9850 9851 9979 9978
f 9851 9852 9980 9979
f 9852 9853 9981 9980
f 9853 9854 9982 9981
f 9854 9855 9983 9982
f 9855 9856 9984 9983
f 9857 9858 9986 9985
f 9858 9859 9987 9986
f 9859 9860 9988 9987
f 9860 9861 9989 9988
f 9861 9862 9990 9989
f 9862 9863 9991 9990
f 9863 9864 9992 9991
f 9864 9865 9993 9992
f 9865 9866 9994 9993
f 9866 9867 9995 9994
f 9867 9868 9996 9995
f 9868 9869 9997 9996
f 9869 9870 9998 9997
f 9870 9871 9999 9998
f 9871 9872 10000 9999
f 9872 9873 10001 10000
f 9873 9874 10002 10001
f 9874 9875 10003 10002
f 9875 9876 10004 10003
f 9876 9877 10005 10004
f 9877 9878 10006 10005
f 9878 9879 10007 10006
f 9879 9880 10008 10007
f 9880 9881 10009 10008
f 9881 9882 10010 10009
f 9882 9883 10011 10010
f 9883 9884 10012 10011
f 9884 9885 10013 10012
f 9885 9886 10014 10013
f 9886 9887 10015 10014
f 9887 9888 10016 10015
f 9888 9889 10017 10016
f 9889 9890 10018 10017
f 9890 9891 10019 10018
f 9891 9892 10020 10019
f 9892 9893 10021 10020
f 9893 9894 10022 10021
f 9894 9895 10023 10022
f 9895 9896 10024 10023
f 9896 9897 10025 10024
f 9897 9898 10026 10025
f 9898 9899 10027 10026
f 9899 9900 10028 10027
f 9900 9901 10029 10028
f 9901 9902 10030 10029
f 9902 9903 10031 10030
f 9903 9904 10032 10031
f 9904 9905 10033 10032
f 9905 9906 10034 10033
f 9906 9907 10035 10034
f 9907 9908 10036 10035
f 9908 9909 10037 10036
f 9909 9910 10038 10037
f 9910 9911 10039 10038
f 9911 9912 10040 10039
f 9912 9913 10041 10040
f 9913 9914 10042 10041
f 9914 9915 10043 10042
f 9915 9916 10044 10043
f 9916 9917 10045 10044
f 9917 9918 10046 10045
f 9918 9919 10047 10046
f 9919 9920 10048 10047
f 9920 9921 10049 10048
f 9921 9922 10050 10049
f 9922 9923 10051 10050
f 9923 9924 10052 10051
f 9924 9925 10053 10052
f 9925 9926 10054 10053
f 9926 9927 10055 10054
f 9927 9928 10056 10055
f 9928 9929 10057 10056
f 9929 9930 10058 10057
f 9930 9931 10059 10058
f 9931 9932 10060 10059
f 9932 9933 10061 10060
f 9933 9934 10062 10061
f 9934 9935 10063 10062
f 9935 9936 10064 10063
f 9936 9937 10065 10064
f 9937 9938 10066 10065
f 9938 9939 10067 10066
f 9939 9940 10068 10067
f 9940 9941 10069 10068
f 9941 9942 10070 10069
f 9942 9943 10071 10070
f 9943 9944 10072 10071
f 9944 9945 10073 10072
f 9945 9946 10074 10073
f 9946 9947 10075 10074
f 9947 9948 10076 10075
f 9948 9949 10077 10076
f 9949 9950 10078 10077
f 9950 9951 10079 10078
f 9951 9952 10080 10079
f 9952 9953 10081 10080
f 9953 9954 10082 10081
f 9954 9955 10083 10082
f 9955 9956 10084 10083
f 9956 9957 10085 10084
f 9957 9958 10086 10085
f 9958 9959 10087 10086
f 9959 9960 10088 10087
f 9960 9961 10089 10088
f 9961 9962 10090 10089
f 9962 9963 10091 10090
f 9963 9964 10092 10091
f 9964 9965 10093 10092
f 9965 9966 10094 10093
f 9966 9967 10095 10094
f 9967 9968 10096 10095
f 9968 9969 10097 10096
f 9969 9970 10098 10097
f 9970 9971 10099 10098
f 9971 9972 10100 10099
f 9972 9973 10101 10100
f 9973 9974 10102 10101
f 9974 9975 10103 10102
f 9975 9976 10104 10103
f 9976 9977 10105 10104
f 9977 9978 10106 10105
f 9978 9979 10107 10106
f 9979 9980 10108 10107
f 9980 9981 10109 10108
f 9981 9982 10110 10109
f 9982 9983 10111 10110
f 9983 9984 10112 10111
f 9985 9986 10114 10113
f 9986 9987 10115 10114
f 9987 9988 10116 10115
f 9988 9989 10117 10116
f 9989 9990 10118 10117
f 9990 9991 10119 10118
f 9991 9992 10120 10119
f 9992 9993 10121 10120
f 9993 9994 10122 10121
f 9994 9995 10123 10122
f 9995 9996 10124 10123
f 9996 9997 10125 10124
f 9997 9998 10126 10125
f 9998 9999 10127 10126
f 9999 10000 10128 10127
f 10000 10001 10129 10128
f 10001 10002 10130 10129
f 10002 10003 10131 10130
f 10003 10004 10132 10131
f 10004 10005 10133 10132
f 10005 10006 10134 10133
f 10006 10007 10135 10134
f 10007 10008 10136 10135
f 10008 10009 10137 10136
f 10009 10010 10138 10137
f 10010 10011 10139 10138
f 10011 10012 10140 10139
f 10012 10013 10141 10140
f 10013 10014 10142 10141
f 10014 10015 10143 10142
f 10015 10016 10144 10143
f 10016 10017 10145 10144
f 10017 10018 10146 10145
f 10018 10019 10147 10146
f 10019 10020 10148 10147
f 10020 10021 10149 10148
f 10021 10022 10150 10149
f 10022 10023 10151 10150
f 10023 10024 10152 10151
f 10024 10025 10153 10152
f 10025 10026 10154 10153
f 10026 10027 10155 10154
f 10027 10028 10156 10155
f 10028 10029 10157 10156
f 10029 10030 10158 10157
f 10030 10031 10159 10158
f 10031 10032 10160 10159
f 10032 10033 10161 10160
f 10033 10034 10162 10161
f 10034 10035 10163 10162
f 10035 10036 10164 10163
f 10036 10037 10165 10164
f 10037 10038 10166 10165
f 10038 10039 10167 10166
f 10039 10040 10168 10167
f 10040 10041 10169 10168
f 10041 10042 10170 10169
f 10042 10043 10171 10170
f 10043 10044 10172 10171
f 10044 10045 10173 10172
f 10045 10046 10174 10173
f 10046 10047 10175 10174
f 10047 10048 10176 10175
f 10048 10049 10177 10176
f 10049 10050 10178 10177
f 10050 10051 10179 10178
f 10051 10052 10180 10179
f 10052 10053 10181 10180
f 10053 10054 10182 10181
f 10054 10055 10183 10182
f 10055 10056 10184 10183
f 10056 10057 10185 10184
f 10057 10058 10186 10185
f 10058 10059 10187 10186
f 10059 10060 10188 10187
f 10060 10061 10189 10188
f 10061 10062 10190 10189
f 10062 10063 10191 10190
f 10063 10064 10192 10191
f 10064 10065 10193 10192
f 10065 10066 10194 10193
f 10066 10067 10195 10194
f 10067 10068 10196 10195
f 10068 10069 10197 10196
f 10069 10070 10198 10197
f 10070 10071 10199 10198
f 10071 10072 10200 10199
f 10072 10073 10201 10200
f 10073 10074 10202 10201
f 10074 10075 10203 10202
f 10075 10076 10204 10203
f 10076 10077 10205 10204
f 10077 10078 10206 10205
f 10078 10079 10207 10206
f 10079 10080 10208 10207
f 10080 10081 10209 10208
f 10081 10082 10210 10209
f 10082 10083 10211 10210
f 10083 10084 10212 10211
f 10084 10085 10213 10212
f 10085 10086 10214 10213
f 10086 10087 10215 10214
f 10087 10088 10216 10215
f 10088 10089 10217 10216
f 10089 10090 10218 10217
f 10090 10091 10219 10218
f 10091 10092 10220 10219
f 10092 10093 10221 10220
f 10093 10094 10222 10221
f 10094 10095 10223 10222
f 10095 10096 10224 10223
f 10096 10097 10225 10224
f 10097 10098 10226 10225
f 10098 10099 10227 10226
f 10099 10100 10228 10227
f 10100 10101 10229 10228
f 10101 10102 10230 10229
f 10102 10103 10231 10230
f 10103 10104 10232 10231
f 10104 10105 10233 10232
f 10105 10106 10234 10233
f 10106 10107 10235 10234
f 10107 10108 10236 10235
f 10108 10109 10237 10236
f 10109 10110 10238 10237
f 10110 10111 10239 10238
f 10111 10112 10240 10239
f 10113 10114 10242 10241
f 10114 10115 10243 10242
f 10115 10116 10244 10243
f 10116 10117 10245 10244
f 10117 10118 10246 10245
f 10118 10119 10247 10246
f 10119 10120 10248 10247
f 10120 10121 10249 10248
f 10121 10122 10250 10249
f 10122 10123 10251 10250
f 10123 10124 10252 10251
f 10124 10125 10253 10252
f 10125 10126 10254 10253
f 10126 10127 10255 10254
f 10127 10128 10256 10255
f 10128 10129 10257 10256
f 10129 10130 10258 10257
f 10130 10131 10259 10258
f 10131 10132 10260 10259
f 10132 10133 10261 10260
f 10133 10134 10262 10261
f 10134 10135 10263 10262
f 10135 10136 10264 10263
f 10136 10137 10265 10264
f 10137 10138 10266 10265
f 10138 10139 10267 10266
f 10139 10140 10268 10267
f 10140 10141 10269 10268
f 10141 10142 10270 10269
f 10142 10143 10271 10270
f 10143 10144 10272 10271
f 10144 10145 10273 10272
f 10145 10146 10274 10273
f 10146 10147 10275 10274
f 10147 10148 10276 10275
f 10148 10149 10277 10276
f 10149 10150 10278 10277
f 10150 10151 10279 10278
f 10151 10152 10280 10279
f 10152 10153 10281 10280
f 10153 10154 10282 10281
f 10154 10155 10283 10282
f 10155 10156 10284 10283
f 10156 10157 10285 10284
f 10157 10158 10286 10285
f 10158 10159 10287 10286
f 10159 10160 10288 10287
f 10160 10161 10289 10288
f 10161 10162 10290 10289
f 10162 10163 10291 10290
f 10163 10164 10292 10291
f 10164 10165 10293 10292
f 10165 10166 10294 10293
f 10166 10167 10295 10294
f 10167 10168 10296 10295
f 10168 10169 10297 10296
f 10169 10170 10298 10297
f 10170 10171 10299 10298
f 10171 10172 10300 10299
f 10172 10173 10301 10300
f 10173 10174 10302 10301
f 10174 10175 10303 10302
f 10175 10176 10304 10303
f 10176 10177 10305 10304
f 10177 10178 10306 10305
f 10178 10179 10307 10306
f 10179 10180 10308 10307
f 10180 10181 10309 10308
f 10181 10182 10310 10309
f 10182 10183 10311 10310
f 10183 10184 10312 10311
f 10184 10185 10313 10312
f 10185 10186 10314 10313
f 10186 10187 10315 10314
f 10187 10188 10316 10315
f 10188 10189 10317 10316
f 10189 10190 10318 10317
f 10190 10191 10319 10318
f 10191 10192 10320 10319
f 10192 10193 10321 10320
f 10193 10194 10322 10321
f 10194 10195 10323 10322
f 10195 10196 10324 10323
f 10196 10197 10325 10324
f 10197 10198 10326 10325
f 10198 10199 10327 10326
f 10199 10200 10328 10327
f 10200 10201 10329 10328
f 10201 10202 10330 10329
f 10202 10203 10331 10330
f 10203 10204 10332 10331
f 10204 10205 10333 10332
f 10205 10206 10334 10333
f 10206 10207 10335 10334
f 10207 10208 10336 10335
f 10208 10209 10337 10336
f 10209 10210 10338 10337
f 10210 10211 10339 10338
f 10211 10212 10340 10339
f 10212 10213 10341 10340
f 10213 10214 10342 10341
f 10214 10215 10343 10342
f 10215 10216 10344 10343
f 10216 10217 10345 10344
f 10217 10218 10346 10345
f 10218 10219 10347 10346
f 10219 10220 10348 10347
f 10220 10221 10349 10348
f 10221 10222 10350 10349
f 10222 10223 10351 10350
f 10223 10224 10352 10351
f 10224 10225 10353 10352
f 10225 10226 10354 10353
f 10226 10227 10355 10354
f 10227 10228 10356 10355
f 10228 10229 10357 10356
f 10229 10230 10358 10357
f 10230 10231 10359 10358
f 10231 10232 10360 10359
f 10232 10233 10361 10360
f 10233 10234 10362 10361
f 10234 10235 10363 10362
f 10235 10236 10364 10363
f 10236 10237 10365 10364
f 10237 10238 10366 10365
f 10238 10239 10367 10366
f 10239 10240 10368 10367
f 10241 10242 10370 10369
f 10242 10243 10371 10370
f 10243 10244 10372 10371
f 10244 10245 10373 10372
f 10245 10246 10374 10373
f 10246 10247 10375 10374
f 10247 10248 10376 10375
f 10248 10249 10377 10376
f 10249 10250 10378 10377
f 10250 10251 10379 10378
f 10251 10252 10380 10379
f 10252 10253 10381 10380
f 10253 10254 10382 10381
f 10254 10255 10383 10382
f 10255 10256 10384 10383
f 10256 10257 10385 10384
f 10257 10258 10386 10385
f 10258 10259 10387 10386
f 10259 10260 10388 10387
f 10260 10261 10389 10388
f 10261 10262 10390 10389
f 10262 10263 10391 10390
f 10263 10264 10392 10391
f 10264 10265 10393 10392
f 10265 10266 10394 10393
f 10266 10267 10395 10394
f 10267 10268 10396 10395
f 10268 10269 10397 10396
f 10269 10270 10398 10397
f 10270 10271 10399 10398
f 10271 10272 10400 10399
f 10272 10273 10401 10400
f 10273 10274 10402 10401
f 10274 10275 10403 10402
f 10275 10276 10404 10403
f 10276 10277 10405 10404
f 10277 10278 10406 10405
f 10278 10279 10407 10406
f 10279 10280 10408 10407
f 10280 10281 10409 10408
f 10281 10282 10410 10409
f 10282 10283 10411 10410
f 10283 10284 10412 10411
f 10284 10285 10413 10412
f 10285 10286 10414 10413
f 10286 10287 10415 10414
f 10287 10288 10416 10415
f 10288 10289 10417 10416
f 10289 10290 10418 10417
f 10290 10291 10419 10418
f 10291 10292 10420 10419
f 10292 10293 10421 10420
f 10293 10294 10422 10421
f 10294 10295 10423 10422
f 10295 10296 10424 10423
f 10296 10297 10425 10424
f 10297 10298 10426 10425
f 10298 10299 10427 10426
f 10299 10300 10428 10427
f 10300 10301 10429 10428
f 10301 10302 10430 10429
f 10302 10303 10431 10430
f 10303 10304 10432 10431
f 10304 10305 10433 10432
f 10305 10306 10434 10433
f 10306 10307 10435 10434
f 10307 10308 10436 10435
f 10308 10309 10437 10436
f 10309 10310 10438 10437
f 10310 10311 10439 10438
f 10311 10312 10440 10439
f 10312 10313 10441 10440
f 10313 10314 10442 10441
f 10314 10315 10443 10442
f 10315 10316 10444 10443
f 10316 10317 10445 10444
f 10317 10318 10446 10445
f 10318 10319 10447 10446
f 10319 10320 10448 10447
f 10320 10321 10449 10448
f 10321 10322 10450 10449
f 10322 10323 10451 10450
f 10323 10324 10452 10451
f 10324 10325 10453 10452
f 10325 10326 10454 10453
f 10326 10327 10455 10454
f 10327 10328 10456 10455
f 10328 10329 10457 10456
f 10329 10330 10458 10457
f 10330 10331 10459 10458
f 10331 10332 10460 10459
f 10332 10333 10461 10460
f 10333 10334 10462 10461
f 10334 10335 10463 10462
f 10335 10336 10464 10463
f 10336 10337 10465 10464
f 10337 10338 10466 10465
f 10338 10339 10467 10466
f 10339 10340 10468 10467
f 10340 10341 10469 10468
f 10341 10342 10470 10469
f 10342 10343 10471 10470
f 10343 10344 10472 10471
f 10344 10345 10473 10472
f 10345 10346 10474 10473
f 10346 10347 10475 10474
f 10347 10348 10476 10475
f 10348 10349 10477 10476
f 10349 10350 10478 10477
f 10350 10351 10479 10478
f 10351 10352 10480 10479
f 10352 10353 10481 10480
f 10353 10354 10482 10481
f 10354 10355 10483 10482
f 10355 10356 10484 10483
f 10356 10357 10485 10484
f 10357 10358 10486 10485
f 10358 10359 10487 10486
f 10359 10360 10488 10487
f 10360 10361 10489 10488
f 10361 10362 10490 10489
f 10362 10363 10491 10490
f 10363 10364 10492 10491
f 10364 10365 10493 10492
f 10365 10366 10494 10493
f 10366 10367 10495 10494
f 10367 10368 10496 10495
f 10369 10370 10498 10497
f 10370 10371 10499 10498
f 10371 10372 10500 10499
f 10372 10373 10501 10500
f 10373 10374 10502 10501
f 10374 10375 10503 10502
f 10375 10376 10504 10503
f 10376 10377 10505 10504
f 10377 10378 10506 10505
f 10378 10379 10507 10506
f 10379 10380 10508 10507
f 10380 10381 10509 10508
f 10381 10382 10510 10509
f 10382 10383 10511 10510
f 10383 10384 10512 10511
f 10384 10385 10513 10512
f 10385 10386 10514 10513
f 10386 10387 10515 10514
f 10387 10388 10516 10515
f 10388 10389 10517 10516
f 10389 10390 10518 10517
f 10390 10391 10519 10518
f 10391 10392 10520 10519
f 10392 10393 10521 10520
f 10393 10394 10522 10521
f 10394 10395 10523 10522
f 10395 10396 10524 10523
f 10396 10397 10525 10524
f 10397 10398 10526 10525
f 10398 10399 10527 10526
f 10399 10400 10528 10527
f 10400 10401 10529 10528
f 10401 10402 10530 10529
f 10402 10403 10531 10530
f 10403 10404 10532 10531
f 10404 10405 10533 10532
f 10405 10406 10534 10533
f 10406 10407 10535 10534
f 10407 10408 10536 10535
f 10408 10409 10537 10536
f 10409 10410 10538 10537
f 10410 10411 10539 10538
f 10411 10412 10540 10539
f 10412 10413 10541 10540
f 10413 10414 10542 10541
f 10414 10415 10543 10542
f 10415 10416 10544 10543
f 10416 10417 10545 10544
f 10417 10418 10546 10545
f 10418 10419 10547 10546
f 10419 10420 10548 10547
f 10420 10421 10549 10548
f 10421 10422 10550 10549
f 10422 10423 10551 10550
f 10423 10424 10552 10551
f 10424 10425 10553 10552
f 10425 10426 10554 10553
f 10426 10427 10555 10554
f 10427 10428 10556 10555
f 10428 10429 10557 10556
f 10429 10430 10558 10557
f 10430 10431 10559 10558
f 10431 10432 10560 10559
f 10432 10433 10561 10560
f 10433 10434 10562 10561
f 10434 10435 10563 10562
f 10435 10436 10564 10563
f 10436 10437 10565 10564
f 10437 10438 10566 10565
f 10438 10439 10567 10566
f 10439 10440 10568 10567
f 10440 10441 10569 10568
f 10441 10442 10570 10569
f 10442 10443 10571 10570
f 10443 10444 10572 10571
f 10444 10445 10573 10572
f 10445 10446 10574 10573
f 10446 10447 10575 10574
f 10447 10448 10576 10575
f 10448 10449 10577 10576
f 10449 10450 10578 10577
f 10450 10451 10579 10578
f 10451 10452 10580 10579
f 10452 10453 10581 10580
f 10453 10454 10582 10581
f 10454 10455 10583 10582
f 10455 10456 10584 10583
f 10456 10457 10585 10584
f 10457 10458 10586 10585
f 10458 10459 10587 10586
f 10459 10460 10588 10587
f 10460 10461 10589 10588
f 10461 10462 10590 10589
f 10462 10463 10591 10590
f 10463 10464 10592 10591
f 10464 10465 10593 10592
f 10465 10466 10594 10593
f 10466 10467 10595 10594
f 10467 10468 10596 10595
f 10468 10469 10597 10596
f 10469 10470 10598 10597
f 10470 10471 10599 10598
f 10471 10472 10600 10599
f 10472 10473 10601 10600
f 10473 10474 10602 10601
f 10474 10475 10603 10602
f 10475 10476 10604 10603
f 10476 10477 10605 10604
f 10477 10478 10606 10605
f 10478 10479 10607 10606
f 10479 10480 10608 10607
f 10480 10481 10609 10608
f 10481 10482 10610 10609
f 10482 10483 10611 10610
f 10483 10484 10612 10611
f 10484 10485 10613 10612
f 10485 10486 10614 10613
f 10486 10487 10615 10614
f 10487 10488 10616 10615
f 10488 10489 10617 10616
f 10489 10490 10618 10617
f 10490 10491 10619 10618
f 10491 10492 10620 10619
f 10492 10493 10621 10620
f 10493 10494 10622 10621
f 10494 10495 10623 10622
f 10495 10496 10624 10623
f 10497 10498 10626 10625
f 10498 10499 10627 10626
f 10499 10500 10628 10627
f 10500 10501 10629 10628
f 10501 10502 10630 10629
f 10502 10503 10631 10630
f 10503 10504 10632 10631
f 10504 10505 10633 10632
f 10505 10506 10634 10633
f 10506 10507 10635 10634
f 10507 10508 10636 10635
f 10508 10509 10637 10636
f 10509 10510 10638 10637
f 10510 10511 10639 10638
f 10511 10512 10640 10639
f 10512 10513 10641 10640
f 10513 10514 10642 10641
f 10514 10515 10643 10642
f 10515 10516 10644 10643
f 10516 10517 10645 10644
f 10517 10518 10646 10645
f 10518 10519 10647 10646
f 10519 10520 10648 10647
f 10520 10521 10649 10648
f 10521 10522 10650 10649
f 10522 10523 10651 10650
f 10523 10524 10652 10651
f 10524 10525 10653 10652
f 10525 10526 10654 10653
f 10526 10527 10655 10654
f 10527 10528 10656 10655
f 10528 10529 10657 10656
f 10529 10530 10658 10657
f 10530 10531 10659 10658
f 10531 10532 10660 10659
f 10532 10533 10661 10660
f 10533 10534 10662 10661
f 10534 10535 10663 10662
f 10535 10536 10664 10663
f 10536 10537 10665 10664
f 10537 10538 10666 10665
f 10538 10539 10667 10666
f 10539 10540 10668 10667
f 10540 10541 10669 10668
f 10541 10542 10670 10669
f 10542 10543 10671 10670
f 10543 10544 10672 10671
f 10544 10545 10673 10672
f 10545 10546 10674 10673
f 10546 10547 10675 10674
f 10547 10548 10676 10675
f 10548 10549 10677 10676
f 10549 10550 10678 10677
f 10550 10551 10679 10678
f 10551 10552 10680 10679
f 10552 10553 10681 10680
f 10553 10554 10682 10681
f 10554 10555 10683 10682
f 10555 10556 10684 10683
f 10556 10557 10685 10684
f 10557 10558 10686 10685
f 10558 10559 10687 10686
f 10559 10560 10688 10687
f 10560 10561 10689 10688
f 10561 10562 10690 10689
f 10562 10563 10691 10690
f 10563 10564 10692 10691
f 10564 10565 10693 10692
f 10565 10566 10694 10693
f 10566 10567 10695 10694
f 10567 10568 10696 10695
f 10568 10569 10697 10696
f 10569 10570 10698 10697
f 10570 10571 10699 10698
f 10571 10572 10700 10699
f 10572 10573 10701 10700
f 10573 10574 10702 10701
f 10574 10575 10703 10702
f 10575 10576 10704 10703
f 10576 10577 10705 10704
f 10577 10578 10706 10705
f 10578 10579 10707 10706
f 10579 10580 10708 10707
f 10580 10581 10709 10708
f 10581 10582 10710 10709
f 10582 10583 10711 10710
f 10583 10584 10712 10711
f 10584 10585 10713 10712
f 10585 10586 10714 10713
f 10586 10587 10715 10714
f 10587 10588 10716 10715
f 10588 10589 10717 10716
f 10589 10590 10718 10717
f 10590 10591 10719 10718
f 10591 10592 10720 10719
f 10592 10593 10721 10720
f 10593 10594 10722 10721
f 10594 10595 10723 10722
f 10595 10596 10724 10723
f 10596 10597 10725 10724
f 10597 10598 10726 10725
f 10598 10599 10727 10726
f 10599 10600 10728 10727
f 10600 10601 10729 10728
f 10601 10602 10730 10729
f 10602 10603 10731 10730
f 10603 10604 10732 10731
f 10604 10605 10733 10732
f 10605 10606 10734 10733
f 10606 10607 10735 10734
f 10607 10608 10736 10735
f 10608 10609 10737 10736
f 10609 10610 10738 10737
f 10610 10611 10739 10738
f 10611 10612 10740 10739
f 10612 10613 10741 10740
f 10613 10614 10742 10741
f 10614 10615 10743 10742
f 10615 10616 10744 10743
f 10616 10617 10745 10744
f 10617 10618 10746 10745
f 10618 10619 10747 10746
f 10619 10620 10748 10747
f 10620 10621 10749 10748
f 10621 10622 10750 10749
f 10622 10623 10751 10750
f 10623 10624 10752 10751
f 10625 10626 10754 10753
f 10626 10627 10755 10754
f 10627 10628 10756 10755
f 10628 10629 10757 10756
f 10629 10630 10758 10757
f 10630 10631 10759 10758
f 10631 10632 10760 10759
f 10632 10633 10761 10760
f 10633 10634 10762 10761
f 10634 10635 10763 10762
f 10635 10636 10764 10763
f 10636 10637 10765 10764
f 10637 10638 10766 10765
f 10638 10639 10767 10766
f 10639 10640 10768 10767
f 10640 10641 10769 10768
f 10641 10642 10770 10769
f 10642 10643 10771 10770
f 10643 10644 10772 10771
f 10644 10645 10773 10772
f 10645 10646 10774 10773
f 10646 10647 10775 10774
f 10647 10648 10776 10775
f 10648 10649 10777 10776
f 10649 10650 10778 10777
f 10650 10651 10779 10778
f 10651 10652 10780 10779
f 10652 10653 10781 10780
f 10653 10654 10782 10781
f 10654 10655 10783 10782
f 10655 10656 10784 10783
f 10656 10657 10785 10784
f 10657 10658 10786 10785
f 10658 10659 10787 10786
f 10659 10660 10788 10787
f 10660 10661 10789 10788
f 10661 10662 10790 10789
f 10662 10663 10791 10790
f 10663 10664 10792 10791
f 10664 10665 10793 10792
f 10665 10666 10794 10793
f 10666 10667 10795 10794
f 10667 10668 10796 10795
f 10668 10669 10797 10796
f 10669 10670 10798 10797
f 10670 10671 10799 10798
f 10671 10672 10800 10799
f 10672 10673 10801 10800
f 10673 10674 10802 10801
f 10674 10675 10803 10802
f 10675 10676 10804 10803
f 10676 10677 10805 10804
f 10677 10678 10806 10805
f 10678 10679 10807 10806
f 10679 10680 10808 10807
f 10680 10681 10809 10808
f 10681 10682 10810 10809
f 10682 10683 10811 10810
f 10683 10684 10812 10811
f 10684 10685 10813 10812
f 10685 10686 10814 10813
f 10686 10687 10815 10814
f 10687 10688 10816 10815
f 10688 10689 10817 10816
f 10689 10690 10818 10817
f 10690 10691 10819 10818
f 10691 10692 10820 10819
f 10692 10693 10821 10820
f 10693 10694 10822 10821
f 10694 10695 10823 10822
f 10695 10696 10824 10823
f 10696 10697 10825 10824
f 10697 10698 10826 10825
f 10698 10699 10827 10826
f 10699 10700 10828 10827
f 10700 10701 10829 10828
f 10701 10702 10830 10829
f 10702 10703 10831 10830
f 10703 10704 10832 10831
f 10704 10705 10833 10832
f 10705 10706 10834 10833
f 10706 10707 10835 10834
f 10707 10708 10836 10835
f 10708 10709 10837 10836
f 10709 10710 10838 10837
f 10710 10711 10839 10838
f 10711 10712 10840 10839
f 10712 10713 10841 10840
f 10713 10714 10842 10841
f 10714 10715 10843 10842
f 10715 10716 10844 10843
f 10716 10717 10845 10844
f 10717 10718 10846 10845
f 10718 10719 10847 10846
f 10719 10720 10848 10847
f 10720 10721 10849 10848
f 10721 10722 10850 10849
f 10722 10723 10851 10850
f 10723 10724 10852 10851
f 10724 10725 10853 10852
f 10725 10726 10854 10853
f 10726 10727 10855 10854
f 10727 10728 10856 10855
f 10728 10729 10857 10856
f 10729 10730 10858 10857
f 10730 10731 10859 10858
f 10731 10732 10860 10859
f 10732 10733 10861 10860
f 10733 10734 10862 10861
f 10734 10735 10863 10862
f 10735 10736 10864 10863
f 10736 10737 10865 10864
f 10737 10738 10866 10865
f 10738 10739 10867 10866
f 10739 10740 10868 10867
f 10740 10741 10869 10868
f 10741 10742 10870 10869
f 10742 10743 10871 10870
f 10743 10744 10872 10871
f 10744 10745 10873 10872
f 10745 10746 10874 10873
f 10746 10747 10875 10874
f 10747 10748 10876 10875
f 10748 10749 10877 10876
f 10749 10750 10878 10877
f 10750 10751 10879 10878
f 10751 10752 10880 10879
f 10753 10754 10882 10881
f 10754 10755 10883 10882
f 10755 10756 10884 10883
f 10756 10757 10885 10884
f 10757 10758 10886 10885
f 10758 10759 10887 10886
f 10759 10760 10888 10887
f 10760 10761 10889 10888
f 10761 10762 10890 10889
f 10762 10763 10891 10890
f 10763 10764 10892 10891
f 10764 10765 10893 10892
f 10765 10766 10894 10893
f 10766 10767 10895 10894
f 10767 10768 10896 10895
f 10768 10769 10897 10896
f 10769 10770 10898 10897
f 10770 10771 10899 10898
f 10771 10772 10900 10899
f 10772 10773 10901 10900
f 10773 10774 10902 10901
f 10774 10775 10903 10902
f 10775 10776 10904 10903
f 10776 10777 10905 10904
f 10777 10778 10906 10905
f 10778 10779 10907 10906
f 10779 10780 10908 10907
f 10780 10781 10909 10908
f 10781 10782 10910 10909
f 10782 10783 10911 10910
f 10783 10784 10912 10911
f 10784 10785 10913 10912
f 10785 10786 10914 10913
f 10786 10787 10915 10914
f 10787 10788 10916 10915
f 10788 10789 10917 10916
f 10789 10790 10918 10917
f 10790 10791 10919 10918
f 10791 10792 10920 10919
f 10792 10793 10921 10920
f 10793 10794 10922 10921
f 10794 10795 10923 10922
f 10795 10796 10924 10923
f 10796 10797 10925 10924
f 10797 10798 10926 10925
f 10798 10799 10927 10926
f 10799 10800 10928 10927
f 10800 10801 10929 10928
f 10801 10802 10930 10929
f 10802 10803 10931 10930
f 10803 10804 10932 10931
f 10804 10805 10933 10932
f 10805 10806 10934 10933
f 10806 10807 10935 10934
f 10807 10808 10936 10935
f 10808 10809 10937 10936
f 10809 10810 10938 10937
f 10810 10811 10939 10938
f 10811 10812 10940 10939
f 10812 10813 10941 10940
f 10813 10814 10942 10941
f 10814 10815 10943 10942
f 10815 10816 10944 10943
f 10816 10817 10945 10944
f 10817 10818 10946 10945
f 10818 10819 10947 10946
f 10819 10820 10948 10947
f 10820 10821 10949 10948
f 10821 10822 10950 10949
f 10822 10823 10951 10950
f 10823 10824 10952 10951
f 10824 10825 10953 10952
f 10825 10826 10954 10953
f 10826 10827 10955 10954
f 10827 10828 10956 10955
f 10828 10829 10957 10956
f 10829 10830 10958 10957
f 10830 10831 10959 10958
f 10831 10832 10960 10959
f 10832 10833 10961 10960
f 10833 10834 10962 10961
f 10834 10835 10963 10962
f 10835 10836 10964 10963
f 10836 10837 10965 10964
f 10837 10838 10966 10965
f 10838 10839 10967 10966
f 10839 10840 10968 10967
f 10840 10841 10969 10968
f 10841 10842 10970 10969
f 10842 10843 10971 10970
f 10843 10844 10972 10971
f 10844 10845 10973 10972
f 10845 10846 10974 10973
f 10846 10847 10975 10974
f 10847 10848 10976 10975
f 10848 10849 10977 10976
f 10849 10850 10978 10977
f 10850 10851 10979 10978
f 10851 10852 10980 10979
f 10852 10853 10981 10980
f 10853 10854 10982 10981
f 10854 10855 10983 10982
f 10855 10856 10984 10983
f 10856 10857 10985 10984
f 10857 10858 10986 10985
f 10858 10859 10987 10986
f 10859 10860 10988 10987
f 10860 10861 10989 10988
f 10861 10862 10990 10989
f 10862 10863 10991 10990
f 10863 10864 10992 10991
f 10864 10865 10993 10992
f 10865 10866 10994 10993
f 10866 10867 10995 10994
f 10867 10868 10996 10995
f 10868 10869 10997 10996
f 10869 10870 10998 10997
f 10870 10871 10999 10998
f 10871 10872 11000 10999
f 10872 10873 11001 11000
f 10873 10874 11002 11001
f 10874 10875 11003 11002
f 10875 10876 11004 11003
f 10876 10877 11005 11004
f 10877 10878 11006 11005
f 10878 10879 11007 11006
f 10879 10880 11008 11007
f 10881 10882 11010 11009
f 10882 10883 11011 11010
f 10883 10884 11012 11011
f 10884 10885 11013 11012
f 10885 10886 11014 11013
f 10886 10887 11015 11014
f 10887 10888 11016 11015
f 10888 10889 11017 11016
f 10889 10890 11018 11017
f 10890 10891 11019 11018
f 10891 10892 11020 11019
f 10892 10893 11021 11020
f 10893 10894 11022 11021
f 10894 10895 11023 11022
f 10895 10896 11024 11023
f 10896 10897 11025 11024
f 10897 10898 11026 11025
f 10898 10899 11027 11026
f 10899 10900 11028 11027
f 10900 10901 11029 11028
f 10901 10902 11030 11029
f 10902 10903 11031 11030
f 10903 10904 11032 11031
f 10904 10905 11033 11032
f 10905 10906 11034 11033
f 10906 10907 11035 11034
f 10907 10908 11036 11035
f 10908 10909 11037 11036
f 10909 10910 11038 11037
f 10910 10911 11039 11038
f 10911 10912 11040 11039
f 10912 10913 11041 11040
f 10913 10914 11042 11041
f 10914 10915 11043 11042
f 10915 10916 11044 11043
f 10916 10917 11045 11044
f 10917 10918 11046 11045
f 10918 10919 11047 11046
f 10919 10920 11048 11047
f 10920 10921 11049 11048
f 10921 10922 11050 11049
f 10922 10923 11051 11050
f 10923 10924 11052 11051
f 10924 10925 11053 11052
f 10925 10926 11054 11053
f 10926 10927 11055 11054
f 10927 10928 11056 11055
f 10928 10929 11057 11056
f 10929 10930 11058 11057
f 10930 10931 11059 11058
f 10931 10932 11060 11059
f 10932 10933 11061 11060
f 10933 10934 11062 11061
f 10934 10935 11063 11062
f 10935 10936 11064 11063
f 10936 10937 11065 11064
f 10937 10938 11066 11065
f 10938 10939 11067 11066
f 10939 10940 11068 11067
f 10940 10941 11069 11068
f 10941 10942 11070 11069
f 10942 10943 11071 11070
f 10943 10944 11072 11071
f 10944 10945 11073 11072
f 10945 10946 11074 11073
f 10946 10947 11075 11074
f 10947 10948 11076 11075
f 10948 10949 11077 11076
f 10949 10950 11078 11077
f 10950 10951 11079 11078
f 10951 10952 11080 11079
f 10952 10953 11081 11080
f 10953 10954 11082 11081
f 10954 10955 11083 11082
f 10955 10956 11084 11083
f 10956 10957 11085 11084
f 10957 10958 11086 11085
f 10958 10959 11087 11086
f 10959 10960 11088 11087
f 10960 10961 11089 11088
f 10961 10962 11090 11089
f 10962 10963 11091 11090
f 10963 10964 11092 11091
f 10964 10965 11093 11092
f 10965 10966 11094 11093
f 10966 10967 11095 11094
f 10967 10968 11096 11095
f 10968 10969 11097 11096
f 10969 10970 11098 11097
f 10970 10971 11099 11098
f 10971 10972 11100 11099
f 10972 10973 11101 11100
f 10973 10974 11102 11101
f 10974 10975 11103 11102
f 10975 10976 11104 11103
f 10976 10977 11105 11104
f 10977 10978 11106 11105
f 10978 10979 11107 11106
f 10979 10980 11108 11107
f 10980 10981 11109 11108
f 10981 10982 11110 11109
f 10982 10983 11111 11110
f 10983 10984 11112 11111
f 10984 10985 11113 11112
f 10985 10986 11114 11113
f 10986 10987 11115 11114
f 10987 10988 11116 11115
f 10988 10989 11117 11116
f 10989 10990 11118 11117
f 10990 10991 11119 11118
f 10991 10992 11120 11119
f 10992 10993 11121 11120
f 10993 10994 11122 11121
f 10994 10995 11123 11122
f 10995 10996 11124 11123
f 10996 10997 11125 11124
f 10997 10998 11126 11125
f 10998 10999 11127 11126
f 10999 11000 11128 11127
f 11000 11001 11129 11128
f 11001 11002 11130 11129
f 11002 11003 11131 11130
f 11003 11004 11132 11131
f 11004 11005 11133 11132
f 11005 11006 11134 11133
f 11006 11007 11135 11134
f 11007 11008 11136 11135
f 11009 11010 11138 11137
f 11010 11011 11139 11138
f 11011 11012 11140 11139
f 11012 11013 11141 11140
f 11013 11014 11142 11141
f 11014 11015 11143 11142
f 11015 11016 11144 11143
f 11016 11017 11145 11144
f 11017 11018 11146 11145
f 11018 11019 11147 11146
f 11019 11020 11148 11147
f 11020 11021 11149 11148
f 11021 11022 11150 11149
f 11022 11023 11151 11150
f 11023 11024 11152 11151
f 11024 11025 11153 11152
f 11025 11026 11154 11153
f 11026 11027 11155 11154
f 11027 11028 11156 11155
f 11028 11029 11157 11156
f 11029 11030 11158 11157
f 11030 11031 11159 11158
f 11031 11032 11160 11159
f 11032 11033 11161 11160
f 11033 11034 11162 11161
f 11034 11035 11163 11162
f 11035 11036 11164 11163
f 11036 11037 11165 11164
f 11037 11038 11166 11165
f 11038 11039 11167 11166
f 11039 11040 11168 11167
f 11040 11041 11169 11168
f 11041 11042 11170 11169
f 11042 11043 11171 11170
f 11043 11044 11172 11171
f 11044 11045 11173 11172
f 11045 11046 11174 11173
f 11046 11047 11175 11174
f 11047 11048 11176 11175
f 11048 11049 11177 11176
f 11049 11050 11178 11177
f 11050 11051 11179 11178
f 11051 11052 11180 11179
f 11052 11053 11181 11180
f 11053 11054 11182 11181
f 11054 11055 11183 11182
f 11055 11056 11184 11183
f 11056 11057 11185 11184
f 11057 11058 11186 11185
f 11058 11059 11187 11186
f 11059 11060 11188 11187
f 11060 11061 11189 11188
f 11061 11062 11190 11189
f 11062 11063 11191 11190
f 11063 11064 11192 11191
f 11064 11065 11193 11192
f 11065 11066 11194 11193
f 11066 11067 11195 11194
f 11067 11068 11196 11195
f 11068 11069 11197 11196
f 11069 11070 11198 11197
f 11070 11071 11199 11198
f 11071 11072 11200 11199
f 11072 11073 11201 11200
f 11073 11074 11202 11201
f 11074 11075 11203 11202
f 11075 11076 11204 11203
f 11076 11077 11205 11204
f 11077 11078 11206 11205
f 11078 11079 11207 11206
f 11079 11080 11208 11207
f 11080 11081 11209 11208
f 11081 11082 11210 11209
f 11082 11083 11211 11210
f 11083 11084 11212 11211
f 11084 11085 11213 11212
f 11085 11086 11214 11213
f 11086 11087 11215 11214
f 11087 11088 11216 11215
f 11088 11089 11217 11216
f 11089 11090 11218 11217
f 11090 11091 11219 11218
f 11091 11092 11220 11219
f 11092 11093 11221 11220
f 11093 11094 11222 11221
f 11094 11095 11223 11222
f 11095 11096 11224 11223
f 11096 11097 11225 11224
f 11097 11098 11226 11225
f 11098 11099 11227 11226
f 11099 11100 11228 11227
f 11100 11101 11229 11228
f 11101 11102 11230 11229
f 11102 11103 11231 11230
f 11103 11104 11232 11231
f 11104 11105 11233 11232
f 11105 11106 11234 11233
f 11106 11107 11235 11234
f 11107 11108 11236 11235
f 11108 11109 11237 11236
f 11109 11110 11238 11237
f 11110 11111 11239 11238
f 11111 11112 11240 11239
f 11112 11113 11241 11240
f 11113 11114 11242 11241
f 11114 11115 11243 11242
f 11115 11116 11244 11243
f 11116 11117 11245 11244
f 11117 11118 11246 11245
f 11118 11119 11247 11246
f 11119 11120 11248 11247
f 11120 11121 11249 11248
f 11121 11122 11250 11249
f 11122 11123 11251 11250
f 11123 11124 11252 11251
f 11124 11125 11253 11252
f 11125 11126 11254 11253
f 11126 11127 11255 11254
f 11127 11128 11256 11255
f 11128 11129 11257 11256
f 11129 11130 11258 11257
f 11130 11131 11259 11258
f 11131 11132 11260 11259
f 11132 11133 11261 11260
f 11133 11134 11262 11261
f 11134 11135 11263 11262
f 11135 11136 11264 11263
f 11137 11138 11266 11265
f 11138 11139 11267 11266
f 11139 11140 11268 11267
f 11140 11141 11269 11268
f 11141 11142 11270 11269
f 11142 11143 11271 11270
f 11143 11144 11272 11271
f 11144 11145 11273 11272
f 11145 11146 11274 11273
f 11146 11147 11275 11274
f 11147 11148 11276 11275
f 11148 11149 11277 11276
f 11149 11150 11278 11277
f 11150 11151 11279 11278
f 11151 11152 11280 11279
f 11152 11153 11281 11280
f 11153 11154 11282 11281
f 11154 11155 11283 11282
f 11155 11156 11284 11283
f 11156 11157 11285 11284
f 11157 11158 11286 11285
f 11158 11159 11287 11286
f 11159 11160 11288 11287
f 11160 11161 11289 11288
f 11161 11162 11290 11289
f 11162 11163 11291 11290
f 11163 11164 11292 11291
f 11164 11165 11293 11292
f 11165 11166 11294 11293
f 11166 11167 11295 11294
f 11167 11168 11296 11295
f 11168 11169 11297 11296
f 11169 11170 11298 11297
f 11170 11171 11299 11298
f 11171 11172 11300 11299
f 11172 11173 11301 11300
f 11173 11174 11302 11301
f 11174 11175 11303 11302
f 11175 11176 11304 11303
f 11176 11177 11305 11304
f 11177 11178 11306 11305
f 11178 11179 11307 11306
f 11179 11180 11308 11307
f 11180 11181 11309 11308
f 11181 11182 11310 11309
f 11182 11183 11311 11310
f 11183 11184 11312 11311
f 11184 11185 11313 11312
f 11185 11186 11314 11313
f 11186 11187 11315 11314
f 11187 11188 11316 11315
f 11188 11189 11317 11316
f 11189 11190 11318 11317
f 11190 11191 11319 11318
f 11191 11192 11320 11319
f 11192 11193 11321 11320
f 11193 11194 11322 11321
f 11194 11195 11323 11322
f 11195 11196 11324 11323
f 11196 11197 11325 11324
f 11197 11198 11326 11325
f 11198 11199 11327 11326
f 11199 11200 11328 11327
f 11200 11201 11329 11328
f 11201 11202 11330 11329
f 11202 11203 11331 11330
f 11203 11204 11332 11331
f 11204 11205 11333 11332
f 11205 11206 11334 11333
f 11206 11207 11335 11334
f 11207 11208 11336 11335
f 11208 11209 11337 11336
f 11209 11210 11338 11337
f 11210 11211 11339 11338
f 11211 11212 11340 11339
f 11212 11213 11341 11340
f 11213 11214 11342 11341
f 11214 11215 11343 11342
f 11215 11216 11344 11343
f 11216 11217 11345 11344
f 11217 11218 11346 11345
f 11218 11219 11347 11346
f 11219 11220 11348 11347
f 11220 11221 11349 11348
f 11221 11222 11350 11349
f 11222 11223 11351 11350
f 11223 11224 11352 11351
f 11224 11225 11353 11352
f 11225 11226 11354 11353
f 11226 11227 11355 11354
f 11227 11228 11356 11355
f 11228 11229 11357 11356
f 11229 11230 11358 11357
f 11230 11231 11359 11358
f 11231 11232 11360 11359
f 11232 11233 11361 11360
f 11233 11234 11362 11361
f 11234 11235 11363 11362
f 11235 11236 11364 11363
f 11236 11237 11365 11364
f 11237 11238 11366 11365
f 11238 11239 11367 11366
f 11239 11240 11368 11367
f 11240 11241 11369 11368
f 11241 11242 11370 11369
f 11242 11243 11371 11370
f 11243 11244 11372 11371
f 11244 11245 11373 11372
f 11245 11246 11374 11373
f 11246 11247 11375 11374
f 11247 11248 11376 11375
f 11248 11249 11377 11376
f 11249 11250 11378 11377
f 11250 11251 11379 11378
f 11251 11252 11380 11379
f 11252 11253 11381 11380
f 11253 11254 11382 11381
f 11254 11255 11383 11382
f 11255 11256 11384 11383
f 11256 11257 11385 11384
f 11257 11258 11386 11385
f 11258 11259 11387 11386
f 11259 11260 11388 11387
f 11260 11261 11389 11388
f 11261 11262 11390 11389
f 11262 11263 11391 11390
f 11263 11264 11392 11391
f 11265 11266 11394 11393
f 11266 11267 11395 11394
f 11267 11268 11396 11395
f 11268 11269 11397 11396
f 11269 11270 11398 11397
f 11270 11271 11399 11398
f 11271 11272 11400 11399
f 11272 11273 11401 11400
f 11273 11274 11402 11401
f 11274 11275 11403 11402
f 11275 11276 11404 11403
f 11276 11277 11405 11404
f 11277 11278 11406 11405
f 11278 11279 11407 11406
f 11279 11280 11408 11407
f 11280 11281 11409 11408
f 11281 11282 11410 11409
f 11282 11283 11411 11410
f 11283 11284 11412 11411
f 11284 11285 11413 11412
f 11285 11286 11414 11413
f 11286 11287 11415 11414
f 11287 11288 11416 11415
f 11288 11289 11417 11416
f 11289 11290 11418 11417
f 11290 11291 11419 11418
f 11291 11292 11420 11419
f 11292 11293 11421 11420
f 11293 11294 11422 11421
f 11294 11295 11423 11422
f 11295 11296 11424 11423
f 11296 11297 11425 11424
f 11297 11298 11426 11425
f 11298 11299 11427 11426
f 11299 11300 11428 11427
f 11300 11301 11429 11428
f 11301 11302 11430 11429
f 11302 11303 11431 11430
f 11303 11304 11432 11431
f 11304 11305 11433 11432
f 11305 11306 11434 11433
f 11306 11307 11435 11434
f 11307 11308 11436 11435
f 11308 11309 11437 11436
f 11309 11310 11438 11437
f 11310 11311 11439 11438
f 11311 11312 11440 11439
f 11312 11313 11441 11440
f 11313 11314 11442 11441
f 11314 11315 11443 11442
f 11315 11316 11444 11443
f 11316 11317 11445 11444
f 11317 11318 11446 11445
f 11318 11319 11447 11446
f 11319 11320 11448 11447
f 11320 11321 11449 11448
f 11321 11322 11450 11449
f 11322 11323 11451 11450
f 11323 11324 11452 11451
f 11324 11325 11453 11452
f 11325 11326 11454 11453
f 11326 11327 11455 11454
f 11327 11328 11456 11455
f 11328 11329 11457 11456
f 11329 11330 11458 11457
f 11330 11331 11459 11458
f 11331 11332 11460 11459
f 11332 11333 11461 11460
f 11333 11334 11462 11461
f 11334 11335 11463 11462
f 11335 11336 11464 11463
f 11336 11337 11465 11464
f 11337 11338 11466 11465
f 11338 11339 11467 11466
f 11339 11340 11468 11467
f 11340 11341 11469 11468
f 11341 11342 11470 11469
f 11342 11343 11471 11470
f 11343 11344 11472 11471
f 11344 11345 11473 11472
f 11345 11346 11474 11473
f 11346 11347 11475 11474
f 11347 11348 11476 11475
f 11348 11349 11477 11476
f 11349 11350 11478 11477
f 11350 11351 11479 11478
f 11351 11352 11480 11479
f 11352 11353 11481 11480
f 11353 11354 11482 11481
f 11354 11355 11483 11482
f 11355 11356 11484 11483
f 11356 11357 11485 11484
f 11357 11358 11486 11485
f 11358 11359 11487 11486
f 11359 11360 11488 11487
f 11360 11361 11489 11488
f 11361 11362 11490 11489
f 11362 11363 11491 11490
f 11363 11364 11492 11491
f 11364 11365 11493 11492
f 11365 11366 11494 11493
f 11366 11367 11495 11494
f 11367 11368 11496 11495
f 11368 11369 11497 11496
f 11369 11370 11498 11497
f 11370 11371 11499 11498
f 11371 11372 11500 11499
f 11372 11373 11501 11500
f 11373 11374 11502 11501
f 11374 11375 11503 11502
f 11375 11376 11504 11503
f 11376 11377 11505 11504
f 11377 11378 11506 11505
f 11378 11379 11507 11506
f 11379 11380 11508 11507
f 11380 11381 11509 11508
f 11381 11382 11510 11509
f 11382 11383 11511 11510
f 11383 11384 11512 11511
f 11384 11385 11513 11512
f 11385 11386 11514 11513
f 11386 11387 11515 11514
f 11387 11388 11516 11515
f 11388 11389 11517 11516
f 11389 11390 11518 11517
f 11390 11391 11519 11518
f 11391 11392 11520 11519
f 11393 11394 11522 11521
f 11394 11395 11523 11522
f 11395 11396 11524 11523
f 11396 11397 11525 11524
f 11397 11398 11526 11525
f 11398 11399 11527 11526
f 11399 11400 11528 11527
f 11400 11401 11529 11528
f 11401 11402 11530 11529
f 11402 11403 11531 11530
f 11403 11404 11532 11531
f 11404 11405 11533 11532
f 11405 11406 11534 11533
f 11406 11407 11535 11534
f 11407 11408 11536 11535
f 11408 11409 11537 11536
f 11409 11410 11538 11537
f 11410 11411 11539 11538
f 11411 11412 11540 11539
f 11412 11413 11541 11540
f 11413 11414 11542 11541
f 11414 11415 11543 11542
f 11415 11416 11544 11543
f 11416 11417 11545 11544
f 11417 11418 11546 11545
f 11418 11419 11547 11546
f 11419 11420 11548 11547
f 11420 11421 11549 11548
f 11421 11422 11550 11549
f 11422 11423 11551 11550
f 11423 11424 11552 11551
f 11424 11425 11553 11552
f 11425 11426 11554 11553
f 11426 11427 11555 11554
f 11427 11428 11556 11555
f 11428 11429 11557 11556
f 11429 11430 11558 11557
f 11430 11431 11559 11558
f 11431 11432 11560 11559
f 11432 11433 11561 11560
f 11433 11434 11562 11561
f 11434 11435 11563 11562
f 11435 11436 11564 11563
f 11436 11437 11565 11564
f 11437 11438 11566 11565
f 11438 11439 11567 11566
f 11439 11440 11568 11567
f 11440 11441 11569 11568
f 11441 11442 11570 11569
f 11442 11443 11571 11570
f 11443 11444 11572 11571
f 11444 11445 11573 11572
f 11445 11446 11574 11573
f 11446 11447 11575 11574
f 11447 11448 11576 11575
f 11448 11449 11577 11576
f 11449 11450 11578 11577
f 11450 11451 11579 11578
f 11451 11452 11580 11579
f 11452 11453 11581 11580
f 11453 11454 11582 11581
f 11454 11455 11583 11582
f 11455 11456 11584 11583
f 11456 11457 11585 11584
f 11457 11458 11586 11585
f 11458 11459 11587 11586
f 11459 11460 11588 11587
f 11460 11461 11589 11588
f 11461 11462 11590 11589
f 11462 11463 11591 11590
f 11463 11464 11592 11591
f 11464 11465 11593 11592
f 11465 11466 11594 11593
f 11466 11467 11595 11594
f 11467 11468 11596 11595
f 11468 11469 11597 11596
f 11469 11470 11598 11597
f 11470 11471 11599 11598
f 11471 11472 11600 11599
f 11472 11473 11601 11600
f 11473 11474 11602 11601
f 11474 11475 11603 11602
f 11475 11476 11604 11603
f 11476 11477 11605 11604
f 11477 11478 11606 11605
f 11478 11479 11607 11606
f 11479 11480 11608 11607
f 11480 11481 11609 11608
f 11481 11482 11610 11609
f 11482 11483 11611 11610
f 11483 11484 11612 11611
f 11484 11485 11613 11612
f 11485 11486 11614 11613
f 11486 11487 11615 11614
f 11487 11488 11616 11615
f 11488 11489 11617 11616
f 11489 11490 11618 11617
f 11490 11491 11619 11618
f 11491 11492 11620 11619
f 11492 11493 11621 11620
f 11493 11494 11622 11621
f 11494 11495 11623 11622
f 11495 11496 11624 11623
f 11496 11497 11625 11624
f 11497 11498 11626 11625
f 11498 11499 11627 11626
f 11499 11500 11628 11627
f 11500 11501 11629 11628
f 11501 11502 11630 11629
f 11502 11503 11631 11630
f 11503 11504 11632 11631
f 11504 11505 11633 11632
f 11505 11506 11634 11633
f 11506 11507 11635 11634
f 11507 11508 11636 11635
f 11508 11509 11637 11636
f 11509 11510 11638 11637
f 11510 11511 11639 11638
f 11511 11512 11640 11639
f 11512 11513 11641 11640
f 11513 11514 11642 11641
f 11514 11515 11643 11642
f 11515 11516 11644 11643
f 11516 11517 11645 11644
f 11517 11518 11646 11645
f 11518 11519 11647 11646
f 11519 11520 11648 11647
f 11521 11522 11650 11649
f 11522 11523 11651 11650
f 11523 11524 11652 11651
f 11524 11525 11653 11652
f 11525 11526 11654 11653
f 11526 11527 11655 11654
f 11527 11528 11656 11655
f 11528 11529 11657 11656
f 11529 11530 11658 11657
f 11530 11531 11659 11658
f 11531 11532 11660 11659
f 11532 11533 11661 11660
f 11533 11534 11662 11661
f 11534 11535 11663 11662
f 11535 11536 11664 11663
f 11536 11537 11665 11664
f 11537 11538 11666 11665
f 11538 11539 11667 11666
f 11539 11540 11668 11667
f 11540 11541 11669 11668
f 11541 11542 11670 11669
f 11542 11543 11671 11670
f 11543 11544 11672 11671
f 11544 11545 11673 11672
f 11545 11546 11674 11673
f 11546 11547 11675 11674
f 11547 11548 11676 11675
f 11548 11549 11677 11676
f 11549 11550 11678 11677
f 11550 11551 11679 11678
f 11551 11552 11680 11679
f 11552 11553 11681 11680
f 11553 11554 11682 11681
f 11554 11555 11683 11682
f 11555 11556 11684 11683
f 11556 11557 11685 11684
f 11557 11558 11686 11685
f 11558 11559 11687 11686
f 11559 11560 11688 11687
f 11560 11561 11689 11688
f 11561 11562 11690 11689
f 11562 11563 11691 11690
f 11563 11564 11692 11691
f 11564 11565 11693 11692
f 11565 11566 11694 11693
f 11566 11567 11695 11694
f 11567 11568 11696 11695
f 11568 11569 11697 11696
f 11569 11570 11698 11697
f 11570 11571 11699 11698
f 11571 11572 11700 11699
f 11572 11573 11701 11700
f 11573 11574 11702 11701
f 11574 11575 11703 11702
f 11575 11576 11704 11703
f 11576 11577 11705 11704
f 11577 11578 11706 11705
f 11578 11579 11707 11706
f 11579 11580 11708 11707
f 11580 11581 11709 11708
f 11581 11582 11710 11709
f 11582 11583 11711 11710
f 11583 11584 11712 11711
f 11584 11585 11713 11712
f 11585 11586 11714 11713
f 11586 11587 11715 11714
f 11587 11588 11716 11715
f 11588 11589 11717 11716
f 11589 11590 11718 11717
f 11590 11591 11719 11718
f 11591 11592 11720 11719
f 11592 11593 11721 11720
f 11593 11594 11722 11721
f 11594 11595 11723 11722
f 11595 11596 11724 11723
f 11596 11597 11725 11724
f 11597 11598 11726 11725
f 11598 11599 11727 11726
f 11599 11600 11728 11727
f 11600 11601 11729 11728
f 11601 11602 11730 11729
f 11602 11603 11731 11730
f 11603 11604 11732 11731
f 11604 11605 11733 11732
f 11605 11606 11734 11733
f 11606 11607 11735 11734
f 11607 11608 11736 11735
f 11608 11609 11737 11736
f 11609 11610 11738 11737
f 11610 11611 11739 11738
f 11611 11612 11740 11739
f 11612 11613 11741 11740
f 11613 11614 11742 11741
f 11614 11615 11743 11742
f 11615 11616 11744 11743
f 11616 11617 11745 11744
f 11617 11618 11746 11745
f 11618 11619 11747 11746
f 11619 11620 11748 11747
f 11620 11621 11749 11748
f 11621 11622 11750 11749
f 11622 11623 11751 11750
f 11623 11624 11752 11751
f 11624 11625 11753 11752
f 11625 11626 11754 11753
f 11626 11627 11755 11754
f 11627 11628 11756 11755
f 11628 11629 11757 11756
f 11629 11630 11758 11757
f 11630 11631 11759 11758
f 11631 11632 11760 11759
f 11632 11633 11761 11760
f 11633 11634 11762 11761
f 11634 11635 11763 11762
f 11635 11636 11764 11763
f 11636 11637 11765 11764
f 11637 11638 11766 11765
f 11638 11639 11767 11766
f 11639 11640 11768 11767
f 11640 11641 11769 11768
f 11641 11642 11770 11769
f 11642 11643 11771 11770
f 11643 11644 11772 11771
f 11644 11645 11773 11772
f 11645 11646 11774 11773
f 11646 11647 11775 11774
f 11647 11648 11776 11775
f 11649 11650 11778 11777
f 11650 11651 11779 11778
f 11651 11652 11780 11779
f 11652 11653 11781 11780
f 11653 11654 11782 11781
f 11654 11655 11783 11782
f 11655 11656 11784 11783
f 11656 11657 11785 11784
f 11657 11658 11786 11785
f 11658 11659 11787 11786
f 11659 11660 11788 11787
f 11660 11661 11789 11788
f 11661 11662 11790 11789
f 11662 11663 11791 11790
f 11663 11664 11792 11791
f 11664 11665 11793 11792
f 11665 11666 11794 11793
f 11666 11667 11795 11794
f 11667 11668 11796 11795
f 11668 11669 11797 11796
f 11669 11670 11798 11797
f 11670 11671 11799 11798
f 11671 11672 11800 11799
f 11672 11673 11801 11800
f 11673 11674 11802 11801
f 11674 11675 11803 11802
f 11675 11676 11804 11803
f 11676 11677 11805 11804
f 11677 11678 11806 11805
f 11678 11679 11807 11806
f 11679 11680 11808 11807
f 11680 11681 11809 11808
f 11681 11682 11810 11809
f 11682 11683 11811 11810
f 11683 11684 11812 11811
f 11684 11685 11813 11812
f 11685 11686 11814 11813
f 11686 11687 11815 11814
f 11687 11688 11816 11815
f 11688 11689 11817 11816
f 11689 11690 11818 11817
f 11690 11691 11819 11818
f 11691 11692 11820 11819
f 11692 11693 11821 11820
f 11693 11694 11822 11821
f 11694 11695 11823 11822
f 11695 11696 11824 11823
f 11696 11697 11825 11824
f 11697 11698 11826 11825
f 11698 11699 11827 11826
f 11699 11700 11828 11827
f 11700 11701 11829 11828
f 11701 11702 11830 11829
f 11702 11703 11831 11830
f 11703 11704 11832 11831
f 11704 11705 11833 11832
f 11705 11706 11834 11833
f 11706 11707 11835 11834
f 11707 11708 11836 11835
f 11708 11709 11837 11836
f 11709 11710 11838 11837
f 11710 11711 11839 11838
f 11711 11712 11840 11839
f 11712 11713 11841 11840
f 11713 11714 11842 11841
f 11714 11715 11843 11842
f 11715 11716 11844 11843
f 11716 11717 11845 11844
f 11717 11718 11846 11845
f 11718 11719 11847 11846
f 11719 11720 11848 11847
f 11720 11721 11849 11848
f 11721 11722 11850 11849
f 11722 11723 11851 11850
f 11723 11724 11852 11851
f 11724 11725 11853 11852
f 11725 11726 11854 11853
f 11726 11727 11855 11854
f 11727 11728 11856 11855
f 11728 11729 11857 11856
f 11729 11730 11858 11857
f 11730 11731 11859 11858
f 11731 11732 11860 11859
f 11732 11733 11861 11860
f 11733 11734 11862 11861
f 11734 11735 11863 11862
f 11735 11736 11864 11863
f 11736 11737 11865 11864
f 11737 11738 11866 11865
f 11738 11739 11867 11866
f 11739 11740 11868 11867
f 11740 11741 11869 11868
f 11741 11742 11870 11869
f 11742 11743 11871 11870
f 11743 11744 11872 11871
f 11744 11745 11873 11872
f 11745 11746 11874 11873
f 11746 11747 11875 11874
f 11747 11748 11876 11875
f 11748 11749 11877 11876
f 11749 11750 11878 11877
f 11750 11751 11879 11878
f 11751 11752 11880 11879
f 11752 11753 11881 11880
f 11753 11754 11882 11881
f 11754 11755 11883 11882
f 11755 11756 11884 11883
f 11756 11757 11885 11884
f 11757 11758 11886 11885
f 11758 11759 11887 11886
f 11759 11760 11888 11887
f 11760 11761 11889 11888
f 11761 11762 11890 11889
f 11762 11763 11891 11890
f 11763 11764 11892 11891
f 11764 11765 11893 11892
f 11765 11766 11894 11893
f 11766 11767 11895 11894
f 11767 11768 11896 11895
f 11768 11769 11897 11896
f 11769 11770 11898 11897
f 11770 11771 11899 11898
f 11771 11772 11900 11899
f 11772 11773 11901 11900
f 11773 11774 11902 11901
f 11774 11775 11903 11902
f 11775 11776 11904 11903
f 11777 11778 11906 11905
f 11778 11779 11907 11906
f 11779 11780 11908 11907
f 11780 11781 11909 11908
f 11781 11782 11910 11909
f 11782 11783 11911 11910
f 11783 11784 11912 11911
f 11784 11785 11913 11912
f 11785 11786 11914 11913
f 11786 11787 11915 11914
f 11787 11788 11916 11915
f 11788 11789 11917 11916
f 11789 11790 11918 11917
f 11790 11791 11919 11918
f 11791 11792 11920 11919
f 11792 11793 11921 11920
f 11793 11794 11922 11921
f 11794 11795 11923 11922
f 11795 11796 11924 11923
f 11796 11797 11925 11924
f 11797 11798 11926 11925
f 11798 11799 11927 11926
f 11799 11800 11928 11927
f 11800 11801 11929 11928
f 11801 11802 11930 11929
f 11802 11803 11931 11930
f 11803 11804 11932 11931
f 11804 11805 11933 11932
f 11805 11806 11934 11933
f 11806 11807 11935 11934
f 11807 11808 11936 11935
f 11808 11809 11937 11936
f 11809 11810 11938 11937
f 11810 11811 11939 11938
f 11811 11812 11940 11939
f 11812 11813 11941 11940
f 11813 11814 11942 11941
f 11814 11815 11943 11942
f 11815 11816 11944 11943
f 11816 11817 11945 11944
f 11817 11818 11946 11945
f 11818 11819 11947 11946
f 11819 11820 11948 11947
f 11820 11821 11949 11948
f 11821 11822 11950 11949
f 11822 11823 11951 11950
f 11823 11824 11952 11951
f 11824 11825 11953 11952
f 11825 11826 11954 11953
f 11826 11827 11955 11954
f 11827 11828 11956 11955
f 11828 11829 11957 11956
f 11829 11830 11958 11957
f 11830 11831 11959 11958
f 11831 11832 11960 11959
f 11832 11833 11961 11960
f 11833 11834 11962 11961
f 11834 11835 11963 11962
f 11835 11836 11964 11963
f 11836 11837 11965 11964
f 11837 11838 11966 11965
f 11838 11839 11967 11966
f 11839 11840 11968 11967
f 11840 11841 11969 11968
f 11841 11842 11970 11969
f 11842 11843 11971 11970
f 11843 11844 11972 11971
f 11844 11845 11973 11972
f 11845 11846 11974 11973
f 11846 11847 11975 11974
f 11847 11848 11976 11975
f 11848 11849 11977 11976
f 11849 11850 11978 11977
f 11850 11851 11979 11978
f 11851 11852 11980 11979
f 11852 11853 11981 11980
f 11853 11854 11982 11981
f 11854 11855 11983 11982
f 11855 11856 11984 11983
f 11856 11857 11985 11984
f 11857 11858 11986 11985
f 11858 11859 11987 11986
f 11859 11860 11988 11987
f 11860 11861 11989 11988
f 11861 11862 11990 11989
f 11862 11863 11991 11990
f 11863 11864 11992 11991
f 11864 11865 11993 11992
f 11865 11866 11994 11993
f 11866 11867 11995 11994
f 11867 11868 11996 11995
f 11868 11869 11997 11996
f 11869 11870 11998 11997
f 11870 11871 11999 11998
f 11871 11872 12000 11999
f 11872 11873 12001 12000
f 11873 11874 12002 12001
f 11874 11875 12003 12002
f 11875 11876 12004 12003
f 11876 11877 12005 12004
f 11877 11878 12006 12005
f 11878 11879 12007 12006
f 11879 11880 12008 12007
f 11880 11881 12009 12008
f 11881 11882 12010 12009
f 11882 11883 12011 12010
f 11883 11884 12012 12011
f 11884 11885 12013 12012
f 11885 11886 12014 12013
f 11886 11887 12015 12014
f 11887 11888 12016 12015
f 11888 11889 12017 12016
f 11889 11890 12018 12017
f 11890 11891 12019 12018
f 11891 11892 12020 12019
f 11892 11893 12021 12020
f 11893 11894 12022 12021
f 11894 11895 12023 12022
f 11895 11896 12024 12023
f 11896 11897 12025 12024
f 11897 11898 12026 12025
f 11898 11899 12027 12026
f 11899 11900 12028 12027
f 11900 11901 12029 12028
f 11901 11902 12030 12029
f 11902 11903 12031 12030
f 11903 11904 12032 12031
f 11905 11906 12034 12033
f 11906 11907 12035 12034
f 11907 11908 12036 12035
f 11908 11909 12037 12036
f 11909 11910 12038 12037
f 11910 11911 12039 12038
f 11911 11912 12040 12039
f 11912 11913 12041 12040
f 11913 11914 12042 12041
f 11914 11915 12043 12042
f 11915 11916 12044 12043
f 11916 11917 12045 12044
f 11917 11918 12046 12045
f 11918 11919 12047 12046
f 11919 11920 12048 12047
f 11920 11921 12049 12048
f 11921 11922 12050 12049
f 11922 11923 12051 12050
f 11923 11924 12052 12051
f 11924 11925 12053 12052
f 11925 11926 12054 12053
f 11926 11927 12055 12054
f 11927 11928 12056 12055
f 11928 11929 12057 12056
f 11929 11930 12058 12057
f 11930 11931 12059 12058
f 11931 11932 12060 12059
f 11932 11933 12061 12060
f 11933 11934 12062 12061
f 11934 11935 12063 12062
f 11935 11936 12064 12063
f 11936 11937 12065 12064
f 11937 11938 12066 12065
f 11938 11939 12067 12066
f 11939 11940 12068 12067
f 11940 11941 12069 12068
f 11941 11942 12070 12069
f 11942 11943 12071 12070
f 11943 11944 12072 12071
f 11944 11945 12073 12072
f 11945 11946 12074 12073
f 11946 11947 12075 12074
f 11947 11948 12076 12075
f 11948 11949 12077 12076
f 11949 11950 12078 12077
f 11950 11951 12079 12078
f 11951 11952 12080 12079
f 11952 11953 12081 12080
f 11953 11954 12082 12081
f 11954 11955 12083 12082
f 11955 11956 12084 12083
f 11956 11957 12085 12084
f 11957 11958 12086 12085
f 11958 11959 12087 12086
f 11959 11960 12088 12087
f 11960 11961 12089 12088
f 11961 11962 12090 12089
f 11962 11963 12091 12090
f 11963 11964 12092 12091
f 11964 11965 12093 12092
f 11965 11966 12094 12093
f 11966 11967 12095 12094
f 11967 11968 12096 12095
f 11968 11969 12097 12096
f 11969 11970 12098 12097
f 11970 11971 12099 12098
f 11971 11972 12100 12099
f 11972 11973 12101 12100
f 11973 11974 12102 12101
f 11974 11975 12103 12102
f 11975 11976 12104 12103
f 11976 11977 12105 12104
f 11977 11978 12106 12105
f 11978 11979 12107 12106
f 11979 11980 12108 12107
f 11980 11981 12109 12108
f 11981 11982 12110 12109
f 11982 11983 12111 12110
f 11983 11984 12112 12111
f 11984 11985 12113 12112
f 11985 11986 12114 12113
f 11986 11987 12115 12114
f 11987 11988 12116 12115
f 11988 11989 12117 12116
f 11989 11990 12118 12117
f 11990 11991 12119 12118
f 11991 11992 12120 12119
f 11992 11993 12121 12120
f 11993 11994 12122 12121
f 11994 11995 12123 12122
f 11995 11996 12124 12123
f 11996 11997 12125 12124
f 11997 11998 12126 12125
f 11998 11999 12127 12126
f 11999 12000 12128 12127
f 12000 12001 12129 12128
f 12001 12002 12130 12129
f 12002 12003 12131 12130
f 12003 12004 12132 12131
f 12004 12005 12133 12132
f 12005 12006 12134 12133
f 12006 12007 12135 12134
f 12007 12008 12136 12135
f 12008 12009 12137 12136
f 12009 12010 12138 12137
f 12010 12011 12139 12138
f 12011 12012 12140 12139
f 12012 12013 12141 12140
f 12013 12014 12142 12141
f 12014 12015 12143 12142
f 12015 12016 12144 12143
f 12016 12017 12145 12144
f 12017 12018 12146 12145
f 12018 12019 12147 12146
f 12019 12020 12148 12147
f 12020 12021 12149 12148
f 12021 12022 12150 12149
f 12022 12023 12151 12150
f 12023 12024 12152 12151
f 12024 12025 12153 12152
f 12025 12026 12154 12153
f 12026 12027 12155 12154
f 12027 12028 12156 12155
f 12028 12029 12157 12156
f 12029 12030 12158 12157
f 12030 12031 12159 12158
f 12031 12032 12160 12159
f 12033 12034 12162 12161
f 12034 12035 12163 12162
f 12035 12036 12164 12163
f 12036 12037 12165 12164
f 12037 12038 12166 12165
f 12038 12039 12167 12166
f 12039 12040 12168 12167
f 12040 12041 12169 12168
f 12041 12042 12170 12169
f 12042 12043 12171 12170
f 12043 12044 12172 12171
f 12044 12045 12173 12172
f 12045 12046 12174 12173
f 12046 12047 12175 12174
f 12047 12048 12176 12175
f 12048 12049 12177 12176
f 12049 12050 12178 12177
f 12050 12051 12179 12178
f 12051 12052 12180 12179
f 12052 12053 12181 12180
f 12053 12054 12182 12181
f 12054 12055 12183 12182
f 12055 12056 12184 12183
f 12056 12057 12185 12184
f 12057 12058 12186 12185
f 12058 12059 12187 12186
f 12059 12060 12188 12187
f 12060 12061 12189 12188
f 12061 12062 12190 12189
f 12062 12063 12191 12190
f 12063 12064 12192 12191
f 12064 12065 12193 12192
f 12065 12066 12194 12193
f 12066 12067 12195 12194
f 12067 12068 12196 12195
f 12068 12069 12197 12196
f 12069 12070 12198 12197
f 12070 12071 12199 12198
f 12071 12072 12200 12199
f 12072 12073 12201 12200
f 12073 12074 12202 12201
f 12074 12075 12203 12202
f 12075 12076 12204 12203
f 12076 12077 12205 12204
f 12077 12078 12206 12205
f 12078 12079 12207 12206
f 12079 12080 12208 12207
f 12080 12081 12209 12208
f 12081 12082 12210 12209
f 12082 12083 12211 12210
f 12083 12084 12212 12211
f 12084 12085 12213 12212
f 12085 12086 12214 12213
f 12086 12087 12215 12214
f 12087 12088 12216 12215
f 12088 12089 12217 12216
f 12089 12090 12218 12217
f 12090 12091 12219 12218
f 12091 12092 12220 12219
f 12092 12093 12221 12220
f 12093 12094 12222 12221
f 12094 12095 12223 12222
f 12095 12096 12224 12223
f 12096 12097 12225 12224
f 12097 12098 12226 12225
f 12098 12099 12227 12226
f 12099 12100 12228 12227
f 12100 12101 12229 12228
f 12101 12102 12230 12229
f 12102 12103 12231 12230
f 12103 12104 12232 12231
f 12104 12105 12233 12232
f 12105 12106 12234 12233
f 12106 12107 12235 12234
f 12107 12108 12236 12235
f 12108 12109 12237 12236
f 12109 12110 12238 12237
f 12110 12111 12239 12238
f 12111 12112 12240 12239
f 12112 12113 12241 12240
f 12113 12114 12242 12241
f 12114 12115 12243 12242
f 12115 12116 12244 12243
f 12116 12117 12245 12244
f 12117 12118 12246 12245
f 12118 12119 12247 12246
f 12119 12120 12248 12247
f 12120 12121 12249 12248
f 12121 12122 12250 12249
f 12122 12123 12251 12250
f 12123 12124 12252 12251
f 12124 12125 12253 12252
f 12125 12126 12254 12253
f 12126 12127 12255 12254
f 12127 12128 12256 12255
f 12128 12129 12257 12256
f 12129 12130 12258 12257
f 12130 12131 12259 12258
f 12131 12132 12260 12259
f 12132 12133 12261 12260
f 12133 12134 12262 12261
f 12134 12135 12263 12262
f 12135 12136 12264 12263
f 12136 12137 12265 12264
f 12137 12138 12266 12265
f 12138 12139 12267 12266
f 12139 12140 12268 12267
f 12140 12141 12269 12268
f 12141 12142 12270 12269
f 12142 12143 12271 12270
f 12143 12144 12272 12271
f 12144 12145 12273 12272
f 12145 12146 12274 12273
f 12146 12147 12275 12274
f 12147 12148 12276 12275
f 12148 12149 12277 12276
f 12149 12150 12278 12277
f 12150 12151 12279 12278
f 12151 12152 12280 12279
f 12152 12153 12281 12280
f 12153 12154 12282 12281
f 12154 12155 12283 12282
f 12155 12156 12284 12283
f 12156 12157 12285 12284
f 12157 12158 12286 12285
f 12158 12159 12287 12286
f 12159 12160 12288 12287
f 12161 12162 12290 12289
f 12162 12163 12291 12290
f 12163 12164 12292 12291
f 12164 12165 12293 12292
f 12165 12166 12294 12293
f 12166 12167 12295 12294
f 12167 12168 12296 12295
f 12168 12169 12297 12296
f 12169 12170 12298 12297
f 12170 12171 12299 12298
f 12171 12172 12300 12299
f 12172 12173 12301 12300
f 12173 12174 12302 12301
f 12174 12175 12303 12302
f 12175 12176 12304 12303
f 12176 12177 12305 12304
f 12177 12178 12306 12305
f 12178 12179 12307 12306
f 12179 12180 12308 12307
f 12180 12181 12309 12308
f 12181 12182 12310 12309
f 12182 12183 12311 12310
f 12183 12184 12312 12311
f 12184 12185 12313 12312
f 12185 12186 12314 12313
f 12186 12187 12315 12314
f 12187 12188 12316 12315
f 12188 12189 12317 12316
f 12189 12190 12318 12317
f 12190 12191 12319 12318
f 12191 12192 12320 12319
f 12192 12193 12321 12320
f 12193 12194 12322 12321
f 12194 12195 12323 12322
f 12195 12196 12324 12323
f 12196 12197 12325 12324
f 12197 12198 12326 12325
f 12198 12199 12327 12326
f 12199 12200 12328 12327
f 12200 12201 12329 12328
f 12201 12202 12330 12329
f 12202 12203 12331 12330
f 12203 12204 12332 12331
f 12204 12205 12333 12332
f 12205 12206 12334 12333
f 12206 12207 12335 12334
f 12207 12208 12336 12335
f 12208 12209 12337 12336
f 12209 12210 12338 12337
f 12210 12211 12339 12338
f 12211 12212 12340 12339
f 12212 12213 12341 12340
f 12213 12214 12342 12341
f 12214 12215 12343 12342
f 12215 12216 12344 12343
f 12216 12217 12345 12344
f 12217 12218 12346 12345
f 12218 12219 12347 12346
f 12219 12220 12348 12347
f 12220 12221 12349 12348
f 12221 12222 12350 12349
f 12222 12223 12351 12350
f 12223 12224 12352 12351
f 12224 12225 12353 12352
f 12225 12226 12354 12353
f 12226 12227 12355 12354
f 12227 12228 12356 12355
f 12228 12229 12357 12356
f 12229 12230 12358 12357
f 12230 12231 12359 12358
f 12231 12232 12360 12359
f 12232 12233 12361 12360
f 12233 12234 12362 12361
f 12234 12235 12363 12362
f 12235 12236 12364 12363
f 12236 12237 12365 12364
f 12237 12238 12366 12365
f 12238 12239 12367 12366
f 12239 12240 12368 12367
f 12240 12241 12369 12368
f 12241 12242 12370 12369
f 12242 12243 12371 12370
f 12243 12244 12372 12371
f 12244 12245 12373 12372
f 12245 12246 12374 12373
f 12246 12247 12375 12374
f 12247 12248 12376 12375
f 12248 12249 12377 12376
f 12249 12250 12378 12377
f 12250 12251 12379 12378
f 12251 12252 12380 12379
f 12252 12253 12381 12380
f 12253 12254 12382 12381
f 12254 12255 12383 12382
f 12255 12256 12384 12383
f 12256 12257 12385 12384
f 12257 12258 12386 12385
f 12258 12259 12387 12386
f 12259 12260 12388 12387
f 12260 12261 12389 12388
f 12261 12262 12390 12389
f 12262 12263 12391 12390
f 12263 12264 12392 12391
f 12264 12265 12393 12392
f 12265 12266 12394 12393
f 12266 12267 12395 12394
f 12267 12268 12396 12395
f 12268 12269 12397 12396
f 12269 12270 12398 12397
f 12270 12271 12399 12398
f 12271 12272 12400 12399
f 12272 12273 12401 12400
f 12273 12274 12402 12401
f 12274 12275 12403 12402
f 12275 12276 12404 12403
f 12276 12277 12405 12404
f 12277 12278 12406 12405
f 12278 12279 12407 12406
f 12279 12280 12408 12407
f 12280 12281 12409 12408
f 12281 12282 12410 12409
f 12282 12283 12411 12410
f 12283 12284 12412 12411
f 12284 12285 12413 12412
f 12285 12286 12414 12413
f 12286 12287 12415 12414
f 12287 12288 12416 12415
f 12289 12290 12418 12417
f 12290 12291 12419 12418
f 12291 12292 12420 12419
f 12292 12293 12421 12420
f 12293 12294 12422 12421
f 12294 12295 12423 12422
f 12295 12296 12424 12423
f 12296 12297 12425 12424
f 12297 12298 12426 12425
f 12298 12299 12427 12426
f 12299 12300 12428 12427
f 12300 12301 12429 12428
f 12301 12302 12430 12429
f 12302 12303 12431 12430
f 12303 12304 12432 12431
f 12304 12305 12433 12432
f 12305 12306 12434 12433
f 12306 12307 12435 12434
f 12307 12308 12436 12435
f 12308 12309 12437 12436
f 12309 12310 12438 12437
f 12310 12311 12439 12438
f 12311 12312 12440 12439
f 12312 12313 12441 12440
f 12313 12314 12442 12441
f 12314 12315 12443 12442
f 12315 12316 12444 12443
f 12316 12317 12445 12444
f 12317 12318 12446 12445
f 12318 12319 12447 12446
f 12319 12320 12448 12447
f 12320 12321 12449 12448
f 12321 12322 12450 12449
f 12322 12323 12451 12450
f 12323 12324 12452 12451
f 12324 12325 12453 12452
f 12325 12326 12454 12453
f 12326 12327 12455 12454
f 12327 12328 12456 12455
f 12328 12329 12457 12456
f 12329 12330 12458 12457
f 12330 12331 12459 12458
f 12331 12332 12460 12459
f 12332 12333 12461 12460
f 12333 12334 12462 12461
f 12334 12335 12463 12462
f 12335 12336 12464 12463
f 12336 12337 12465 12464
f 12337 12338 12466 12465
f 12338 12339 12467 12466
f 12339 12340 12468 12467
f 12340 12341 12469 12468
f 12341 12342 12470 12469
f 12342 12343 12471 12470
f 12343 12344 12472 12471
f 12344 12345 12473 12472
f 12345 12346 12474 12473
f 12346 12347 12475 12474
f 12347 12348 12476 12475
f 12348 12349 12477 12476
f 12349 12350 12478 12477
f 12350 12351 12479 12478
f 12351 12352 12480 12479
f 12352 12353 12481 12480
f 12353 12354 12482 12481
f 12354 12355 12483 12482
f 12355 12356 12484 12483
f 12356 12357 12485 12484
f 12357 12358 12486 12485
f 12358 12359 12487 12486
f 12359 12360 12488 12487
f 12360 12361 12489 12488
f 12361 12362 12490 12489
f 12362 12363 12491 12490
f 12363 12364 12492 12491
f 12364 12365 12493 12492
f 12365 12366 12494 12493
f 12366 12367 12495 12494
f 12367 12368 12496 12495
f 12368 12369 12497 12496
f 12369 12370 12498 12497
f 12370 12371 12499 12498
f 12371 12372 12500 12499
f 12372 12373 12501 12500
f 12373 12374 12502 12501
f 12374 12375 12503 12502
f 12375 12376 12504 12503
f 12376 12377 12505 12504
f 12377 12378 12506 12505
f 12378 12379 12507 12506
f 12379 12380 12508 12507
f 12380 12381 12509 12508
f 12381 12382 12510 12509
f 12382 12383 12511 12510
f 12383 12384 12512 12511
f 12384 12385 12513 12512
f 12385 12386 12514 12513
f 12386 12387 12515 12514
f 12387 12388 12516 12515
f 12388 12389 12517 12516
f 12389 12390 12518 12517
f 12390 12391 12519 12518
f 12391 12392 12520 12519
f 12392 12393 12521 12520
f 12393 12394 12522 12521
f 12394 12395 12523 12522
f 12395 12396 12524 12523
f 12396 12397 12525 12524
f 12397 12398 12526 12525
f 12398 12399 12527 12526
f 12399 12400 12528 12527
f 12400 12401 12529 12528
f 12401 12402 12530 12529
f 12402 12403 12531 12530
f 12403 12404 12532 12531
f 12404 12405 12533 12532
f 12405 12406 12534 12533
f 12406 12407 12535 12534
f 12407 12408 12536 12535
f 12408 12409 12537 12536
f 12409 12410 12538 12537
f 12410 12411 12539 12538
f 12411 12412 12540 12539
f 12412 12413 12541 12540
f 12413 12414 12542 12541
f 12414 12415 12543 12542
f 12415 12416 12544 12543
f 12417 12418 12546 12545
f 12418 12419 12547 12546
f 12419 12420 12548 12547
f 12420 12421 12549 12548
f 12421 12422 12550 12549
f 12422 12423 12551 12550
f 12423 12424 12552 12551
f 12424 12425 12553 12552
f 12425 12426 12554 12553
f 12426 12427 12555 12554
f 12427 12428 12556 12555
f 12428 12429 12557 12556
f 12429 12430 12558 12557
f 12430 12431 12559 12558
f 12431 12432 12560 12559
f 12432 12433 12561 12560
f 12433 12434 12562 12561
f 12434 12435 12563 12562
f 12435 12436 12564 12563
f 12436 12437 12565 12564
f 12437 12438 12566 12565
f 12438 12439 12567 12566
f 12439 12440 12568 12567
f 12440 12441 12569 12568
f 12441 12442 12570 12569
f 12442 12443 12571 12570
f 12443 12444 12572 12571
f 12444 12445 12573 12572
f 12445 12446 12574 12573
f 12446 12447 12575 12574
f 12447 12448 12576 12575
f 12448 12449 12577 12576
f 12449 12450 12578 12577
f 12450 12451 12579 12578
f 12451 12452 12580 12579
f 12452 12453 12581 12580
f 12453 12454 12582 12581
f 12454 12455 12583 12582
f 12455 12456 12584 12583
f 12456 12457 12585 12584
f 12457 12458 12586 12585
f 12458 12459 12587 12586
f 12459 12460 12588 12587
f 12460 12461 12589 12588
f 12461 12462 12590 12589
f 12462 12463 12591 12590
f 12463 12464 12592 12591
f 12464 12465 12593 12592
f 12465 12466 12594 12593
f 12466 12467 12595 12594
f 12467 12468 12596 12595
f 12468 12469 12597 12596
f 12469 12470 12598 12597
f 12470 12471 12599 12598
f 12471 12472 12600 12599
f 12472 12473 12601 12600
f 12473 12474 12602 12601
f 12474 12475 12603 12602
f 12475 12476 12604 12603
f 12476 12477 12605 12604
f 12477 12478 12606 12605
f 12478 12479 12607 12606
f 12479 12480 12608 12607
f 12480 12481 12609 12608
f 12481 12482 12610 12609
f 12482 12483 12611 12610
f 12483 12484 12612 12611
f 12484 12485 12613 12612
f 12485 12486 12614 12613
f 12486 12487 12615 12614
f 12487 12488 12616 12615
f 12488 12489 12617 12616
f 12489 12490 12618 12617
f 12490 12491 12619 12618
f 12491 12492 12620 12619
f 12492 12493 12621 12620
f 12493 12494 12622 12621
f 12494 12495 12623 12622
f 12495 12496 12624 12623
f 12496 12497 12625 12624
f 12497 12498 12626 12625
f 12498 12499 12627 12626
f 12499 12500 12628 12627
f 12500 12501 12629 12628
f 12501 12502 12630 12629
f 12502 12503 12631 12630
f 12503 12504 12632 12631
f 12504 12505 12633 12632
f 12505 12506 12634 12633
f 12506 12507 12635 12634
f 12507 12508 12636 12635
f 12508 12509 12637 12636
f 12509 12510 12638 12637
f 12510 12511 12639 12638
f 12511 12512 12640 12639
f 12512 12513 12641 12640
f 12513 12514 12642 12641
f 12514 12515 12643 12642
f 12515 12516 12644 12643
f 12516 12517 12645 12644
f 12517 12518 12646 12645
f 12518 12519 12647 12646
f 12519 12520 12648 12647
f 12520 12521 12649 12648
f 12521 12522 12650 12649
f 12522 12523 12651 12650
f 12523 12524 12652 12651
f 12524 12525 12653 12652
f 12525 12526 12654 12653
f 12526 12527 12655 12654
f 12527 12528 12656 12655
f 12528 12529 12657 12656
f 12529 12530 12658 12657
f 12530 12531 12659 12658
f 12531 12532 12660 12659
f 12532 12533 12661 12660
f 12533 12534 12662 12661
f 12534 12535 12663 12662
f 12535 12536 12664 12663
f 12536 12537 12665 12664
f 12537 12538 12666 12665
f 12538 12539 12667 12666
f 12539 12540 12668 12667
f 12540 12541 12669 12668
f 12541 12542 12670 12669
f 12542 12543 12671 12670
f 12543 12544 12672 12671
f 12545 12546 12674 12673
f 12546 12547 12675 12674
f 12547 12548 12676 12675
f 12548 12549 12677 12676
f 12549 12550 12678 12677
f 12550 12551 12679 12678
f 12551 12552 12680 12679
f 12552 12553 12681 12680
f 12553 12554 12682 12681
f 12554 12555 12683 12682
f 12555 12556 12684 12683
f 12556 12557 12685 12684
f 12557 12558 12686 12685
f 12558 12559 12687 12686
f 12559 12560 12688 12687
f 12560 12561 12689 12688
f 12561 12562 12690 12689
f 12562 12563 12691 12690
f 12563 12564 12692 12691
f 12564 12565 12693 12692
f 12565 12566 12694 12693
f 12566 12567 12695 12694
f 12567 12568 12696 12695
f 12568 12569 12697 12696
f 12569 12570 12698 12697
f 12570 12571 12699 12698
f 12571 12572 12700 12699
f 12572 12573 12701 12700
f 12573 12574 12702 12701
f 12574 12575 12703 12702
f 12575 12576 12704 12703
f 12576 12577 12705 12704
f 12577 12578 12706 12705
f 12578 12579 12707 12706
f 12579 12580 12708 12707
f 12580 12581 12709 12708
f 12581 12582 12710 12709
f 12582 12583 12711 12710
f 12583 12584 12712 12711
f 12584 12585 12713 12712
f 12585 12586 12714 12713
f 12586 12587 12715 12714
f 12587 12588 12716 12715
f 12588 12589 12717 12716
f 12589 12590 12718 12717
f 12590 12591 12719 12718
f 12591 12592 12720 12719
f 12592 12593 12721 12720
f 12593 12594 12722 12721
f 12594 12595 12723 12722
f 12595 12596 12724 12723
f 12596 12597 12725 12724
f 12597 12598 12726 12725
f 12598 12599 12727 12726
f 12599 12600 12728 12727
f 12600 12601 12729 12728
f 12601 12602 12730 12729
f 12602 12603 12731 12730
f 12603 12604 12732 12731
f 12604 12605 12733 12732
f 12605 12606 12734 12733
f 12606 12607 12735 12734
f 12607 12608 12736 12735
f 12608 12609 12737 12736
f 12609 12610 12738 12737
f 12610 12611 12739 12738
f 12611 12612 12740 12739
f 12612 12613 12741 12740
f 12613 12614 12742 12741
f 12614 12615 12743 12742
f 12615 12616 12744 12743
f 12616 12617 12745 12744
f 12617 12618 12746 12745
f 12618 12619 12747 12746
f 12619 12620 12748 12747
f 12620 12621 12749 12748
f 12621 12622 12750 12749
f 12622 12623 12751 12750
f 12623 12624 12752 12751
f 12624 12625 12753 12752
f 12625 12626 12754 12753
f 12626 12627 12755 12754
f 12627 12628 12756 12755
f 12628 12629 12757 12756
f 12629 12630 12758 12757
f 12630 12631 12759 12758
f 12631 12632 12760 12759
f 12632 12633 12761 12760
f 12633 12634 12762 12761
f 12634 12635 12763 12762
f 12635 12636 12764 12763
f 12636 12637 12765 12764
f 12637 12638 12766 12765
f 12638 12639 12767 12766
f 12639 12640 12768 12767
f 12640 12641 12769 12768
f 12641 12642 12770 12769
f 12642 12643 12771 12770
f 12643 12644 12772 12771
f 12644 12645 12773 12772
f 12645 12646 12774 12773
f 12646 12647 12775 12774
f 12647 12648 12776 12775
f 12648 12649 12777 12776
f 12649 12650 12778 12777
f 12650 12651 12779 12778
f 12651 12652 12780 12779
f 12652 12653 12781 12780
f 12653 12654 12782 12781
f 12654 12655 12783 12782
f 12655 12656 12784 12783
f 12656 12657 12785 12784
f 12657 12658 12786 12785
f 12658 12659 12787 12786
f 12659 12660 12788 12787
f 12660 12661 12789 12788
f 12661 12662 12790 12789
f 12662 12663 12791 12790
f 12663 12664 12792 12791
f 12664 12665 12793 12792
f 12665 12666 12794 12793
f 12666 12667 12795 12794
f 12667 12668 12796 12795
f 12668 12669 12797 12796
f 12669 12670 12798 12797
f 12670 12671 12799 12798
f 12671 12672 12800 12799
f 12673 12674 12802 12801
f 12674 12675 12803 12802
f 12675 12676 12804 12803
f 12676 12677 12805 12804
f 12677 12678 12806 12805
f 12678 12679 12807 12806
f 12679 12680 12808 12807
f 12680 12681 12809 12808
f 12681 12682 12810 12809
f 12682 12683 12811 12810
f 12683 12684 12812 12811
f 12684 12685 12813 12812
f 12685 12686 12814 12813
f 12686 12687 12815 12814
f 12687 12688 12816 12815
f 12688 12689 12817 12816
f 12689 12690 12818 12817
f 12690 12691 12819 12818
f 12691 12692 12820 12819
f 12692 12693 12821 12820
f 12693 12694 12822 12821
f 12694 12695 12823 12822
f 12695 12696 12824 12823
f 12696 12697 12825 12824
f 12697 12698 12826 12825
f 12698 12699 12827 12826
f 12699 12700 12828 12827
f 12700 12701 12829 12828
f 12701 12702 12830 12829
f 12702 12703 12831 12830
f 12703 12704 12832 12831
f 12704 12705 12833 12832
f 12705 12706 12834 12833
f 12706 12707 12835 12834
f 12707 12708 12836 12835
f 12708 12709 12837 12836
f 12709 12710 12838 12837
f 12710 12711 12839 12838
f 12711 12712 12840 12839
f 12712 12713 12841 12840
f 12713 12714 12842 12841
f 12714 12715 12843 12842
f 12715 12716 12844 12843
f 12716 12717 12845 12844
f 12717 12718 12846 12845
f 12718 12719 12847 12846
f 12719 12720 12848 12847
f 12720 12721 12849 12848
f 12721 12722 12850 12849
f 12722 12723 12851 12850
f 12723 12724 12852 12851
f 12724 12725 12853 12852
f 12725 12726 12854 12853
f 12726 12727 12855 12854
f 12727 12728 12856 12855
f 12728 12729 12857 12856
f 12729 12730 12858 12857
f 12730 12731 12859 12858
f 12731 12732 12860 12859
f 12732 12733 12861 12860
f 12733 12734 12862 12861
f 12734 12735 12863 12862
f 12735 12736 12864 12863
f 12736 12737 12865 12864
f 12737 12738 12866 12865
f 12738 12739 12867 12866
f 12739 12740 12868 12867
f 12740 12741 12869 12868
f 12741 12742 12870 12869
f 12742 12743 12871 12870
f 12743 12744 12872 12871
f 12744 12745 12873 12872
f 12745 12746 12874 12873
f 12746 12747 12875 12874
f 12747 12748 12876 12875
f 12748 12749 12877 12876
f 12749 12750 12878 12877
f 12750 12751 12879 12878
f 12751 12752 12880 12879
f 12752 12753 12881 12880
f 12753 12754 12882 12881
f 12754 12755 12883 12882
f 12755 12756 12884 12883
f 12756 12757 12885 12884
f 12757 12758 12886 12885
f 12758 12759 12887 12886
f 12759 12760 12888 12887
f 12760 12761 12889 12888
f 12761 12762 12890 12889
f 12762 12763 12891 12890
f 12763 12764 12892 12891
f 12764 12765 12893 12892
f 12765 12766 12894 12893
f 12766 12767 12895 12894
f 12767 12768 12896 12895
f 12768 12769 12897 12896
f 12769 12770 12898 12897
f 12770 12771 12899 12898
f 12771 12772 12900 12899
f 12772 12773 12901 12900
f 12773 12774 12902 12901
f 12774 12775 12903 12902
f 12775 12776 12904 12903
f 12776 12777 12905 12904
f 12777 12778 12906 12905
f 12778 12779 12907 12906
f 12779 12780 12908 12907
f 12780 12781 12909 12908
f 12781 12782 12910 12909
f 12782 12783 12911 12910
f 12783 12784 12912 12911
f 12784 12785 12913 12912
f 12785 12786 12914 12913
f 12786 12787 12915 12914
f 12787 12788 12916 12915
f 12788 12789 12917 12916
f 12789 12790 12918 12917
f 12790 12791 12919 12918
f 12791 12792 12920 12919
f 12792 12793 12921 12920
f 12793 12794 12922 12921
f 12794 12795 12923 12922
f 12795 12796 12924 12923
f 12796 12797 12925 12924
f 12797 12798 12926 12925
f 12798 12799 12927 12926
f 12799 12800 12928 12927
f 12801 12802 12930 12929
f 12802 12803 12931 12930
f 12803 12804 12932 12931
f 12804 12805 12933 12932
f 12805 12806 12934 12933
f 12806 12807 12935 12934
f 12807 12808 12936 12935
f 12808 12809 12937 12936
f 12809 12810 12938 12937
f 12810 12811 12939 12938
f 12811 12812 12940 12939
f 12812 12813 12941 12940
f 12813 12814 12942 12941
f 12814 12815 12943 12942
f 12815 12816 12944 12943
f 12816 12817 12945 12944
f 12817 12818 12946 12945
f 12818 12819 12947 12946
f 12819 12820 12948 12947
f 12820 12821 12949 12948
f 12821 12822 12950 12949
f 12822 12823 12951 12950
f 12823 12824 12952 12951
f 12824 12825 12953 12952
f 12825 12826 12954 12953
f 12826 12827 12955 12954
f 12827 12828 12956 12955
f 12828 12829 12957 12956
f 12829 12830 12958 12957
f 12830 12831 12959 12958
f 12831 12832 12960 12959
f 12832 12833 12961 12960
f 12833 12834 12962 12961
f 12834 12835 12963 12962
f 12835 12836 12964 12963
f 12836 12837 12965 12964
f 12837 12838 12966 12965
f 12838 12839 12967 12966
f 12839 12840 12968 12967
f 12840 12841 12969 12968
f 12841 12842 12970 12969
f 12842 12843 12971 12970
f 12843 12844 12972 12971
f 12844 12845 12973 12972
f 12845 12846 12974 12973
f 12846 12847 12975 12974
f 12847 12848 12976 12975
f 12848 12849 12977 12976
f 12849 12850 12978 12977
f 12850 12851 12979 12978
f 12851 12852 12980 12979
f 12852 12853 12981 12980
f 12853 12854 12982 12981
f 12854 12855 12983 12982
f 12855 12856 12984 12983
f 12856 12857 12985 12984
f 12857 12858 12986 12985
f 12858 12859 12987 12986
f 12859 12860 12988 12987
f 12860 12861 12989 12988
f 12861 12862 12990 12989
f 12862 12863 12991 12990
f 12863 12864 12992 12991
f 12864 12865 12993 12992
f 12865 12866 12994 12993
f 12866 12867 12995 12994
f 12867 12868 12996 12995
f 12868 12869 12997 12996
f 12869 12870 12998 12997
f 12870 12871 12999 12998
f 12871 12872 13000 12999
f 12872 12873 13001 13000
f 12873 12874 13002 13001
f 12874 12875 13003 13002
f 12875 12876 13004 13003
f 12876 12877 13005 13004
f 12877 12878 13006 13005
f 12878 12879 13007 13006
f 12879 12880 13008 13007
f 12880 12881 13009 13008
f 12881 12882 13010 13009
f 12882 12883 13011 13010
f 12883 12884 13012 13011
f 12884 12885 13013 13012
f 12885 12886 13014 13013
f 12886 12887 13015 13014
f 12887 12888 13016 13015
f 12888 12889 13017 13016
f 12889 12890 13018 13017
f 12890 12891 13019 13018
f 12891 12892 13020 13019
f 12892 12893 13021 13020
f 12893 12894 13022 13021
f 12894 12895 13023 13022
f 12895 12896 13024 13023
f 12896 12897 13025 13024
f 12897 12898 13026 13025
f 12898 12899 13027 13026
f 12899 12900 13028 13027
f 12900 12901 13029 13028
f 12901 12902 13030 13029
f 12902 12903 13031 13030
f 12903 12904 13032 13031
f 12904 12905 13033 13032
f 12905 12906 13034 13033
f 12906 12907 13035 13034
f 12907 12908 13036 13035
f 12908 12909 13037 13036
f 12909 12910 13038 13037
f 12910 12911 13039 13038
f 12911 12912 13040 13039
f 12912 12913 13041 13040
f 12913 12914 13042 13041
f 12914 12915 13043 13042
f 12915 12916 13044 13043
f 12916 12917 13045 13044
f 12917 12918 13046 13045
f 12918 12919 13047 13046
f 12919 12920 13048 13047
f 12920 12921 13049 13048
f 12921 12922 13050 13049
f 12922 12923 13051 13050
f 12923 12924 13052 13051
f 12924 12925 13053 13052
f 12925 12926 13054 13053
f 12926 12927 13055 13054
f 12927 12928 13056 13055
f 12929 12930 13058 13057
f 12930 12931 13059 13058
f 12931 12932 13060 13059
f 12932 12933 13061 13060
f 12933 12934 13062 13061
f 12934 12935 13063 13062
f 12935 12936 13064 13063
f 12936 12937 13065 13064
f 12937 12938 13066 13065
f 12938 12939 13067 13066
f 12939 12940 13068 13067
f 12940 12941 13069 13068
f 12941 12942 13070 13069
f 12942 12943 13071 13070
f 12943 12944 13072 13071
f 12944 12945 13073 13072
f 12945 12946 13074 13073
f 12946 12947 13075 13074
f 12947 12948 13076 13075
f 12948 12949 13077 13076
f 12949 12950 13078 13077
f 12950 12951 13079 13078
f 12951 12952 13080 13079
f 12952 12953 13081 13080
f 12953 12954 13082 13081
f 12954 12955 13083 13082
f 12955 12956 13084 13083
f 12956 12957 13085 13084
f 12957 12958 13086 13085
f 12958 12959 13087 13086
f 12959 12960 13088 13087
f 12960 12961 13089 13088
f 12961 12962 13090 13089
f 12962 12963 13091 13090
f 12963 12964 13092 13091
f 12964 12965 13093 13092
f 12965 12966 13094 13093
f 12966 12967 13095 13094
f 12967 12968 13096 13095
f 12968 12969 13097 13096
f 12969 12970 13098 13097
f 12970 12971 13099 13098
f 12971 12972 13100 13099
f 12972 12973 13101 13100
f 12973 12974 13102 13101
f 12974 12975 13103 13102
f 12975 12976 13104 13103
f 12976 12977 13105 13104
f 12977 12978 13106 13105
f 12978 12979 13107 13106
f 12979 12980 13108 13107
f 12980 12981 13109 13108
f 12981 12982 13110 13109
f 12982 12983 13111 13110
f 12983 12984 13112 13111
f 12984 12985 13113 13112
f 12985 12986 13114 13113
f 12986 12987 13115 13114
f 12987 12988 13116 13115
f 12988 12989 13117 13116
f 12989 12990 13118 13117
f 12990 12991 13119 13118
f 12991 12992 13120 13119
f 12992 12993 13121 13120
f 12993 12994 13122 13121
f 12994 12995 13123 13122
f 12995 12996 13124 13123
f 12996 12997 13125 13124
f 12997 12998 13126 13125
f 12998 12999 13127 13126
f 12999 13000 13128 13127
f 13000 13001 13129 13128
f 13001 13002 13130 13129
f 13002 13003 13131 13130
f 13003 13004 13132 13131
f 13004 13005 13133 13132
f 13005 13006 13134 13133
f 13006 13007 13135 13134
f 13007 13008 13136 13135
f 13008 13009 13137 13136
f 13009 13010 13138 13137
f 13010 13011 13139 13138
f 13011 13012 13140 13139
f 13012 13013 13141 13140
f 13013 13014 13142 13141
f 13014 13015 13143 13142
f 13015 13016 13144 13143
f 13016 13017 13145 13144
f 13017 13018 13146 13145
f 13018 13019 13147 13146
f 13019 13020 13148 13147
f 13020 13021 13149 13148
f 13021 13022 13150 13149
f 13022 13023 13151 13150
f 13023 13024 13152 13151
f 13024 13025 13153 13152
f 13025 13026 13154 13153
f 13026 13027 13155 13154
f 13027 13028 13156 13155
f 13028 13029 13157 13156
f 13029 13030 13158 13157
f 13030 13031 13159 13158
f 13031 13032 13160 13159
f 13032 13033 13161 13160
f 13033 13034 13162 13161
f 13034 13035 13163 13162
f 13035 13036 13164 13163
f 13036 13037 13165 13164
f 13037 13038 13166 13165
f 13038 13039 13167 13166
f 13039 13040 13168 13167
f 13040 13041 13169 13168
f 13041 13042 13170 13169
f 13042 13043 13171 13170
f 13043 13044 13172 13171
f 13044 13045 13173 13172
f 13045 13046 13174 13173
f 13046 13047 13175 13174
f 13047 13048 13176 13175
f 13048 13049 13177 13176
f 13049 13050 13178 13177
f 13050 13051 13179 13178
f 13051 13052 13180 13179
f 13052 13053 13181 13180
f 13053 13054 13182 13181
f 13054 13055 13183 13182
f 13055 13056 13184 13183
f 13057 13058 13186 13185
f 13058 13059 13187 13186
f 13059 13060 13188 13187
f 13060 13061 13189 13188
f 13061 13062 13190 13189
f 13062 13063 13191 13190
f 13063 13064 13192 13191
f 13064 13065 13193 13192
f 13065 13066 13194 13193
f 13066 13067 13195 13194
f 13067 13068 13196 13195
f 13068 13069 13197 13196
f 13069 13070 13198 13197
f 13070 13071 13199 13198
f 13071 13072 13200 13199
f 13072 13073 13201 13200
f 13073 13074 13202 13201
f 13074 13075 13203 13202
f 13075 13076 13204 13203
f 13076 13077 13205 13204
f 13077 13078 13206 13205
f 13078 13079 13207 13206
f 13079 13080 13208 13207
f 13080 13081 13209 13208
f 13081 13082 13210 13209
f 13082 13083 13211 13210
f 13083 13084 13212 13211
f 13084 13085 13213 13212
f 13085 13086 13214 13213
f 13086 13087 13215 13214
f 13087 13088 13216 13215
f 13088 13089 13217 13216
f 13089 13090 13218 13217
f 13090 13091 13219 13218
f 13091 13092 13220 13219
f 13092 13093 13221 13220
f 13093 13094 13222 13221
f 13094 13095 13223 13222
f 13095 13096 13224 13223
f 13096 13097 13225 13224
f 13097 13098 13226 13225
f 13098 13099 13227 13226
f 13099 13100 13228 13227
f 13100 13101 13229 13228
f 13101 13102 13230 13229
f 13102 13103 13231 13230
f 13103 13104 13232 13231
f 13104 13105 13233 13232
f 13105 13106 13234 13233
f 13106 13107 13235 13234
f 13107 13108 13236 13235
f 13108 13109 13237 13236
f 13109 13110 13238 13237
f 13110 13111 13239 13238
f 13111 13112 13240 13239
f 13112 13113 13241 13240
f 13113 13114 13242 13241
f 13114 13115 13243 13242
f 13115 13116 13244 13243
f 13116 13117 13245 13244
f 13117 13118 13246 13245
f 13118 13119 13247 13246
f 13119 13120 13248 13247
f 13120 13121 13249 13248
f 13121 13122 13250 13249
f 13122 13123 13251 13250
f 13123 13124 13252 13251
f 13124 13125 13253 13252
f 13125 13126 13254 13253
f 13126 13127 13255 13254
f 13127 13128 13256 13255
f 13128 13129 13257 13256
f 13129 13130 13258 13257
f 13130 13131 13259 13258
f 13131 13132 13260 13259
f 13132 13133 13261 13260
f 13133 13134 13262 13261
f 13134 13135 13263 13262
f 13135 13136 13264 13263
f 13136 13137 13265 13264
f 13137 13138 13266 13265
f 13138 13139 13267 13266
f 13139 13140 13268 13267
f 13140 13141 13269 13268
f 13141 13142 13270 13269
f 13142 13143 13271 13270
f 13143 13144 13272 13271
f 13144 13145 13273 13272
f 13145 13146 13274 13273
f 13146 13147 13275 13274
f 13147 13148 13276 13275
f 13148 13149 13277 13276
f 13149 13150 13278 13277
f 13150 13151 13279 13278
f 13151 13152 13280 13279
f 13152 13153 13281 13280
f 13153 13154 13282 13281
f 13154 13155 13283 13282
f 13155 13156 13284 13283
f 13156 13157 13285 13284
f 13157 13158 13286 13285
f 13158 13159 13287 13286
f 13159 13160 13288 13287
f 13160 13161 13289 13288
f 13161 13162 13290 13289
f 13162 13163 13291 13290
f 13163 13164 13292 13291
f 13164 13165 13293 13292
f 13165 13166 13294 13293
f 13166 13167 13295 13294
f 13167 13168 13296 13295
f 13168 13169 13297 13296
f 13169 13170 13298 13297
f 13170 13171 13299 13298
f 13171 13172 13300 13299
f 13172 13173 13301 13300
f 13173 13174 13302 13301
f 13174 13175 13303 13302
f 13175 13176 13304 13303
f 13176 13177 13305 13304
f 13177 13178 13306 13305
f 13178 13179 13307 13306
f 13179 13180 13308 13307
f 13180 13181 13309 13308
f 13181 13182 13310 13309
f 13182 13183 13311 13310
f 13183 13184 13312 13311
f 13185 13186 13314 13313
f 13186 13187 13315 13314
f 13187 13188 13316 13315
f 13188 13189 13317 13316
f 13189 13190 13318 13317
f 13190 13191 13319 13318
f 13191 13192 13320 13319
f 13192 13193 13321 13320
f 13193 13194 13322 13321
f 13194 13195 13323 13322
f 13195 13196 13324 13323
f 13196 13197 13325 13324
f 13197 13198 13326 13325
f 13198 13199 13327 13326
f 13199 13200 13328 13327
f 13200 13201 13329 13328
f 13201 13202 13330 13329
f 13202 13203 13331 13330
f 13203 13204 13332 13331
f 13204 13205 13333 13332
f 13205 13206 13334 13333
f 13206 13207 13335 13334
f 13207 13208 13336 13335
f 13208 13209 13337 13336
f 13209 13210 13338 13337
f 13210 13211 13339 13338
f 13211 13212 13340 13339
f 13212 13213 13341 13340
f 13213 13214 13342 13341
f 13214 13215 13343 13342
f 13215 13216 13344 13343
f 13216 13217 13345 13344
f 13217 13218 13346 13345
f 13218 13219 13347 13346
f 13219 13220 13348 13347
f 13220 13221 13349 13348
f 13221 13222 13350 13349
f 13222 13223 13351 13350
f 13223 13224 13352 13351
f 13224 13225 13353 13352
f 13225 13226 13354 13353
f 13226 13227 13355 13354
f 13227 13228 13356 13355
f 13228 13229 13357 13356
f 13229 13230 13358 13357
f 13230 13231 13359 13358
f 13231 13232 13360 13359
f 13232 13233 13361 13360
f 13233 13234 13362 13361
f 13234 13235 13363 13362
f 13235 13236 13364 13363
f 13236 13237 13365 13364
f 13237 13238 13366 13365
f 13238 13239 13367 13366
f 13239 13240 13368 13367
f 13240 13241 13369 13368
f 13241 13242 13370 13369
f 13242 13243 13371 13370
f 13243 13244 13372 13371
f 13244 13245 13373 13372
f 13245 13246 13374 13373
f 13246 13247 13375 13374
f 13247 13248 13376 13375
f 13248 13249 13377 13376
f 13249 13250 13378 13377
f 13250 13251 13379 13378
f 13251 13252 13380 13379
f 13252 13253 13381 13380
f 13253 13254 13382 13381
f 13254 13255 13383 13382
f 13255 13256 13384 13383
f 13256 13257 13385 13384
f 13257 13258 13386 13385
f 13258 13259 13387 13386
f 13259 13260 13388 13387
f 13260 13261 13389 13388
f 13261 13262 13390 13389
f 13262 13263 13391 13390
f 13263 13264 13392 13391
f 13264 13265 13393 13392
f 13265 13266 13394 13393
f 13266 13267 13395 13394
f 13267 13268 13396 13395
f 13268 13269 13397 13396
f 13269 13270 13398 13397
f 13270 13271 13399 13398
f 13271 13272 13400 13399
f 13272 13273 13401 13400
f 13273 13274 13402 13401
f 13274 13275 13403 13402
f 13275 13276 13404 13403
f 13276 13277 13405 13404
f 13277 13278 13406 13405
f 13278 13279 13407 13406
f 13279 13280 13408 13407
f 13280 13281 13409 13408
f 13281 13282 13410 13409
f 13282 13283 13411 13410
f 13283 13284 13412 13411
f 13284 13285 13413 13412
f 13285 13286 13414 13413
f 13286 13287 13415 13414
f 13287 13288 13416 13415
f 13288 13289 13417 13416
f 13289 13290 13418 13417
f 13290 13291 13419 13418
f 13291 13292 13420 13419
f 13292 13293 13421 13420
f 13293 13294 13422 13421
f 13294 13295 13423 13422
f 13295 13296 13424 13423
f 13296 13297 13425 13424
f 13297 13298 13426 13425
f 13298 13299 13427 13426
f 13299 13300 13428 13427
f 13300 13301 13429 13428
f 13301 13302 13430 13429
f 13302 13303 13431 13430
f 13303 13304 13432 13431
f 13304 13305 13433 13432
f 13305 13306 13434 13433
f 13306 13307 13435 13434
f 13307 13308 13436 13435
f 13308 13309 13437 13436
f 13309 13310 13438 13437
f 13310 13311 13439 13438
f 13311 13312 13440 13439
f 13313 13314 13442 13441
f 13314 13315 13443 13442
f 13315 13316 13444 13443
f 13316 13317 13445 13444
f 13317 13318 13446 13445
f 13318 13319 13447 13446
f 13319 13320 13448 13447
f 13320 13321 13449 13448
f 13321 13322 13450 13449
f 13322 13323 13451 13450
f 13323 13324 13452 13451
f 13324 13325 13453 13452
f 13325 13326 13454 13453
f 13326 13327 13455 13454
f 13327 13328 13456 13455
f 13328 13329 13457 13456
f 13329 13330 13458 13457
f 13330 13331 13459 13458
f 13331 13332 13460 13459
f 13332 13333 13461 13460
f 13333 13334 13462 13461
f 13334 13335 13463 13462
f 13335 13336 13464 13463
f 13336 13337 13465 13464
f 13337 13338 13466 13465
f 13338 13339 13467 13466
f 13339 13340 13468 13467
f 13340 13341 13469 13468
f 13341 13342 13470 13469
f 13342 13343 13471 13470
f 13343 13344 13472 13471
f 13344 13345 13473 13472
f 13345 13346 13474 13473
f 13346 13347 13475 13474
f 13347 13348 13476 13475
f 13348 13349 13477 13476
f 13349 13350 13478 13477
f 13350 13351 13479 13478
f 13351 13352 13480 13479
f 13352 13353 13481 13480
f 13353 13354 13482 13481
f 13354 13355 13483 13482
f 13355 13356 13484 13483
f 13356 13357 13485 13484
f 13357 13358 13486 13485
f 13358 13359 13487 13486
f 13359 13360 13488 13487
f 13360 13361 13489 13488
f 13361 13362 13490 13489
f 13362 13363 13491 13490
f 13363 13364 13492 13491
f 13364 13365 13493 13492
f 13365 13366 13494 13493
f 13366 13367 13495 13494
f 13367 13368 13496 13495
f 13368 13369 13497 13496
f 13369 13370 13498 13497
f 13370 13371 13499 13498
f 13371 13372 13500 13499
f 13372 13373 13501 13500
f 13373 13374 13502 13501
f 13374 13375 13503 13502
f 13375 13376 13504 13503
f 13376 13377 13505 13504
f 13377 13378 13506 13505
f 13378 13379 13507 13506
f 13379 13380 13508 13507
f 13380 13381 13509 13508
f 13381 13382 13510 13509
f 13382 13383 13511 13510
f 13383 13384 13512 13511
f 13384 13385 13513 13512
f 13385 13386 13514 13513
f 13386 13387 13515 13514
f 13387 13388 13516 13515
f 13388 13389 13517 13516
f 13389 13390 13518 13517
f 13390 13391 13519 13518
f 13391 13392 13520 13519
f 13392 13393 13521 13520
f 13393 13394 13522 13521
f 13394 13395 13523 13522
f 13395 13396 13524 13523
f 13396 13397 13525 13524
f 13397 13398 13526 13525
f 13398 13399 13527 13526
f 13399 13400 13528 13527
f 13400 13401 13529 13528
f 13401 13402 13530 13529
f 13402 13403 13531 13530
f 13403 13404 13532 13531
f 13404 13405 13533 13532
f 13405 13406 13534 13533
f 13406 13407 13535 13534
f 13407 13408 13536 13535
f 13408 13409 13537 13536
f 13409 13410 13538 13537
f 13410 13411 13539 13538
f 13411 13412 13540 13539
f 13412 13413 13541 13540
f 13413 13414 13542 13541
f 13414 13415 13543 13542
f 13415 13416 13544 13543
f 13416 13417 13545 13544
f 13417 13418 13546 13545
f 13418 13419 13547 13546
f 13419 13420 13548 13547
f 13420 13421 13549 13548
f 13421 13422 13550 13549
f 13422 13423 13551 13550
f 13423 13424 13552 13551
f 13424 13425 13553 13552
f 13425 13426 13554 13553
f 13426 13427 13555 13554
f 13427 13428 13556 13555
f 13428 13429 13557 13556
f 13429 13430 13558 13557
f 13430 13431 13559 13558
f 13431 13432 13560 13559
f 13432 13433 13561 13560
f 13433 13434 13562 13561
f 13434 13435 13563 13562
f 13435 13436 13564 13563
f 13436 13437 13565 13564
f 13437 13438 13566 13565
f 13438 13439 13567 13566
f 13439 13440 13568 13567
f 13441 13442 13570 13569
f 13442 13443 13571 13570
f 13443 13444 13572 13571
f 13444 13445 13573 13572
f 13445 13446 13574 13573
f 13446 13447 13575 13574
f 13447 13448 13576 13575
f 13448 13449 13577 13576
f 13449 13450 13578 13577
f 13450 13451 13579 13578
f 13451 13452 13580 13579
f 13452 13453 13581 13580
f 13453 13454 13582 13581
f 13454 13455 13583 13582
f 13455 13456 13584 13583
f 13456 13457 13585 13584
f 13457 13458 13586 13585
f 13458 13459 13587 13586
f 13459 13460 13588 13587
f 13460 13461 13589 13588
f 13461 13462 13590 13589
f 13462 13463 13591 13590
f 13463 13464 13592 13591
f 13464 13465 13593 13592
f 13465 13466 13594 13593
f 13466 13467 13595 13594
f 13467 13468 13596 13595
f 13468 13469 13597 13596
f 13469 13470 13598 13597
f 13470 13471 13599 13598
f 13471 13472 13600 13599
f 13472 13473 13601 13600
f 13473 13474 13602 13601
f 13474 13475 13603 13602
f 13475 13476 13604 13603
f 13476 13477 13605 13604
f 13477 13478 13606 13605
f 13478 13479 13607 13606
f 13479 13480 13608 13607
f 13480 13481 13609 13608
f 13481 13482 13610 13609
f 13482 13483 13611 13610
f 13483 13484 13612 13611
f 13484 13485 13613 13612
f 13485 13486 13614 13613
f 13486 13487 13615 13614
f 13487 13488 13616 13615
f 13488 13489 13617 13616
f 13489 13490 13618 13617
f 13490 13491 13619 13618
f 13491 13492 13620 13619
f 13492 13493 13621 13620
f 13493 13494 13622 13621
f 13494 13495 13623 13622
f 13495 13496 13624 13623
f 13496 13497 13625 13624
f 13497 13498 13626 13625
f 13498 13499 13627 13626
f 13499 13500 13628 13627
f 13500 13501 13629 13628
f 13501 13502 13630 13629
f 13502 13503 13631 13630
f 13503 13504 13632 13631
f 13504 13505 13633 13632
f 13505 13506 13634 13633
f 13506 13507 13635 13634
f 13507 13508 13636 13635
f 13508 13509 13637 13636
f 13509 13510 13638 13637
f 13510 13511 13639 13638
f 13511 13512 13640 13639
f 13512 13513 13641 13640
f 13513 13514 13642 13641
f 13514 13515 13643 13642
f 13515 13516 13644 13643
f 13516 13517 13645 13644
f 13517 13518 13646 13645
f 13518 13519 13647 13646
f 13519 13520 13648 13647
f 13520 13521 13649 13648
f 13521 13522 13650 13649
f 13522 13523 13651 13650
f 13523 13524 13652 13651
f 13524 13525 13653 13652
f 13525 13526 13654 13653
f 13526 13527 13655 13654
f 13527 13528 13656 13655
f 13528 13529 13657 13656
f 13529 13530 13658 13657
f 13530 13531 13659 13658
f 13531 13532 13660 13659
f 13532 13533 13661 13660
f 13533 13534 13662 13661
f 13534 13535 13663 13662
f 13535 13536 13664 13663
f 13536 13537 13665 13664
f 13537 13538 13666 13665
f 13538 13539 13667 13666
f 13539 13540 13668 13667
f 13540 13541 13669 13668
f 13541 13542 13670 13669
f 13542 13543 13671 13670
f 13543 13544 13672 13671
f 13544 13545 13673 13672
f 13545 13546 13674 13673
f 13546 13547 13675 13674
f 13547 13548 13676 13675
f 13548 13549 13677 13676
f 13549 13550 13678 13677
f 13550 13551 13679 13678
f 13551 13552 13680 13679
f 13552 13553 13681 13680
f 13553 13554 13682 13681
f 13554 13555 13683 13682
f 13555 13556 13684 13683
f 13556 13557 13685 13684
f 13557 13558 13686 13685
f 13558 13559 13687 13686
f 13559 13560 13688 13687
f 13560 13561 13689 13688
f 13561 13562 13690 13689
f 13562 13563 13691 13690
f 13563 13564 13692 13691
f 13564 13565 13693 13692
f 13565 13566 13694 13693
f 13566 13567 13695 13694
f 13567 13568 13696 13695
f 13569 13570 13698 13697
f 13570 13571 13699 13698
f 13571 13572 13700 13699
f 13572 13573 13701 13700
f 13573 13574 13702 13701
f 13574 13575 13703 13702
f 13575 13576 13704 13703
f 13576 13577 13705 13704
f 13577 13578 13706 13705
f 13578 13579 13707 13706
f 13579 13580 13708 13707
f 13580 13581 13709 13708
f 13581 13582 13710 13709
f 13582 13583 13711 13710
f 13583 13584 13712 13711
f 13584 13585 13713 13712
f 13585 13586 13714 13713
f 13586 13587 13715 13714
f 13587 13588 13716 13715
f 13588 13589 13717 13716
f 13589 13590 13718 13717
f 13590 13591 13719 13718
f 13591 13592 13720 13719
f 13592 13593 13721 13720
f 13593 13594 13722 13721
f 13594 13595 13723 13722
f 13595 13596 13724 13723
f 13596 13597 13725 13724
f 13597 13598 13726 13725
f 13598 13599 13727 13726
f 13599 13600 13728 13727
f 13600 13601 13729 13728
f 13601 13602 13730 13729
f 13602 13603 13731 13730
f 13603 13604 13732 13731
f 13604 13605 13733 13732
f 13605 13606 13734 13733
f 13606 13607 13735 13734
f 13607 13608 13736 13735
f 13608 13609 13737 13736
f 13609 13610 13738 13737
f 13610 13611 13739 13738
f 13611 13612 13740 13739
f 13612 13613 13741 13740
f 13613 13614 13742 13741
f 13614 13615 13743 13742
f 13615 13616 13744 13743
f 13616 13617 13745 13744
f 13617 13618 13746 13745
f 13618 13619 13747 13746
f 13619 13620 13748 13747
f 13620 13621 13749 13748
f 13621 13622 13750 13749
f 13622 13623 13751 13750
f 13623 13624 13752 13751
f 13624 13625 13753 13752
f 13625 13626 13754 13753
f 13626 13627 13755 13754
f 13627 13628 13756 13755
f 13628 13629 13757 13756
f 13629 13630 13758 13757
f 13630 13631 13759 13758
f 13631 13632 13760 13759
f 13632 13633 13761 13760
f 13633 13634 13762 13761
f 13634 13635 13763 13762
f 13635 13636 13764 13763
f 13636 13637 13765 13764
f 13637 13638 13766 13765
f 13638 13639 13767 13766
f 13639 13640 13768 13767
f 13640 13641 13769 13768
f 13641 13642 13770 13769
f 13642 13643 13771 13770
f 13643 13644 13772 13771
f 13644 13645 13773 13772
f 13645 13646 13774 13773
f 13646 13647 13775 13774
f 13647 13648 13776 13775
f 13648 13649 13777 13776
f 13649 13650 13778 13777
f 13650 13651 13779 13778
f 13651 13652 13780 13779
f 13652 13653 13781 13780
f 13653 13654 13782 13781
f 13654 13655 13783 13782
f 13655 13656 13784 13783
f 13656 13657 13785 13784
f 13657 13658 13786 13785
f 13658 13659 13787 13786
f 13659 13660 13788 13787
f 13660 13661 13789 13788
f 13661 13662 13790 13789
f 13662 13663 13791 13790
f 13663 13664 13792 13791
f 13664 13665 13793 13792
f 13665 13666 13794 13793
f 13666 13667 13795 13794
f 13667 13668 13796 13795
f 13668 13669 13797 13796
f 13669 13670 13798 13797
f 13670 13671 13799 13798
f 13671 13672 13800 13799
f 13672 13673 13801 13800
f 13673 13674 13802 13801
f 13674 13675 13803 13802
f 13675 13676 13804 13803
f 13676 13677 13805 13804
f 13677 13678 13806 13805
f 13678 13679 13807 13806
f 13679 13680 13808 13807
f 13680 13681 13809 13808
f 13681 13682 13810 13809
f 13682 13683 13811 13810
f 13683 13684 13812 13811
f 13684 13685 13813 13812
f 13685 13686 13814 13813
f 13686 13687 13815 13814
f 13687 13688 13816 13815
f 13688 13689 13817 13816
f 13689 13690 13818 13817
f 13690 13691 13819 13818
f 13691 13692 13820 13819
f 13692 13693 13821 13820
f 13693 13694 13822 13821
f 13694 13695 13823 13822
f 13695 13696 13824 13823
f 13697 13698 13826 13825
f 13698 13699 13827 13826
f 13699 13700 13828 13827
f 13700 13701 13829 13828
f 13701 13702 13830 13829
f 13702 13703 13831 13830
f 13703 13704 13832 13831
f 13704 13705 13833 13832
f 13705 13706 13834 13833
f 13706 13707 13835 13834
f 13707 13708 13836 13835
f 13708 13709 13837 13836
f 13709 13710 13838 13837
f 13710 13711 13839 13838
f 13711 13712 13840 13839
f 13712 13713 13841 13840
f 13713 13714 13842 13841
f 13714 13715 13843 13842
f 13715 13716 13844 13843
f 13716 13717 13845 13844
f 13717 13718 13846 13845
f 13718 13719 13847 13846
f 13719 13720 13848 13847
f 13720 13721 13849 13848
f 13721 13722 13850 13849
f 13722 13723 13851 13850
f 13723 13724 13852 13851
f 13724 13725 13853 13852
f 13725 13726 13854 13853
f 13726 13727 13855 13854
f 13727 13728 13856 13855
f 13728 13729 13857 13856
f 13729 13730 13858 13857
f 13730 13731 13859 13858
f 13731 13732 13860 13859
f 13732 13733 13861 13860
f 13733 13734 13862 13861
f 13734 13735 13863 13862
f 13735 13736 13864 13863
f 13736 13737 13865 13864
f 13737 13738 13866 13865
f 13738 13739 13867 13866
f 13739 13740 13868 13867
f 13740 13741 13869 13868
f 13741 13742 13870 13869
f 13742 13743 13871 13870
f 13743 13744 13872 13871
f 13744 13745 13873 13872
f 13745 13746 13874 13873
f 13746 13747 13875 13874
f 13747 13748 13876 13875
f 13748 13749 13877 13876
f 13749 13750 13878 13877
f 13750 13751 13879 13878
f 13751 13752 13880 13879
f 13752 13753 13881 13880
f 13753 13754 13882 13881
f 13754 13755 13883 13882
f 13755 13756 13884 13883
f 13756 13757 13885 13884
f 13757 13758 13886 13885
f 13758 13759 13887 13886
f 13759 13760 13888 13887
f 13760 13761 13889 13888
f 13761 13762 13890 13889
f 13762 13763 13891 13890
f 13763 13764 13892 13891
f 13764 13765 13893 13892
f 13765 13766 13894 13893
f 13766 13767 13895 13894
f 13767 13768 13896 13895
f 13768 13769 13897 13896
f 13769 13770 13898 13897
f 13770 13771 13899 13898
f 13771 13772 13900 13899
f 13772 13773 13901 13900
f 13773 13774 13902 13901
f 13774 13775 13903 13902
f 13775 13776 13904 13903
f 13776 13777 13905 13904
f 13777 13778 13906 13905
f 13778 13779 13907 13906
f 13779 13780 13908 13907
f 13780 13781 13909 13908
f 13781 13782 13910 13909
f 13782 13783 13911 13910
f 13783 13784 13912 13911
f 13784 13785 13913 13912
f 13785 13786 13914 13913
f 13786 13787 13915 13914
f 13787 13788 13916 13915
f 13788 13789 13917 13916
f 13789 13790 13918 13917
f 13790 13791 13919 13918
f 13791 13792 13920 13919
f 13792 13793 13921 13920
f 13793 13794 13922 13921
f 13794 13795 13923 13922
f 13795 13796 13924 13923
f 13796 13797 13925 13924
f 13797 13798 13926 13925
f 13798 13799 13927 13926
f 13799 13800 13928 13927
f 13800 13801 13929 13928
f 13801 13802 13930 13929
f 13802 13803 13931 13930
f 13803 13804 13932 13931
f 13804 13805 13933 13932
f 13805 13806 13934 13933
f 13806 13807 13935 13934
f 13807 13808 13936 13935
f 13808 13809 13937 13936
f 13809 13810 13938 13937
f 13810 13811 13939 13938
f 13811 13812 13940 13939
f 13812 13813 13941 13940
f 13813 13814 13942 13941
f 13814 13815 13943 13942
f 13815 13816 13944 13943
f 13816 13817 13945 13944
f 13817 13818 13946 13945
f 13818 13819 13947 13946
f 13819 13820 13948 13947
f 13820 13821 13949 13948
f 13821 13822 13950 13949
f 13822 13823 13951 13950
f 13823 13824 13952 13951
f 13825 13826 13954 13953
f 13826 13827 13955 13954
f 13827 13828 13956 13955
f 13828 13829 13957 13956
f 13829 13830 13958 13957
f 13830 13831 13959 13958
f 13831 13832 13960 13959
f 13832 13833 13961 13960
f 13833 13834 13962 13961
f 13834 13835 13963 13962
f 13835 13836 13964 13963
f 13836 13837 13965 13964
f 13837 13838 13966 13965
f 13838 13839 13967 13966
f 13839 13840 13968 13967
f 13840 13841 13969 13968
f 13841 13842 13970 13969
f 13842 13843 13971 13970
f 13843 13844 13972 13971
f 13844 13845 13973 13972
f 13845 13846 13974 13973
f 13846 13847 13975 13974
f 13847 13848 13976 13975
f 13848 13849 13977 13976
f 13849 13850 13978 13977
f 13850 13851 13979 13978
f 13851 13852 13980 13979
f 13852 13853 13981 13980
f 13853 13854 13982 13981
f 13854 13855 13983 13982
f 13855 13856 13984 13983
f 13856 13857 13985 13984
f 13857 13858 13986 13985
f 13858 13859 13987 13986
f 13859 13860 13988 13987
f 13860 13861 13989 13988
f 13861 13862 13990 13989
f 13862 13863 13991 13990
f 13863 13864 13992 13991
f 13864 13865 13993 13992
f 13865 13866 13994 13993
f 13866 13867 13995 13994
f 13867 13868 13996 13995
f 13868 13869 13997 13996
f 13869 13870 13998 13997
f 13870 13871 13999 13998
f 13871 13872 14000 13999
f 13872 13873 14001 14000
f 13873 13874 14002 14001
f 13874 13875 14003 14002
f 13875 13876 14004 14003
f 13876 13877 14005 14004
f 13877 13878 14006 14005
f 13878 13879 14007 14006
f 13879 13880 14008 14007
f 13880 13881 14009 14008
f 13881 13882 14010 14009
f 13882 13883 14011 14010
f 13883 13884 14012 14011
f 13884 13885 14013 14012
f 13885 13886 14014 14013
f 13886 13887 14015 14014
f 13887 13888 14016 14015
f 13888 13889 14017 14016
f 13889 13890 14018 14017
f 13890 13891 14019 14018
f 13891 13892 14020 14019
f 13892 13893 14021 14020
f 13893 13894 14022 14021
f 13894 13895 14023 14022
f 13895 13896 14024 14023
f 13896 13897 14025 14024
f 13897 13898 14026 14025
f 13898 13899 14027 14026
f 13899 13900 14028 14027
f 13900 13901 14029 14028
f 13901 13902 14030 14029
f 13902 13903 14031 14030
f 13903 13904 14032 14031
f 13904 13905 14033 14032
f 13905 13906 14034 14033
f 13906 13907 14035 14034
f 13907 13908 14036 14035
f 13908 13909 14037 14036
f 13909 13910 14038 14037
f 13910 13911 14039 14038
f 13911 13912 14040 14039
f 13912 13913 14041 14040
f 13913 13914 14042 14041
f 13914 13915 14043 14042
f 13915 13916 14044 14043
f 13916 13917 14045 14044
f 13917 13918 14046 14045
f 13918 13919 14047 14046
f 13919 13920 14048 14047
f 13920 13921 14049 14048
f 13921 13922 14050 14049
f 13922 13923 14051 14050
f 13923 13924 14052 14051
f 13924 13925 14053 14052
f 13925 13926 14054 14053
f 13926 13927 14055 14054
f 13927 13928 14056 14055
f 13928 13929 14057 14056
f 13929 13930 14058 14057
f 13930 13931 14059 14058
f 13931 13932 14060 14059
f 13932 13933 14061 14060
f 13933 13934 14062 14061
f 13934 13935 14063 14062
f 13935 13936 14064 14063
f 13936 13937 14065 14064
f 13937 13938 14066 14065
f 13938 13939 14067 14066
f 13939 13940 14068 14067
f 13940 13941 14069 14068
f 13941 13942 14070 14069
f 13942 13943 14071 14070
f 13943 13944 14072 14071
f 13944 13945 14073 14072
f 13945 13946 14074 14073
f 13946 13947 14075 14074
f 13947 13948 14076 14075
f 13948 13949 14077 14076
f 13949 13950 14078 14077
f 13950 13951 14079 14078
f 13951 13952 14080 14079
f 13953 13954 14082 14081
f 13954 13955 14083 14082
f 13955 13956 14084 14083
f 13956 13957 14085 14084
f 13957 13958 14086 14085
f 13958 13959 14087 14086
f 13959 13960 14088 14087
f 13960 13961 14089 14088
f 13961 13962 14090 14089
f 13962 13963 14091 14090
f 13963 13964 14092 14091
f 13964 13965 14093 14092
f 13965 13966 14094 14093
f 13966 13967 14095 14094
f 13967 13968 14096 14095
f 13968 13969 14097 14096
f 13969 13970 14098 14097
f 13970 13971 14099 14098
f 13971 13972 14100 14099
f 13972 13973 14101 14100
f 13973 13974 14102 14101
f 13974 13975 14103 14102
f 13975 13976 14104 14103
f 13976 13977 14105 14104
f 13977 13978 14106 14105
f 13978 13979 14107 14106
f 13979 13980 14108 14107
f 13980 13981 14109 14108
f 13981 13982 14110 14109
f 13982 13983 14111 14110
f 13983 13984 14112 14111
f 13984 13985 14113 14112
f 13985 13986 14114 14113
f 13986 13987 14115 14114
f 13987 13988 14116 14115
f 13988 13989 14117 14116
f 13989 13990 14118 14117
f 13990 13991 14119 14118
f 13991 13992 14120 14119
f 13992 13993 14121 14120
f 13993 13994 14122 14121
f 13994 13995 14123 14122
f 13995 13996 14124 14123
f 13996 13997 14125 14124
f 13997 13998 14126 14125
f 13998 13999 14127 14126
f 13999 14000 14128 14127
f 14000 14001 14129 14128
f 14001 14002 14130 14129
f 14002 14003 14131 14130
f 14003 14004 14132 14131
f 14004 14005 14133 14132
f 14005 14006 14134 14133
f 14006 14007 14135 14134
f 14007 14008 14136 14135
f 14008 14009 14137 14136
f 14009 14010 14138 14137
f 14010 14011 14139 14138
f 14011 14012 14140 14139
f 14012 14013 14141 14140
f 14013 14014 14142 14141
f 14014 14015 14143 14142
f 14015 14016 14144 14143
f 14016 14017 14145 14144
f 14017 14018 14146 14145
f 14018 14019 14147 14146
f 14019 14020 14148 14147
f 14020 14021 14149 14148
f 14021 14022 14150 14149
f 14022 14023 14151 14150
f 14023 14024 14152 14151
f 14024 14025 14153 14152
f 14025 14026 14154 14153
f 14026 14027 14155 14154
f 14027 14028 14156 14155
f 14028 14029 14157 14156
f 14029 14030 14158 14157
f 14030 14031 14159 14158
f 14031 14032 14160 14159
f 14032 14033 14161 14160
f 14033 14034 14162 14161
f 14034 14035 14163 14162
f 14035 14036 14164 14163
f 14036 14037 14165 14164
f 14037 14038 14166 14165
f 14038 14039 14167 14166
f 14039 14040 14168 14167
f 14040 14041 14169 14168
f 14041 14042 14170 14169
f 14042 14043 14171 14170
f 14043 14044 14172 14171
f 14044 14045 14173 14172
f 14045 14046 14174 14173
f 14046 14047 14175 14174
f 14047 14048 14176 14175
f 14048 14049 14177 14176
f 14049 14050 14178 14177
f 14050 14051 14179 14178
f 14051 14052 14180 14179
f 14052 14053 14181 14180
f 14053 14054 14182 14181
f 14054 14055 14183 14182
f 14055 14056 14184 14183
f 14056 14057 14185 14184
f 14057 14058 14186 14185
f 14058 14059 14187 14186
f 14059 14060 14188 14187
f 14060 14061 14189 14188
f 14061 14062 14190 14189
f 14062 14063 14191 14190
f 14063 14064 14192 14191
f 14064 14065 14193 14192
f 14065 14066 14194 14193
f 14066 14067 14195 14194
f 14067 14068 14196 14195
f 14068 14069 14197 14196
f 14069 14070 14198 14197
f 14070 14071 14199 14198
f 14071 14072 14200 14199
f 14072 14073 14201 14200
f 14073 14074 14202 14201
f 14074 14075 14203 14202
f 14075 14076 14204 14203
f 14076 14077 14205 14204
f 14077 14078 14206 14205
f 14078 14079 14207 14206
f 14079 14080 14208 14207
f 14081 14082 14210 14209
f 14082 14083 14211 14210
f 14083 14084 14212 14211
f 14084 14085 14213 14212
f 14085 14086 14214 14213
f 14086 14087 14215 14214
f 14087 14088 14216 14215
f 14088 14089 14217 14216
f 14089 14090 14218 14217
f 14090 14091 14219 14218
f 14091 14092 14220 14219
f 14092 14093 14221 14220
f 14093 14094 14222 14221
f 14094 14095 14223 14222
f 14095 14096 14224 14223
f 14096 14097 14225 14224
f 14097 14098 14226 14225
f 14098 14099 14227 14226
f 14099 14100 14228 14227
f 14100 14101 14229 14228
f 14101 14102 14230 14229
f 14102 14103 14231 14230
f 14103 14104 14232 14231
f 14104 14105 14233 14232
f 14105 14106 14234 14233
f 14106 14107 14235 14234
f 14107 14108 14236 14235
f 14108 14109 14237 14236
f 14109 14110 14238 14237
f 14110 14111 14239 14238
f 14111 14112 14240 14239
f 14112 14113 14241 14240
f 14113 14114 14242 14241
f 14114 14115 14243 14242
f 14115 14116 14244 14243
f 14116 14117 14245 14244
f 14117 14118 14246 14245
f 14118 14119 14247 14246
f 14119 14120 14248 14247
f 14120 14121 14249 14248
f 14121 14122 14250 14249
f 14122 14123 14251 14250
f 14123 14124 14252 14251
f 14124 14125 14253 14252
f 14125 14126 14254 14253
f 14126 14127 14255 14254
f 14127 14128 14256 14255
f 14128 14129 14257 14256
f 14129 14130 14258 14257
f 14130 14131 14259 14258
f 14131 14132 14260 14259
f 14132 14133 14261 14260
f 14133 14134 14262 14261
f 14134 14135 14263 14262
f 14135 14136 14264 14263
f 14136 14137 14265 14264
f 14137 14138 14266 14265
f 14138 14139 14267 14266
f 14139 14140 14268 14267
f 14140 14141 14269 14268
f 14141 14142 14270 14269
f 14142 14143 14271 14270
f 14143 14144 14272 14271
f 14144 14145 14273 14272
f 14145 14146 14274 14273
f 14146 14147 14275 14274
f 14147 14148 14276 14275
f 14148 14149 14277 14276
f 14149 14150 14278 14277
f 14150 14151 14279 14278
f 14151 14152 14280 14279
f 14152 14153 14281 14280
f 14153 14154 14282 14281
f 14154 14155 14283 14282
f 14155 14156 14284 14283
f 14156 14157 14285 14284
f 14157 14158 14286 14285
f 14158 14159 14287 14286
f 14159 14160 14288 14287
f 14160 14161 14289 14288
f 14161 14162 14290 14289
f 14162 14163 14291 14290
f 14163 14164 14292 14291
f 14164 14165 14293 14292
f 14165 14166 14294 14293
f 14166 14167 14295 14294
f 14167 14168 14296 14295
f 14168 14169 14297 14296
f 14169 14170 14298 14297
f 14170 14171 14299 14298
f 14171 14172 14300 14299
f 14172 14173 14301 14300
f 14173 14174 14302 14301
f 14174 14175 14303 14302
f 14175 14176 14304 14303
f 14176 14177 14305 14304
f 14177 14178 14306 14305
f 14178 14179 14307 14306
f 14179 14180 14308 14307
f 14180 14181 14309 14308
f 14181 14182 14310 14309
f 14182 14183 14311 14310
f 14183 14184 14312 14311
f 14184 14185 14313 14312
f 14185 14186 14314 14313
f 14186 14187 14315 14314
f 14187 14188 14316 14315
f 14188 14189 14317 14316
f 14189 14190 14318 14317
f 14190 14191 14319 14318
f 14191 14192 14320 14319
f 14192 14193 14321 14320
f 14193 14194 14322 14321
f 14194 14195 14323 14322
f 14195 14196 14324 14323
f 14196 14197 14325 14324
f 14197 14198 14326 14325
f 14198 14199 14327 14326
f 14199 14200 14328 14327
f 14200 14201 14329 14328
f 14201 14202 14330 14329
f 14202 14203 14331 14330
f 14203 14204 14332 14331
f 14204 14205 14333 14332
f 14205 14206 14334 14333
f 14206 14207 14335 14334
f 14207 14208 14336 14335
f 14209 14210 14338 14337
f 14210 14211 14339 14338
f 14211 14212 14340 14339
f 14212 14213 14341 14340
f 14213 14214 14342 14341
f 14214 14215 14343 14342
f 14215 14216 14344 14343
f 14216 14217 14345 14344
f 14217 14218 14346 14345
f 14218 14219 14347 14346
f 14219 14220 14348 14347
f 14220 14221 14349 14348
f 14221 14222 14350 14349
f 14222 14223 14351 14350
f 14223 14224 14352 14351
f 14224 14225 14353 14352
f 14225 14226 14354 14353
f 14226 14227 14355 14354
f 14227 14228 14356 14355
f 14228 14229 14357 14356
f 14229 14230 14358 14357
f 14230 14231 14359 14358
f 14231 14232 14360 14359
f 14232 14233 14361 14360
f 14233 14234 14362 14361
f 14234 14235 14363 14362
f 14235 14236 14364 14363
f 14236 14237 14365 14364
f 14237 14238 14366 14365
f 14238 14239 14367 14366
f 14239 14240 14368 14367
f 14240 14241 14369 14368
f 14241 14242 14370 14369
f 14242 14243 14371 14370
f 14243 14244 14372 14371
f 14244 14245 14373 14372
f 14245 14246 14374 14373
f 14246 14247 14375 14374
f 14247 14248 14376 14375
f 14248 14249 14377 14376
f 14249 14250 14378 14377
f 14250 14251 14379 14378
f 14251 14252 14380 14379
f 14252 14253 14381 14380
f 14253 14254 14382 14381
f 14254 14255 14383 14382
f 14255 14256 14384 14383
f 14256 14257 14385 14384
f 14257 14258 14386 14385
f 14258 14259 14387 14386
f 14259 14260 14388 14387
f 14260 14261 14389 14388
f 14261 14262 14390 14389
f 14262 14263 14391 14390
f 14263 14264 14392 14391
f 14264 14265 14393 14392
f 14265 14266 14394 14393
f 14266 14267 14395 14394
f 14267 14268 14396 14395
f 14268 14269 14397 14396
f 14269 14270 14398 14397
f 14270 14271 14399 14398
f 14271 14272 14400 14399
f 14272 14273 14401 14400
f 14273 14274 14402 14401
f 14274 14275 14403 14402
f 14275 14276 14404 14403
f 14276 14277 14405 14404
f 14277 14278 14406 14405
f 14278 14279 14407 14406
f 14279 14280 14408 14407
f 14280 14281 14409 14408
f 14281 14282 14410 14409
f 14282 14283 14411 14410
f 14283 14284 14412 14411
f 14284 14285 14413 14412
f 14285 14286 14414 14413
f 14286 14287 14415 14414
f 14287 14288 14416 14415
f 14288 14289 14417 14416
f 14289 14290 14418 14417
f 14290 14291 14419 14418
f 14291 14292 14420 14419
f 14292 14293 14421 14420
f 14293 14294 14422 14421
f 14294 14295 14423 14422
f 14295 14296 14424 14423
f 14296 14297 14425 14424
f 14297 14298 14426 14425
f 14298 14299 14427 14426
f 14299 14300 14428 14427
f 14300 14301 14429 14428
f 14301 14302 14430 14429
f 14302 14303 14431 14430
f 14303 14304 14432 14431
f 14304 14305 14433 14432
f 14305 14306 14434 14433
f 14306 14307 14435 14434
f 14307 14308 14436 14435
f 14308 14309 14437 14436
f 14309 14310 14438 14437
f 14310 14311 14439 14438
f 14311 14312 14440 14439
f 14312 14313 14441 14440
f 14313 14314 14442 14441
f 14314 14315 14443 14442
f 14315 14316 14444 14443
f 14316 14317 14445 14444
f 14317 14318 14446 14445
f 14318 14319 14447 14446
f 14319 14320 14448 14447
f 14320 14321 14449 14448
f 14321 14322 14450 14449
f 14322 14323 14451 14450
f 14323 14324 14452 14451
f 14324 14325 14453 14452
f 14325 14326 14454 14453
f 14326 14327 14455 14454
f 14327 14328 14456 14455
f 14328 14329 14457 14456
f 14329 14330 14458 14457
f 14330 14331 14459 14458
f 14331 14332 14460 14459
f 14332 14333 14461 14460
f 14333 14334 14462 14461
f 14334 14335 14463 14462
f 14335 14336 14464 14463
f 14337 14338 14466 14465
f 14338 14339 14467 14466
f 14339 14340 14468 14467
f 14340 14341 14469 14468
f 14341 14342 14470 14469
f 14342 14343 14471 14470
f 14343 14344 14472 14471
f 14344 14345 14473 14472
f 14345 14346 14474 14473
f 14346 14347 14475 14474
f 14347 14348 14476 14475
f 14348 14349 14477 14476
f 14349 14350 14478 14477
f 14350 14351 14479 14478
f 14351 14352 14480 14479
f 14352 14353 14481 14480
f 14353 14354 14482 14481
f 14354 14355 14483 14482
f 14355 14356 14484 14483
f 14356 14357 14485 14484
f 14357 14358 14486 14485
f 14358 14359 14487 14486
f 14359 14360 14488 14487
f 14360 14361 14489 14488
f 14361 14362 14490 14489
f 14362 14363 14491 14490
f 14363 14364 14492 14491
f 14364 14365 14493 14492
f 14365 14366 14494 14493
f 14366 14367 14495 14494
f 14367 14368 14496 14495
f 14368 14369 14497 14496
f 14369 14370 14498 14497
f 14370 14371 14499 14498
f 14371 14372 14500 14499
f 14372 14373 14501 14500
f 14373 14374 14502 14501
f 14374 14375 14503 14502
f 14375 14376 14504 14503
f 14376 14377 14505 14504
f 14377 14378 14506 14505
f 14378 14379 14507 14506
f 14379 14380 14508 14507
f 14380 14381 14509 14508
f 14381 14382 14510 14509
f 14382 14383 14511 14510
f 14383 14384 14512 14511
f 14384 14385 14513 14512
f 14385 14386 14514 14513
f 14386 14387 14515 14514
f 14387 14388 14516 14515
f 14388 14389 14517 14516
f 14389 14390 14518 14517
f 14390 14391 14519 14518
f 14391 14392 14520 14519
f 14392 14393 14521 14520
f 14393 14394 14522 14521
f 14394 14395 14523 14522
f 14395 14396 14524 14523
f 14396 14397 14525 14524
f 14397 14398 14526 14525
f 14398 14399 14527 14526
f 14399 14400 14528 14527
f 14400 14401 14529 14528
f 14401 14402 14530 14529
f 14402 14403 14531 14530
f 14403 14404 14532 14531
f 14404 14405 14533 14532
f 14405 14406 14534 14533
f 14406 14407 14535 14534
f 14407 14408 14536 14535
f 14408 14409 14537 14536
f 14409 14410 14538 14537
f 14410 14411 14539 14538
f 14411 14412 14540 14539
f 14412 14413 14541 14540
f 14413 14414 14542 14541
f 14414 14415 14543 14542
f 14415 14416 14544 14543
f 14416 14417 14545 14544
f 14417 14418 14546 14545
f 14418 14419 14547 14546
f 14419 14420 14548 14547
f 14420 14421 14549 14548
f 14421 14422 14550 14549
f 14422 14423 14551 14550
f 14423 14424 14552 14551
f 14424 14425 14553 14552
f 14425 14426 14554 14553
f 14426 14427 14555 14554
f 14427 14428 14556 14555
f 14428 14429 14557 14556
f 14429 14430 14558 14557
f 14430 14431 14559 14558
f 14431 14432 14560 14559
f 14432 14433 14561 14560
f 14433 14434 14562 14561
f 14434 14435 14563 14562
f 14435 14436 14564 14563
f 14436 14437 14565 14564
f 14437 14438 14566 14565
f 14438 14439 14567 14566
f 14439 14440 14568 14567
f 14440 14441 14569 14568
f 14441 14442 14570 14569
f 14442 14443 14571 14570
f 14443 14444 14572 14571
f 14444 14445 14573 14572
f 14445 14446 14574 14573
f 14446 14447 14575 14574
f 14447 14448 14576 14575
f 14448 14449 14577 14576
f 14449 14450 14578 14577
f 14450 14451 14579 14578
f 14451 14452 14580 14579
f 14452 14453 14581 14580
f 14453 14454 14582 14581
f 14454 14455 14583 14582
f 14455 14456 14584 14583
f 14456 14457 14585 14584
f 14457 14458 14586 14585
f 14458 14459 14587 14586
f 14459 14460 14588 14587
f 14460 14461 14589 14588
f 14461 14462 14590 14589
f 14462 14463 14591 14590
f 14463 14464 14592 14591
f 14465 14466 14594 14593
f 14466 14467 14595 14594
f 14467 14468 14596 14595
f 14468 14469 14597 14596
f 14469 14470 14598 14597
f 14470 14471 14599 14598
f 14471 14472 14600 14599
f 14472 14473 14601 14600
f 14473 14474 14602 14601
f 14474 14475 14603 14602
f 14475 14476 14604 14603
f 14476 14477 14605 14604
f 14477 14478 14606 14605
f 14478 14479 14607 14606
f 14479 14480 14608 14607
f 14480 14481 14609 14608
f 14481 14482 14610 14609
f 14482 14483 14611 14610
f 14483 14484 14612 14611
f 14484 14485 14613 14612
f 14485 14486 14614 14613
f 14486 14487 14615 14614
f 14487 14488 14616 14615
f 14488 14489 14617 14616
f 14489 14490 14618 14617
f 14490 14491 14619 14618
f 14491 14492 14620 14619
f 14492 14493 14621 14620
f 14493 14494 14622 14621
f 14494 14495 14623 14622
f 14495 14496 14624 14623
f 14496 14497 14625 14624
f 14497 14498 14626 14625
f 14498 14499 14627 14626
f 14499 14500 14628 14627
f 14500 14501 14629 14628
f 14501 14502 14630 14629
f 14502 14503 14631 14630
f 14503 14504 14632 14631
f 14504 14505 14633 14632
f 14505 14506 14634 14633
f 14506 14507 14635 14634
f 14507 14508 14636 14635
f 14508 14509 14637 14636
f 14509 14510 14638 14637
f 14510 14511 14639 14638
f 14511 14512 14640 14639
f 14512 14513 14641 14640
f 14513 14514 14642 14641
f 14514 14515 14643 14642
f 14515 14516 14644 14643
f 14516 14517 14645 14644
f 14517 14518 14646 14645
f 14518 14519 14647 14646
f 14519 14520 14648 14647
f 14520 14521 14649 14648
f 14521 14522 14650 14649
f 14522 14523 14651 14650
f 14523 14524 14652 14651
f 14524 14525 14653 14652
f 14525 14526 14654 14653
f 14526 14527 14655 14654
f 14527 14528 14656 14655
f 14528 14529 14657 14656
f 14529 14530 14658 14657
f 14530 14531 14659 14658
f 14531 14532 14660 14659
f 14532 14533 14661 14660
f 14533 14534 14662 14661
f 14534 14535 14663 14662
f 14535 14536 14664 14663
f 14536 14537 14665 14664
f 14537 14538 14666 14665
f 14538 14539 14667 14666
f 14539 14540 14668 14667
f 14540 14541 14669 14668
f 14541 14542 14670 14669
f 14542 14543 14671 14670
f 14543 14544 14672 14671
f 14544 14545 14673 14672
f 14545 14546 14674 14673
f 14546 14547 14675 14674
f 14547 14548 14676 14675
f 14548 14549 14677 14676
f 14549 14550 14678 14677
f 14550 14551 14679 14678
f 14551 14552 14680 14679
f 14552 14553 14681 14680
f 14553 14554 14682 14681
f 14554 14555 14683 14682
f 14555 14556 14684 14683
f 14556 14557 14685 14684
f 14557 14558 14686 14685
f 14558 14559 14687 14686
f 14559 14560 14688 14687
f 14560 14561 14689 14688
f 14561 14562 14690 14689
f 14562 14563 14691 14690
f 14563 14564 14692 14691
f 14564 14565 14693 14692
f 14565 14566 14694 14693
f 14566 14567 14695 14694
f 14567 14568 14696 14695
f 14568 14569 14697 14696
f 14569 14570 14698 14697
f 14570 14571 14699 14698
f 14571 14572 14700 14699
f 14572 14573 14701 14700
f 14573 14574 14702 14701
f 14574 14575 14703 14702
f 14575 14576 14704 14703
f 14576 14577 14705 14704
f 14577 14578 14706 14705
f 14578 14579 14707 14706
f 14579 14580 14708 14707
f 14580 14581 14709 14708
f 14581 14582 14710 14709
f 14582 14583 14711 14710
f 14583 14584 14712 14711
f 14584 14585 14713 14712
f 14585 14586 14714 14713
f 14586 14587 14715 14714
f 14587 14588 14716 14715
f 14588 14589 14717 14716
f 14589 14590 14718 14717
f 14590 14591 14719 14718
f 14591 14592 14720 14719
f 14593 14594 14722 14721
f 14594 14595 14723 14722
f 14595 14596 14724 14723
f 14596 14597 14725 14724
f 14597 14598 14726 14725
f 14598 14599 14727 14726
f 14599 14600 14728 14727
f 14600 14601 14729 14728
f 14601 14602 14730 14729
f 14602 14603 14731 14730
f 14603 14604 14732 14731
f 14604 14605 14733 14732
f 14605 14606 14734 14733
f 14606 14607 14735 14734
f 14607 14608 14736 14735
f 14608 14609 14737 14736
f 14609 14610 14738 14737
f 14610 14611 14739 14738
f 14611 14612 14740 14739
f 14612 14613 14741 14740
f 14613 14614 14742 14741
f 14614 14615 14743 14742
f 14615 14616 14744 14743
f 14616 14617 14745 14744
f 14617 14618 14746 14745
f 14618 14619 14747 14746
f 14619 14620 14748 14747
f 14620 14621 14749 14748
f 14621 14622 14750 14749
f 14622 14623 14751 14750
f 14623 14624 14752 14751
f 14624 14625 14753 14752
f 14625 14626 14754 14753
f 14626 14627 14755 14754
f 14627 14628 14756 14755
f 14628 14629 14757 14756
f 14629 14630 14758 14757
f 14630 14631 14759 14758
f 14631 14632 14760 14759
f 14632 14633 14761 14760
f 14633 14634 14762 14761
f 14634 14635 14763 14762
f 14635 14636 14764 14763
f 14636 14637 14765 14764
f 14637 14638 14766 14765
f 14638 14639 14767 14766
f 14639 14640 14768 14767
f 14640 14641 14769 14768
f 14641 14642 14770 14769
f 14642 14643 14771 14770
f 14643 14644 14772 14771
f 14644 14645 14773 14772
f 14645 14646 14774 14773
f 14646 14647 14775 14774
f 14647 14648 14776 14775
f 14648 14649 14777 14776
f 14649 14650 14778 14777
f 14650 14651 14779 14778
f 14651 14652 14780 14779
f 14652 14653 14781 14780
f 14653 14654 14782 14781
f 14654 14655 14783 14782
f 14655 14656 14784 14783
f 14656 14657 14785 14784
f 14657 14658 14786 14785
f 14658 14659 14787 14786
f 14659 14660 14788 14787
f 14660 14661 14789 14788
f 14661 14662 14790 14789
f 14662 14663 14791 14790
f 14663 14664 14792 14791
f 14664 14665 14793 14792
f 14665 14666 14794 14793
f 14666 14667 14795 14794
f 14667 14668 14796 14795
f 14668 14669 14797 14796
f 14669 14670 14798 14797
f 14670 14671 14799 14798
f 14671 14672 14800 14799
f 14672 14673 14801 14800
f 14673 14674 14802 14801
f 14674 14675 14803 14802
f 14675 14676 14804 14803
f 14676 14677 14805 14804
f 14677 14678 14806 14805
f 14678 14679 14807 14806
f 14679 14680 14808 14807
f 14680 14681 14809 14808
f 14681 14682 14810 14809
f 14682 14683 14811 14810
f 14683 14684 14812 14811
f 14684 14685 14813 14812
f 14685 14686 14814 14813
f 14686 14687 14815 14814
f 14687 14688 14816 14815
f 14688 14689 14817 14816
f 14689 14690 14818 14817
f 14690 14691 14819 14818
f 14691 14692 14820 14819
f 14692 14693 14821 14820
f 14693 14694 14822 14821
f 14694 14695 14823 14822
f 14695 14696 14824 14823
f 14696 14697 14825 14824
f 14697 14698 14826 14825
f 14698 14699 14827 14826
f 14699 14700 14828 14827
f 14700 14701 14829 14828
f 14701 14702 14830 14829
f 14702 14703 14831 14830
f 14703 14704 14832 14831
f 14704 14705 14833 14832
f 14705 14706 14834 14833
f 14706 14707 14835 14834
f 14707 14708 14836 14835
f 14708 14709 14837 14836
f 14709 14710 14838 14837
f 14710 14711 14839 14838
f 14711 14712 14840 14839
f 14712 14713 14841 14840
f 14713 14714 14842 14841
f 14714 14715 14843 14842
f 14715 14716 14844 14843
f 14716 14717 14845 14844
f 14717 14718 14846 14845
f 14718 14719 14847 14846
f 14719 14720 14848 14847
f 14721 14722 14850 14849
f 14722 14723 14851 14850
f 14723 14724 14852 14851
f 14724 14725 14853 14852
f 14725 14726 14854 14853
f 14726 14727 14855 14854
f 14727 14728 14856 14855
f 14728 14729 14857 14856
f 14729 14730 14858 14857
f 14730 14731 14859 14858
f 14731 14732 14860 14859
f 14732 14733 14861 14860
f 14733 14734 14862 14861
f 14734 14735 14863 14862
f 14735 14736 14864 14863
f 14736 14737 14865 14864
f 14737 14738 14866 14865
f 14738 14739 14867 14866
f 14739 14740 14868 14867
f 14740 14741 14869 14868
f 14741 14742 14870 14869
f 14742 14743 14871 14870
f 14743 14744 14872 14871
f 14744 14745 14873 14872
f 14745 14746 14874 14873
f 14746 14747 14875 14874
f 14747 14748 14876 14875
f 14748 14749 14877 14876
f 14749 14750 14878 14877
f 14750 14751 14879 14878
f 14751 14752 14880 14879
f 14752 14753 14881 14880
f 14753 14754 14882 14881
f 14754 14755 14883 14882
f 14755 14756 14884 14883
f 14756 14757 14885 14884
f 14757 14758 14886 14885
f 14758 14759 14887 14886
f 14759 14760 14888 14887
f 14760 14761 14889 14888
f 14761 14762 14890 14889
f 14762 14763 14891 14890
f 14763 14764 14892 14891
f 14764 14765 14893 14892
f 14765 14766 14894 14893
f 14766 14767 14895 14894
f 14767 14768 14896 14895
f 14768 14769 14897 14896
f 14769 14770 14898 14897
f 14770 14771 14899 14898
f 14771 14772 14900 14899
f 14772 14773 14901 14900
f 14773 14774 14902 14901
f 14774 14775 14903 14902
f 14775 14776 14904 14903
f 14776 14777 14905 14904
f 14777 14778 14906 14905
f 14778 14779 14907 14906
f 14779 14780 14908 14907
f 14780 14781 14909 14908
f 14781 14782 14910 14909
f 14782 14783 14911 14910
f 14783 14784 14912 14911
f 14784 14785 14913 14912
f 14785 14786 14914 14913
f 14786 14787 14915 14914
f 14787 14788 14916 14915
f 14788 14789 14917 14916
f 14789 14790 14918 14917
f 14790 14791 14919 14918
f 14791 14792 14920 14919
f 14792 14793 14921 14920
f 14793 14794 14922 14921
f 14794 14795 14923 14922
f 14795 14796 14924 14923
f 14796 14797 14925 14924
f 14797 14798 14926 14925
f 14798 14799 14927 14926
f 14799 14800 14928 14927
f 14800 14801 14929 14928
f 14801 14802 14930 14929
f 14802 14803 14931 14930
f 14803 14804 14932 14931
f 14804 14805 14933 14932
f 14805 14806 14934 14933
f 14806 14807 14935 14934
f 14807 14808 14936 14935
f 14808 14809 14937 14936
f 14809 14810 14938 14937
f 14810 14811 14939 14938
f 14811 14812 14940 14939
f 14812 14813 14941 14940
f 14813 14814 14942 14941
f 14814 14815 14943 14942
f 14815 14816 14944 14943
f 14816 14817 14945 14944
f 14817 14818 14946 14945
f 14818 14819 14947 14946
f 14819 14820 14948 14947
f 14820 14821 14949 14948
f 14821 14822 14950 14949
f 14822 14823 14951 14950
f 14823 14824 14952 14951
f 14824 14825 14953 14952
f 14825 14826 14954 14953
f 14826 14827 14955 14954
f 14827 14828 14956 14955
f 14828 14829 14957 14956
f 14829 14830 14958 14957
f 14830 14831 14959 14958
f 14831 14832 14960 14959
f 14832 14833 14961 14960
f 14833 14834 14962 14961
f 14834 14835 14963 14962
f 14835 14836 14964 14963
f 14836 14837 14965 14964
f 14837 14838 14966 14965
f 14838 14839 14967 14966
f 14839 14840 14968 14967
f 14840 14841 14969 14968
f 14841 14842 14970 14969
f 14842 14843 14971 14970
f 14843 14844 14972 14971
f 14844 14845 14973 14972
f 14845 14846 14974 14973
f 14846 14847 14975 14974
f 14847 14848 14976 14975
f 14849 14850 14978 14977
f 14850 14851 14979 14978
f 14851 14852 14980 14979
f 14852 14853 14981 14980
f 14853 14854 14982 14981
f 14854 14855 14983 14982
f 14855 14856 14984 14983
f 14856 14857 14985 14984
f 14857 14858 14986 14985
f 14858 14859 14987 14986
f 14859 14860 14988 14987
f 14860 14861 14989 14988
f 14861 14862 14990 14989
f 14862 14863 14991 14990
f 14863 14864 14992 14991
f 14864 14865 14993 14992
f 14865 14866 14994 14993
f 14866 14867 14995 14994
f 14867 14868 14996 14995
f 14868 14869 14997 14996
f 14869 14870 14998 14997
f 14870 14871 14999 14998
f 14871 14872 15000 14999
f 14872 14873 15001 15000
f 14873 14874 15002 15001
f 14874 14875 15003 15002
f 14875 14876 15004 15003
f 14876 14877 15005 15004
f 14877 14878 15006 15005
f 14878 14879 15007 15006
f 14879 14880 15008 15007
f 14880 14881 15009 15008
f 14881 14882 15010 15009
f 14882 14883 15011 15010
f 14883 14884 15012 15011
f 14884 14885 15013 15012
f 14885 14886 15014 15013
f 14886 14887 15015 15014
f 14887 14888 15016 15015
f 14888 14889 15017 15016
f 14889 14890 15018 15017
f 14890 14891 15019 15018
f 14891 14892 15020 15019
f 14892 14893 15021 15020
f 14893 14894 15022 15021
f 14894 14895 15023 15022
f 14895 14896 15024 15023
f 14896 14897 15025 15024
f 14897 14898 15026 15025
f 14898 14899 15027 15026
f 14899 14900 15028 15027
f 14900 14901 15029 15028
f 14901 14902 15030 15029
f 14902 14903 15031 15030
f 14903 14904 15032 15031
f 14904 14905 15033 15032
f 14905 14906 15034 15033
f 14906 14907 15035 15034
f 14907 14908 15036 15035
f 14908 14909 15037 15036
f 14909 14910 15038 15037
f 14910 14911 15039 15038
f 14911 14912 15040 15039
f 14912 14913 15041 15040
f 14913 14914 15042 15041
f 14914 14915 15043 15042
f 14915 14916 15044 15043
f 14916 14917 15045 15044
f 14917 14918 15046 15045
f 14918 14919 15047 15046
f 14919 14920 15048 15047
f 14920 14921 15049 15048
f 14921 14922 15050 15049
f 14922 14923 15051 15050
f 14923 14924 15052 15051
f 14924 14925 15053 15052
f 14925 14926 15054 15053
f 14926 14927 15055 15054
f 14927 14928 15056 15055
f 14928 14929 15057 15056
f 14929 14930 15058 15057
f 14930 14931 15059 15058
f 14931 14932 15060 15059
f 14932 14933 15061 15060
f 14933 14934 15062 15061
f 14934 14935 15063 15062
f 14935 14936 15064 15063
f 14936 14937 15065 15064
f 14937 14938 15066 15065
f 14938 14939 15067 15066
f 14939 14940 15068 15067
f 14940 14941 15069 15068
f 14941 14942 15070 15069
f 14942 14943 15071 15070
f 14943 14944 15072 15071
f 14944 14945 15073 15072
f 14945 14946 15074 15073
f 14946 14947 15075 15074
f 14947 14948 15076 15075
f 14948 14949 15077 15076
f 14949 14950 15078 15077
f 14950 14951 15079 15078
f 14951 14952 15080 15079
f 14952 14953 15081 15080
f 14953 14954 15082 15081
f 14954 14955 15083 15082
f 14955 14956 15084 15083
f 14956 14957 15085 15084
f 14957 14958 15086 15085
f 14958 14959 15087 15086
f 14959 14960 15088 15087
f 14960 14961 15089 15088
f 14961 14962 15090 15089
f 14962 14963 15091 15090
f 14963 14964 15092 15091
f 14964 14965 15093 15092
f 14965 14966 15094 15093
f 14966 14967 15095 15094
f 14967 14968 15096 15095
f 14968 14969 15097 15096
f 14969 14970 15098 15097
f 14970 14971 15099 15098
f 14971 14972 15100 15099
f 14972 14973 15101 15100
f 14973 14974 15102 15101
f 14974 14975 15103 15102
f 14975 14976 15104 15103
f 14977 14978 15106 15105
f 14978 14979 15107 15106
f 14979 14980 15108 15107
f 14980 14981 15109 15108
f 14981 14982 15110 15109
f 14982 14983 15111 15110
f 14983 14984 15112 15111
f 14984 14985 15113 15112
f 14985 14986 15114 15113
f 14986 14987 15115 15114
f 14987 14988 15116 15115
f 14988 14989 15117 15116
f 14989 14990 15118 15117
f 14990 14991 15119 15118
f 14991 14992 15120 15119
f 14992 14993 15121 15120
f 14993 14994 15122 15121
f 14994 14995 15123 15122
f 14995 14996 15124 15123
f 14996 14997 15125 15124
f 14997 14998 15126 15125
f 14998 14999 15127 15126
f 14999 15000 15128 15127
f 15000 15001 15129 15128
f 15001 15002 15130 15129
f 15002 15003 15131 15130
f 15003 15004 15132 15131
f 15004 15005 15133 15132
f 15005 15006 15134 15133
f 15006 15007 15135 15134
f 15007 15008 15136 15135
f 15008 15009 15137 15136
f 15009 15010 15138 15137
f 15010 15011 15139 15138
f 15011 15012 15140 15139
f 15012 15013 15141 15140
f 15013 15014 15142 15141
f 15014 15015 15143 15142
f 15015 15016 15144 15143
f 15016 15017 15145 15144
f 15017 15018 15146 15145
f 15018 15019 15147 15146
f 15019 15020 15148 15147
f 15020 15021 15149 15148
f 15021 15022 15150 15149
f 15022 15023 15151 15150
f 15023 15024 15152 15151
f 15024 15025 15153 15152
f 15025 15026 15154 15153
f 15026 15027 15155 15154
f 15027 15028 15156 15155
f 15028 15029 15157 15156
f 15029 15030 15158 15157
f 15030 15031 15159 15158
f 15031 15032 15160 15159
f 15032 15033 15161 15160
f 15033 15034 15162 15161
f 15034 15035 15163 15162
f 15035 15036 15164 15163
f 15036 15037 15165 15164
f 15037 15038 15166 15165
f 15038 15039 15167 15166
f 15039 15040 15168 15167
f 15040 15041 15169 15168
f 15041 15042 15170 15169
f 15042 15043 15171 15170
f 15043 15044 15172 15171
f 15044 15045 15173 15172
f 15045 15046 15174 15173
f 15046 15047 15175 15174
f 15047 15048 15176 15175
f 15048 15049 15177 15176
f 15049 15050 15178 15177
f 15050 15051 15179 15178
f 15051 15052 15180 15179
f 15052 15053 15181 15180
f 15053 15054 15182 15181
f 15054 15055 15183 15182
f 15055 15056 15184 15183
f 15056 15057 15185 15184
f 15057 15058 15186 15185
f 15058 15059 15187 15186
f 15059 15060 15188 15187
f 15060 15061 15189 15188
f 15061 15062 15190 15189
f 15062 15063 15191 15190
f 15063 15064 15192 15191
f 15064 15065 15193 15192
f 15065 15066 15194 15193
f 15066 15067 15195 15194
f 15067 15068 15196 15195
f 15068 15069 15197 15196
f 15069 15070 15198 15197
f 15070 15071 15199 15198
f 15071 15072 15200 15199
f 15072 15073 15201 15200
f 15073 15074 15202 15201
f 15074 15075 15203 15202
f 15075 15076 15204 15203
f 15076 15077 15205 15204
f 15077 15078 15206 15205
f 15078 15079 15207 15206
f 15079 15080 15208 15207
f 15080 15081 15209 15208
f 15081 15082 15210 15209
f 15082 15083 15211 15210
f 15083 15084 15212 15211
f 15084 15085 15213 15212
f 15085 15086 15214 15213
f 15086 15087 15215 15214
f 15087 15088 15216 15215
f 15088 15089 15217 15216
f 15089 15090 15218 15217
f 15090 15091 15219 15218
f 15091 15092 15220 15219
f 15092 15093 15221 15220
f 15093 15094 15222 15221
f 15094 15095 15223 15222
f 15095 15096 15224 15223
f 15096 15097 15225 15224
f 15097 15098 15226 15225
f 15098 15099 15227 15226
f 15099 15100 15228 15227
f 15100 15101 15229 15228
f 15101 15102 15230 15229
f 15102 15103 15231 15230
f 15103 15104 15232 15231
f 15105 15106 15234 15233
f 15106 15107 15235 15234
f 15107 15108 15236 15235
f 15108 15109 15237 15236
f 15109 15110 15238 15237
f 15110 15111 15239 15238
f 15111 15112 15240 15239
f 15112 15113 15241 15240
f 15113 15114 15242 15241
f 15114 15115 15243 15242
f 15115 15116 15244 15243
f 15116 15117 15245 15244
f 15117 15118 15246 15245
f 15118 15119 15247 15246
f 15119 15120 15248 15247
f 15120 15121 15249 15248
f 15121 15122 15250 15249
f 15122 15123 15251 15250
f 15123 15124 15252 15251
f 15124 15125 15253 15252
f 15125 15126 15254 15253
f 15126 15127 15255 15254
f 15127 15128 15256 15255
f 15128 15129 15257 15256
f 15129 15130 15258 15257
f 15130 15131 15259 15258
f 15131 15132 15260 15259
f 15132 15133 15261 15260
f 15133 15134 15262 15261
f 15134 15135 15263 15262
f 15135 15136 15264 15263
f 15136 15137 15265 15264
f 15137 15138 15266 15265
f 15138 15139 15267 15266
f 15139 15140 15268 15267
f 15140 15141 15269 15268
f 15141 15142 15270 15269
f 15142 15143 15271 15270
f 15143 15144 15272 15271
f 15144 15145 15273 15272
f 15145 15146 15274 15273
f 15146 15147 15275 15274
f 15147 15148 15276 15275
f 15148 15149 15277 15276
f 15149 15150 15278 15277
f 15150 15151 15279 15278
f 15151 15152 15280 15279
f 15152 15153 15281 15280
f 15153 15154 15282 15281
f 15154 15155 15283 15282
f 15155 15156 15284 15283
f 15156 15157 15285 15284
f 15157 15158 15286 15285
f 15158 15159 15287 15286
f 15159 15160 15288 15287
f 15160 15161 15289 15288
f 15161 15162 15290 15289
f 15162 15163 15291 15290
f 15163 15164 15292 15291
f 15164 15165 15293 15292
f 15165 15166 15294 15293
f 15166 15167 15295 15294
f 15167 15168 15296 15295
f 15168 15169 15297 15296
f 15169 15170 15298 15297
f 15170 15171 15299 15298
f 15171 15172 15300 15299
f 15172 15173 15301 15300
f 15173 15174 15302 15301
f 15174 15175 15303 15302
f 15175 15176 15304 15303
f 15176 15177 15305 15304
f 15177 15178 15306 15305
f 15178 15179 15307 15306
f 15179 15180 15308 15307
f 15180 15181 15309 15308
f 15181 15182 15310 15309
f 15182 15183 15311 15310
f 15183 15184 15312 15311
f 15184 15185 15313 15312
f 15185 15186 15314 15313
f 15186 15187 15315 15314
f 15187 15188 15316 15315
f 15188 15189 15317 15316
f 15189 15190 15318 15317
f 15190 15191 15319 15318
f 15191 15192 15320 15319
f 15192 15193 15321 15320
f 15193 15194 15322 15321
f 15194 15195 15323 15322
f 15195 15196 15324 15323
f 15196 15197 15325 15324
f 15197 15198 15326 15325
f 15198 15199 15327 15326
f 15199 15200 15328 15327
f 15200 15201 15329 15328
f 15201 15202 15330 15329
f 15202 15203 15331 15330
f 15203 15204 15332 15331
f 15204 15205 15333 15332
f 15205 15206 15334 15333
f 15206 15207 15335 15334
f 15207 15208 15336 15335
f 15208 15209 15337 15336
f 15209 15210 15338 15337
f 15210 15211 15339 15338
f 15211 15212 15340 15339
f 15212 15213 15341 15340
f 15213 15214 15342 15341
f 15214 15215 15343 15342
f 15215 15216 15344 15343
f 15216 15217 15345 15344
f 15217 15218 15346 15345
f 15218 15219 15347 15346
f 15219 15220 15348 15347
f 15220 15221 15349 15348
f 15221 15222 15350 15349
f 15222 15223 15351 15350
f 15223 15224 15352 15351
f 15224 15225 15353 15352
f 15225 15226 15354 15353
f 15226 15227 15355 15354
f 15227 15228 15356 15355
f 15228 15229 15357 15356
f 15229 15230 15358 15357
f 15230 15231 15359 15358
f 15231 15232 15360 15359
f 15233 15234 15362 15361
f 15234 15235 15363 15362
f 15235 15236 15364 15363
f 15236 15237 15365 15364
f 15237 15238 15366 15365
f 15238 15239 15367 15366
f 15239 15240 15368 15367
f 15240 15241 15369 15368
f 15241 15242 15370 15369
f 15242 15243 15371 15370
f 15243 15244 15372 15371
f 15244 15245 15373 15372
f 15245 15246 15374 15373
f 15246 15247 15375 15374
f 15247 15248 15376 15375
f 15248 15249 15377 15376
f 15249 15250 15378 15377
f 15250 15251 15379 15378
f 15251 15252 15380 15379
f 15252 15253 15381 15380
f 15253 15254 15382 15381
f 15254 15255 15383 15382
f 15255 15256 15384 15383
f 15256 15257 15385 15384
f 15257 15258 15386 15385
f 15258 15259 15387 15386
f 15259 15260 15388 15387
f 15260 15261 15389 15388
f 15261 15262 15390 15389
f 15262 15263 15391 15390
f 15263 15264 15392 15391
f 15264 15265 15393 15392
f 15265 15266 15394 15393
f 15266 15267 15395 15394
f 15267 15268 15396 15395
f 15268 15269 15397 15396
f 15269 15270 15398 15397
f 15270 15271 15399 15398
f 15271 15272 15400 15399
f 15272 15273 15401 15400
f 15273 15274 15402 15401
f 15274 15275 15403 15402
f 15275 15276 15404 15403
f 15276 15277 15405 15404
f 15277 15278 15406 15405
f 15278 15279 15407 15406
f 15279 15280 15408 15407
f 15280 15281 15409 15408
f 15281 15282 15410 15409
f 15282 15283 15411 15410
f 15283 15284 15412 15411
f 15284 15285 15413 15412
f 15285 15286 15414 15413
f 15286 15287 15415 15414
f 15287 15288 15416 15415
f 15288 15289 15417 15416
f 15289 15290 15418 15417
f 15290 15291 15419 15418
f 15291 15292 15420 15419
f 15292 15293 15421 15420
f 15293 15294 15422 15421
f 15294 15295 15423 15422
f 15295 15296 15424 15423
f 15296 15297 15425 15424
f 15297 15298 15426 15425
f 15298 15299 15427 15426
f 15299 15300 15428 15427
f 15300 15301 15429 15428
f 15301 15302 15430 15429
f 15302 15303 15431 15430
f 15303 15304 15432 15431
f 15304 15305 15433 15432
f 15305 15306 15434 15433
f 15306 15307 15435 15434
f 15307 15308 15436 15435
f 15308 15309 15437 15436
f 15309 15310 15438 15437
f 15310 15311 15439 15438
f 15311 15312 15440 15439
f 15312 15313 15441 15440
f 15313 15314 15442 15441
f 15314 15315 15443 15442
f 15315 15316 15444 15443
f 15316 15317 15445 15444
f 15317 15318 15446 15445
f 15318 15319 15447 15446
f 15319 15320 15448 15447
f 15320 15321 15449 15448
f 15321 15322 15450 15449
f 15322 15323 15451 15450
f 15323 15324 15452 15451
f 15324 15325 15453 15452
f 15325 15326 15454 15453
f 15326 15327 15455 15454
f 15327 15328 15456 15455
f 15328 15329 15457 15456
f 15329 15330 15458 15457
f 15330 15331 15459 15458
f 15331 15332 15460 15459
f 15332 15333 15461 15460
f 15333 15334 15462 15461
f 15334 15335 15463 15462
f 15335 15336 15464 15463
f 15336 15337 15465 15464
f 15337 15338 15466 15465
f 15338 15339 15467 15466
f 15339 15340 15468 15467
f 15340 15341 15469 15468
f 15341 15342 15470 15469
f 15342 15343 15471 15470
f 15343 15344 15472 15471
f 15344 15345 15473 15472
f 15345 15346 15474 15473
f 15346 15347 15475 15474
f 15347 15348 15476 15475
f 15348 15349 15477 15476
f 15349 15350 15478 15477
f 15350 15351 15479 15478
f 15351 15352 15480 15479
f 15352 15353 15481 15480
f 15353 15354 15482 15481
f 15354 15355 15483 15482
f 15355 15356 15484 15483
f 15356 15357 15485 15484
f 15357 15358 15486 15485
f 15358 15359 15487 15486
f 15359 15360 15488 15487
f 15361 15362 15490 15489
f 15362 15363 15491 15490
f 15363 15364 15492 15491
f 15364 15365 15493 15492
f 15365 15366 15494 15493
f 15366 15367 15495 15494
f 15367 15368 15496 15495
f 15368 15369 15497 15496
f 15369 15370 15498 15497
f 15370 15371 15499 15498
f 15371 15372 15500 15499
f 15372 15373 15501 15500
f 15373 15374 15502 15501
f 15374 15375 15503 15502
f 15375 15376 15504 15503
f 15376 15377 15505 15504
f 15377 15378 15506 15505
f 15378 15379 15507 15506
f 15379 15380 15508 15507
f 15380 15381 15509 15508
f 15381 15382 15510 15509
f 15382 15383 15511 15510
f 15383 15384 15512 15511
f 15384 15385 15513 15512
f 15385 15386 15514 15513
f 15386 15387 15515 15514
f 15387 15388 15516 15515
f 15388 15389 15517 15516
f 15389 15390 15518 15517
f 15390 15391 15519 15518
f 15391 15392 15520 15519
f 15392 15393 15521 15520
f 15393 15394 15522 15521
f 15394 15395 15523 15522
f 15395 15396 15524 15523
f 15396 15397 15525 15524
f 15397 15398 15526 15525
f 15398 15399 15527 15526
f 15399 15400 15528 15527
f 15400 15401 15529 15528
f 15401 15402 15530 15529
f 15402 15403 15531 15530
f 15403 15404 15532 15531
f 15404 15405 15533 15532
f 15405 15406 15534 15533
f 15406 15407 15535 15534
f 15407 15408 15536 15535
f 15408 15409 15537 15536
f 15409 15410 15538 15537
f 15410 15411 15539 15538
f 15411 15412 15540 15539
f 15412 15413 15541 15540
f 15413 15414 15542 15541
f 15414 15415 15543 15542
f 15415 15416 15544 15543
f 15416 15417 15545 15544
f 15417 15418 15546 15545
f 15418 15419 15547 15546
f 15419 15420 15548 15547
f 15420 15421 15549 15548
f 15421 15422 15550 15549
f 15422 15423 15551 15550
f 15423 15424 15552 15551
f 15424 15425 15553 15552
f 15425 15426 15554 15553
f 15426 15427 15555 15554
f 15427 15428 15556 15555
f 15428 15429 15557 15556
f 15429 15430 15558 15557
f 15430 15431 15559 15558
f 15431 15432 15560 15559
f 15432 15433 15561 15560
f 15433 15434 15562 15561
f 15434 15435 15563 15562
f 15435 15436 15564 15563
f 15436 15437 15565 15564
f 15437 15438 15566 15565
f 15438 15439 15567 15566
f 15439 15440 15568 15567
f 15440 15441 15569 15568
f 15441 15442 15570 15569
f 15442 15443 15571 15570
f 15443 15444 15572 15571
f 15444 15445 15573 15572
f 15445 15446 15574 15573
f 15446 15447 15575 15574
f 15447 15448 15576 15575
f 15448 15449 15577 15576
f 15449 15450 15578 15577
f 15450 15451 15579 15578
f 15451 15452 15580 15579
f 15452 15453 15581 15580
f 15453 15454 15582 15581
f 15454 15455 15583 15582
f 15455 15456 15584 15583
f 15456 15457 15585 15584
f 15457 15458 15586 15585
f 15458 15459 15587 15586
f 15459 15460 15588 15587
f 15460 15461 15589 15588
f 15461 15462 15590 15589
f 15462 15463 15591 15590
f 15463 15464 15592 15591
f 15464 15465 15593 15592
f 15465 15466 15594 15593
f 15466 15467 15595 15594
f 15467 15468 15596 15595
f 15468 15469 15597 15596
f 15469 15470 15598 15597
f 15470 15471 15599 15598
f 15471 15472 15600 15599
f 15472 15473 15601 15600
f 15473 15474 15602 15601
f 15474 15475 15603 15602
f 15475 15476 15604 15603
f 15476 15477 15605 15604
f 15477 15478 15606 15605
f 15478 15479 15607 15606
f 15479 15480 15608 15607
f 15480 15481 15609 15608
f 15481 15482 15610 15609
f 15482 15483 15611 15610
f 15483 15484 15612 15611
f 15484 15485 15613 15612
f 15485 15486 15614 15613
f 15486 15487 15615 15614
f 15487 15488 15616 15615
f 15489 15490 15618 15617
f 15490 15491 15619 15618
f 15491 15492 15620 15619
f 15492 15493 15621 15620
f 15493 15494 15622 15621
f 15494 15495 15623 15622
f 15495 15496 15624 15623
f 15496 15497 15625 15624
f 15497 15498 15626 15625
f 15498 15499 15627 15626
f 15499 15500 15628 15627
f 15500 15501 15629 15628
f 15501 15502 15630 15629
f 15502 15503 15631 15630
f 15503 15504 15632 15631
f 15504 15505 15633 15632
f 15505 15506 15634 15633
f 15506 15507 15635 15634
f 15507 15508 15636 15635
f 15508 15509 15637 15636
f 15509 15510 15638 15637
f 15510 15511 15639 15638
f 15511 15512 15640 15639
f 15512 15513 15641 15640
f 15513 15514 15642 15641
f 15514 15515 15643 15642
f 15515 15516 15644 15643
f 15516 15517 15645 15644
f 15517 15518 15646 15645
f 15518 15519 15647 15646
f 15519 15520 15648 15647
f 15520 15521 15649 15648
f 15521 15522 15650 15649
f 15522 15523 15651 15650
f 15523 15524 15652 15651
f 15524 15525 15653 15652
f 15525 15526 15654 15653
f 15526 15527 15655 15654
f 15527 15528 15656 15655
f 15528 15529 15657 15656
f 15529 15530 15658 15657
f 15530 15531 15659 15658
f 15531 15532 15660 15659
f 15532 15533 15661 15660
f 15533 15534 15662 15661
f 15534 15535 15663 15662
f 15535 15536 15664 15663
f 15536 15537 15665 15664
f 15537 15538 15666 15665
f 15538 15539 15667 15666
f 15539 15540 15668 15667
f 15540 15541 15669 15668
f 15541 15542 15670 15669
f 15542 15543 15671 15670
f 15543 15544 15672 15671
f 15544 15545 15673 15672
f 15545 15546 15674 15673
f 15546 15547 15675 15674
f 15547 15548 15676 15675
f 15548 15549 15677 15676
f 15549 15550 15678 15677
f 15550 15551 15679 15678
f 15551 15552 15680 15679
f 15552 15553 15681 15680
f 15553 15554 15682 15681
f 15554 15555 15683 15682
f 15555 15556 15684 15683
f 15556 15557 15685 15684
f 15557 15558 15686 15685
f 15558 15559 15687 15686
f 15559 15560 15688 15687
f 15560 15561 15689 15688
f 15561 15562 15690 15689
f 15562 15563 15691 15690
f 15563 15564 15692 15691
f 15564 15565 15693 15692
f 15565 15566 15694 15693
f 15566 15567 15695 15694
f 15567 15568 15696 15695
f 15568 15569 15697 15696
f 15569 15570 15698 15697
f 15570 15571 15699 15698
f 15571 15572 15700 15699
f 15572 15573 15701 15700
f 15573 15574 15702 15701
f 15574 15575 15703 15702
f 15575 15576 15704 15703
f 15576 15577 15705 15704
f 15577 15578 15706 15705
f 15578 15579 15707 15706
f 15579 15580 15708 15707
f 15580 15581 15709 15708
f 15581 15582 15710 15709
f 15582 15583 15711 15710
f 15583 15584 15712 15711
f 15584 15585 15713 15712
f 15585 15586 15714 15713
f 15586 15587 15715 15714
f 15587 15588 15716 15715
f 15588 15589 15717 15716
f 15589 15590 15718 15717
f 15590 15591 15719 15718
f 15591 15592 15720 15719
f 15592 15593 15721 15720
f 15593 15594 15722 15721
f 15594 15595 15723 15722
f 15595 15596 15724 15723
f 15596 15597 15725 15724
f 15597 15598 15726 15725
f 15598 15599 15727 15726
f 15599 15600 15728 15727
f 15600 15601 15729 15728
f 15601 15602 15730 15729
f 15602 15603 15731 15730
f 15603 15604 15732 15731
f 15604 15605 15733 15732
f 15605 15606 15734 15733
f 15606 15607 15735 15734
f 15607 15608 15736 15735
f 15608 15609 15737 15736
f 15609 15610 15738 15737
f 15610 15611 15739 15738
f 15611 15612 15740 15739
f 15612 15613 15741 15740
f 15613 15614 15742 15741
f 15614 15615 15743 15742
f 15615 15616 15744 15743
f 15617 15618 15746 15745
f 15618 15619 15747 15746
f 15619 15620 15748 15747
f 15620 15621 15749 15748
f 15621 15622 15750 15749
f 15622 15623 15751 15750
f 15623 15624 15752 15751
f 15624 15625 15753 15752
f 15625 15626 15754 15753
f 15626 15627 15755 15754
f 15627 15628 15756 15755
f 15628 15629 15757 15756
f 15629 15630 15758 15757
f 15630 15631 15759 15758
f 15631 15632 15760 15759
f 15632 15633 15761 15760
f 15633 15634 15762 15761
f 15634 15635 15763 15762
f 15635 15636 15764 15763
f 15636 15637 15765 15764
f 15637 15638 15766 15765
f 15638 15639 15767 15766
f 15639 15640 15768 15767
f 15640 15641 15769 15768
f 15641 15642 15770 15769
f 15642 15643 15771 15770
f 15643 15644 15772 15771
f 15644 15645 15773 15772
f 15645 15646 15774 15773
f 15646 15647 15775 15774
f 15647 15648 15776 15775
f 15648 15649 15777 15776
f 15649 15650 15778 15777
f 15650 15651 15779 15778
f 15651 15652 15780 15779
f 15652 15653 15781 15780
f 15653 15654 15782 15781
f 15654 15655 15783 15782
f 15655 15656 15784 15783
f 15656 15657 15785 15784
f 15657 15658 15786 15785
f 15658 15659 15787 15786
f 15659 15660 15788 15787
f 15660 15661 15789 15788
f 15661 15662 15790 15789
f 15662 15663 15791 15790
f 15663 15664 15792 15791
f 15664 15665 15793 15792
f 15665 15666 15794 15793
f 15666 15667 15795 15794
f 15667 15668 15796 15795
f 15668 15669 15797 15796
f 15669 15670 15798 15797
f 15670 15671 15799 15798
f 15671 15672 15800 15799
f 15672 15673 15801 15800
f 15673 15674 15802 15801
f 15674 15675 15803 15802
f 15675 15676 15804 15803
f 15676 15677 15805 15804
f 15677 15678 15806 15805
f 15678 15679 15807 15806
f 15679 15680 15808 15807
f 15680 15681 15809 15808
f 15681 15682 15810 15809
f 15682 15683 15811 15810
f 15683 15684 15812 15811
f 15684 15685 15813 15812
f 15685 15686 15814 15813
f 15686 15687 15815 15814
f 15687 15688 15816 15815
f 15688 15689 15817 15816
f 15689 15690 15818 15817
f 15690 15691 15819 15818
f 15691 15692 15820 15819
f 15692 15693 15821 15820
f 15693 15694 15822 15821
f 15694 15695 15823 15822
f 15695 15696 15824 15823
f 15696 15697 15825 15824
f 15697 15698 15826 15825
f 15698 15699 15827 15826
f 15699 15700 15828 15827
f 15700 15701 15829 15828
f 15701 15702 15830 15829
f 15702 15703 15831 15830
f 15703 15704 15832 15831
f 15704 15705 15833 15832
f 15705 15706 15834 15833
f 15706 15707 15835 15834
f 15707 15708 15836 15835
f 15708 15709 15837 15836
f 15709 15710 15838 15837
f 15710 15711 15839 15838
f 15711 15712 15840 15839
f 15712 15713 15841 15840
f 15713 15714 15842 15841
f 15714 15715 15843 15842
f 15715 15716 15844 15843
f 15716 15717 15845 15844
f 15717 15718 15846 15845
f 15718 15719 15847 15846
f 15719 15720 15848 15847
f 15720 15721 15849 15848
f 15721 15722 15850 15849
f 15722 15723 15851 15850
f 15723 15724 15852 15851
f 15724 15725 15853 15852
f 15725 15726 15854 15853
f 15726 15727 15855 15854
f 15727 15728 15856 15855
f 15728 15729 15857 15856
f 15729 15730 15858 15857
f 15730 15731 15859 15858
f 15731 15732 15860 15859
f 15732 15733 15861 15860
f 15733 15734 15862 15861
f 15734 15735 15863 15862
f 15735 15736 15864 15863
f 15736 15737 15865 15864
f 15737 15738 15866 15865
f 15738 15739 15867 15866
f 15739 15740 15868 15867
f 15740 15741 15869 15868
f 15741 15742 15870 15869
f 15742 15743 15871 15870
f 15743 15744 15872 15871
f 15745 15746 15874 15873
f 15746 15747 15875 15874
f 15747 15748 15876 15875
f 15748 15749 15877 15876
f 15749 15750 15878 15877
f 15750 15751 15879 15878
f 15751 15752 15880 15879
f 15752 15753 15881 15880
f 15753 15754 15882 15881
f 15754 15755 15883 15882
f 15755 15756 15884 15883
f 15756 15757 15885 15884
f 15757 15758 15886 15885
f 15758 15759 15887 15886
f 15759 15760 15888 15887
f 15760 15761 15889 15888
f 15761 15762 15890 15889
f 15762 15763 15891 15890
f 15763 15764 15892 15891
f 15764 15765 15893 15892
f 15765 15766 15894 15893
f 15766 15767 15895 15894
f 15767 15768 15896 15895
f 15768 15769 15897 15896
f 15769 15770 15898 15897
f 15770 15771 15899 15898
f 15771 15772 15900 15899
f 15772 15773 15901 15900
f 15773 15774 15902 15901
f 15774 15775 15903 15902
f 15775 15776 15904 15903
f 15776 15777 15905 15904
f 15777 15778 15906 15905
f 15778 15779 15907 15906
f 15779 15780 15908 15907
f 15780 15781 15909 15908
f 15781 15782 15910 15909
f 15782 15783 15911 15910
f 15783 15784 15912 15911
f 15784 15785 15913 15912
f 15785 15786 15914 15913
f 15786 15787 15915 15914
f 15787 15788 15916 15915
f 15788 15789 15917 15916
f 15789 15790 15918 15917
f 15790 15791 15919 15918
f 15791 15792 15920 15919
f 15792 15793 15921 15920
f 15793 15794 15922 15921
f 15794 15795 15923 15922
f 15795 15796 15924 15923
f 15796 15797 15925 15924
f 15797 15798 15926 15925
f 15798 15799 15927 15926
f 15799 15800 15928 15927
f 15800 15801 15929 15928
f 15801 15802 15930 15929
f 15802 15803 15931 15930
f 15803 15804 15932 15931
f 15804 15805 15933 15932
f 15805 15806 15934 15933
f 15806 15807 15935 15934
f 15807 15808 15936 15935
f 15808 15809 15937 15936
f 15809 15810 15938 15937
f 15810 15811 15939 15938
f 15811 15812 15940 15939
f 15812 15813 15941 15940
f 15813 15814 15942 15941
f 15814 15815 15943 15942
f 15815 15816 15944 15943
f 15816 15817 15945 15944
f 15817 15818 15946 15945
f 15818 15819 15947 15946
f 15819 15820 15948 15947
f 15820 15821 15949 15948
f 15821 15822 15950 15949
f 15822 15823 15951 15950
f 15823 15824 15952 15951
f 15824 15825 15953 15952
f 15825 15826 15954 15953
f 15826 15827 15955 15954
f 15827 15828 15956 15955
f 15828 15829 15957 15956
f 15829 15830 15958 15957
f 15830 15831 15959 15958
f 15831 15832 15960 15959
f 15832 15833 15961 15960
f 15833 15834 15962 15961
f 15834 15835 15963 15962
f 15835 15836 15964 15963
f 15836 15837 15965 15964
f 15837 15838 15966 15965
f 15838 15839 15967 15966
f 15839 15840 15968 15967
f 15840 15841 15969 15968
f 15841 15842 15970 15969
f 15842 15843 15971 15970
f 15843 15844 15972 15971
f 15844 15845 15973 15972
f 15845 15846 15974 15973
f 15846 15847 15975 15974
f 15847 15848 15976 15975
f 15848 15849 15977 15976
f 15849 15850 15978 15977
f 15850 15851 15979 15978
f 15851 15852 15980 15979
f 15852 15853 15981 15980
f 15853 15854 15982 15981
f 15854 15855 15983 15982
f 15855 15856 15984 15983
f 15856 15857 15985 15984
f 15857 15858 15986 15985
f 15858 15859 15987 15986
f 15859 15860 15988 15987
f 15860 15861 15989 15988
f 15861 15862 15990 15989
f 15862 15863 15991 15990
f 15863 15864 15992 15991
f 15864 15865 15993 15992
f 15865 15866 15994 15993
f 15866 15867 15995 15994
f 15867 15868 15996 15995
f 15868 15869 15997 15996
f 15869 15870 15998 15997
f 15870 15871 15999 15998
f 15871 15872 16000 15999
f 15873 15874 16002 16001
f 15874 15875 16003 16002
f 15875 15876 16004 16003
f 15876 15877 16005 16004
f 15877 15878 16006 16005
f 15878 15879 16007 16006
f 15879 15880 16008 16007
f 15880 15881 16009 16008
f 15881 15882 16010 16009
f 15882 15883 16011 16010
f 15883 15884 16012 16011
f 15884 15885 16013 16012
f 15885 15886 16014 16013
f 15886 15887 16015 16014
f 15887 15888 16016 16015
f 15888 15889 16017 16016
f 15889 15890 16018 16017
f 15890 15891 16019 16018
f 15891 15892 16020 16019
f 15892 15893 16021 16020
f 15893 15894 16022 16021
f 15894 15895 16023 16022
f 15895 15896 16024 16023
f 15896 15897 16025 16024
f 15897 15898 16026 16025
f 15898 15899 16027 16026
f 15899 15900 16028 16027
f 15900 15901 16029 16028
f 15901 15902 16030 16029
f 15902 15903 16031 16030
f 15903 15904 16032 16031
f 15904 15905 16033 16032
f 15905 15906 16034 16033
f 15906 15907 16035 16034
f 15907 15908 16036 16035
f 15908 15909 16037 16036
f 15909 15910 16038 16037
f 15910 15911 16039 16038
f 15911 15912 16040 16039
f 15912 15913 16041 16040
f 15913 15914 16042 16041
f 15914 15915 16043 16042
f 15915 15916 16044 16043
f 15916 15917 16045 16044
f 15917 15918 16046 16045
f 15918 15919 16047 16046
f 15919 15920 16048 16047
f 15920 15921 16049 16048
f 15921 15922 16050 16049
f 15922 15923 16051 16050
f 15923 15924 16052 16051
f 15924 15925 16053 16052
f 15925 15926 16054 16053
f 15926 15927 16055 16054
f 15927 15928 16056 16055
f 15928 15929 16057 16056
f 15929 15930 16058 16057
f 15930 15931 16059 16058
f 15931 15932 16060 16059
f 15932 15933 16061 16060
f 15933 15934 16062 16061
f 15934 15935 16063 16062
f 15935 15936 16064 16063
f 15936 15937 16065 16064
f 15937 15938 16066 16065
f 15938 15939 16067 16066
f 15939 15940 16068 16067
f 15940 15941 16069 16068
f 15941 15942 16070 16069
f 15942 15943 16071 16070
f 15943 15944 16072 16071
f 15944 15945 16073 16072
f 15945 15946 16074 16073
f 15946 15947 16075 16074
f 15947 15948 16076 16075
f 15948 15949 16077 16076
f 15949 15950 16078 16077
f 15950 15951 16079 16078
f 15951 15952 16080 16079
f 15952 15953 16081 16080
f 15953 15954 16082 16081
f 15954 15955 16083 16082
f 15955 15956 16084 16083
f 15956 15957 16085 16084
f 15957 15958 16086 16085
f 15958 15959 16087 16086
f 15959 15960 16088 16087
f 15960 15961 16089 16088
f 15961 15962 16090 16089
f 15962 15963 16091 16090
f 15963 15964 16092 16091
f 15964 15965 16093 16092
f 15965 15966 16094 16093
f 15966 15967 16095 16094
f 15967 15968 16096 16095
f 15968 15969 16097 16096
f 15969 15970 16098 16097
f 15970 15971 16099 16098
f 15971 15972 16100 16099
f 15972 15973 16101 16100
f 15973 15974 16102 16101
f 15974 15975 16103 16102
f 15975 15976 16104 16103
f 15976 15977 16105 16104
f 15977 15978 16106 16105
f 15978 15979 16107 16106
f 15979 15980 16108 16107
f 15980 15981 16109 16108
f 15981 15982 16110 16109
f 15982 15983 16111 16110
f 15983 15984 16112 16111
f 15984 15985 16113 16112
f 15985 15986 16114 16113
f 15986 15987 16115 16114
f 15987 15988 16116 16115
f 15988 15989 16117 16116
f 15989 15990 16118 16117
f 15990 15991 16119 16118
f 15991 15992 16120 16119
f 15992 15993 16121 16120
f 15993 15994 16122 16121
f 15994 15995 16123 16122
f 15995 15996 16124 16123
f 15996 15997 16125 16124
f 15997 15998 16126 16125
f 15998 15999 16127 16126
f 15999 16000 16128 16127
f 16001 16002 16130 16129
f 16002 16003 16131 16130
f 16003 16004 16132 16131
f 16004 16005 16133 16132
f 16005 16006 16134 16133
f 16006 16007 16135 16134
f 16007 16008 16136 16135
f 16008 16009 16137 16136
f 16009 16010 16138 16137
f 16010 16011 16139 16138
f 16011 16012 16140 16139
f 16012 16013 16141 16140
f 16013 16014 16142 16141
f 16014 16015 16143 16142
f 16015 16016 16144 16143
f 16016 16017 16145 16144
f 16017 16018 16146 16145
f 16018 16019 16147 16146
f 16019 16020 16148 16147
f 16020 16021 16149 16148
f 16021 16022 16150 16149
f 16022 16023 16151 16150
f 16023 16024 16152 16151
f 16024 16025 16153 16152
f 16025 16026 16154 16153
f 16026 16027 16155 16154
f 16027 16028 16156 16155
f 16028 16029 16157 16156
f 16029 16030 16158 16157
f 16030 16031 16159 16158
f 16031 16032 16160 16159
f 16032 16033 16161 16160
f 16033 16034 16162 16161
f 16034 16035 16163 16162
f 16035 16036 16164 16163
f 16036 16037 16165 16164
f 16037 16038 16166 16165
f 16038 16039 16167 16166
f 16039 16040 16168 16167
f 16040 16041 16169 16168
f 16041 16042 16170 16169
f 16042 16043 16171 16170
f 16043 16044 16172 16171
f 16044 16045 16173 16172
f 16045 16046 16174 16173
f 16046 16047 16175 16174
f 16047 16048 16176 16175
f 16048 16049 16177 16176
f 16049 16050 16178 16177
f 16050 16051 16179 16178
f 16051 16052 16180 16179
f 16052 16053 16181 16180
f 16053 16054 16182 16181
f 16054 16055 16183 16182
f 16055 16056 16184 16183
f 16056 16057 16185 16184
f 16057 16058 16186 16185
f 16058 16059 16187 16186
f 16059 16060 16188 16187
f 16060 16061 16189 16188
f 16061 16062 16190 16189
f 16062 16063 16191 16190
f 16063 16064 16192 16191
f 16064 16065 16193 16192
f 16065 16066 16194 16193
f 16066 16067 16195 16194
f 16067 16068 16196 16195
f 16068 16069 16197 16196
f 16069 16070 16198 16197
f 16070 16071 16199 16198
f 16071 16072 16200 16199
f 16072 16073 16201 16200
f 16073 16074 16202 16201
f 16074 16075 16203 16202
f 16075 16076 16204 16203
f 16076 16077 16205 16204
f 16077 16078 16206 16205
f 16078 16079 16207 16206
f 16079 16080 16208 16207
f 16080 16081 16209 16208
f 16081 16082 16210 16209
f 16082 16083 16211 16210
f 16083 16084 16212 16211
f 16084 16085 16213 16212
f 16085 16086 16214 16213
f 16086 16087 16215 16214
f 16087 16088 16216 16215
f 16088 16089 16217 16216
f 16089 16090 16218 16217
f 16090 16091 16219 16218
f 16091 16092 16220 16219
f 16092 16093 16221 16220
f 16093 16094 16222 16221
f 16094 16095 16223 16222
f 16095 16096 16224 16223
f 16096 16097 16225 16224
f 16097 16098 16226 16225
f 16098 16099 16227 16226
f 16099 16100 16228 16227
f 16100 16101 16229 16228
f 16101 16102 16230 16229
f 16102 16103 16231 16230
f 16103 16104 16232 16231
f 16104 16105 16233 16232
f 16105 16106 16234 16233
f 16106 16107 16235 16234
f 16107 16108 16236 16235
f 16108 16109 16237 16236
f 16109 16110 16238 16237
f 16110 16111 16239 16238
f 16111 16112 16240 16239
f 16112 16113 16241 16240
f 16113 16114 16242 16241
f 16114 16115 16243 16242
f 16115 16116 16244 16243
f 16116 16117 16245 16244
f 16117 16118 16246 16245
f 16118 16119 16247 16246
f 16119 16120 16248 16247
f 16120 16121 16249 16248
f 16121 16122 16250 16249
f 16122 16123 16251 16250
f 16123 16124 16252 16251
f 16124 16125 16253 16252
f 16125 16126 16254 16253
f 16126 16127 16255 16254
f 16127 16128 16256 16255
f 16129 16130 16258 16257
f 16130 16131 16259 16258
f 16131 16132 16260 16259
f 16132 16133 16261 16260
f 16133 16134 16262 16261
f 16134 16135 16263 16262
f 16135 16136 16264 16263
f 16136 16137 16265 16264
f 16137 16138 16266 16265
f 16138 16139 16267 16266
f 16139 16140 16268 16267
f 16140 16141 16269 16268
f 16141 16142 16270 16269
f 16142 16143 16271 16270
f 16143 16144 16272 16271
f 16144 16145 16273 16272
f 16145 16146 16274 16273
f 16146 16147 16275 16274
f 16147 16148 16276 16275
f 16148 16149 16277 16276
f 16149 16150 16278 16277
f 16150 16151 16279 16278
f 16151 16152 16280 16279
f 16152 16153 16281 16280
f 16153 16154 16282 16281
f 16154 16155 16283 16282
f 16155 16156 16284 16283
f 16156 16157 16285 16284
f 16157 16158 16286 16285
f 16158 16159 16287 16286
f 16159 16160 16288 16287
f 16160 16161 16289 16288
f 16161 16162 16290 16289
f 16162 16163 16291 16290
f 16163 16164 16292 16291
f 16164 16165 16293 16292
f 16165 16166 16294 16293
f 16166 16167 16295 16294
f 16167 16168 16296 16295
f 16168 16169 16297 16296
f 16169 16170 16298 16297
f 16170 16171 16299 16298
f 16171 16172 16300 16299
f 16172 16173 16301 16300
f 16173 16174 16302 16301
f 16174 16175 16303 16302
f 16175 16176 16304 16303
f 16176 16177 16305 16304
f 16177 16178 16306 16305
f 16178 16179 16307 16306
f 16179 16180 16308 16307
f 16180 16181 16309 16308
f 16181 16182 16310 16309
f 16182 16183 16311 16310
f 16183 16184 16312 16311
f 16184 16185 16313 16312
f 16185 16186 16314 16313
f 16186 16187 16315 16314
f 16187 16188 16316 16315
f 16188 16189 16317 16316
f 16189 16190 16318 16317
f 16190 16191 16319 16318
f 16191 16192 16320 16319
f 16192 16193 16321 16320
f 16193 16194 16322 16321
f 16194 16195 16323 16322
f 16195 16196 16324 16323
f 16196 16197 16325 16324
f 16197 16198 16326 16325
f 16198 16199 16327 16326
f 16199 16200 16328 16327
f 16200 16201 16329 16328
f 16201 16202 16330 16329
f 16202 16203 16331 16330
f 16203 16204 16332 16331
f 16204 16205 16333 16332
f 16205 16206 16334 16333
f 16206 16207 16335 16334
f 16207 16208 16336 16335
f 16208 16209 16337 16336
f 16209 16210 16338 16337
f 16210 16211 16339 16338
f 16211 16212 16340 16339
f 16212 16213 16341 16340
f 16213 16214 16342 16341
f 16214 16215 16343 16342
f 16215 16216 16344 16343
f 16216 16217 16345 16344
f 16217 16218 16346 16345
f 16218 16219 16347 16346
f 16219 16220 16348 16347
f 16220 16221 16349 16348
f 16221 16222 16350 16349
f 16222 16223 16351 16350
f 16223 16224 16352 16351
f 16224 16225 16353 16352
f 16225 16226 16354 16353
f 16226 16227 16355 16354
f 16227 16228 16356 16355
f 16228 16229 16357 16356
f 16229 16230 16358 16357
f 16230 16231 16359 16358
f 16231 16232 16360 16359
f 16232 16233 16361 16360
f 16233 16234 16362 16361
f 16234 16235 16363 16362
f 16235 16236 16364 16363
f 16236 16237 16365 16364
f 16237 16238 16366 16365
f 16238 16239 16367 16366
f 16239 16240 16368 16367
f 16240 16241 16369 16368
f 16241 16242 16370 16369
f 16242 16243 16371 16370
f 16243 16244 16372 16371
f 16244 16245 16373 16372
f 16245 16246 16374 16373
f 16246 16247 16375 16374
f 16247 16248 16376 16375
f 16248 16249 16377 16376
f 16249 16250 16378 16377
f 16250 16251 16379 16378
f 16251 16252 16380 16379
f 16252 16253 16381 16380
f 16253 16254 16382 16381
f 16254 16255 16383 16382
f 16255 16256 16384 16383
