area,path,bytes
source,V2_EVALUATION_FREEZE_DECISION_2026-08-26.md,1853
source,GENERATOR_RECOVERY_GATE_2026-08-27.md,2659
source,.gitkeep,0
source,AUGMENTATION_LOCKED_TEST_PROTOCOL_2026-08-26.md,2857
source,README.md,1140
source,IRIS_V2_PREPAPER_90_GATE.md,3751
source,PROSPECTIVE_BLIND_VALIDATION_PROTOCOL.md,2460
source,IRIS_V2_REWORK_PROTOCOL_2026-08-26.md,10086
source,V2_DOWNSTREAM_MATRIX_FREEZE_2026-08-27.md,2758
source,IRIS_SANDBOX_VALIDATION_2026-08-27.md,6573
source,iris-model/test_downstream_protocol.py,1806
source,iris-model/freeze_prospective_batch.py,4144
source,iris-model/metrics.py,2665
source,iris-model/requirements.txt,149
source,iris-model/sample_generator.py,3622
source,iris-model/evaluate_generator_v2_fixed.py,4301
source,iris-model/preprocess.py,4105
source,iris-model/train_augmented_forecaster.py,7402
source,iris-model/build_rolling_folds.py,3065
source,iris-model/evaluate_generator_v2.py,11813
source,iris-model/physics_v2_selftest.py,3964
source,iris-model/train_forecaster.py,6163
source,iris-model/README.md,5587
source,iris-model/physics.py,3536
source,iris-model/compare_augmentation_locked_test.py,3244
source,iris-model/generator.py,6726
source,iris-model/make_physics_destruction_controls.py,3441
source,iris-model/make_rolling_folds.py,2717
source,iris-model/train_matched_augmentation.py,11671
source,iris-model/make_v2_rolling_folds.py,5475
source,iris-model/forecaster.py,2149
source,iris-model/fit_cache.py,11000
source,iris-model/make_v2_fold_evidence.py,4829
source,iris-model/freeze_prospective_predictions.py,1985
source,iris-model/train_generator.py,9650
source,iris-model/physics_v2.py,7496
source,iris-model/evaluate_generator.py,4354
source,iris-model/compare_augmentation.py,3201
source,iris-model/train_generator_v2.py,16057
source,iris-model/train_generator_positive_v2.py,13335
source,iris-model/compare_v2_rolling_transfer.py,5040
source,iris-model/generic_fidelity.py,1379
source,iris-model/train_generator_v3.py,5610
source,iris-model/data.py,8488
source,common/jsoc_time.py,2790
source,common/test_jsoc_time.py,1507
source,iris-gate0-data/build_manifest.py,10480
source,iris-gate0-data/requirements.txt,89
source,iris-gate0-data/smoke_download.py,2480
source,iris-gate0-data/fetch_gate0.py,6486
source,iris-gate0-data/query_sharp.py,6331
source,iris-gate0-data/repair_historical_tai_manifest.py,16728
source,iris-gate0-data/test_repair_historical_tai_manifest.py,2986
source,colab/test_fit_cache.py,2443
source,colab/FITS_ACQUISITION.md,1949
source,colab/test_acquire_sharp_fits.py,858
source,colab/IRIS_Colab_Training_2026-08-28.ipynb,6524
source,colab/iris_colab_runner.py,16680
source,colab/COLAB_START_HERE.md,1527
source,colab/acquire_sharp_fits.py,15137
source,colab/build_notebook.py,13362
source,colab/__pycache__/acquire_sharp_fits.cpython-314.pyc,24309
source,.github/workflows/iris-v2-positive-physics-recovery.yml,9000
source,.github/workflows/iris-downstream-augmentation-pilot.yml,3592
source,.github/workflows/iris-downstream-compare.yml,2259
source,.github/workflows/iris-model-smoke.yml,1996
source,.github/workflows/iris-v2-positive-hj-lambda-sweep.yml,5687
source,.github/workflows/iris-v2-physics-selftest.yml,1165
source,.github/workflows/iris-v2-build-rolling-folds.yml,1410
source,.github/workflows/iris-v2-positive-lambda-sweep.yml,5937
source,.github/workflows/iris-v2-build-nested-folds.yml,2635
source,.github/workflows/iris-v2-build-outer-folds.yml,2309
source,.github/workflows/iris-v2-physics-smoke.yml,2400
source,.github/workflows/iris-v2-converged-base-physics-gate.yml,7510
source,.github/workflows/iris-v2-rolling-folds.yml,1285
source,.github/workflows/iris-v2-exact-6000-base.yml,4250
source,.github/workflows/iris-v2-pil-manipulation-pilot.yml,5089
source,.github/workflows/iris-v2-base-convergence-reassess.yml,4930
source,.github/workflows/iris-gate0-collect.yml,1496
source,.github/workflows/iris-v2-efficient-physics-gate.yml,9266
source,.github/workflows/iris-v3-fidelity-pilot.yml,4318
source,.github/workflows/iris-v2-full-rolling-transfer.yml,20708
source,.github/workflows/iris-generator-historical-pilot.yml,3584
source,.github/workflows/iris-augmentation-locked-test.yml,5235
source,.github/workflows/iris-v2-physics-lambda-sweep.yml,9722
source,.github/workflows/iris-v2-base-convergence.yml,5236
source,.github/workflows/iris-v2-stable-base-recovery.yml,4030
source,.github/workflows/jsoc-debug.yml,746
source,.github/workflows/iris-v2-rolling-real-duplicate.yml,6953
source,.github/workflows/iris-v2-positive-physics-2000.yml,8660
source,.github/workflows/iris-v2-reaudit-3280-base.yml,3829
source,iris-gate0-data/compliance/IRIS_ARCHIVAL_ASTRONOMY_CLARIFICATION_REQUEST.md,2135
source,common/__pycache__/jsoc_time.cpython-314.pyc,4396
source,iris-model/__pycache__/train_generator_v2.cpython-314.pyc,27271
source,iris-model/__pycache__/evaluate_generator_v2.cpython-314.pyc,25381
source,iris-model/__pycache__/data.cpython-314.pyc,17963
source,iris-model/__pycache__/preprocess.cpython-314.pyc,9631
source,iris-model/__pycache__/fit_cache.cpython-314.pyc,19521
source,iris-model/__pycache__/generator.cpython-314.pyc,18161
source,iris-model/__pycache__/physics_v2.cpython-314.pyc,13767
source,iris-model/__pycache__/generic_fidelity.cpython-314.pyc,3862
source,iris-model/__pycache__/train_generator_positive_v2.cpython-314.pyc,25236
evidence,SHA256SUMS.txt,88340
evidence,data/derived/sharp_metadata.csv.gz,18040079
evidence,data/derived/sharp_query_log.json,613646
evidence,data/derived/connected_region_groups.csv,62189
evidence,data/derived/harp_noaa_long.csv,57612
evidence,data/derived/supplemental_region_applications.csv,3781
evidence,data/derived/fits_retrieval_smoke_test.json,1434
evidence,data/derived/event_report_fetch_log.csv,99550
evidence,data/derived/source_ledger.json,597
evidence,data/derived/label_integrity_audit.json,1375
evidence,data/derived/supplemental_application_summary.json,112
evidence,data/derived/harp_noaa_mapping.csv,70555
evidence,data/derived/sharp_query_failures.csv,1
evidence,data/derived/image_urls_all_splits.csv.gz,3498380
evidence,data/derived/supplemental_region_resolutions.csv,43713
evidence,data/derived/interval_harps.csv,13441
evidence,data/derived/training_manifest.csv.gz,21654068
evidence,data/derived/supplemental_resolution_summary.json,429
evidence,data/derived/frozen_split.json,55047
evidence,data/derived/tai_repair_audit.json,1937
evidence,data/derived/manifest_audit.json,1472
evidence,data/derived/goes_m1plus_interval.csv,630173
evidence,data/derived/validation_image_urls.csv.gz,718661
evidence,data/derived/collection_summary.json,192
evidence,data/derived/independent_positive_region_counts.csv,291
evidence,data/derived/training_image_urls.csv.gz,2049469
evidence,data/derived/resolved_m1plus_events.csv,242464
evidence,data/derived/test_image_urls.csv.gz,730831
evidence,data/derived/goes_m1plus_interval_pre_supplement.csv,629634
evidence,data/raw/all_harps_with_noaa_ars.txt,34732
evidence,data/raw/goes_mission.csv,12438083
evidence,data/raw/solar_event_reports/2016/08/20160808events.txt,3600
evidence,data/raw/solar_event_reports/2016/08/20160807events.txt,2052
evidence,data/raw/solar_event_reports/2016/08/20160806events.txt,907
evidence,data/raw/solar_event_reports/2011/03/20110306events.txt,6292
evidence,data/raw/solar_event_reports/2011/03/20110307events.txt,6290
evidence,data/raw/solar_event_reports/2011/03/20110309events.txt,5066
evidence,data/raw/solar_event_reports/2011/03/20110310events.txt,4091
evidence,data/raw/solar_event_reports/2011/03/20110308events.txt,5390
evidence,data/raw/solar_event_reports/2011/03/20110311events.txt,2625
evidence,data/raw/solar_event_reports/2011/05/20110527events.txt,1399
evidence,data/raw/solar_event_reports/2011/05/20110529events.txt,4498
evidence,data/raw/solar_event_reports/2011/05/20110528events.txt,3033
evidence,data/raw/solar_event_reports/2011/02/20110216events.txt,5963
evidence,data/raw/solar_event_reports/2011/02/20110217events.txt,4590
evidence,data/raw/solar_event_reports/2011/02/20110214events.txt,6611
evidence,data/raw/solar_event_reports/2011/02/20110213events.txt,5958
evidence,data/raw/solar_event_reports/2011/02/20110215events.txt,7268
evidence,data/raw/solar_event_reports/2011/11/20111105events.txt,3356
evidence,data/raw/solar_event_reports/2011/11/20111103events.txt,4824
evidence,data/raw/solar_event_reports/2011/11/20111104events.txt,2955
evidence,data/raw/solar_event_reports/2011/11/20111102events.txt,4099
evidence,data/raw/solar_event_reports/2011/11/20111101events.txt,1806
evidence,data/raw/solar_event_reports/2011/10/20111020events.txt,3439
evidence,data/raw/solar_event_reports/2011/10/20111021events.txt,2617
evidence,data/raw/solar_event_reports/2011/10/20111019events.txt,2702
evidence,data/raw/solar_event_reports/2011/10/20111022events.txt,1804
evidence,data/raw/solar_event_reports/2011/10/20111030events.txt,2705
evidence,data/raw/solar_event_reports/2011/10/20111023events.txt,3034
evidence,data/raw/solar_event_reports/2011/10/20111031events.txt,2136
evidence,data/raw/solar_event_reports/2011/09/20110913events.txt,2546
evidence,data/raw/solar_event_reports/2011/09/20110926events.txt,5395
evidence,data/raw/solar_event_reports/2011/09/20110906events.txt,5395
evidence,data/raw/solar_event_reports/2011/09/20110912events.txt,1562
evidence,data/raw/solar_event_reports/2011/09/20110924events.txt,10684
evidence,data/raw/solar_event_reports/2011/09/20110911events.txt,2953
evidence,data/raw/solar_event_reports/2011/09/20110905events.txt,1889
evidence,data/raw/solar_event_reports/2011/09/20110903events.txt,3932
evidence,data/raw/solar_event_reports/2011/09/20110922events.txt,5637
evidence,data/raw/solar_event_reports/2011/09/20110909events.txt,5319
evidence,data/raw/solar_event_reports/2011/09/20110925events.txt,11254
evidence,data/raw/solar_event_reports/2011/09/20110904events.txt,2785
evidence,data/raw/solar_event_reports/2011/09/20110910events.txt,4349
evidence,data/raw/solar_event_reports/2011/09/20110923events.txt,6532
evidence,data/raw/solar_event_reports/2011/06/20110606events.txt,1561
evidence,data/raw/solar_event_reports/2011/06/20110607events.txt,1636
evidence,data/raw/solar_event_reports/2011/06/20110608events.txt,743
evidence,data/raw/solar_event_reports/2011/12/20111225events.txt,5059
evidence,data/raw/solar_event_reports/2011/12/20111214events.txt,2871
evidence,data/raw/solar_event_reports/2011/12/20111227events.txt,3926
evidence,data/raw/solar_event_reports/2011/12/20111215events.txt,912
evidence,data/raw/solar_event_reports/2011/12/20111226events.txt,4009
evidence,data/raw/solar_event_reports/2011/12/20111213events.txt,3279
evidence,data/raw/solar_event_reports/2018/02/20180208events.txt,1885
evidence,data/raw/solar_event_reports/2018/02/20180207events.txt,1805
evidence,data/raw/solar_event_reports/2018/02/20180206events.txt,1889
evidence,data/raw/solar_event_reports/2020/05/20200529events.txt,2294
evidence,data/raw/solar_event_reports/2020/05/20200530events.txt,579
evidence,data/raw/solar_event_reports/2020/05/20200528events.txt,825
evidence,data/raw/solar_event_reports/2020/11/20201129events.txt,2865
evidence,data/raw/solar_event_reports/2020/11/20201130events.txt,1972
evidence,data/raw/solar_event_reports/2020/11/20201128events.txt,2706
evidence,data/raw/solar_event_reports/2021/11/20211102events.txt,2944
evidence,data/raw/solar_event_reports/2021/11/20211103events.txt,1970
evidence,data/raw/solar_event_reports/2021/11/20211101events.txt,4161
evidence,data/raw/solar_event_reports/2021/10/20211027events.txt,3685
evidence,data/raw/solar_event_reports/2021/10/20211026events.txt,3685
evidence,data/raw/solar_event_reports/2021/10/20211025events.txt,2865
evidence,data/raw/solar_event_reports/2021/09/20210923events.txt,5637
evidence,data/raw/solar_event_reports/2021/09/20210924events.txt,2951
evidence,data/raw/solar_event_reports/2021/09/20210922events.txt,4743
evidence,data/raw/solar_event_reports/2019/05/20190508events.txt,989
evidence,data/raw/solar_event_reports/2019/05/20190505events.txt,3758
evidence,data/raw/solar_event_reports/2019/05/20190509events.txt,1394
evidence,data/raw/solar_event_reports/2019/05/20190510events.txt,825
evidence,data/raw/solar_event_reports/2019/05/20190507events.txt,4092
evidence,data/raw/solar_event_reports/2019/05/20190506events.txt,8735
evidence,data/raw/solar_event_reports/2026/04/20260423events.txt,6034
evidence,data/raw/solar_event_reports/2026/04/20260402events.txt,2050
evidence,data/raw/solar_event_reports/2026/04/20260404events.txt,2948
evidence,data/raw/solar_event_reports/2026/04/20260425events.txt,5816
evidence,data/raw/solar_event_reports/2026/04/20260403events.txt,3923
evidence,data/raw/solar_event_reports/2026/04/20260424events.txt,5956
evidence,data/raw/solar_event_reports/2026/05/20260506events.txt,3198
evidence,data/raw/solar_event_reports/2026/05/20260507events.txt,2215
evidence,data/raw/solar_event_reports/2026/05/20260508events.txt,3276
evidence,data/raw/solar_event_reports/2026/02/20260217events.txt,2053
evidence,data/raw/solar_event_reports/2026/02/20260203events.txt,5231
evidence,data/raw/solar_event_reports/2026/02/20260211events.txt,3607
evidence,data/raw/solar_event_reports/2026/02/20260205events.txt,7757
evidence,data/raw/solar_event_reports/2026/02/20260216events.txt,2627
evidence,data/raw/solar_event_reports/2026/02/20260204events.txt,5234
evidence,data/raw/solar_event_reports/2026/02/20260210events.txt,3193
evidence,data/raw/solar_event_reports/2026/02/20260215events.txt,1808
evidence,data/raw/solar_event_reports/2026/02/20260212events.txt,1725
evidence,data/raw/solar_event_reports/2026/07/20260730events.txt,1716
evidence,data/raw/solar_event_reports/2026/07/20260705events.txt,6945
evidence,data/raw/solar_event_reports/2026/07/20260729events.txt,1481
evidence,data/raw/solar_event_reports/2026/07/20260703events.txt,8239
evidence,data/raw/solar_event_reports/2026/07/20260722events.txt,5718
evidence,data/raw/solar_event_reports/2026/07/20260725events.txt,2380
evidence,data/raw/solar_event_reports/2026/07/20260731events.txt,1805
evidence,data/raw/solar_event_reports/2026/07/20260704events.txt,7930
evidence,data/raw/solar_event_reports/2026/07/20260728events.txt,2295
evidence,data/raw/solar_event_reports/2026/07/20260702events.txt,5643
evidence,data/raw/solar_event_reports/2026/07/20260723events.txt,4096
evidence,data/raw/solar_event_reports/2026/07/20260726events.txt,3672
evidence,data/raw/solar_event_reports/2026/07/20260720events.txt,3933
evidence,data/raw/solar_event_reports/2026/07/20260706events.txt,1888
evidence,data/raw/solar_event_reports/2026/07/20260727events.txt,2373
evidence,data/raw/solar_event_reports/2026/07/20260721events.txt,4584
evidence,data/raw/solar_event_reports/2026/07/20260719events.txt,1808
evidence,data/raw/solar_event_reports/2026/08/20260822events.txt,907
evidence,data/raw/solar_event_reports/2026/08/20260819events.txt,3196
evidence,data/raw/solar_event_reports/2026/08/20260821events.txt,2703
evidence,data/raw/solar_event_reports/2026/08/20260818events.txt,1886
evidence,data/raw/solar_event_reports/2026/08/20260820events.txt,4660
evidence,data/raw/solar_event_reports/2026/01/20260110events.txt,3685
evidence,data/raw/solar_event_reports/2026/01/20260111events.txt,2701
evidence,data/raw/solar_event_reports/2026/01/20260112events.txt,1723
evidence,data/raw/solar_event_reports/2026/01/20260101events.txt,2542
evidence,data/raw/solar_event_reports/2017/03/20170331events.txt,4013
evidence,data/raw/solar_event_reports/2017/04/20170401events.txt,5063
evidence,data/raw/solar_event_reports/2017/04/20170404events.txt,6038
evidence,data/raw/solar_event_reports/2017/04/20170402events.txt,9791
evidence,data/raw/solar_event_reports/2017/04/20170403events.txt,6622
evidence,data/raw/solar_event_reports/2017/05/20170531events.txt,1889
evidence,data/raw/solar_event_reports/2017/10/20171019events.txt,579
evidence,data/raw/solar_event_reports/2017/10/20171021events.txt,825
evidence,data/raw/solar_event_reports/2017/10/20171020events.txt,1152
evidence,data/raw/solar_event_reports/2017/07/20170715events.txt,5321
evidence,data/raw/solar_event_reports/2017/07/20170713events.txt,4821
evidence,data/raw/solar_event_reports/2017/07/20170714events.txt,3683
evidence,data/raw/solar_event_reports/2017/07/20170712events.txt,2133
evidence,data/raw/solar_event_reports/2017/07/20170703events.txt,2378
evidence,data/raw/solar_event_reports/2017/07/20170708events.txt,7037
evidence,data/raw/solar_event_reports/2017/07/20170702events.txt,579
evidence,data/raw/solar_event_reports/2017/07/20170710events.txt,1643
evidence,data/raw/solar_event_reports/2017/07/20170704events.txt,743
evidence,data/raw/solar_event_reports/2017/07/20170709events.txt,3845
evidence,data/raw/solar_event_reports/2017/09/20170910events.txt,3431
evidence,data/raw/solar_event_reports/2017/09/20170904events.txt,8657
evidence,data/raw/solar_event_reports/2017/09/20170909events.txt,6040
evidence,data/raw/solar_event_reports/2017/09/20170902events.txt,4337
evidence,data/raw/solar_event_reports/2017/09/20170905events.txt,5970
evidence,data/raw/solar_event_reports/2017/09/20170911events.txt,1971
evidence,data/raw/solar_event_reports/2017/09/20170908events.txt,10509
evidence,data/raw/solar_event_reports/2017/09/20170903events.txt,4746
evidence,data/raw/solar_event_reports/2017/09/20170906events.txt,5474
evidence,data/raw/solar_event_reports/2017/09/20170907events.txt,9127
evidence,data/raw/solar_event_reports/2017/09/20170901events.txt,3359
evidence,data/raw/solar_event_reports/2017/08/20170819events.txt,2867
evidence,data/raw/solar_event_reports/2017/08/20170821events.txt,3272
evidence,data/raw/solar_event_reports/2017/08/20170818events.txt,2779
evidence,data/raw/solar_event_reports/2017/08/20170820events.txt,3028
evidence,data/raw/solar_event_reports/2017/06/20170603events.txt,2049
evidence,data/raw/solar_event_reports/2017/06/20170602events.txt,2865
evidence,data/raw/solar_event_reports/2017/06/20170601events.txt,3442
evidence,data/raw/solar_event_reports/2012/03/20120306events.txt,4503
evidence,data/raw/solar_event_reports/2012/03/20120307events.txt,3843
evidence,data/raw/solar_event_reports/2012/03/20120310events.txt,3600
evidence,data/raw/solar_event_reports/2012/03/20120309events.txt,2540
evidence,data/raw/solar_event_reports/2012/03/20120305events.txt,6297
evidence,data/raw/solar_event_reports/2012/03/20120311events.txt,2542
evidence,data/raw/solar_event_reports/2012/03/20120308events.txt,1563
evidence,data/raw/solar_event_reports/2012/04/20120417events.txt,1481
evidence,data/raw/solar_event_reports/2012/04/20120416events.txt,1315
evidence,data/raw/solar_event_reports/2012/04/20120418events.txt,5317
evidence,data/raw/solar_event_reports/2012/04/20120415events.txt,3444
evidence,data/raw/solar_event_reports/2012/04/20120420events.txt,3687
evidence,data/raw/solar_event_reports/2012/04/20120419events.txt,2945
evidence,data/raw/solar_event_reports/2012/02/20120210events.txt,2132
evidence,data/raw/solar_event_reports/2012/02/20120211events.txt,2384
evidence,data/raw/solar_event_reports/2012/02/20120212events.txt,2053
evidence,data/raw/solar_event_reports/2012/11/20121120events.txt,5224
evidence,data/raw/solar_event_reports/2012/11/20121121events.txt,7913
evidence,data/raw/solar_event_reports/2012/11/20121119events.txt,2789
evidence,data/raw/solar_event_reports/2012/10/20121007events.txt,988
evidence,data/raw/solar_event_reports/2012/10/20121001events.txt,1318
evidence,data/raw/solar_event_reports/2012/10/20121008events.txt,2462
evidence,data/raw/solar_event_reports/2012/10/20121011events.txt,2456
evidence,data/raw/solar_event_reports/2012/10/20121009events.txt,2544
evidence,data/raw/solar_event_reports/2012/10/20121010events.txt,4496
evidence,data/raw/solar_event_reports/2012/07/20120704events.txt,11418
evidence,data/raw/solar_event_reports/2012/07/20120702events.txt,16776
evidence,data/raw/solar_event_reports/2012/07/20120705events.txt,10525
evidence,data/raw/solar_event_reports/2012/07/20120703events.txt,12311
evidence,data/raw/solar_event_reports/2012/07/20120706events.txt,9223
evidence,data/raw/solar_event_reports/2012/07/20120719events.txt,4581
evidence,data/raw/solar_event_reports/2012/07/20120707events.txt,5158
evidence,data/raw/solar_event_reports/2012/07/20120720events.txt,2625
evidence,data/raw/solar_event_reports/2012/07/20120701events.txt,11425
evidence,data/raw/solar_event_reports/2012/07/20120718events.txt,1728
evidence,data/raw/solar_event_reports/2012/09/20120901events.txt,3769
evidence,data/raw/solar_event_reports/2012/09/20120930events.txt,3033
evidence,data/raw/solar_event_reports/2012/09/20120929events.txt,3117
evidence,data/raw/solar_event_reports/2012/09/20120908events.txt,1481
evidence,data/raw/solar_event_reports/2012/09/20120910events.txt,2459
evidence,data/raw/solar_event_reports/2012/09/20120909events.txt,1805
evidence,data/raw/solar_event_reports/2012/08/20120830events.txt,3690
evidence,data/raw/solar_event_reports/2012/08/20120831events.txt,3275
evidence,data/raw/solar_event_reports/2012/01/20120124events.txt,1563
evidence,data/raw/solar_event_reports/2012/01/20120122events.txt,2620
evidence,data/raw/solar_event_reports/2012/01/20120123events.txt,3923
evidence,data/raw/solar_event_reports/2012/01/20120121events.txt,1399
evidence,data/raw/solar_event_reports/2012/06/20120614events.txt,3844
evidence,data/raw/solar_event_reports/2012/06/20120612events.txt,4259
evidence,data/raw/solar_event_reports/2012/06/20120613events.txt,5554
evidence,data/raw/solar_event_reports/2015/03/20150314events.txt,3195
evidence,data/raw/solar_event_reports/2015/03/20150312events.txt,7585
evidence,data/raw/solar_event_reports/2015/03/20150306events.txt,2699
evidence,data/raw/solar_event_reports/2015/03/20150315events.txt,4487
evidence,data/raw/solar_event_reports/2015/03/20150307events.txt,2780
evidence,data/raw/solar_event_reports/2015/03/20150313events.txt,2779
evidence,data/raw/solar_event_reports/2015/03/20150316events.txt,3192
evidence,data/raw/solar_event_reports/2015/03/20150302events.txt,4083
evidence,data/raw/solar_event_reports/2015/03/20150310events.txt,10030
evidence,data/raw/solar_event_reports/2015/03/20150304events.txt,1560
evidence,data/raw/solar_event_reports/2015/03/20150303events.txt,1964
evidence,data/raw/solar_event_reports/2015/03/20150305events.txt,1396
evidence,data/raw/solar_event_reports/2015/03/20150311events.txt,6686
evidence,data/raw/solar_event_reports/2015/04/20150422events.txt,4580
evidence,data/raw/solar_event_reports/2015/04/20150420events.txt,2300
evidence,data/raw/solar_event_reports/2015/04/20150421events.txt,5639
evidence,data/raw/solar_event_reports/2015/05/20150508events.txt,4981
evidence,data/raw/solar_event_reports/2015/05/20150509events.txt,5228
evidence,data/raw/solar_event_reports/2015/05/20150510events.txt,3763
evidence,data/raw/solar_event_reports/2015/09/20150918events.txt,3679
evidence,data/raw/solar_event_reports/2015/09/20150927events.txt,7119
evidence,data/raw/solar_event_reports/2015/09/20150929events.txt,8988
evidence,data/raw/solar_event_reports/2015/09/20150930events.txt,6297
evidence,data/raw/solar_event_reports/2015/09/20150917events.txt,5963
evidence,data/raw/solar_event_reports/2015/09/20150928events.txt,7769
evidence,data/raw/solar_event_reports/2015/09/20150916events.txt,3273
evidence,data/raw/solar_event_reports/2015/08/20150822events.txt,4248
evidence,data/raw/solar_event_reports/2015/08/20150830events.txt,1151
evidence,data/raw/solar_event_reports/2015/08/20150829events.txt,2707
evidence,data/raw/solar_event_reports/2015/08/20150823events.txt,4834
evidence,data/raw/solar_event_reports/2015/08/20150831events.txt,824
evidence,data/raw/solar_event_reports/2015/08/20150820events.txt,3602
evidence,data/raw/solar_event_reports/2015/08/20150821events.txt,3680
evidence,data/raw/solar_event_reports/2015/01/20150129events.txt,5807
evidence,data/raw/solar_event_reports/2015/01/20150130events.txt,3031
evidence,data/raw/solar_event_reports/2015/01/20150105events.txt,3276
evidence,data/raw/solar_event_reports/2015/01/20150131events.txt,2705
evidence,data/raw/solar_event_reports/2015/01/20150107events.txt,2135
evidence,data/raw/solar_event_reports/2015/01/20150106events.txt,3193
evidence,data/raw/solar_event_reports/2015/06/20150621events.txt,6290
evidence,data/raw/solar_event_reports/2015/06/20150623events.txt,2460
evidence,data/raw/solar_event_reports/2015/06/20150622events.txt,6055
evidence,data/raw/solar_event_reports/2023/03/20230305events.txt,4253
evidence,data/raw/solar_event_reports/2023/03/20230306events.txt,4250
evidence,data/raw/solar_event_reports/2023/03/20230307events.txt,2133
evidence,data/raw/solar_event_reports/2023/05/20230517events.txt,2865
evidence,data/raw/solar_event_reports/2023/05/20230530events.txt,2868
evidence,data/raw/solar_event_reports/2023/05/20230516events.txt,2462
evidence,data/raw/solar_event_reports/2023/05/20230525events.txt,6453
evidence,data/raw/solar_event_reports/2023/05/20230531events.txt,3524
evidence,data/raw/solar_event_reports/2023/05/20230515events.txt,1971
evidence,data/raw/solar_event_reports/2023/05/20230518events.txt,3196
evidence,data/raw/solar_event_reports/2023/05/20230526events.txt,5155
evidence,data/raw/solar_event_reports/2023/05/20230519events.txt,6953
evidence,data/raw/solar_event_reports/2023/05/20230527events.txt,7194
evidence,data/raw/solar_event_reports/2023/02/20230206events.txt,2538
evidence,data/raw/solar_event_reports/2023/02/20230221events.txt,5964
evidence,data/raw/solar_event_reports/2023/02/20230207events.txt,4579
evidence,data/raw/solar_event_reports/2023/02/20230220events.txt,4499
evidence,data/raw/solar_event_reports/2023/02/20230209events.txt,6864
evidence,data/raw/solar_event_reports/2023/02/20230223events.txt,6857
evidence,data/raw/solar_event_reports/2023/02/20230208events.txt,5152
evidence,data/raw/solar_event_reports/2023/02/20230224events.txt,5886
evidence,data/raw/solar_event_reports/2023/02/20230222events.txt,4011
evidence,data/raw/solar_event_reports/2023/11/20231101events.txt,2295
evidence,data/raw/solar_event_reports/2023/11/20231124events.txt,3521
evidence,data/raw/solar_event_reports/2023/11/20231122events.txt,3113
evidence,data/raw/solar_event_reports/2023/11/20231102events.txt,4406
evidence,data/raw/solar_event_reports/2023/11/20231123events.txt,4002
evidence,data/raw/solar_event_reports/2023/10/20231031events.txt,2372
evidence,data/raw/solar_event_reports/2023/10/20231025events.txt,1398
evidence,data/raw/solar_event_reports/2023/10/20231026events.txt,2293
evidence,data/raw/solar_event_reports/2023/10/20231027events.txt,579
evidence,data/raw/solar_event_reports/2023/07/20230719events.txt,5235
evidence,data/raw/solar_event_reports/2023/07/20230712events.txt,6462
evidence,data/raw/solar_event_reports/2023/07/20230718events.txt,6865
evidence,data/raw/solar_event_reports/2023/07/20230716events.txt,11327
evidence,data/raw/solar_event_reports/2023/07/20230731events.txt,5886
evidence,data/raw/solar_event_reports/2023/07/20230710events.txt,9400
evidence,data/raw/solar_event_reports/2023/07/20230717events.txt,7926
evidence,data/raw/solar_event_reports/2023/07/20230711events.txt,7531
evidence,data/raw/solar_event_reports/2023/09/20230924events.txt,5070
evidence,data/raw/solar_event_reports/2023/09/20230911events.txt,6213
evidence,data/raw/solar_event_reports/2023/09/20230925events.txt,4503
evidence,data/raw/solar_event_reports/2023/09/20230902events.txt,2701
evidence,data/raw/solar_event_reports/2023/09/20230923events.txt,4254
evidence,data/raw/solar_event_reports/2023/09/20230913events.txt,1970
evidence,data/raw/solar_event_reports/2023/09/20230901events.txt,2210
evidence,data/raw/solar_event_reports/2023/09/20230912events.txt,4259
evidence,data/raw/solar_event_reports/2023/08/20230801events.txt,4011
evidence,data/raw/solar_event_reports/2023/08/20230826events.txt,2622
evidence,data/raw/solar_event_reports/2023/08/20230807events.txt,4498
evidence,data/raw/solar_event_reports/2023/08/20230827events.txt,1478
evidence,data/raw/solar_event_reports/2023/08/20230806events.txt,4499
evidence,data/raw/solar_event_reports/2023/08/20230808events.txt,2541
evidence,data/raw/solar_event_reports/2023/08/20230802events.txt,6050
evidence,data/raw/solar_event_reports/2023/08/20230831events.txt,1805
evidence,data/raw/solar_event_reports/2023/08/20230825events.txt,3354
evidence,data/raw/solar_event_reports/2023/06/20230619events.txt,3681
evidence,data/raw/solar_event_reports/2023/06/20230621events.txt,5069
evidence,data/raw/solar_event_reports/2023/06/20230601events.txt,6623
evidence,data/raw/solar_event_reports/2023/06/20230620events.txt,5641
evidence,data/raw/solar_event_reports/2023/12/20231223events.txt,2626
evidence,data/raw/solar_event_reports/2023/12/20231225events.txt,3117
evidence,data/raw/solar_event_reports/2023/12/20231224events.txt,3845
evidence,data/raw/solar_event_reports/2024/03/20240328events.txt,5145
evidence,data/raw/solar_event_reports/2024/03/20240325events.txt,7345
evidence,data/raw/solar_event_reports/2024/03/20240331events.txt,1235
evidence,data/raw/solar_event_reports/2024/03/20240316events.txt,1398
evidence,data/raw/solar_event_reports/2024/03/20240323events.txt,5721
evidence,data/raw/solar_event_reports/2024/03/20240329events.txt,4912
evidence,data/raw/solar_event_reports/2024/03/20240330events.txt,3521
evidence,data/raw/solar_event_reports/2024/03/20240324events.txt,6052
evidence,data/raw/solar_event_reports/2024/03/20240317events.txt,2134
evidence,data/raw/solar_event_reports/2024/03/20240322events.txt,4829
evidence,data/raw/solar_event_reports/2024/03/20240327events.txt,5809
evidence,data/raw/solar_event_reports/2024/03/20240326events.txt,5882
evidence,data/raw/solar_event_reports/2024/03/20240315events.txt,907
evidence,data/raw/solar_event_reports/2024/04/20240418events.txt,4504
evidence,data/raw/solar_event_reports/2024/04/20240421events.txt,5550
evidence,data/raw/solar_event_reports/2024/04/20240419events.txt,5724
evidence,data/raw/solar_event_reports/2024/04/20240412events.txt,3761
evidence,data/raw/solar_event_reports/2024/04/20240417events.txt,4910
evidence,data/raw/solar_event_reports/2024/04/20240422events.txt,6209
evidence,data/raw/solar_event_reports/2024/04/20240430events.txt,3354
evidence,data/raw/solar_event_reports/2024/04/20240424events.txt,4747
evidence,data/raw/solar_event_reports/2024/04/20240411events.txt,4656
evidence,data/raw/solar_event_reports/2024/04/20240423events.txt,6622
evidence,data/raw/solar_event_reports/2024/04/20240425events.txt,4500
evidence,data/raw/solar_event_reports/2024/04/20240410events.txt,2379
evidence,data/raw/solar_event_reports/2024/05/20240508events.txt,9130
evidence,data/raw/solar_event_reports/2024/05/20240511events.txt,7587
evidence,data/raw/solar_event_reports/2024/05/20240524events.txt,3358
evidence,data/raw/solar_event_reports/2024/05/20240522events.txt,4501
evidence,data/raw/solar_event_reports/2024/05/20240509events.txt,10190
evidence,data/raw/solar_event_reports/2024/05/20240510events.txt,8739
evidence,data/raw/solar_event_reports/2024/05/20240525events.txt,1725
evidence,data/raw/solar_event_reports/2024/05/20240523events.txt,5480
evidence,data/raw/solar_event_reports/2024/05/20240516events.txt,2458
evidence,data/raw/solar_event_reports/2024/05/20240502events.txt,5638
evidence,data/raw/solar_event_reports/2024/05/20240507events.txt,8006
evidence,data/raw/solar_event_reports/2024/05/20240513events.txt,5552
evidence,data/raw/solar_event_reports/2024/05/20240501events.txt,3920
evidence,data/raw/solar_event_reports/2024/05/20240515events.txt,5221
evidence,data/raw/solar_event_reports/2024/05/20240512events.txt,7186
evidence,data/raw/solar_event_reports/2024/05/20240514events.txt,6604
evidence,data/raw/solar_event_reports/2024/02/20240221events.txt,4496
evidence,data/raw/solar_event_reports/2024/02/20240212events.txt,3926
evidence,data/raw/solar_event_reports/2024/02/20240220events.txt,1808
evidence,data/raw/solar_event_reports/2024/02/20240207events.txt,3844
evidence,data/raw/solar_event_reports/2024/02/20240213events.txt,2295
evidence,data/raw/solar_event_reports/2024/02/20240210events.txt,4740
evidence,data/raw/solar_event_reports/2024/02/20240209events.txt,4976
evidence,data/raw/solar_event_reports/2024/02/20240222events.txt,4897
evidence,data/raw/solar_event_reports/2024/02/20240211events.txt,2704
evidence,data/raw/solar_event_reports/2024/02/20240208events.txt,5555
evidence,data/raw/solar_event_reports/2024/11/20241118events.txt,9127
evidence,data/raw/solar_event_reports/2024/11/20241101events.txt,5646
evidence,data/raw/solar_event_reports/2024/11/20241126events.txt,5158
evidence,data/raw/solar_event_reports/2024/11/20241119events.txt,2786
evidence,data/raw/solar_event_reports/2024/11/20241106events.txt,7109
evidence,data/raw/solar_event_reports/2024/11/20241117events.txt,4173
evidence,data/raw/solar_event_reports/2024/11/20241103events.txt,6698
evidence,data/raw/solar_event_reports/2024/11/20241105events.txt,4826
evidence,data/raw/solar_event_reports/2024/11/20241124events.txt,3360
evidence,data/raw/solar_event_reports/2024/11/20241123events.txt,3276
evidence,data/raw/solar_event_reports/2024/11/20241104events.txt,5955
evidence,data/raw/solar_event_reports/2024/11/20241125events.txt,6128
evidence,data/raw/solar_event_reports/2024/10/20241030events.txt,3439
evidence,data/raw/solar_event_reports/2024/10/20241011events.txt,4662
evidence,data/raw/solar_event_reports/2024/10/20241005events.txt,5796
evidence,data/raw/solar_event_reports/2024/10/20241003events.txt,8734
evidence,data/raw/solar_event_reports/2024/10/20241031events.txt,7029
evidence,data/raw/solar_event_reports/2024/10/20241025events.txt,4007
evidence,data/raw/solar_event_reports/2024/10/20241004events.txt,6699
evidence,data/raw/solar_event_reports/2024/10/20241010events.txt,6130
evidence,data/raw/solar_event_reports/2024/10/20241009events.txt,7909
evidence,data/raw/solar_event_reports/2024/10/20241002events.txt,7514
evidence,data/raw/solar_event_reports/2024/10/20241026events.txt,4499
evidence,data/raw/solar_event_reports/2024/10/20241001events.txt,5069
evidence,data/raw/solar_event_reports/2024/10/20241006events.txt,5237
evidence,data/raw/solar_event_reports/2024/10/20241027events.txt,4247
evidence,data/raw/solar_event_reports/2024/07/20240706events.txt,3603
evidence,data/raw/solar_event_reports/2024/07/20240721events.txt,7275
evidence,data/raw/solar_event_reports/2024/07/20240707events.txt,4747
evidence,data/raw/solar_event_reports/2024/07/20240709events.txt,3113
evidence,data/raw/solar_event_reports/2024/07/20240731events.txt,10948
evidence,data/raw/solar_event_reports/2024/07/20240723events.txt,3929
evidence,data/raw/solar_event_reports/2024/07/20240708events.txt,4659
evidence,data/raw/solar_event_reports/2024/07/20240724events.txt,5385
evidence,data/raw/solar_event_reports/2024/07/20240722events.txt,6376
evidence,data/raw/solar_event_reports/2024/09/20240903events.txt,2462
evidence,data/raw/solar_event_reports/2024/09/20240929events.txt,2212
evidence,data/raw/solar_event_reports/2024/09/20240911events.txt,3928
evidence,data/raw/solar_event_reports/2024/09/20240930events.txt,4825
evidence,data/raw/solar_event_reports/2024/09/20240902events.txt,2622
evidence,data/raw/solar_event_reports/2024/09/20240909events.txt,3517
evidence,data/raw/solar_event_reports/2024/09/20240928events.txt,2297
evidence,data/raw/solar_event_reports/2024/09/20240904events.txt,3517
evidence,data/raw/solar_event_reports/2024/09/20240910events.txt,2950
evidence,data/raw/solar_event_reports/2024/09/20240901events.txt,2627
evidence,data/raw/solar_event_reports/2024/09/20240912events.txt,6048
evidence,data/raw/solar_event_reports/2024/08/20240801events.txt,10285
evidence,data/raw/solar_event_reports/2024/08/20240818events.txt,3359
evidence,data/raw/solar_event_reports/2024/08/20240806events.txt,5148
evidence,data/raw/solar_event_reports/2024/08/20240819events.txt,4005
evidence,data/raw/solar_event_reports/2024/08/20240830events.txt,3521
evidence,data/raw/solar_event_reports/2024/08/20240805events.txt,7419
evidence,data/raw/solar_event_reports/2024/08/20240817events.txt,3605
evidence,data/raw/solar_event_reports/2024/08/20240803events.txt,5150
evidence,data/raw/solar_event_reports/2024/08/20240831events.txt,2949
evidence,data/raw/solar_event_reports/2024/08/20240804events.txt,4411
evidence,data/raw/solar_event_reports/2024/08/20240802events.txt,8974
evidence,data/raw/solar_event_reports/2024/01/20240121events.txt,4260
evidence,data/raw/solar_event_reports/2024/01/20240124events.txt,4093
evidence,data/raw/solar_event_reports/2024/01/20240111events.txt,4330
evidence,data/raw/solar_event_reports/2024/01/20240122events.txt,4825
evidence,data/raw/solar_event_reports/2024/01/20240109events.txt,2463
evidence,data/raw/solar_event_reports/2024/01/20240110events.txt,4576
evidence,data/raw/solar_event_reports/2024/01/20240123events.txt,5233
evidence,data/raw/solar_event_reports/2024/06/20240623events.txt,4746
evidence,data/raw/solar_event_reports/2024/06/20240622events.txt,4746
evidence,data/raw/solar_event_reports/2024/06/20240621events.txt,4912
evidence,data/raw/solar_event_reports/2024/12/20241212events.txt,3275
evidence,data/raw/solar_event_reports/2024/12/20241214events.txt,2786
evidence,data/raw/solar_event_reports/2024/12/20241213events.txt,4248
evidence,data/raw/solar_event_reports/2024/12/20241215events.txt,4092
evidence,data/raw/solar_event_reports/2024/12/20241210events.txt,6704
evidence,data/raw/solar_event_reports/2024/12/20241204events.txt,2950
evidence,data/raw/solar_event_reports/2024/12/20241209events.txt,3923
evidence,data/raw/solar_event_reports/2024/12/20241216events.txt,1642
evidence,data/raw/solar_event_reports/2024/12/20241223events.txt,3593
evidence,data/raw/solar_event_reports/2024/12/20241224events.txt,5217
evidence,data/raw/solar_event_reports/2024/12/20241205events.txt,3438
evidence,data/raw/solar_event_reports/2024/12/20241211events.txt,5881
evidence,data/raw/solar_event_reports/2024/12/20241203events.txt,2461
evidence,data/raw/solar_event_reports/2024/12/20241222events.txt,4899
evidence,data/raw/solar_event_reports/2025/03/20250327events.txt,1889
evidence,data/raw/solar_event_reports/2025/03/20250329events.txt,2463
evidence,data/raw/solar_event_reports/2025/03/20250328events.txt,2700
evidence,data/raw/solar_event_reports/2025/04/20250416events.txt,2625
evidence,data/raw/solar_event_reports/2025/04/20250417events.txt,2297
evidence,data/raw/solar_event_reports/2025/04/20250414events.txt,2216
evidence,data/raw/solar_event_reports/2025/04/20250419events.txt,1233
evidence,data/raw/solar_event_reports/2025/04/20250415events.txt,1561
evidence,data/raw/solar_event_reports/2025/04/20250418events.txt,2460
evidence,data/raw/solar_event_reports/2025/05/20250519events.txt,1805
evidence,data/raw/solar_event_reports/2025/05/20250514events.txt,4241
evidence,data/raw/solar_event_reports/2025/05/20250518events.txt,2132
evidence,data/raw/solar_event_reports/2025/05/20250520events.txt,2621
evidence,data/raw/solar_event_reports/2025/05/20250515events.txt,3440
evidence,data/raw/solar_event_reports/2025/05/20250513events.txt,3430
evidence,data/raw/solar_event_reports/2025/02/20250224events.txt,5230
evidence,data/raw/solar_event_reports/2025/02/20250208events.txt,4338
evidence,data/raw/solar_event_reports/2025/02/20250203events.txt,6129
evidence,data/raw/solar_event_reports/2025/02/20250225events.txt,3354
evidence,data/raw/solar_event_reports/2025/02/20250204events.txt,4254
evidence,data/raw/solar_event_reports/2025/02/20250202events.txt,5645
evidence,data/raw/solar_event_reports/2025/02/20250223events.txt,4819
evidence,data/raw/solar_event_reports/2025/02/20250213events.txt,5559
evidence,data/raw/solar_event_reports/2025/02/20250207events.txt,4743
evidence,data/raw/solar_event_reports/2025/02/20250215events.txt,1970
evidence,data/raw/solar_event_reports/2025/02/20250206events.txt,4821
evidence,data/raw/solar_event_reports/2025/02/20250214events.txt,5796
evidence,data/raw/solar_event_reports/2025/11/20251128events.txt,7594
evidence,data/raw/solar_event_reports/2025/11/20251102events.txt,2050
evidence,data/raw/solar_event_reports/2025/11/20251129events.txt,5479
evidence,data/raw/solar_event_reports/2025/11/20251130events.txt,5329
evidence,data/raw/solar_event_reports/2025/11/20251103events.txt,5226
evidence,data/raw/solar_event_reports/2025/11/20251114events.txt,4090
evidence,data/raw/solar_event_reports/2025/11/20251113events.txt,4909
evidence,data/raw/solar_event_reports/2025/11/20251101events.txt,2132
evidence,data/raw/solar_event_reports/2025/11/20251115events.txt,2380
evidence,data/raw/solar_event_reports/2025/08/20250823events.txt,2950
evidence,data/raw/solar_event_reports/2025/08/20250810events.txt,4089
evidence,data/raw/solar_event_reports/2025/08/20250825events.txt,3282
evidence,data/raw/solar_event_reports/2025/08/20250822events.txt,1560
evidence,data/raw/solar_event_reports/2025/08/20250811events.txt,4095
evidence,data/raw/solar_event_reports/2025/08/20250824events.txt,2543
evidence,data/raw/solar_event_reports/2025/08/20250821events.txt,1315
evidence,data/raw/solar_event_reports/2025/08/20250819events.txt,1725
evidence,data/raw/solar_event_reports/2025/08/20250812events.txt,5075
evidence,data/raw/solar_event_reports/2025/08/20250820events.txt,1723
evidence,data/raw/solar_event_reports/2025/08/20250818events.txt,1153
evidence,data/raw/solar_event_reports/2025/08/20250813events.txt,3761
evidence,data/raw/solar_event_reports/2025/06/20250615events.txt,8324
evidence,data/raw/solar_event_reports/2025/06/20250618events.txt,6297
evidence,data/raw/solar_event_reports/2025/06/20250617events.txt,4092
evidence,data/raw/solar_event_reports/2025/06/20250616events.txt,4660
evidence,data/raw/solar_event_reports/2025/12/20251208events.txt,8161
evidence,data/raw/solar_event_reports/2025/12/20251210events.txt,7592
evidence,data/raw/solar_event_reports/2025/12/20251209events.txt,6938
evidence,data/raw/solar_event_reports/2025/12/20251220events.txt,1969
evidence,data/raw/solar_event_reports/2025/12/20251218events.txt,1316
evidence,data/raw/solar_event_reports/2025/12/20251219events.txt,1153
evidence,data/raw/solar_event_reports/2022/03/20220327events.txt,2135
evidence,data/raw/solar_event_reports/2022/03/20220330events.txt,4653
evidence,data/raw/solar_event_reports/2022/03/20220329events.txt,6456
evidence,data/raw/solar_event_reports/2022/03/20220328events.txt,5634
evidence,data/raw/solar_event_reports/2022/04/20220416events.txt,2135
evidence,data/raw/solar_event_reports/2022/04/20220414events.txt,1151
evidence,data/raw/solar_event_reports/2022/04/20220415events.txt,1805
evidence,data/raw/solar_event_reports/2022/05/20220512events.txt,3684
evidence,data/raw/solar_event_reports/2022/05/20220514events.txt,3759
evidence,data/raw/solar_event_reports/2022/05/20220513events.txt,3682
evidence,data/raw/solar_event_reports/2022/05/20220515events.txt,1070
evidence,data/raw/solar_event_reports/2022/05/20220504events.txt,5885
evidence,data/raw/solar_event_reports/2022/05/20220510events.txt,5478
evidence,data/raw/solar_event_reports/2022/05/20220502events.txt,2623
evidence,data/raw/solar_event_reports/2022/05/20220511events.txt,7764
evidence,data/raw/solar_event_reports/2022/05/20220505events.txt,6623
evidence,data/raw/solar_event_reports/2022/05/20220503events.txt,4257
evidence,data/raw/solar_event_reports/2022/02/20220211events.txt,2216
evidence,data/raw/solar_event_reports/2022/02/20220213events.txt,2461
evidence,data/raw/solar_event_reports/2022/02/20220212events.txt,2703
evidence,data/raw/solar_event_reports/2022/10/20221014events.txt,823
evidence,data/raw/solar_event_reports/2022/10/20221013events.txt,2698
evidence,data/raw/solar_event_reports/2022/10/20221015events.txt,1071
evidence,data/raw/solar_event_reports/2022/10/20221004events.txt,3430
evidence,data/raw/solar_event_reports/2022/10/20221002events.txt,6038
evidence,data/raw/solar_event_reports/2022/10/20221003events.txt,5310
evidence,data/raw/solar_event_reports/2022/09/20220918events.txt,4903
evidence,data/raw/solar_event_reports/2022/09/20220916events.txt,4172
evidence,data/raw/solar_event_reports/2022/09/20220917events.txt,2134
evidence,data/raw/solar_event_reports/2022/08/20220828events.txt,4900
evidence,data/raw/solar_event_reports/2022/08/20220831events.txt,2048
evidence,data/raw/solar_event_reports/2022/08/20220816events.txt,4983
evidence,data/raw/solar_event_reports/2022/08/20220829events.txt,5227
evidence,data/raw/solar_event_reports/2022/08/20220830events.txt,2536
evidence,data/raw/solar_event_reports/2022/08/20220827events.txt,9639
evidence,data/raw/solar_event_reports/2022/08/20220814events.txt,2863
evidence,data/raw/solar_event_reports/2022/08/20220815events.txt,7419
evidence,data/raw/solar_event_reports/2022/01/20220114events.txt,1966
evidence,data/raw/solar_event_reports/2022/01/20220113events.txt,2945
evidence,data/raw/solar_event_reports/2022/01/20220115events.txt,2866
evidence,data/raw/solar_event_reports/2022/12/20221229events.txt,2296
evidence,data/raw/solar_event_reports/2022/12/20221230events.txt,4989
evidence,data/raw/solar_event_reports/2022/12/20221217events.txt,4587
evidence,data/raw/solar_event_reports/2022/12/20221228events.txt,2626
evidence,data/raw/solar_event_reports/2022/12/20221216events.txt,5883
evidence,data/raw/solar_event_reports/2022/12/20221213events.txt,4667
evidence,data/raw/solar_event_reports/2022/12/20221215events.txt,5652
evidence,data/raw/solar_event_reports/2022/12/20221214events.txt,6377
evidence,data/raw/solar_event_reports/2014/03/20140311events.txt,2461
evidence,data/raw/solar_event_reports/2014/03/20140305events.txt,4666
evidence,data/raw/solar_event_reports/2014/03/20140303events.txt,5882
evidence,data/raw/solar_event_reports/2014/03/20140304events.txt,2539
evidence,data/raw/solar_event_reports/2014/03/20140310events.txt,4016
evidence,data/raw/solar_event_reports/2014/03/20140316events.txt,2542
evidence,data/raw/solar_event_reports/2014/03/20140315events.txt,2625
evidence,data/raw/solar_event_reports/2014/03/20140320events.txt,6462
evidence,data/raw/solar_event_reports/2014/03/20140312events.txt,3934
evidence,data/raw/solar_event_reports/2014/03/20140319events.txt,6048
evidence,data/raw/solar_event_reports/2014/03/20140314events.txt,2460
evidence,data/raw/solar_event_reports/2014/03/20140321events.txt,3772
evidence,data/raw/solar_event_reports/2014/05/20140514events.txt,2951
evidence,data/raw/solar_event_reports/2014/05/20140513events.txt,1645
evidence,data/raw/solar_event_reports/2014/05/20140515events.txt,1234
evidence,data/raw/solar_event_reports/2014/02/20140201events.txt,3442
evidence,data/raw/solar_event_reports/2014/02/20140213events.txt,5565
evidence,data/raw/solar_event_reports/2014/02/20140221events.txt,1645
evidence,data/raw/solar_event_reports/2014/02/20140214events.txt,7999
evidence,data/raw/solar_event_reports/2014/02/20140212events.txt,6775
evidence,data/raw/solar_event_reports/2014/02/20140203events.txt,6303
evidence,data/raw/solar_event_reports/2014/02/20140222events.txt,1889
evidence,data/raw/solar_event_reports/2014/02/20140224events.txt,3270
evidence,data/raw/solar_event_reports/2014/02/20140211events.txt,5542
evidence,data/raw/solar_event_reports/2014/02/20140205events.txt,4264
evidence,data/raw/solar_event_reports/2014/02/20140208events.txt,3196
evidence,data/raw/solar_event_reports/2014/02/20140202events.txt,9713
evidence,data/raw/solar_event_reports/2014/02/20140223events.txt,2627
evidence,data/raw/solar_event_reports/2014/02/20140204events.txt,4667
evidence,data/raw/solar_event_reports/2014/02/20140210events.txt,4421
evidence,data/raw/solar_event_reports/2014/02/20140209events.txt,2299
evidence,data/raw/solar_event_reports/2014/11/20141106events.txt,3920
evidence,data/raw/solar_event_reports/2014/11/20141101events.txt,4737
evidence,data/raw/solar_event_reports/2014/11/20141107events.txt,6037
evidence,data/raw/solar_event_reports/2014/11/20141102events.txt,5316
evidence,data/raw/solar_event_reports/2014/11/20141103events.txt,6365
evidence,data/raw/solar_event_reports/2014/11/20141108events.txt,4009
evidence,data/raw/solar_event_reports/2014/10/20141004events.txt,4258
evidence,data/raw/solar_event_reports/2014/10/20141025events.txt,3517
evidence,data/raw/solar_event_reports/2014/10/20141031events.txt,2453
evidence,data/raw/solar_event_reports/2014/10/20141028events.txt,4661
evidence,data/raw/solar_event_reports/2014/10/20141023events.txt,3762
evidence,data/raw/solar_event_reports/2014/10/20141016events.txt,6131
evidence,data/raw/solar_event_reports/2014/10/20141002events.txt,2459
evidence,data/raw/solar_event_reports/2014/10/20141030events.txt,4653
evidence,data/raw/solar_event_reports/2014/10/20141024events.txt,4814
evidence,data/raw/solar_event_reports/2014/10/20141029events.txt,4169
evidence,data/raw/solar_event_reports/2014/10/20141022events.txt,5391
evidence,data/raw/solar_event_reports/2014/10/20141003events.txt,2624
evidence,data/raw/solar_event_reports/2014/10/20141017events.txt,5890
evidence,data/raw/solar_event_reports/2014/10/20141027events.txt,4163
evidence,data/raw/solar_event_reports/2014/10/20141014events.txt,3758
evidence,data/raw/solar_event_reports/2014/10/20141021events.txt,9300
evidence,data/raw/solar_event_reports/2014/10/20141019events.txt,5723
evidence,data/raw/solar_event_reports/2014/10/20141026events.txt,4894
evidence,data/raw/solar_event_reports/2014/10/20141013events.txt,1645
evidence,data/raw/solar_event_reports/2014/10/20141001events.txt,2134
evidence,data/raw/solar_event_reports/2014/10/20141015events.txt,1725
evidence,data/raw/solar_event_reports/2014/10/20141020events.txt,6605
evidence,data/raw/solar_event_reports/2014/10/20141018events.txt,6775
evidence,data/raw/solar_event_reports/2014/09/20140916events.txt,2382
evidence,data/raw/solar_event_reports/2014/09/20140902events.txt,2463
evidence,data/raw/solar_event_reports/2014/09/20140923events.txt,2614
evidence,data/raw/solar_event_reports/2014/09/20140928events.txt,4496
evidence,data/raw/solar_event_reports/2014/09/20140909events.txt,4581
evidence,data/raw/solar_event_reports/2014/09/20140925events.txt,4833
evidence,data/raw/solar_event_reports/2014/09/20140910events.txt,4573
evidence,data/raw/solar_event_reports/2014/09/20140904events.txt,2786
evidence,data/raw/solar_event_reports/2014/09/20140903events.txt,2946
evidence,data/raw/solar_event_reports/2014/09/20140917events.txt,1968
evidence,data/raw/solar_event_reports/2014/09/20140922events.txt,1071
evidence,data/raw/solar_event_reports/2014/09/20140929events.txt,4505
evidence,data/raw/solar_event_reports/2014/09/20140908events.txt,4502
evidence,data/raw/solar_event_reports/2014/09/20140924events.txt,3189
evidence,data/raw/solar_event_reports/2014/09/20140905events.txt,2786
evidence,data/raw/solar_event_reports/2014/09/20140911events.txt,3113
evidence,data/raw/solar_event_reports/2014/09/20140919events.txt,2052
evidence,data/raw/solar_event_reports/2014/09/20140914events.txt,1887
evidence,data/raw/solar_event_reports/2014/09/20140912events.txt,3522
evidence,data/raw/solar_event_reports/2014/09/20140906events.txt,2865
evidence,data/raw/solar_event_reports/2014/09/20140927events.txt,2706
evidence,data/raw/solar_event_reports/2014/09/20140918events.txt,4737
evidence,data/raw/solar_event_reports/2014/09/20140901events.txt,3273
evidence,data/raw/solar_event_reports/2014/09/20140915events.txt,3354
evidence,data/raw/solar_event_reports/2014/09/20140907events.txt,2537
evidence,data/raw/solar_event_reports/2014/09/20140913events.txt,2868
evidence,data/raw/solar_event_reports/2014/09/20140926events.txt,4830
evidence,data/raw/solar_event_reports/2014/08/20140821events.txt,5319
evidence,data/raw/solar_event_reports/2014/08/20140826events.txt,4337
evidence,data/raw/solar_event_reports/2014/08/20140820events.txt,3767
evidence,data/raw/solar_event_reports/2014/08/20140825events.txt,4981
evidence,data/raw/solar_event_reports/2014/08/20140831events.txt,3440
evidence,data/raw/solar_event_reports/2014/08/20140823events.txt,3847
evidence,data/raw/solar_event_reports/2014/08/20140830events.txt,4175
evidence,data/raw/solar_event_reports/2014/08/20140824events.txt,5477
evidence,data/raw/solar_event_reports/2014/08/20140822events.txt,5153
evidence,data/raw/solar_event_reports/2014/01/20140127events.txt,3198
evidence,data/raw/solar_event_reports/2014/01/20140126events.txt,2211
evidence,data/raw/solar_event_reports/2014/01/20140101events.txt,3277
evidence,data/raw/solar_event_reports/2014/01/20140128events.txt,5547
evidence,data/raw/solar_event_reports/2014/01/20140102events.txt,2701
evidence,data/raw/solar_event_reports/2014/01/20140129events.txt,3762
evidence,data/raw/solar_event_reports/2014/01/20140103events.txt,5152
evidence,data/raw/solar_event_reports/2014/06/20140615events.txt,2460
evidence,data/raw/solar_event_reports/2014/06/20140613events.txt,7355
evidence,data/raw/solar_event_reports/2014/06/20140614events.txt,3032
evidence,data/raw/solar_event_reports/2014/06/20140612events.txt,11657
evidence,data/raw/solar_event_reports/2014/12/20141213events.txt,4333
evidence,data/raw/solar_event_reports/2014/12/20141220events.txt,4657
evidence,data/raw/solar_event_reports/2014/12/20141212events.txt,1887
evidence,data/raw/solar_event_reports/2014/12/20141214events.txt,7432
evidence,data/raw/solar_event_reports/2014/12/20141221events.txt,4584
evidence,data/raw/solar_event_reports/2014/12/20141222events.txt,2786
evidence,data/raw/solar_event_reports/2013/05/20130511events.txt,3032
evidence,data/raw/solar_event_reports/2013/05/20130521events.txt,3361
evidence,data/raw/solar_event_reports/2013/05/20130519events.txt,3032
evidence,data/raw/solar_event_reports/2013/05/20130512events.txt,4255
evidence,data/raw/solar_event_reports/2013/05/20130520events.txt,5073
evidence,data/raw/solar_event_reports/2013/05/20130518events.txt,2949
evidence,data/raw/solar_event_reports/2013/05/20130513events.txt,7271
evidence,data/raw/solar_event_reports/2013/02/20130206events.txt,3028
evidence,data/raw/solar_event_reports/2013/02/20130205events.txt,6136
evidence,data/raw/solar_event_reports/2013/02/20130203events.txt,3113
evidence,data/raw/solar_event_reports/2013/02/20130204events.txt,3193
evidence,data/raw/solar_event_reports/2013/02/20130202events.txt,1478
evidence,data/raw/solar_event_reports/2013/11/20131106events.txt,7171
evidence,data/raw/solar_event_reports/2013/11/20131107events.txt,8154
evidence,data/raw/solar_event_reports/2013/11/20131104events.txt,5074
evidence,data/raw/solar_event_reports/2013/11/20131105events.txt,7747
evidence,data/raw/solar_event_reports/2013/10/20131016events.txt,3109
evidence,data/raw/solar_event_reports/2013/10/20131028events.txt,9954
evidence,data/raw/solar_event_reports/2013/10/20131025events.txt,9058
evidence,data/raw/solar_event_reports/2013/10/20131010events.txt,2705
evidence,data/raw/solar_event_reports/2013/10/20131029events.txt,5072
evidence,data/raw/solar_event_reports/2013/10/20131024events.txt,5881
evidence,data/raw/solar_event_reports/2013/10/20131011events.txt,4253
evidence,data/raw/solar_event_reports/2013/10/20131014events.txt,2051
evidence,data/raw/solar_event_reports/2013/10/20131012events.txt,2789
evidence,data/raw/solar_event_reports/2013/10/20131027events.txt,9231
evidence,data/raw/solar_event_reports/2013/10/20131015events.txt,4248
evidence,data/raw/solar_event_reports/2013/10/20131026events.txt,10278
evidence,data/raw/solar_event_reports/2013/08/20130831events.txt,1722
evidence,data/raw/solar_event_reports/2013/08/20130829events.txt,1398
evidence,data/raw/solar_event_reports/2013/08/20130830events.txt,1641
evidence,data/raw/solar_event_reports/2013/06/20130618events.txt,3771
evidence,data/raw/solar_event_reports/2013/06/20130620events.txt,2868
evidence,data/raw/solar_event_reports/2013/06/20130619events.txt,3924
evidence,data/raw/solar_event_reports/2013/12/20131230events.txt,4674
evidence,data/raw/solar_event_reports/2013/12/20131231events.txt,4335
fits_cache,H2460_20130210T155925Z.fits,184320
fits_cache,H580_20110508T135926Z.fits,567360
fits_cache,H2912_20130628T205925Z.fits,152640
fits_cache,H7484_20201203T235923Z.fits,109440
fits_cache,H8134_20220409T135923Z.fits,293760
fits_cache,H4711_20141019T125925Z.fits,172800
fits_cache,H8123_20220410T045923Z.fits,227520
fits_cache,H6171_20151213T075924Z.fits,63360
fits_cache,H2673_20130422T095925Z.fits,354240
fits_cache,H2502_20130305T025925Z.fits,452160
fits_cache,H57_20100622T135926Z.fits,302400
fits_cache,H7555_20210316T045923Z.fits,144000
fits_cache,H833_20110905T015926Z.fits,550080
fits_cache,H3028_20130807T045925Z.fits,630720
fits_cache,H5345_20150318T125925Z.fits,48960
fits_cache,H4133_20140520T125925Z.fits,164160
fits_cache,H3741_20140210T135925Z.fits,106560
fits_cache,H7322_20181112T165923Z.fits,48960
fits_cache,H746_20110801T135926Z.fits,354240
fits_cache,H6136_20151129T045924Z.fits,267840
fits_cache,H8082_20220319T065923Z.fits,92160
fits_cache,H7581_20210511T035923Z.fits,224640
fits_cache,H4874_20141204T135925Z.fits,472320
fits_cache,H5326_20150315T235925Z.fits,74880
fits_cache,H5298_20150315T125925Z.fits,659520
fits_cache,H8013_20220217T005923Z.fits,135360
fits_cache,H695_20110707T205926Z.fits,138240
fits_cache,H3252_20131005T035925Z.fits,276480
fits_cache,H8023_20220222T115923Z.fits,66240
fits_cache,H8204_20220505T015923Z.fits,126720
fits_cache,H1651_20120512T075926Z.fits,37440
fits_cache,H4295_20140702T075925Z.fits,155520
fits_cache,H6227_20160106T035924Z.fits,60480
fits_cache,H8212_20220505T155923Z.fits,28800
fits_cache,H7922_20220115T205923Z.fits,371520
fits_cache,H444_20110330T135926Z.fits,630720
fits_cache,H4920_20141219T205925Z.fits,2977920
fits_cache,H7305_20180915T155923Z.fits,43200
fits_cache,H2239_20121126T005925Z.fits,149760
fits_cache,H2047_20120928T075925Z.fits,164160
fits_cache,H7618_20210618T085923Z.fits,426240
fits_cache,H7015_20170524T065923Z.fits,132480
fits_cache,H407_20110311T145926Z.fits,365760
fits_cache,H5544_20150515T215925Z.fits,83520
fits_cache,H220_20101023T085926Z.fits,152640
fits_cache,H2651_20130411T125925Z.fits,362880
fits_cache,H4111_20140513T095925Z.fits,1307520
fits_cache,H1527_20120405T045926Z.fits,564480
fits_cache,H7058_20170628T225923Z.fits,241920
fits_cache,H7575_20210424T125923Z.fits,60480
fits_cache,H6010_20151018T215924Z.fits,164160
fits_cache,H7976_20220206T125923Z.fits,616320
fits_cache,H4225_20140615T225925Z.fits,5808960
fits_cache,H8149_20220418T075923Z.fits,86400
fits_cache,H1572_20120420T145926Z.fits,57600
fits_cache,H3068_20130816T155925Z.fits,512640
fits_cache,H2166_20121101T215925Z.fits,406080
fits_cache,H854_20110917T035926Z.fits,129600
fits_cache,H1952_20120822T035925Z.fits,72000
fits_cache,H3386_20131116T125925Z.fits,74880
fits_cache,H5758_20150711T195924Z.fits,717120
fits_cache,H5692_20150619T215925Z.fits,480960
fits_cache,H4092_20140508T155925Z.fits,120960
fits_cache,H5144_20150209T025925Z.fits,489600
fits_cache,H2581_20130321T135925Z.fits,118080
fits_cache,H431_20110316T205926Z.fits,66240
fits_cache,H5916_20150831T125924Z.fits,181440
fits_cache,H7493_20201209T075923Z.fits,449280
fits_cache,H8020_20220217T025923Z.fits,69120
fits_cache,H2028_20120915T095925Z.fits,239040
fits_cache,H7667_20210720T025923Z.fits,144000
fits_cache,H799_20110816T135926Z.fits,74880
fits_cache,H3250_20131004T035925Z.fits,80640
fits_cache,H1046_20111110T195926Z.fits,555840
fits_cache,H7466_20201104T225923Z.fits,129600
fits_cache,H7015_20170521T035923Z.fits,132480
fits_cache,H5612_20150522T075925Z.fits,48960
fits_cache,H7399_20191226T045923Z.fits,86400
fits_cache,H1931_20120814T145925Z.fits,388800
fits_cache,H2262_20121213T135925Z.fits,305280
fits_cache,H4073_20140505T165925Z.fits,262080
fits_cache,H7350_20190317T215923Z.fits,244800
fits_cache,H5118_20150125T185925Z.fits,77760
fits_cache,H1611_20120502T045926Z.fits,630720
fits_cache,H1079_20111119T135926Z.fits,164160
fits_cache,H3942_20140406T165925Z.fits,472320
fits_cache,H1990_20120902T075925Z.fits,696960
fits_cache,H603_20110514T185926Z.fits,20160
fits_cache,H6178_20151216T215924Z.fits,748800
fits_cache,H7598_20210524T115923Z.fits,184320
fits_cache,H8003_20220219T035923Z.fits,120960
fits_cache,H1066_20111120T135926Z.fits,653760
fits_cache,H6154_20151210T065924Z.fits,144000
fits_cache,H5342_20150323T105925Z.fits,460800
fits_cache,H245_20101113T185926Z.fits,639360
fits_cache,H3879_20140324T235925Z.fits,518400
fits_cache,H7913_20211231T145923Z.fits,43200
fits_cache,H2291_20121213T165925Z.fits,331200
fits_cache,H2181_20121110T005925Z.fits,671040
fits_cache,H1488_20120327T035926Z.fits,216000
fits_cache,H5005_20150101T185925Z.fits,126720
fits_cache,H997_20111030T125926Z.fits,550080
fits_cache,H3443_20131202T095925Z.fits,86400
fits_cache,H909_20111002T105926Z.fits,388800
fits_cache,H2733_20130513T215925Z.fits,354240
fits_cache,H6399_20160306T195924Z.fits,241920
fits_cache,H1997_20120830T075925Z.fits,74880
fits_cache,H7967_20220126T185923Z.fits,106560
fits_cache,H7821_20211109T015923Z.fits,288000
fits_cache,H1832_20120709T025925Z.fits,190080
fits_cache,H5944_20150909T035924Z.fits,351360
fits_cache,H3779_20140223T095925Z.fits,411840
fits_cache,H2471_20130212T205925Z.fits,77760
fits_cache,H1569_20120416T035926Z.fits,83520
fits_cache,H5582_20150519T205925Z.fits,112320
fits_cache,H610_20110522T025926Z.fits,126720
fits_cache,H7164_20171015T215923Z.fits,31680
fits_cache,H7147_20171002T195923Z.fits,498240
fits_cache,H2191_20121114T095925Z.fits,1149120
fits_cache,H3250_20131005T115925Z.fits,80640
fits_cache,H3877_20140319T045925Z.fits,158400
fits_cache,H7573_20210423T185923Z.fits,437760
fits_cache,H2262_20121212T015925Z.fits,305280
fits_cache,H7300_20180824T045923Z.fits,100800
fits_cache,H3260_20131011T085925Z.fits,95040
fits_cache,H2037_20120921T035925Z.fits,325440
fits_cache,H335_20110108T135926Z.fits,95040
fits_cache,H1093_20111128T075926Z.fits,1710720
fits_cache,H5856_20150815T045924Z.fits,120960
fits_cache,H7274_20180617T235923Z.fits,60480
fits_cache,H7122_20170911T035923Z.fits,192960
fits_cache,H2059_20121001T155925Z.fits,930240
fits_cache,H7261_20180523T165923Z.fits,83520
fits_cache,H2716_20130509T195925Z.fits,728640
fits_cache,H4882_20141207T235925Z.fits,224640
fits_cache,H2026_20120918T045925Z.fits,216000
fits_cache,H8182_20220505T145923Z.fits,380160
fits_cache,H6972_20170327T035923Z.fits,308160
fits_cache,H3806_20140226T095925Z.fits,72000
fits_cache,H256_20101121T015926Z.fits,155520
fits_cache,H7570_20210419T105923Z.fits,253440
fits_cache,H3341_20131106T155925Z.fits,607680
fits_cache,H4272_20140630T205925Z.fits,403200
fits_cache,H7468_20201110T025923Z.fits,383040
fits_cache,H2945_20130713T045925Z.fits,259200
fits_cache,H7513_20201228T075923Z.fits,198720
fits_cache,H2471_20130216T235925Z.fits,74880
fits_cache,H5345_20150319T005925Z.fits,51840
fits_cache,H8050_20220311T165923Z.fits,273600
fits_cache,H4954_20141223T015925Z.fits,213120
fits_cache,H3473_20131211T105925Z.fits,1356480
fits_cache,H686_20110630T235926Z.fits,112320
fits_cache,H4901_20141206T115925Z.fits,40320
fits_cache,H909_20111005T105926Z.fits,388800
fits_cache,H40_20100529T115926Z.fits,51840
fits_cache,H1613_20120501T015926Z.fits,161280
fits_cache,H750_20110803T165926Z.fits,463680
fits_cache,H3082_20130820T155925Z.fits,351360
fits_cache,H26_20100525T105926Z.fits,120960
fits_cache,H7698_20210811T125923Z.fits,17280
fits_cache,H1715_20120531T095926Z.fits,126720
fits_cache,H7555_20210314T155923Z.fits,144000
fits_cache,H7075_20170713T145923Z.fits,351360
fits_cache,H4954_20141220T025925Z.fits,213120
fits_cache,H610_20110525T025926Z.fits,123840
fits_cache,H2193_20121119T115925Z.fits,740160
fits_cache,H7502_20201216T005923Z.fits,339840
fits_cache,H2533_20130311T215925Z.fits,149760
fits_cache,H5450_20150416T075925Z.fits,92160
fits_cache,H3341_20131110T235925Z.fits,604800
fits_cache,H4011_20140420T035925Z.fits,158400
fits_cache,H728_20110719T005926Z.fits,74880
fits_cache,H4111_20140516T185925Z.fits,1272960
fits_cache,H677_20110618T215926Z.fits,25920
fits_cache,H4921_20141214T045925Z.fits,141120
fits_cache,H4908_20141211T165925Z.fits,207360
fits_cache,H705_20110713T115926Z.fits,169920
fits_cache,H7561_20210328T205923Z.fits,126720
fits_cache,H1092_20111125T165926Z.fits,244800
fits_cache,H2143_20121027T015925Z.fits,192960
fits_cache,H6015_20151022T025924Z.fits,509760
fits_cache,H759_20110808T185926Z.fits,169920
fits_cache,H2314_20121223T235925Z.fits,403200
fits_cache,H7269_20180615T225923Z.fits,244800
fits_cache,H1119_20111129T235926Z.fits,362880
fits_cache,H7466_20201106T125923Z.fits,132480
fits_cache,H3875_20140324T035925Z.fits,86400
fits_cache,H7484_20201205T105923Z.fits,106560
fits_cache,H1303_20120114T085926Z.fits,144000
fits_cache,H2166_20121103T115925Z.fits,414720
fits_cache,H347_20110117T125926Z.fits,66240
fits_cache,H3115_20130821T145925Z.fits,118080
fits_cache,H3535_20131227T185925Z.fits,835200
fits_cache,H1168_20111216T115926Z.fits,230400
fits_cache,H7976_20220207T215923Z.fits,604800
fits_cache,H7835_20211123T225923Z.fits,112320
fits_cache,H1907_20120810T165925Z.fits,1932480
fits_cache,H1256_20111231T195926Z.fits,1183680
fits_cache,H7699_20210818T005923Z.fits,40320
fits_cache,H5635_20150605T185925Z.fits,144000
fits_cache,H1471_20120317T125926Z.fits,175680
fits_cache,H7324_20181126T005923Z.fits,51840
fits_cache,H2822_20130603T015925Z.fits,138240
fits_cache,H5298_20150313T215925Z.fits,656640
fits_cache,H2106_20121006T185925Z.fits,123840
fits_cache,H2371_20130115T185925Z.fits,60480
fits_cache,H4123_20140518T085925Z.fits,299520
fits_cache,H1634_20120511T005926Z.fits,158400
fits_cache,H6063_20151104T125924Z.fits,527040
fits_cache,H2748_20130519T225925Z.fits,319680
fits_cache,H6424_20160316T145924Z.fits,123840
fits_cache,H7510_20201226T135923Z.fits,564480
fits_cache,H3620_20140115T165925Z.fits,296640
fits_cache,H7891_20211228T025923Z.fits,368640
fits_cache,H7350_20190316T125923Z.fits,241920
fits_cache,H7405_20200125T025923Z.fits,83520
fits_cache,H2245_20121204T065925Z.fits,383040
fits_cache,H755_20110730T105926Z.fits,63360
fits_cache,H5970_20150924T005924Z.fits,449280
fits_cache,H7304_20180908T205923Z.fits,54720
fits_cache,H3901_20140329T205925Z.fits,959040
fits_cache,H8116_20220402T185923Z.fits,43200
fits_cache,H4321_20140707T195925Z.fits,348480
fits_cache,H5738_20150705T185924Z.fits,532800
fits_cache,H3212_20130921T045925Z.fits,83520
fits_cache,H5970_20150922T065924Z.fits,455040
fits_cache,H1092_20111122T165926Z.fits,253440
fits_cache,H367_20110212T035926Z.fits,118080
fits_cache,H6976_20170328T215923Z.fits,92160
fits_cache,H7674_20210726T135923Z.fits,149760
fits_cache,H7192_20171124T145923Z.fits,129600
fits_cache,H7618_20210616T205923Z.fits,414720
fits_cache,H5526_20150504T235925Z.fits,414720
fits_cache,H1038_20111112T235926Z.fits,135360
fits_cache,H7691_20210811T045923Z.fits,60480
fits_cache,H576_20110508T015926Z.fits,288000
fits_cache,H5230_20150223T195925Z.fits,515520
fits_cache,H51_20100610T035926Z.fits,80640
fits_cache,H2737_20130514T185925Z.fits,984960
fits_cache,H7884_20211226T235923Z.fits,362880
fits_cache,H1471_20120313T115926Z.fits,167040
fits_cache,H6002_20151012T065924Z.fits,83520
fits_cache,H4978_20141228T195925Z.fits,541440
fits_cache,H3441_20131127T115925Z.fits,72000
fits_cache,H5658_20150613T065925Z.fits,351360
fits_cache,H1484_20120319T005926Z.fits,167040
fits_cache,H7381_20190806T005923Z.fits,20160
fits_cache,H4025_20140422T155925Z.fits,169920
fits_cache,H1367_20120206T165926Z.fits,184320
fits_cache,H1611_20120430T155926Z.fits,639360
fits_cache,H7913_20220102T215923Z.fits,43200
fits_cache,H1164_20111210T165926Z.fits,51840
fits_cache,H3793_20140301T045925Z.fits,1028160
fits_cache,H4381_20140724T145925Z.fits,63360
fits_cache,H7667_20210724T205923Z.fits,141120
fits_cache,H367_20110213T115926Z.fits,118080
fits_cache,H7426_20200704T105923Z.fits,20160
fits_cache,H2716_20130511T075925Z.fits,711360
fits_cache,H6189_20151216T035924Z.fits,100800
fits_cache,H1221_20111225T035926Z.fits,1134720
fits_cache,H7562_20210326T015923Z.fits,126720
fits_cache,H2007_20120906T125925Z.fits,89280
fits_cache,H5103_20150123T105925Z.fits,230400
fits_cache,H392_20110301T205926Z.fits,175680
fits_cache,H1677_20120524T205926Z.fits,336960
fits_cache,H6428_20160313T045924Z.fits,31680
fits_cache,H6404_20160302T135924Z.fits,51840
fits_cache,H1026_20111108T145926Z.fits,1707840
fits_cache,H7298_20180817T035923Z.fits,51840
fits_cache,H1744_20120612T065926Z.fits,984960
fits_cache,H256_20101119T115926Z.fits,161280
fits_cache,H297_20101216T035926Z.fits,213120
fits_cache,H7554_20210315T085923Z.fits,48960
fits_cache,H429_20110319T095926Z.fits,126720
fits_cache,H2685_20130501T095925Z.fits,334080
fits_cache,H1879_20120730T025925Z.fits,1874880
fits_cache,H1834_20120711T025925Z.fits,1874880
fits_cache,H12_20100509T015926Z.fits,144000
fits_cache,H116_20100810T185926Z.fits,126720
fits_cache,H3079_20130814T155925Z.fits,46080
fits_cache,H421_20110318T165926Z.fits,377280
fits_cache,H7325_20181205T035923Z.fits,89280
fits_cache,H1750_20120614T125926Z.fits,469440
fits_cache,H6986_20170423T195923Z.fits,610560
fits_cache,H685_20110704T085926Z.fits,247680
fits_cache,H1339_20120125T115926Z.fits,259200
fits_cache,H3497_20131219T155925Z.fits,849600
fits_cache,H7380_20190721T185923Z.fits,31680
fits_cache,H7045_20170617T035923Z.fits,256320
fits_cache,H147_20100830T155926Z.fits,207360
fits_cache,H622_20110529T035926Z.fits,270720
fits_cache,H5673_20150617T005925Z.fits,627840
fits_cache,H3330_20131103T065925Z.fits,172800
fits_cache,H8072_20220315T065923Z.fits,66240
fits_cache,H1019_20111105T095926Z.fits,662400
fits_cache,H3097_20130817T225925Z.fits,100800
fits_cache,H1866_20120722T145925Z.fits,256320
fits_cache,H14_20100506T045926Z.fits,25920
fits_cache,H223_20101025T075926Z.fits,86400
fits_cache,H2758_20130528T045925Z.fits,812160
fits_cache,H2683_20130421T125925Z.fits,66240
fits_cache,H6983_20170414T115923Z.fits,236160
fits_cache,H7081_20170712T065923Z.fits,126720
fits_cache,H7171_20171028T085923Z.fits,368640
fits_cache,H145_20100901T205926Z.fits,100800
fits_cache,H2331_20130101T185925Z.fits,213120
fits_cache,H3446_20131201T095925Z.fits,77760
fits_cache,H932_20111013T085926Z.fits,311040
fits_cache,H948_20111017T195926Z.fits,544320
fits_cache,H6351_20160214T185924Z.fits,112320
fits_cache,H26_20100523T235926Z.fits,120960
fits_cache,H590_20110510T135926Z.fits,34560
fits_cache,H5890_20150824T045924Z.fits,95040
fits_cache,H6424_20160315T035924Z.fits,123840
fits_cache,H1447_20120307T025926Z.fits,236160
fits_cache,H1877_20120731T035925Z.fits,374400
fits_cache,H7299_20180824T105923Z.fits,106560
fits_cache,H817_20110827T185926Z.fits,120960
fits_cache,H1492_20120327T235926Z.fits,662400
fits_cache,H2177_20121111T145925Z.fits,97920
fits_cache,H5749_20150706T005924Z.fits,31680
fits_cache,H7691_20210808T115923Z.fits,63360
fits_cache,H2026_20120916T005925Z.fits,218880
fits_cache,H8155_20220421T225923Z.fits,1846080
fits_cache,H7612_20210611T075923Z.fits,69120
fits_cache,H982_20111024T045926Z.fits,190080
fits_cache,H5758_20150716T145924Z.fits,717120
fits_cache,H361_20110202T155926Z.fits,74880
fits_cache,H4900_20141211T165925Z.fits,495360
fits_cache,H1578_20120421T005926Z.fits,250560
fits_cache,H2635_20130410T065925Z.fits,806400
fits_cache,H843_20110909T195926Z.fits,322560
fits_cache,H3853_20140318T235925Z.fits,83520
fits_cache,H2779_20130601T015925Z.fits,221760
fits_cache,H2605_20130408T075925Z.fits,705600
fits_cache,H4978_20150101T005925Z.fits,521280
fits_cache,H7543_20210128T015923Z.fits,40320
fits_cache,H6246_20160114T125924Z.fits,394560
fits_cache,H6273_20160118T165924Z.fits,146880
fits_cache,H2710_20130503T005925Z.fits,37440
fits_cache,H2158_20121102T025925Z.fits,135360
fits_cache,H4328_20140707T165925Z.fits,224640
fits_cache,H2059_20120928T075925Z.fits,918720
fits_cache,H3907_20140329T065925Z.fits,141120
fits_cache,H1300_20120114T185926Z.fits,345600
fits_cache,H5461_20150419T015925Z.fits,184320
fits_cache,H1312_20120115T125926Z.fits,120960
fits_cache,H4963_20141226T075925Z.fits,152640
fits_cache,H7870_20211214T015923Z.fits,43200
fits_cache,H5749_20150707T065924Z.fits,31680
fits_cache,H875_20110917T005926Z.fits,97920
fits_cache,H6407_20160304T115924Z.fits,20160
fits_cache,H2716_20130508T065925Z.fits,734400
fits_cache,H415_20110315T165926Z.fits,357120
fits_cache,H1669_20120523T015926Z.fits,190080
fits_cache,H4623_20140930T105925Z.fits,524160
fits_cache,H7788_20211023T015923Z.fits,264960
fits_cache,H3286_20131018T215925Z.fits,161280
fits_cache,H4294_20140707T215925Z.fits,1080000
fits_cache,H1873_20120725T045925Z.fits,374400
fits_cache,H1046_20111112T115926Z.fits,567360
fits_cache,H5337_20150319T125925Z.fits,118080
fits_cache,H6060_20151101T075924Z.fits,83520
fits_cache,H5808_20150731T165924Z.fits,126720
fits_cache,H5211_20150214T115925Z.fits,46080
fits_cache,H1520_20120329T225926Z.fits,74880
fits_cache,H1558_20120418T035926Z.fits,426240
fits_cache,H3560_20140103T145925Z.fits,184320
fits_cache,H361_20110205T155926Z.fits,77760
fits_cache,H7487_20201201T035923Z.fits,135360
fits_cache,H321_20101231T095926Z.fits,83520
fits_cache,H6178_20151220T005924Z.fits,760320
fits_cache,H4075_20140501T065925Z.fits,230400
fits_cache,H1019_20111107T205926Z.fits,645120
fits_cache,H7022_20170524T115923Z.fits,178560
fits_cache,H3437_20131201T065925Z.fits,423360
fits_cache,H3535_20131231T165925Z.fits,852480
fits_cache,H3490_20131210T145925Z.fits,129600
fits_cache,H7745_20210922T235923Z.fits,466560
fits_cache,H1903_20120807T065925Z.fits,362880
fits_cache,H5543_20150510T195925Z.fits,141120
fits_cache,H1075_20111116T105926Z.fits,72000
fits_cache,H494_20110412T015926Z.fits,92160
fits_cache,H2360_20130112T045925Z.fits,705600
fits_cache,H4190_20140607T195925Z.fits,889920
fits_cache,H4022_20140416T205925Z.fits,51840
fits_cache,H415_20110312T165926Z.fits,362880
fits_cache,H713_20110718T045926Z.fits,371520
fits_cache,H4228_20140615T005925Z.fits,207360
fits_cache,H5249_20150227T185925Z.fits,1215360
fits_cache,H394_20110301T125926Z.fits,408960
fits_cache,H218_20101019T025926Z.fits,204480
fits_cache,H1942_20120824T165925Z.fits,120960
fits_cache,H5051_20150111T105925Z.fits,192960
fits_cache,H2028_20120916T135925Z.fits,241920
fits_cache,H1492_20120324T185926Z.fits,642240
fits_cache,H7386_20191103T015923Z.fits,34560
fits_cache,H1705_20120601T045926Z.fits,213120
fits_cache,H6069_20151103T215924Z.fits,74880
fits_cache,H270_20101201T085926Z.fits,80640
fits_cache,H5387_20150328T205925Z.fits,207360
fits_cache,H3490_20131210T005925Z.fits,123840
fits_cache,H5111_20150125T225925Z.fits,244800
fits_cache,H3845_20140309T155925Z.fits,273600
fits_cache,H3022_20130805T075925Z.fits,95040
fits_cache,H1488_20120328T155926Z.fits,218880
fits_cache,H3097_20130819T075925Z.fits,103680
fits_cache,H7737_20210910T075923Z.fits,466560
fits_cache,H7872_20211216T165923Z.fits,115200
fits_cache,H7814_20211108T165923Z.fits,178560
fits_cache,H7413_20200429T105923Z.fits,92160
fits_cache,H2322_20130102T015925Z.fits,406080
fits_cache,H5675_20150611T205925Z.fits,48960
fits_cache,H7798_20211028T075923Z.fits,440640
fits_cache,H932_20111008T185926Z.fits,299520
fits_cache,H1390_20120216T035926Z.fits,97920
fits_cache,H924_20111004T145926Z.fits,106560
fits_cache,H2619_20130408T185925Z.fits,218880
fits_cache,H7978_20220203T095923Z.fits,348480
fits_cache,H361_20110207T045926Z.fits,74880
fits_cache,H693_20110705T225926Z.fits,95040
fits_cache,H1638_20120509T065926Z.fits,619200
fits_cache,H7638_20210702T145923Z.fits,302400
fits_cache,H1930_20120814T235925Z.fits,316800
fits_cache,H1596_20120421T205926Z.fits,172800
fits_cache,H415_20110311T015926Z.fits,354240
fits_cache,H6155_20151207T155924Z.fits,463680
fits_cache,H89_20100716T225926Z.fits,40320
fits_cache,H5894_20150825T225924Z.fits,630720
fits_cache,H2112_20121016T165925Z.fits,164160
fits_cache,H4872_20141204T145925Z.fits,368640
fits_cache,H7532_20210113T105923Z.fits,54720
fits_cache,H6411_20160304T115924Z.fits,48960
fits_cache,H875_20110917T145926Z.fits,97920
fits_cache,H2249_20121128T095925Z.fits,17280
fits_cache,H5321_20150311T095925Z.fits,34560
fits_cache,H7951_20220125T225923Z.fits,224640
fits_cache,H7918_20220110T095923Z.fits,221760
fits_cache,H7660_20210717T155923Z.fits,236160
fits_cache,H17_20100507T125926Z.fits,25920
fits_cache,H4295_20140703T185925Z.fits,152640
fits_cache,H3116_20130823T155925Z.fits,34560
fits_cache,H2193_20121117T015925Z.fits,754560
fits_cache,H1557_20120416T235926Z.fits,135360
fits_cache,H7432_20200801T135923Z.fits,311040
fits_cache,H4179_20140530T035925Z.fits,80640
fits_cache,H1644_20120515T225926Z.fits,570240
fits_cache,H6136_20151126T065924Z.fits,262080
fits_cache,H7013_20170522T075923Z.fits,190080
fits_cache,H7698_20210810T195923Z.fits,17280
fits_cache,H1303_20120111T215926Z.fits,138240
fits_cache,H850_20110913T015926Z.fits,224640
fits_cache,H538_20110502T135926Z.fits,120960
fits_cache,H4851_20141126T235925Z.fits,915840
fits_cache,H2964_20130717T045925Z.fits,172800
fits_cache,H1312_20120114T005926Z.fits,118080
fits_cache,H4839_20141119T185925Z.fits,69120
fits_cache,H4166_20140530T205925Z.fits,120960
fits_cache,H7573_20210427T165923Z.fits,457920
fits_cache,H6223_20160107T045924Z.fits,115200
fits_cache,H2504_20130303T035925Z.fits,86400
fits_cache,H7596_20210527T185923Z.fits,95040
fits_cache,H2249_20121127T125925Z.fits,20160
fits_cache,H7870_20211215T135923Z.fits,46080
fits_cache,H3368_20131118T225925Z.fits,388800
fits_cache,H1464_20120317T025926Z.fits,233280
fits_cache,H5939_20150906T165924Z.fits,57600
fits_cache,H4679_20141017T015925Z.fits,120960
fits_cache,H2610_20130404T165925Z.fits,34560
fits_cache,H7917_20220111T075923Z.fits,478080
fits_cache,H7358_20190512T035923Z.fits,264960
fits_cache,H7222_20180103T025923Z.fits,40320
fits_cache,H3926_20140331T165925Z.fits,368640
fits_cache,H3700_20140130T185925Z.fits,69120
fits_cache,H651_20110607T185926Z.fits,60480
fits_cache,H6140_20151130T025924Z.fits,627840
fits_cache,H6345_20160213T135924Z.fits,63360
fits_cache,H285_20101204T235926Z.fits,80640
fits_cache,H7419_20200606T045923Z.fits,178560
fits_cache,H5848_20150807T105924Z.fits,339840
fits_cache,H6470_20160402T125924Z.fits,51840
fits_cache,H241_20101106T195926Z.fits,316800
fits_cache,H7936_20220119T125923Z.fits,158400
fits_cache,H7549_20210222T015923Z.fits,187200
fits_cache,H1744_20120614T195926Z.fits,1008000
fits_cache,H2489_20130223T145925Z.fits,175680
fits_cache,H7699_20210815T135923Z.fits,43200
fits_cache,H932_20111011T145926Z.fits,308160
fits_cache,H393_20110305T145926Z.fits,789120
fits_cache,H1680_20120519T105926Z.fits,178560
fits_cache,H7326_20181211T015923Z.fits,28800
fits_cache,H115_20100808T025926Z.fits,486720
fits_cache,H8181_20220504T165923Z.fits,86400
fits_cache,H5983_20150929T025924Z.fits,472320
fits_cache,H4152_20140522T065925Z.fits,69120
fits_cache,H5099_20150122T065925Z.fits,77760
fits_cache,H3432_20131128T225925Z.fits,227520
fits_cache,H7770_20211009T045923Z.fits,256320
fits_cache,H2809_20130601T185925Z.fits,195840
fits_cache,H3415_20131130T195925Z.fits,849600
fits_cache,H3217_20130930T095925Z.fits,408960
fits_cache,H1705_20120529T045926Z.fits,210240
fits_cache,H5974_20150926T105924Z.fits,360000
fits_cache,H6986_20170422T065923Z.fits,596160
fits_cache,H107_20100730T075926Z.fits,109440
fits_cache,H2718_20130511T195925Z.fits,97920
fits_cache,H5492_20150427T065925Z.fits,224640
fits_cache,H3287_20131014T225925Z.fits,43200
fits_cache,H6206_20151225T115924Z.fits,455040
fits_cache,H902_20110929T035926Z.fits,276480
fits_cache,H4767_20141108T045925Z.fits,97920
fits_cache,H3631_20140121T025925Z.fits,1526400
fits_cache,H5472_20150418T105925Z.fits,129600
fits_cache,H7148_20170929T125923Z.fits,578880
fits_cache,H7590_20210521T215923Z.fits,380160
fits_cache,H2999_20130728T165925Z.fits,172800
fits_cache,H1999_20120907T195925Z.fits,659520
fits_cache,H3309_20131027T045925Z.fits,100800
fits_cache,H285_20101203T235926Z.fits,74880
fits_cache,H1480_20120318T135926Z.fits,34560
fits_cache,H355_20110203T145926Z.fits,224640
fits_cache,H1653_20120519T215926Z.fits,377280
fits_cache,H847_20110910T195926Z.fits,555840
fits_cache,H3560_20140107T225925Z.fits,184320
fits_cache,H2571_20130321T125925Z.fits,155520
fits_cache,H5745_20150710T025924Z.fits,351360
fits_cache,H3192_20130925T155925Z.fits,60480
fits_cache,H7081_20170714T195923Z.fits,132480
fits_cache,H6396_20160228T045924Z.fits,43200
fits_cache,H625_20110530T075926Z.fits,103680
fits_cache,H1574_20120419T115926Z.fits,1123200
fits_cache,H3996_20140415T085925Z.fits,270720
fits_cache,H5976_20150927T105924Z.fits,233280
fits_cache,H7562_20210329T035923Z.fits,126720
fits_cache,H7352_20190404T215923Z.fits,106560
fits_cache,H10_20100503T005926Z.fits,57600
fits_cache,H1594_20120420T015926Z.fits,31680
fits_cache,H3022_20130803T205925Z.fits,95040
fits_cache,H7590_20210522T225923Z.fits,385920
fits_cache,H3344_20131107T095925Z.fits,126720
fits_cache,H1221_20111228T045926Z.fits,1117440
fits_cache,H7857_20211201T115923Z.fits,144000
fits_cache,H5534_20150510T115925Z.fits,95040
fits_cache,H2693_20130501T045925Z.fits,838080
fits_cache,H1461_20120314T165926Z.fits,241920
fits_cache,H3326_20131028T165925Z.fits,86400
fits_cache,H3108_20130819T195925Z.fits,23040
fits_cache,H7229_20180117T005923Z.fits,74880
fits_cache,H7751_20210922T045923Z.fits,57600
fits_cache,H2450_20130212T025925Z.fits,282240
fits_cache,H2259_20121205T125925Z.fits,31680
fits_cache,H1621_20120506T155926Z.fits,550080
fits_cache,H1461_20120314T025926Z.fits,239040
fits_cache,H3843_20140313T105925Z.fits,593280
fits_cache,H4868_20141128T165925Z.fits,210240
fits_cache,H2245_20121202T195925Z.fits,383040
fits_cache,H3785_20140223T095925Z.fits,172800
fits_cache,H6345_20160215T015924Z.fits,60480
fits_cache,H1578_20120417T195926Z.fits,233280
fits_cache,H8051_20220311T005923Z.fits,639360
fits_cache,H429_20110317T195926Z.fits,126720
fits_cache,H3601_20140117T045925Z.fits,550080
fits_cache,H7169_20171025T085923Z.fits,305280
fits_cache,H438_20110328T185926Z.fits,187200
fits_cache,H5745_20150711T105924Z.fits,351360
fits_cache,H5422_20150407T025925Z.fits,175680
fits_cache,H2543_20130313T115925Z.fits,241920
fits_cache,H7003_20170510T035923Z.fits,66240
fits_cache,H7706_20210820T035923Z.fits,48960
fits_cache,H2560_20130313T195925Z.fits,210240
fits_cache,H4284_20140628T145925Z.fits,149760
fits_cache,H3240_20131005T235925Z.fits,69120
fits_cache,H751_20110803T005926Z.fits,54720
fits_cache,H2910_20130701T125925Z.fits,48960
fits_cache,H4328_20140712T025925Z.fits,230400
fits_cache,H2227_20121126T215925Z.fits,308160
fits_cache,H3195_20130918T115925Z.fits,69120
fits_cache,H4955_20141220T145925Z.fits,731520
fits_cache,H8032_20220228T075923Z.fits,1296000
fits_cache,H5883_20150817T165924Z.fits,25920
fits_cache,H1644_20120517T125926Z.fits,564480
fits_cache,H3853_20140317T195925Z.fits,83520
fits_cache,H7833_20211118T035923Z.fits,77760
fits_cache,H3522_20131219T185925Z.fits,23040
fits_cache,H5736_20150702T065924Z.fits,37440
fits_cache,H712_20110713T135926Z.fits,132480
fits_cache,H3580_20140106T035925Z.fits,224640
fits_cache,H2696_20130503T235925Z.fits,1414080
fits_cache,H421_20110317T005926Z.fits,374400
fits_cache,H3765_20140217T075925Z.fits,74880
fits_cache,H1461_20120315T045926Z.fits,241920
fits_cache,H3481_20131212T145925Z.fits,408960
fits_cache,H2259_20121206T115925Z.fits,31680
fits_cache,H3648_20140119T095925Z.fits,213120
fits_cache,H1319_20120116T015926Z.fits,37440
fits_cache,H5246_20150301T135925Z.fits,601920
fits_cache,H976_20111024T045926Z.fits,1189440
fits_cache,H7400_20191224T095923Z.fits,28800
fits_cache,H5939_20150905T015924Z.fits,57600
fits_cache,H5545_20150516T205925Z.fits,780480
fits_cache,H407_20110309T135926Z.fits,357120
fits_cache,H1064_20111112T165926Z.fits,63360
fits_cache,H3843_20140316T155925Z.fits,601920
fits_cache,H8172_20220429T085923Z.fits,541440
fits_cache,H7045_20170618T155923Z.fits,262080
fits_cache,H2245_20121205T195925Z.fits,377280
fits_cache,H2952_20130714T065925Z.fits,276480
fits_cache,H5111_20150124T115925Z.fits,239040
fits_cache,H1478_20120321T045926Z.fits,118080
fits_cache,H1582_20120425T045926Z.fits,397440
fits_cache,H67_20100627T105926Z.fits,97920
fits_cache,H6974_20170325T205923Z.fits,54720
fits_cache,H2489_20130222T065925Z.fits,178560
fits_cache,H218_20101020T145926Z.fits,201600
fits_cache,H7436_20200808T235923Z.fits,164160
fits_cache,H7936_20220118T005923Z.fits,158400
fits_cache,H8049_20220305T205923Z.fits,43200
fits_cache,H2619_20130410T065925Z.fits,213120
fits_cache,H2358_20130112T165925Z.fits,149760
fits_cache,H5635_20150607T045925Z.fits,141120
fits_cache,H7901_20211226T105923Z.fits,164160
fits_cache,H2739_20130516T035925Z.fits,708480
fits_cache,H1028_20111106T035926Z.fits,933120
fits_cache,H5880_20150820T005924Z.fits,167040
fits_cache,H7551_20210228T185923Z.fits,146880
fits_cache,H5987_20150930T235924Z.fits,43200
fits_cache,H7419_20200604T155923Z.fits,178560
fits_cache,H7821_20211110T145923Z.fits,290880
fits_cache,H6351_20160217T165924Z.fits,115200
fits_cache,H3188_20130922T145925Z.fits,74880
fits_cache,H7665_20210713T155923Z.fits,66240
fits_cache,H3688_20140204T005925Z.fits,734400
fits_cache,H3631_20140124T135925Z.fits,1486080
fits_cache,H89_20100715T145926Z.fits,40320
fits_cache,H7131_20170916T195923Z.fits,164160
fits_cache,H3481_20131215T145925Z.fits,400320
fits_cache,H1271_20120105T045926Z.fits,184320
fits_cache,H712_20110716T165926Z.fits,126720
fits_cache,H3515_20131220T215925Z.fits,224640
fits_cache,H6154_20151208T155924Z.fits,146880
fits_cache,H7937_20220123T085923Z.fits,339840
fits_cache,H6359_20160218T145924Z.fits,213120
fits_cache,H7566_20210404T125923Z.fits,46080
fits_cache,H2999_20130727T065925Z.fits,169920
fits_cache,H2520_20130308T095925Z.fits,1022400
fits_cache,H5550_20150519T185925Z.fits,184320
fits_cache,H7959_20220129T095923Z.fits,190080
fits_cache,H252_20101116T005926Z.fits,394560
fits_cache,H3309_20131026T095925Z.fits,100800
fits_cache,H5461_20150422T195925Z.fits,184320
fits_cache,H2007_20120905T035925Z.fits,89280
fits_cache,H2380_20130115T095925Z.fits,141120
fits_cache,H7762_20210929T155923Z.fits,25920
fits_cache,H1962_20120828T045925Z.fits,175680
fits_cache,H342_20110113T215926Z.fits,77760
fits_cache,H8082_20220323T155923Z.fits,100800
fits_cache,H913_20111005T225926Z.fits,256320
fits_cache,H6258_20160114T215924Z.fits,717120
fits_cache,H6054_20151027T085924Z.fits,74880
fits_cache,H7299_20180823T025923Z.fits,106560
fits_cache,H2809_20130604T165925Z.fits,190080
fits_cache,H327_20110103T205926Z.fits,141120
fits_cache,H2964_20130721T165925Z.fits,169920
fits_cache,H5447_20150415T195925Z.fits,1584000
fits_cache,H7122_20170908T095923Z.fits,198720
fits_cache,H748_20110728T185926Z.fits,69120
fits_cache,H2460_20130207T165925Z.fits,172800
fits_cache,H4639_20141009T005925Z.fits,1607040
fits_cache,H384_20110218T005926Z.fits,495360
fits_cache,H8026_20220220T115923Z.fits,115200
fits_cache,H7435_20200806T095923Z.fits,100800
fits_cache,H748_20110727T035926Z.fits,69120
fits_cache,H1350_20120130T065926Z.fits,1192320
fits_cache,H3765_20140217T185925Z.fits,74880
fits_cache,H2557_20130316T195925Z.fits,213120
fits_cache,H5789_20150719T065924Z.fits,187200
fits_cache,H6994_20170427T045923Z.fits,276480
fits_cache,H8082_20220320T165923Z.fits,100800
fits_cache,H700_20110710T035926Z.fits,63360
fits_cache,H279_20101207T135926Z.fits,403200
fits_cache,H6026_20151023T005924Z.fits,1108800
fits_cache,H514_20110428T035926Z.fits,1549440
fits_cache,H5627_20150601T115925Z.fits,103680
fits_cache,H4328_20140710T185925Z.fits,230400
fits_cache,H145_20100831T075926Z.fits,103680
fits_cache,H438_20110325T195926Z.fits,184320
fits_cache,H8093_20220330T025923Z.fits,198720
fits_cache,H14_20100505T155926Z.fits,25920
fits_cache,H3103_20130823T035925Z.fits,247680
fits_cache,H4896_20141204T155925Z.fits,37440
fits_cache,H1090_20111123T105926Z.fits,120960
fits_cache,H7323_20181116T085923Z.fits,63360
fits_cache,H6010_20151017T095924Z.fits,167040
fits_cache,H7324_20181127T005923Z.fits,48960
fits_cache,H3740_20140216T085925Z.fits,555840
fits_cache,H241_20101105T115926Z.fits,322560
fits_cache,H7251_20180427T135923Z.fits,207360
fits_cache,H4383_20140728T185925Z.fits,385920
fits_cache,H5518_20150429T135925Z.fits,72000
fits_cache,H7211_20171226T145923Z.fits,161280
fits_cache,H7863_20211211T185923Z.fits,118080
fits_cache,H7189_20171119T095923Z.fits,250560
fits_cache,H7440_20200817T045923Z.fits,60480
fits_cache,H318_20101228T075926Z.fits,86400
fits_cache,H3012_20130730T105925Z.fits,227520
fits_cache,H6164_20151213T085924Z.fits,112320
fits_cache,H2852_20130620T075925Z.fits,1514880
fits_cache,H7228_20180109T085923Z.fits,34560
fits_cache,H4189_20140603T195925Z.fits,129600
fits_cache,H7749_20210920T195923Z.fits,48960
fits_cache,H2176_20121109T035925Z.fits,63360
fits_cache,H1210_20111221T165926Z.fits,345600
fits_cache,H4231_20140611T005925Z.fits,169920
fits_cache,H1951_20120825T185925Z.fits,509760
fits_cache,H2137_20121026T145925Z.fits,357120
fits_cache,H7348_20190310T015923Z.fits,77760
fits_cache,H7253_20180422T105923Z.fits,23040
fits_cache,H248_20101107T235926Z.fits,69120
fits_cache,H900_20110926T155926Z.fits,97920
fits_cache,H900_20110924T105926Z.fits,92160
fits_cache,H8032_20220302T035923Z.fits,1258560
fits_cache,H7936_20220115T015923Z.fits,149760
fits_cache,H1658_20120517T065926Z.fits,532800
fits_cache,H1569_20120414T215926Z.fits,83520
fits_cache,H5005_20141229T185925Z.fits,126720
fits_cache,H7825_20211113T105923Z.fits,195840
fits_cache,H392_20110304T235926Z.fits,169920
fits_cache,H1028_20111106T085926Z.fits,941760
fits_cache,H2663_20130416T195925Z.fits,264960
fits_cache,H1727_20120603T195926Z.fits,164160
fits_cache,H7798_20211027T225923Z.fits,440640
fits_cache,H5991_20150929T115924Z.fits,224640
fits_cache,H2007_20120903T115925Z.fits,89280
fits_cache,H7351_20190322T135923Z.fits,69120
fits_cache,H4390_20140731T035925Z.fits,840960
fits_cache,H211_20101016T105926Z.fits,622080
fits_cache,H7164_20171015T125923Z.fits,31680
fits_cache,H3420_20131201T165925Z.fits,161280
fits_cache,H2749_20130515T065925Z.fits,106560
fits_cache,H7778_20211009T025923Z.fits,34560
fits_cache,H2822_20130603T135925Z.fits,141120
fits_cache,H1951_20120827T095925Z.fits,509760
fits_cache,H6317_20160205T115924Z.fits,264960
fits_cache,H4290_20140626T105925Z.fits,31680
fits_cache,H7400_20191225T045923Z.fits,28800
fits_cache,H1275_20120106T145926Z.fits,478080
fits_cache,H8086_20220328T015923Z.fits,218880
fits_cache,H2966_20130719T215925Z.fits,607680
fits_cache,H4690_20141019T075925Z.fits,74880
fits_cache,H6206_20151228T105924Z.fits,472320
fits_cache,H1321_20120123T025926Z.fits,1676160
fits_cache,H3474_20131212T105925Z.fits,175680
fits_cache,H2_20100501T005926Z.fits,129600
fits_cache,H318_20101227T085926Z.fits,83520
fits_cache,H1321_20120122T045926Z.fits,1693440
fits_cache,H5677_20150619T035925Z.fits,109440
fits_cache,H6078_20151110T085924Z.fits,708480
fits_cache,H7835_20211119T105923Z.fits,115200
fits_cache,H7253_20180423T025923Z.fits,23040
fits_cache,H2748_20130520T135925Z.fits,319680
fits_cache,H3443_20131129T185925Z.fits,83520
fits_cache,H817_20110829T035926Z.fits,120960
fits_cache,H466_20110404T225926Z.fits,717120
fits_cache,H3263_20131016T135925Z.fits,679680
fits_cache,H8148_20220417T155923Z.fits,92160
fits_cache,H4138_20140523T075925Z.fits,705600
fits_cache,H1690_20120526T205926Z.fits,74880
fits_cache,H7438_20200815T015923Z.fits,40320
fits_cache,H2420_20130128T045925Z.fits,175680
fits_cache,H948_20111019T025926Z.fits,541440
fits_cache,H4800_20141112T235925Z.fits,619200
fits_cache,H1495_20120324T165926Z.fits,106560
fits_cache,H8032_20220226T115923Z.fits,1293120
fits_cache,H2737_20130517T095925Z.fits,1010880
fits_cache,H3103_20130827T145925Z.fits,244800
fits_cache,H7921_20220109T075923Z.fits,83520
fits_cache,H5422_20150408T125925Z.fits,181440
fits_cache,H2471_20130215T135925Z.fits,77760
fits_cache,H3996_20140418T095925Z.fits,273600
fits_cache,H1908_20120809T005925Z.fits,97920
fits_cache,H2021_20120912T195925Z.fits,175680
fits_cache,H7547_20210217T225923Z.fits,23040
fits_cache,H3194_20130922T145925Z.fits,478080
fits_cache,H6994_20170425T155923Z.fits,273600
fits_cache,H2337_20130102T035925Z.fits,285120
fits_cache,H4920_20141218T015925Z.fits,3133440
fits_cache,H1737_20120603T135926Z.fits,106560
fits_cache,H7412_20200402T165923Z.fits,120960
fits_cache,H488_20110409T085926Z.fits,54720
fits_cache,H2098_20121005T185925Z.fits,207360
fits_cache,H5246_20150228T005925Z.fits,601920
fits_cache,H1497_20120322T165926Z.fits,54720
fits_cache,H4868_20141126T005925Z.fits,198720
fits_cache,H4025_20140421T045925Z.fits,169920
fits_cache,H3248_20131010T045925Z.fits,218880
fits_cache,H2029_20120912T005925Z.fits,34560
fits_cache,H7883_20211221T015923Z.fits,66240
fits_cache,H5212_20150217T105925Z.fits,106560
fits_cache,H1657_20120521T035926Z.fits,89280
fits_cache,H5818_20150804T215924Z.fits,210240
fits_cache,H3344_20131107T165925Z.fits,126720
fits_cache,H7192_20171126T035923Z.fits,135360
fits_cache,H3668_20140126T075925Z.fits,264960
fits_cache,H1449_20120308T185926Z.fits,613440
fits_cache,H1465_20120317T125926Z.fits,339840
fits_cache,H7468_20201107T015923Z.fits,374400
fits_cache,H2557_20130319T165925Z.fits,216000
fits_cache,H5535_20150505T155925Z.fits,100800
fits_cache,H677_20110619T145926Z.fits,25920
fits_cache,H6428_20160312T045924Z.fits,31680
fits_cache,H2341_20130107T155925Z.fits,264960
fits_cache,H1806_20120701T185925Z.fits,774720
fits_cache,H4197_20140608T185925Z.fits,1321920
fits_cache,H744_20110724T155926Z.fits,89280
fits_cache,H854_20110912T215926Z.fits,120960
fits_cache,H2061_20121003T105925Z.fits,132480
fits_cache,H7275_20180623T035923Z.fits,115200
fits_cache,H2634_20130410T025925Z.fits,92160
fits_cache,H3853_20140316T145925Z.fits,83520
fits_cache,H6052_20151031T155924Z.fits,267840
fits_cache,H4383_20140730T065925Z.fits,388800
fits_cache,H7436_20200807T125923Z.fits,164160
fits_cache,H7854_20211203T025923Z.fits,115200
fits_cache,H2619_20130405T195925Z.fits,216000
fits_cache,H7555_20210313T075923Z.fits,144000
fits_cache,H6242_20160110T025924Z.fits,201600
fits_cache,H7413_20200426T145923Z.fits,89280
fits_cache,H2411_20130128T215925Z.fits,213120
fits_cache,H5692_20150622T015925Z.fits,486720
fits_cache,H2504_20130228T015925Z.fits,89280
fits_cache,H3122_20130828T205925Z.fits,354240
fits_cache,H1093_20111126T085926Z.fits,1817280
fits_cache,H5612_20150523T075925Z.fits,48960
fits_cache,H6107_20151116T235924Z.fits,63360
fits_cache,H5831_20150807T145924Z.fits,334080
fits_cache,H4921_20141211T135925Z.fits,138240
fits_cache,H4698_20141022T195925Z.fits,1362240
fits_cache,H7890_20211226T025923Z.fits,305280
fits_cache,H2191_20121118T035925Z.fits,1169280
fits_cache,H6302_20160130T035924Z.fits,408960
fits_cache,H6050_20151021T235924Z.fits,28800
fits_cache,H7189_20171117T215923Z.fits,247680
fits_cache,H2587_20130328T165925Z.fits,267840
fits_cache,H5492_20150430T085925Z.fits,216000
fits_cache,H5856_20150810T135924Z.fits,123840
fits_cache,H3217_20130927T075925Z.fits,420480
fits_cache,H2047_20120923T195925Z.fits,164160
fits_cache,H7410_20200310T095923Z.fits,103680
fits_cache,H7450_20200926T085923Z.fits,224640
fits_cache,H1016_20111102T075926Z.fits,69120
fits_cache,H8043_20220302T155923Z.fits,296640
fits_cache,H3826_20140308T235925Z.fits,178560
fits_cache,H7251_20180425T235923Z.fits,210240
fits_cache,H5005_20141231T065925Z.fits,126720
fits_cache,H3473_20131216T025925Z.fits,1373760
fits_cache,H5144_20150209T045925Z.fits,489600
fits_cache,H3199_20130928T045925Z.fits,864000
fits_cache,H3114_20130821T095925Z.fits,83520
fits_cache,H4422_20140808T185925Z.fits,57600
fits_cache,H2366_20130112T115925Z.fits,95040
fits_cache,H7050_20170618T035923Z.fits,123840
fits_cache,H7513_20201229T135923Z.fits,198720
fits_cache,H4872_20141130T025925Z.fits,371520
fits_cache,H7237_20180213T045923Z.fits,192960
fits_cache,H632_20110530T035926Z.fits,97920
fits_cache,H8088_20220329T215923Z.fits,907200
fits_cache,H5526_20150505T165925Z.fits,423360
fits_cache,H8113_20220408T035923Z.fits,285120
fits_cache,H1038_20111111T135926Z.fits,135360
fits_cache,H7300_20180823T165923Z.fits,100800
fits_cache,H3119_20130830T105925Z.fits,345600
fits_cache,H279_20101210T165926Z.fits,397440
fits_cache,H8075_20220317T145923Z.fits,106560
fits_cache,H279_20101205T235926Z.fits,394560
fits_cache,H7922_20220114T205923Z.fits,371520
fits_cache,H5446_20150416T015925Z.fits,285120
fits_cache,H1943_20120821T225925Z.fits,69120
fits_cache,H1514_20120405T005926Z.fits,192960
fits_cache,H5321_20150311T165925Z.fits,34560
fits_cache,H7357_20190507T215923Z.fits,190080
fits_cache,H1990_20120831T235925Z.fits,682560
fits_cache,H5112_20150127T105925Z.fits,146880
fits_cache,H3907_20140402T165925Z.fits,138240
fits_cache,H5612_20150525T015925Z.fits,48960
fits_cache,H781_20110817T005926Z.fits,132480
fits_cache,H7923_20220115T085923Z.fits,547200
fits_cache,H3323_20131029T185925Z.fits,123840
fits_cache,H5483_20150425T195925Z.fits,77760
fits_cache,H2999_20130730T035925Z.fits,172800
fits_cache,H851_20110908T185926Z.fits,158400
fits_cache,H7327_20181216T115923Z.fits,40320
fits_cache,H6281_20160123T045924Z.fits,774720
fits_cache,H3513_20131223T165925Z.fits,158400
fits_cache,H7502_20201217T145923Z.fits,345600
fits_cache,H2585_20130329T165925Z.fits,178560
fits_cache,H695_20110710T165926Z.fits,146880
fits_cache,H803_20110828T225926Z.fits,288000
fits_cache,H7884_20211224T015923Z.fits,365760
fits_cache,H2661_20130420T125925Z.fits,146880
fits_cache,H6324_20160204T205924Z.fits,149760
fits_cache,H1970_20120830T025925Z.fits,230400
fits_cache,H2366_20130111T065925Z.fits,95040
fits_cache,H2673_20130421T185925Z.fits,354240
fits_cache,H7353_20190411T105923Z.fits,475200
fits_cache,H1657_20120519T135926Z.fits,92160
fits_cache,H1426_20120225T185926Z.fits,74880
fits_cache,H662_20110613T035926Z.fits,132480
fits_cache,H856_20110916T115926Z.fits,1103040
fits_cache,H781_20110815T115926Z.fits,135360
fits_cache,H7470_20201114T145923Z.fits,233280
fits_cache,H5678_20150618T195925Z.fits,178560
fits_cache,H7227_20180108T065923Z.fits,40320
fits_cache,H367_20110210T215926Z.fits,120960
fits_cache,H8204_20220505T135923Z.fits,126720
fits_cache,H7034_20170607T235923Z.fits,305280
fits_cache,H5321_20150312T015925Z.fits,34560
fits_cache,H1327_20120116T125926Z.fits,46080
fits_cache,H7287_20180719T225923Z.fits,40320
fits_cache,H1465_20120315T225926Z.fits,339840
fits_cache,H7934_20220114T205923Z.fits,112320
fits_cache,H1603_20120426T085926Z.fits,293760
fits_cache,H1484_20120321T025926Z.fits,169920
fits_cache,H5233_20150224T165925Z.fits,570240
fits_cache,H2779_20130530T125925Z.fits,221760
fits_cache,H394_20110304T085926Z.fits,408960
fits_cache,H362_20110205T225926Z.fits,270720
fits_cache,H4734_20141031T035925Z.fits,624960
fits_cache,H2460_20130212T025925Z.fits,181440
fits_cache,H323_20110103T195926Z.fits,411840
fits_cache,H892_20110927T225926Z.fits,662400
fits_cache,H4800_20141114T105925Z.fits,630720
fits_cache,H2605_20130405T065925Z.fits,714240
fits_cache,H2585_20130328T045925Z.fits,181440
fits_cache,H595_20110517T165926Z.fits,46080
fits_cache,H342_20110112T065926Z.fits,77760
fits_cache,H3441_20131130T065925Z.fits,74880
fits_cache,H798_20110824T145926Z.fits,282240
fits_cache,H5963_20150918T235924Z.fits,126720
fits_cache,H7144_20170925T215923Z.fits,311040
fits_cache,H2754_20130515T165925Z.fits,72000
fits_cache,H3513_20131222T045925Z.fits,158400
fits_cache,H3028_20130805T135925Z.fits,639360
fits_cache,H1688_20120526T065926Z.fits,253440
fits_cache,H1278_20120109T155926Z.fits,406080
fits_cache,H2358_20130108T065925Z.fits,149760
fits_cache,H595_20110513T155926Z.fits,46080
fits_cache,H4973_20141225T115925Z.fits,103680
fits_cache,H5848_20150808T215924Z.fits,345600
fits_cache,H2117_20121021T155925Z.fits,636480
fits_cache,H4093_20140511T045925Z.fits,198720
fits_cache,H5644_20150607T195925Z.fits,1278720
fits_cache,H1405_20120222T105926Z.fits,195840
fits_cache,H3557_20131229T235925Z.fits,37440
fits_cache,H3474_20131213T235925Z.fits,172800
fits_cache,H7463_20201026T065923Z.fits,365760
fits_cache,H5856_20150812T025924Z.fits,123840
fits_cache,H6319_20160202T235924Z.fits,72000
fits_cache,H7300_20180825T045923Z.fits,109440
fits_cache,H2342_20130108T135925Z.fits,118080
fits_cache,H2922_20130702T035925Z.fits,161280
fits_cache,H4228_20140618T015925Z.fits,210240
fits_cache,H5535_20150502T205925Z.fits,92160
fits_cache,H2420_20130201T165925Z.fits,175680
fits_cache,H2191_20121119T115925Z.fits,1146240
fits_cache,H7863_20211208T145923Z.fits,123840
fits_cache,H5880_20150817T005924Z.fits,167040
fits_cache,H990_20111020T145926Z.fits,69120
fits_cache,H7882_20211225T195923Z.fits,48960
fits_cache,H7384_20190902T195923Z.fits,48960
fits_cache,H5229_20150219T235925Z.fits,118080
fits_cache,H4186_20140607T125925Z.fits,218880
fits_cache,H7305_20180911T045923Z.fits,43200
fits_cache,H218_20101017T145926Z.fits,201600
fits_cache,H3608_20140112T085925Z.fits,138240
fits_cache,H8064_20220315T215923Z.fits,610560
fits_cache,H4379_20140726T025925Z.fits,385920
fits_cache,H5549_20150519T045925Z.fits,385920
fits_cache,H765_20110808T145926Z.fits,106560
fits_cache,H1170_20111208T085926Z.fits,54720
fits_cache,H3513_20131225T045925Z.fits,155520
fits_cache,H5658_20150614T215925Z.fits,342720
fits_cache,H3320_20131030T095925Z.fits,103680
fits_cache,H2387_20130120T235925Z.fits,169920
fits_cache,H4941_20141217T065925Z.fits,302400
fits_cache,H3336_20131103T075925Z.fits,175680
fits_cache,H3448_20131203T145925Z.fits,601920
fits_cache,H436_20110321T105926Z.fits,46080
fits_cache,H5976_20150924T155924Z.fits,227520
fits_cache,H1557_20120414T015926Z.fits,135360
fits_cache,H436_20110323T155926Z.fits,46080
fits_cache,H3580_20140106T115925Z.fits,227520
fits_cache,H1806_20120630T125926Z.fits,751680
fits_cache,H7747_20210921T155923Z.fits,141120
fits_cache,H5991_20151004T005924Z.fits,230400
fits_cache,H2610_20130401T155925Z.fits,37440
fits_cache,H2923_20130704T075925Z.fits,40320
fits_cache,H1564_20120411T065926Z.fits,28800
fits_cache,H7034_20170606T095923Z.fits,311040
fits_cache,H4942_20141216T045925Z.fits,146880
fits_cache,H2098_20121007T045925Z.fits,207360
fits_cache,H5472_20150418T165925Z.fits,129600
fits_cache,H1064_20111114T025926Z.fits,63360
fits_cache,H1064_20111117T015926Z.fits,66240
fits_cache,H5099_20150125T005925Z.fits,77760
fits_cache,H1165_20111208T185926Z.fits,74880
fits_cache,H2685_20130501T165925Z.fits,331200
fits_cache,H5020_20150103T215925Z.fits,63360
fits_cache,H7730_20210907T205923Z.fits,210240
fits_cache,H7472_20201124T005923Z.fits,437760
fits_cache,H6004_20151014T155924Z.fits,207360
fits_cache,H4610_20141001T015925Z.fits,273600
fits_cache,H7753_20210926T075923Z.fits,233280
fits_cache,H4750_20141103T005925Z.fits,69120
fits_cache,H4995_20141226T135925Z.fits,100800
fits_cache,H714_20110715T195926Z.fits,659520
fits_cache,H847_20110911T195926Z.fits,564480
fits_cache,H2011_20120909T025925Z.fits,207360
fits_cache,H2240_20121128T195925Z.fits,221760
fits_cache,H6437_20160325T005924Z.fits,313920
fits_cache,H40_20100530T165926Z.fits,51840
fits_cache,H1999_20120908T045925Z.fits,656640
fits_cache,H2520_20130306T195925Z.fits,996480
fits_cache,H1832_20120712T005925Z.fits,184320
fits_cache,H6396_20160302T195924Z.fits,43200
fits_cache,H6999_20170503T205923Z.fits,123840
fits_cache,H6398_20160308T005924Z.fits,558720
fits_cache,H764_20110808T165926Z.fits,126720
fits_cache,H7452_20201012T135923Z.fits,97920
fits_cache,H4396_20140801T165925Z.fits,2442240
fits_cache,H7873_20211219T045923Z.fits,115200
fits_cache,H1621_20120502T045926Z.fits,547200
fits_cache,H2501_20130227T145925Z.fits,172800
fits_cache,H7600_20210601T085923Z.fits,48960
fits_cache,H4888_20141206T105925Z.fits,532800
fits_cache,H753_20110802T125926Z.fits,311040
fits_cache,H3686_20140202T135925Z.fits,1465920
fits_cache,H805_20110829T165926Z.fits,175680
fits_cache,H3711_20140210T005925Z.fits,288000
fits_cache,H5974_20150927T105924Z.fits,360000
fits_cache,H7472_20201122T065923Z.fits,437760
fits_cache,H3608_20140110T215925Z.fits,135360
fits_cache,H7842_20211126T115923Z.fits,570240
fits_cache,H1120_20111201T145926Z.fits,305280
fits_cache,H4683_20141014T225925Z.fits,74880
fits_cache,H6327_20160213T145924Z.fits,1031040
fits_cache,H6407_20160303T225924Z.fits,20160
fits_cache,H1367_20120203T185926Z.fits,184320
fits_cache,H4915_20141211T195925Z.fits,46080
fits_cache,H2522_20130308T025925Z.fits,279360
fits_cache,H7117_20170903T005923Z.fits,561600
fits_cache,H1209_20111224T235926Z.fits,161280
fits_cache,H394_20110302T225926Z.fits,408960
fits_cache,H5750_20150707T085924Z.fits,129600
fits_cache,H3700_20140131T185925Z.fits,69120
fits_cache,H340_20110109T045926Z.fits,25920
fits_cache,H259_20101120T045926Z.fits,316800
fits_cache,H5229_20150218T095925Z.fits,112320
fits_cache,H7131_20170915T085923Z.fits,167040
fits_cache,H2360_20130108T195925Z.fits,696960
fits_cache,H4690_20141018T185925Z.fits,74880
fits_cache,H5653_20150609T125925Z.fits,247680
fits_cache,H3586_20140109T145925Z.fits,434880
fits_cache,H6006_20151017T105924Z.fits,233280
fits_cache,H1744_20120615T195926Z.fits,1002240
fits_cache,H2749_20130514T195925Z.fits,106560
fits_cache,H5220_20150215T205925Z.fits,43200
fits_cache,H5114_20150130T065925Z.fits,112320
fits_cache,H3515_20131219T105925Z.fits,221760
fits_cache,H8072_20220318T075923Z.fits,69120
fits_cache,H5483_20150422T215925Z.fits,80640
fits_cache,H590_20110509T215926Z.fits,34560
fits_cache,H355_20110205T005926Z.fits,221760
fits_cache,H5919_20150903T215924Z.fits,109440
fits_cache,H1126_20111207T185926Z.fits,3093120
fits_cache,H3321_20131031T195925Z.fits,835200
fits_cache,H799_20110820T015926Z.fits,77760
fits_cache,H3700_20140201T065925Z.fits,69120
fits_cache,H7356_20190417T185923Z.fits,40320
fits_cache,H3448_20131205T065925Z.fits,616320
fits_cache,H2411_20130127T165925Z.fits,216000
fits_cache,H2358_20130111T135925Z.fits,152640
fits_cache,H7334_20190122T105923Z.fits,164160
fits_cache,H7966_20220129T135923Z.fits,728640
fits_cache,H1893_20120731T235925Z.fits,400320
fits_cache,H4623_20141003T125925Z.fits,532800
fits_cache,H6313_20160207T015924Z.fits,178560
fits_cache,H5991_20151002T125924Z.fits,233280
fits_cache,H940_20111018T105926Z.fits,1944000
fits_cache,H5750_20150709T015924Z.fits,132480
fits_cache,H1863_20120714T115925Z.fits,164160
fits_cache,H6_20100503T105926Z.fits,48960
fits_cache,H5036_20150113T115925Z.fits,469440
fits_cache,H4223_20140613T105925Z.fits,43200
fits_cache,H651_20110604T095926Z.fits,60480
fits_cache,H5894_20150827T145924Z.fits,636480
fits_cache,H7466_20201109T165923Z.fits,129600
fits_cache,H3102_20130818T125925Z.fits,8640
fits_cache,H7385_20191007T125923Z.fits,46080
fits_cache,H3457_20131207T205925Z.fits,483840
fits_cache,H759_20110805T195926Z.fits,161280
fits_cache,H4915_20141208T205925Z.fits,43200
fits_cache,H2832_20130611T215925Z.fits,262080
fits_cache,H259_20101121T165926Z.fits,322560
fits_cache,H1319_20120117T015926Z.fits,37440
fits_cache,H7602_20210609T015923Z.fits,224640
fits_cache,H3483_20131213T125925Z.fits,1111680
fits_cache,H3259_20131008T065925Z.fits,123840
fits_cache,H284_20101208T075926Z.fits,365760
fits_cache,H5537_20150509T065925Z.fits,115200
fits_cache,H1832_20120710T115925Z.fits,187200
fits_cache,H2966_20130721T095925Z.fits,596160
fits_cache,H7672_20210725T115923Z.fits,63360
fits_cache,H7410_20200311T235923Z.fits,100800
fits_cache,H5987_20150929T085924Z.fits,43200
fits_cache,H5337_20150320T165925Z.fits,118080
fits_cache,H2737_20130516T025925Z.fits,1002240
fits_cache,H1998_20120830T105925Z.fits,34560
fits_cache,H7389_20191120T165923Z.fits,77760
fits_cache,H589_20110511T235926Z.fits,57600
fits_cache,H4623_20141004T125925Z.fits,529920
fits_cache,H5956_20150915T195924Z.fits,403200
fits_cache,H1557_20120415T135926Z.fits,135360
fits_cache,H3400_20131126T015925Z.fits,198720
fits_cache,H1993_20120901T125925Z.fits,241920
fits_cache,H7452_20201014T015923Z.fits,95040
fits_cache,H3446_20131204T075925Z.fits,77760
fits_cache,H956_20111011T195926Z.fits,100800
fits_cache,H1113_20111129T235926Z.fits,397440
fits_cache,H7325_20181205T085923Z.fits,92160
fits_cache,H1621_20120506T135926Z.fits,550080
fits_cache,H2912_20130630T215925Z.fits,161280
fits_cache,H6078_20151115T005924Z.fits,699840
fits_cache,H2026_20120914T225925Z.fits,218880
fits_cache,H2685_20130501T025925Z.fits,334080
fits_cache,H2904_20130629T185925Z.fits,161280
fits_cache,H5212_20150219T005925Z.fits,103680
fits_cache,H8013_20220221T125923Z.fits,135360
fits_cache,H3368_20131114T095925Z.fits,391680
fits_cache,H3821_20140306T225925Z.fits,207360
fits_cache,H3784_20140302T225925Z.fits,3070080
fits_cache,H4288_20140629T155925Z.fits,241920
fits_cache,H5472_20150418T025925Z.fits,129600
fits_cache,H4942_20141214T155925Z.fits,141120
fits_cache,H3344_20131108T005925Z.fits,126720
fits_cache,H1120_20111206T005926Z.fits,305280
fits_cache,H8088_20220327T105923Z.fits,901440
fits_cache,H4133_20140516T005925Z.fits,167040
fits_cache,H1038_20111108T125926Z.fits,135360
fits_cache,H580_20110511T145926Z.fits,587520
fits_cache,H5151_20150207T095925Z.fits,302400
fits_cache,H7870_20211216T235923Z.fits,43200
fits_cache,H3367_20131113T205925Z.fits,92160
fits_cache,H7414_20200428T155923Z.fits,31680
fits_cache,H4943_20141218T235925Z.fits,184320
fits_cache,H17_20100507T215926Z.fits,25920
fits_cache,H1930_20120810T135925Z.fits,325440
fits_cache,H2948_20130712T135925Z.fits,28800
fits_cache,H3012_20130803T185925Z.fits,230400
fits_cache,H3957_20140404T115925Z.fits,129600
fits_cache,H5198_20150218T065925Z.fits,247680
fits_cache,H7706_20210821T035923Z.fits,48960
fits_cache,H7878_20211219T215923Z.fits,178560
fits_cache,H1350_20120202T105926Z.fits,1224000
fits_cache,H2069_20120930T215925Z.fits,933120
fits_cache,H4296_20140707T005925Z.fits,1247040
fits_cache,H5885_20150822T145924Z.fits,717120
fits_cache,H7202_20171206T005923Z.fits,25920
fits_cache,H1_20100506T045926Z.fits,175680
fits_cache,H1705_20120602T155926Z.fits,210240
fits_cache,H2598_20130330T135925Z.fits,100800
fits_cache,H1903_20120804T035925Z.fits,365760
fits_cache,H924_20111006T035926Z.fits,106560
fits_cache,H8043_20220302T185923Z.fits,296640
fits_cache,H5230_20150226T225925Z.fits,501120
fits_cache,H6289_20160125T165924Z.fits,426240
fits_cache,H5011_20150105T165925Z.fits,460800
fits_cache,H3457_20131206T075925Z.fits,478080
fits_cache,H1877_20120726T195925Z.fits,377280
fits_cache,H2696_20130507T075925Z.fits,1370880
fits_cache,H2966_20130716T165925Z.fits,590400
fits_cache,H631_20110525T135926Z.fits,23040
fits_cache,H3129_20130903T015925Z.fits,728640
fits_cache,H7382_20190807T105923Z.fits,17280
fits_cache,H631_20110526T105926Z.fits,23040
fits_cache,H3610_20140114T045925Z.fits,83520
fits_cache,H7379_20190710T045923Z.fits,54720
fits_cache,H4000_20140416T005925Z.fits,1428480
fits_cache,H3260_20131013T125925Z.fits,92160
fits_cache,H6078_20151111T225924Z.fits,714240
fits_cache,H4784_20141111T015925Z.fits,69120
fits_cache,H4718_20141025T085925Z.fits,201600
fits_cache,H7536_20210121T215923Z.fits,256320
fits_cache,H3446_20131202T205925Z.fits,77760
fits_cache,H245_20101112T015926Z.fits,659520
fits_cache,H6427_20160312T015924Z.fits,109440
fits_cache,H7350_20190320T145923Z.fits,247680
fits_cache,H5615_20150528T225925Z.fits,77760
fits_cache,H7502_20201219T045923Z.fits,342720
fits_cache,H2227_20121127T005925Z.fits,311040
fits_cache,H3612_20140114T025925Z.fits,54720
fits_cache,H6124_20151126T185924Z.fits,748800
fits_cache,H2790_20130603T065925Z.fits,910080
fits_cache,H3367_20131112T075925Z.fits,92160
fits_cache,H5020_20150101T115925Z.fits,63360
fits_cache,H6289_20160122T165924Z.fits,417600
fits_cache,H913_20111009T025926Z.fits,250560
fits_cache,H7498_20201211T165923Z.fits,146880
fits_cache,H5112_20150128T065925Z.fits,149760
fits_cache,H1164_20111207T185926Z.fits,51840
fits_cache,H1611_20120429T065926Z.fits,630720
fits_cache,H2338_20130104T005925Z.fits,126720
fits_cache,H4726_20141027T205925Z.fits,400320
fits_cache,H7552_20210308T125923Z.fits,77760
fits_cache,H3195_20130920T135925Z.fits,69120
fits_cache,H4864_20141202T145925Z.fits,213120
fits_cache,H3220_20130930T205925Z.fits,239040
fits_cache,H5423_20150404T085925Z.fits,80640
fits_cache,H6027_20151021T135924Z.fits,636480
fits_cache,H5718_20150702T065924Z.fits,1278720
fits_cache,H538_20110501T025926Z.fits,118080
fits_cache,H6976_20170401T015923Z.fits,95040
fits_cache,H2341_20130108T225925Z.fits,259200
fits_cache,H7050_20170614T165923Z.fits,112320
fits_cache,H1722_20120607T005926Z.fits,1442880
fits_cache,H3513_20131220T185925Z.fits,155520
fits_cache,H480_20110411T165926Z.fits,734400
fits_cache,H1657_20120516T115926Z.fits,92160
fits_cache,H7550_20210223T095923Z.fits,72000
fits_cache,H187_20100927T035926Z.fits,457920
fits_cache,H3635_20140116T035925Z.fits,115200
fits_cache,H1500_20120401T085926Z.fits,806400
fits_cache,H1089_20111123T015926Z.fits,285120
fits_cache,H7236_20180206T065923Z.fits,40320
fits_cache,H3560_20140105T005925Z.fits,184320
fits_cache,H480_20110413T075926Z.fits,720000
fits_cache,H1722_20120607T145926Z.fits,1442880
fits_cache,H2948_20130710T235925Z.fits,28800
fits_cache,H2790_20130602T145925Z.fits,918720
fits_cache,H819_20110827T215926Z.fits,95040
fits_cache,H1942_20120821T155925Z.fits,123840
fits_cache,H5534_20150506T005925Z.fits,92160
fits_cache,H7435_20200804T205923Z.fits,97920
fits_cache,H86_20100714T085926Z.fits,613440
fits_cache,H354_20110126T225926Z.fits,20160
fits_cache,H878_20110923T005926Z.fits,688320
fits_cache,H7751_20210921T205923Z.fits,57600
fits_cache,H5637_20150610T015925Z.fits,887040
fits_cache,H3273_20131016T215925Z.fits,593280
fits_cache,H155_20100901T145926Z.fits,54720
fits_cache,H2338_20130105T125925Z.fits,126720
fits_cache,H7660_20210714T105923Z.fits,227520
fits_cache,H7498_20201210T045923Z.fits,149760
fits_cache,H6227_20160104T195924Z.fits,63360
fits_cache,H3668_20140128T225925Z.fits,262080
fits_cache,H725_20110722T025926Z.fits,216000
fits_cache,H7596_20210529T035923Z.fits,92160
fits_cache,H4610_20140930T005925Z.fits,270720
fits_cache,H3804_20140303T045925Z.fits,394560
fits_cache,H3648_20140120T195925Z.fits,218880
fits_cache,H7872_20211213T155923Z.fits,109440
fits_cache,H4764_20141101T165925Z.fits,204480
fits_cache,H6999_20170505T075923Z.fits,120960
fits_cache,H833_20110908T005926Z.fits,544320
fits_cache,H2362_20130112T105925Z.fits,616320
fits_cache,H2353_20130104T225925Z.fits,86400
fits_cache,H6454_20160329T165924Z.fits,198720
fits_cache,H725_20110718T225926Z.fits,216000
fits_cache,H8167_20220428T015923Z.fits,259200
fits_cache,H2754_20130516T185925Z.fits,74880
fits_cache,H4025_20140419T195925Z.fits,169920
fits_cache,H1_20100507T165926Z.fits,175680
fits_cache,H1628_20120503T145926Z.fits,169920
fits_cache,H4879_20141129T075925Z.fits,63360
fits_cache,H3443_20131201T015925Z.fits,86400
fits_cache,H3176_20130914T215925Z.fits,95040
fits_cache,H5957_20150911T015924Z.fits,25920
fits_cache,H3336_20131106T235925Z.fits,181440
fits_cache,H43_20100602T105926Z.fits,115200
fits_cache,H1863_20120715T225925Z.fits,164160
fits_cache,H7463_20201025T085923Z.fits,360000
fits_cache,H4718_20141027T195925Z.fits,198720
fits_cache,H6289_20160124T045924Z.fits,426240
fits_cache,H3843_20140317T205925Z.fits,590400
fits_cache,H5375_20150328T195925Z.fits,112320
fits_cache,H8_20100504T225926Z.fits,144000
fits_cache,H4888_20141211T015925Z.fits,535680
fits_cache,H2595_20130328T035925Z.fits,37440
fits_cache,H7348_20190305T185923Z.fits,77760
fits_cache,H494_20110410T165926Z.fits,95040
fits_cache,H5545_20150515T105925Z.fits,786240
fits_cache,H3287_20131015T035925Z.fits,43200
fits_cache,H1877_20120729T165925Z.fits,383040
fits_cache,H3877_20140318T095925Z.fits,155520
fits_cache,H7379_20190711T165923Z.fits,54720
fits_cache,H603_20110514T135926Z.fits,20160
fits_cache,H3901_20140326T115925Z.fits,941760
fits_cache,H6356_20160213T165924Z.fits,43200
fits_cache,H2923_20130702T205925Z.fits,40320
fits_cache,H6164_20151211T215924Z.fits,112320
fits_cache,H540_20110426T075926Z.fits,184320
fits_cache,H7331_20181230T145923Z.fits,95040
fits_cache,H4718_20141028T025925Z.fits,198720
fits_cache,H7290_20180806T125923Z.fits,115200
fits_cache,H6399_20160305T115924Z.fits,241920
fits_cache,H1613_20120429T145926Z.fits,167040
fits_cache,H1558_20120418T115926Z.fits,429120
fits_cache,H1340_20120126T165926Z.fits,69120
fits_cache,H7058_20170625T235923Z.fits,247680
fits_cache,H7045_20170620T035923Z.fits,262080
fits_cache,H3957_20140402T225925Z.fits,126720
fits_cache,H1_20100504T155926Z.fits,175680
fits_cache,H2306_20121218T235925Z.fits,619200
fits_cache,H5758_20150713T095924Z.fits,734400
fits_cache,H6052_20151030T005924Z.fits,270720
fits_cache,H6983_20170415T235923Z.fits,230400
fits_cache,H4040_20140423T025925Z.fits,190080
fits_cache,H5615_20150525T225925Z.fits,77760
fits_cache,H5653_20150612T115925Z.fits,256320
fits_cache,H8149_20220419T145923Z.fits,83520
fits_cache,H5114_20150202T225925Z.fits,109440
fits_cache,H7888_20211223T075923Z.fits,187200
fits_cache,H705_20110715T165926Z.fits,167040
fits_cache,H7598_20210524T105923Z.fits,184320
fits_cache,H5831_20150806T015924Z.fits,334080
fits_cache,H4023_20140415T155925Z.fits,40320
fits_cache,H5375_20150327T085925Z.fits,112320
fits_cache,H1478_20120319T185926Z.fits,118080
fits_cache,H7440_20200817T225923Z.fits,60480
fits_cache,H5823_20150804T085924Z.fits,155520
fits_cache,H220_20101021T185926Z.fits,155520
fits_cache,H4781_20141109T025925Z.fits,570240
fits_cache,H556_20110508T015926Z.fits,892800
fits_cache,H3287_20131015T095925Z.fits,43200
fits_cache,H1492_20120326T115926Z.fits,662400
fits_cache,H6064_20151101T075924Z.fits,40320
fits_cache,H7351_20190318T015923Z.fits,66240
fits_cache,H7015_20170522T155923Z.fits,132480
fits_cache,H7097_20170729T005923Z.fits,23040
fits_cache,H6319_20160203T225924Z.fits,74880
fits_cache,H3721_20140213T025925Z.fits,506880
fits_cache,H7746_20210926T105923Z.fits,207360
fits_cache,H2825_20130606T145925Z.fits,178560
fits_cache,H4678_20141017T025925Z.fits,599040
fits_cache,H1338_20120129T135926Z.fits,241920
fits_cache,H98_20100731T045926Z.fits,89280
fits_cache,H2636_20130407T065925Z.fits,224640
fits_cache,H4969_20141226T005925Z.fits,204480
fits_cache,H7189_20171122T095923Z.fits,244800
fits_cache,H975_20111021T105926Z.fits,97920
fits_cache,H1399_20120220T005926Z.fits,141120
fits_cache,H5543_20150512T045925Z.fits,141120
fits_cache,H7673_20210725T005923Z.fits,380160
fits_cache,H3259_20131011T145925Z.fits,123840
fits_cache,H1662_20120517T155926Z.fits,256320
fits_cache,H3011_20130731T185925Z.fits,92160
fits_cache,H7550_20210222T115923Z.fits,66240
fits_cache,H7599_20210604T045923Z.fits,210240
fits_cache,H187_20100928T125926Z.fits,463680
fits_cache,H3267_20131009T125925Z.fits,118080
fits_cache,H6242_20160114T125924Z.fits,204480
fits_cache,H5423_20150407T155925Z.fits,80640
fits_cache,H3220_20130926T085925Z.fits,239040
fits_cache,H902_20111002T205926Z.fits,285120
fits_cache,H4764_20141103T195925Z.fits,216000
fits_cache,H4711_20141022T215925Z.fits,181440
fits_cache,H2007_20120907T205925Z.fits,86400
fits_cache,H7352_20190406T095923Z.fits,106560
fits_cache,H8093_20220331T225923Z.fits,192960
fits_cache,H6403_20160306T145924Z.fits,195840
fits_cache,H8096_20220403T225923Z.fits,656640
fits_cache,H7235_20180203T215923Z.fits,51840
fits_cache,H7552_20210305T125923Z.fits,80640
fits_cache,H2348_20130106T165925Z.fits,146880
fits_cache,H8212_20220505T005923Z.fits,28800
fits_cache,H2121_20121020T205925Z.fits,282240
fits_cache,H17_20100506T185926Z.fits,25920
fits_cache,H7934_20220115T215923Z.fits,115200
fits_cache,H3212_20130923T215925Z.fits,83520
fits_cache,H3098_20130822T045925Z.fits,218880
fits_cache,H2492_20130224T025925Z.fits,302400
fits_cache,H8182_20220504T135923Z.fits,385920
fits_cache,H2945_20130710T065925Z.fits,262080
fits_cache,H7660_20210719T045923Z.fits,233280
fits_cache,H3323_20131031T205925Z.fits,123840
fits_cache,H5739_20150704T105924Z.fits,178560
fits_cache,H4179_20140602T005925Z.fits,80640
fits_cache,H7583_20210514T155923Z.fits,92160
fits_cache,H8078_20220321T105923Z.fits,80640
fits_cache,H7305_20180914T065923Z.fits,43200
fits_cache,H8093_20220327T145923Z.fits,192960
fits_cache,H7381_20190806T205923Z.fits,20160
fits_cache,H6205_20151225T145924Z.fits,924480
fits_cache,H7581_20210512T155923Z.fits,227520
fits_cache,H1807_20120702T075925Z.fits,599040
fits_cache,H7860_20211204T235923Z.fits,37440
fits_cache,H1480_20120316T235926Z.fits,34560
fits_cache,H3741_20140210T065925Z.fits,106560
fits_cache,H5354_20150325T035925Z.fits,725760
fits_cache,H7575_20210423T075923Z.fits,57600
fits_cache,H3321_20131101T135925Z.fits,843840
fits_cache,H8167_20220430T205923Z.fits,250560
fits_cache,H2044_20120923T225925Z.fits,722880
fits_cache,H5721_20150629T145925Z.fits,34560
fits_cache,H7487_20201205T185923Z.fits,132480
fits_cache,H7075_20170713T015923Z.fits,348480
fits_cache,H2220_20121119T195925Z.fits,417600
fits_cache,H1309_20120117T205926Z.fits,218880
fits_cache,H750_20110801T065926Z.fits,466560
fits_cache,H2130_20121026T165925Z.fits,408960
fits_cache,H7022_20170521T185923Z.fits,172800
fits_cache,H6100_20151118T095924Z.fits,676800
fits_cache,H7825_20211114T225923Z.fits,190080
fits_cache,H2239_20121127T075925Z.fits,152640
fits_cache,H1500_20120330T235926Z.fits,809280
fits_cache,H7552_20210304T005923Z.fits,80640
fits_cache,H2922_20130706T135925Z.fits,175680
fits_cache,H7541_20210122T155923Z.fits,74880
fits_cache,H2314_20121225T115925Z.fits,403200
fits_cache,H7583_20210516T045923Z.fits,89280
fits_cache,H2240_20121202T025925Z.fits,227520
fits_cache,H7569_20210412T205923Z.fits,123840
fits_cache,H3824_20140310T095925Z.fits,504000
fits_cache,H2491_20130217T035925Z.fits,106560
fits_cache,H4711_20141018T155925Z.fits,167040
fits_cache,H7882_20211221T095923Z.fits,51840
fits_cache,H2372_20130115T045925Z.fits,748800
fits_cache,H1979_20120831T205925Z.fits,239040
fits_cache,H5321_20150312T125925Z.fits,34560
fits_cache,H7913_20220101T165923Z.fits,43200
fits_cache,H1186_20111214T145926Z.fits,322560
fits_cache,H867_20110917T005926Z.fits,192960
fits_cache,H3032_20130804T135925Z.fits,149760
fits_cache,H1632_20120509T015926Z.fits,192960
fits_cache,H7813_20211030T105923Z.fits,40320
fits_cache,H7470_20201116T025923Z.fits,236160
fits_cache,H5749_20150708T115924Z.fits,31680
fits_cache,H1844_20120707T195925Z.fits,28800
fits_cache,H4179_20140603T125925Z.fits,80640
fits_cache,H7203_20171214T115923Z.fits,40320
fits_cache,H6136_20151127T185924Z.fits,264960
fits_cache,H223_20101023T215926Z.fits,86400
fits_cache,H7013_20170523T195923Z.fits,187200
fits_cache,H4816_20141115T115925Z.fits,51840
fits_cache,H6069_20151031T095924Z.fits,72000
fits_cache,H7322_20181111T145923Z.fits,46080
fits_cache,H772_20110815T135926Z.fits,77760
fits_cache,H847_20110913T235926Z.fits,564480
fits_cache,H3011_20130728T215925Z.fits,95040
fits_cache,H7673_20210723T125923Z.fits,371520
fits_cache,H3473_20131213T005925Z.fits,1382400
fits_cache,H5721_20150628T065925Z.fits,31680
fits_cache,H4733_20141031T205925Z.fits,100800
fits_cache,H4879_20141127T045925Z.fits,60480
fits_cache,H2581_20130322T115925Z.fits,118080
fits_cache,H7884_20211222T145923Z.fits,362880
fits_cache,H3813_20140307T235925Z.fits,273600
fits_cache,H3719_20140211T205925Z.fits,201600
fits_cache,H1952_20120823T045925Z.fits,72000
fits_cache,H7724_20210828T135923Z.fits,60480
fits_cache,H2262_20121210T115925Z.fits,302400
fits_cache,H4908_20141216T035925Z.fits,201600
fits_cache,H7728_20210909T115923Z.fits,175680
fits_cache,H7097_20170729T145923Z.fits,25920
fits_cache,H4190_20140609T085925Z.fits,878400
fits_cache,H759_20110810T075926Z.fits,172800
fits_cache,H4228_20140619T145925Z.fits,210240
fits_cache,H5083_20150117T115925Z.fits,77760
fits_cache,H6064_20151101T135924Z.fits,40320
fits_cache,H4023_20140416T025925Z.fits,43200
fits_cache,H4042_20140428T085925Z.fits,328320
fits_cache,H371_20110216T205926Z.fits,112320
fits_cache,H7937_20220121T205923Z.fits,351360
fits_cache,H1300_20120111T115926Z.fits,339840
fits_cache,H7755_20210930T105923Z.fits,95040
fits_cache,H3515_20131222T095925Z.fits,224640
fits_cache,H2569_20130314T035925Z.fits,72000
fits_cache,H2113_20121016T205925Z.fits,74880
fits_cache,H7351_20190319T135923Z.fits,69120
fits_cache,H7384_20190901T095923Z.fits,46080
fits_cache,H990_20111020T075926Z.fits,69120
fits_cache,H1573_20120419T185926Z.fits,213120
fits_cache,H4969_20141227T125925Z.fits,204480
fits_cache,H8070_20220312T205923Z.fits,28800
fits_cache,H2387_20130119T135925Z.fits,169920
fits_cache,H2123_20121019T115925Z.fits,483840
fits_cache,H2825_20130605T035925Z.fits,169920
fits_cache,H45_20100604T165926Z.fits,51840
fits_cache,H7746_20210925T075923Z.fits,213120
fits_cache,H7261_20180524T035923Z.fits,83520
fits_cache,H3068_20130818T095925Z.fits,515520
fits_cache,H6246_20160112T185924Z.fits,406080
fits_cache,H8115_20220405T045923Z.fits,1103040
fits_cache,H156_20100902T215926Z.fits,141120
fits_cache,H4071_20140501T125925Z.fits,552960
fits_cache,H3286_20131020T085925Z.fits,164160
fits_cache,H5144_20150209T035925Z.fits,489600
fits_cache,H1422_20120302T165926Z.fits,296640
fits_cache,H4954_20141224T145925Z.fits,210240
fits_cache,H2352_20130110T005925Z.fits,155520
fits_cache,H5022_20150108T215925Z.fits,668160
fits_cache,H3273_20131021T205925Z.fits,576000
fits_cache,H1005_20111028T185926Z.fits,158400
fits_cache,H3853_20140315T105925Z.fits,80640
fits_cache,H3309_20131029T015925Z.fits,97920
fits_cache,H576_20110509T125926Z.fits,288000
fits_cache,H2533_20130313T105925Z.fits,152640
fits_cache,H8096_20220331T215923Z.fits,645120
fits_cache,H4284_20140627T035925Z.fits,152640
fits_cache,H7807_20211101T105923Z.fits,290880
fits_cache,H2968_20130720T025925Z.fits,362880
fits_cache,H3364_20131115T045925Z.fits,495360
fits_cache,H4900_20141209T105925Z.fits,478080
fits_cache,H480_20110408T105926Z.fits,714240
fits_cache,H7983_20220208T205923Z.fits,371520
fits_cache,H744_20110727T115926Z.fits,92160
fits_cache,H3079_20130815T125925Z.fits,46080
fits_cache,H6054_20151024T185924Z.fits,69120
fits_cache,H1271_20120102T085926Z.fits,178560
fits_cache,H259_20101124T195926Z.fits,316800
fits_cache,H7472_20201125T185923Z.fits,417600
fits_cache,H4288_20140704T045925Z.fits,247680
fits_cache,H4767_20141106T015925Z.fits,97920
fits_cache,H495_20110415T025926Z.fits,515520
fits_cache,H4932_20141215T145925Z.fits,279360
fits_cache,H89_20100712T185926Z.fits,40320
fits_cache,H366_20110208T165926Z.fits,23040
fits_cache,H4882_20141206T115925Z.fits,233280
fits_cache,H5724_20150703T005924Z.fits,204480
fits_cache,H2661_20130419T035925Z.fits,149760
fits_cache,H819_20110826T185926Z.fits,95040
fits_cache,H4817_20141121T235925Z.fits,2462400
fits_cache,H7805_20211029T085923Z.fits,149760
fits_cache,H2898_20130627T185925Z.fits,80640
fits_cache,H5736_20150701T095924Z.fits,37440
fits_cache,H6424_20160312T025924Z.fits,112320
fits_cache,H681_20110622T125926Z.fits,89280
fits_cache,H7691_20210806T215923Z.fits,63360
fits_cache,H4820_20141113T025925Z.fits,63360
fits_cache,H7414_20200427T045923Z.fits,31680
fits_cache,H2557_20130315T095925Z.fits,213120
fits_cache,H7476_20201125T005923Z.fits,74880
fits_cache,H3793_20140302T125925Z.fits,1031040
fits_cache,H1309_20120116T075926Z.fits,224640
fits_cache,H803_20110824T085926Z.fits,288000
fits_cache,H1789_20120623T035926Z.fits,54720
fits_cache,H6099_20151116T145924Z.fits,77760
fits_cache,H46_20100605T195926Z.fits,149760
fits_cache,H7503_20201219T015923Z.fits,123840
fits_cache,H5883_20150818T015924Z.fits,25920
fits_cache,H3056_20130816T185925Z.fits,253440
fits_cache,H7921_20220108T065923Z.fits,80640
fits_cache,H589_20110508T045926Z.fits,57600
fits_cache,H401_20110309T015926Z.fits,325440
fits_cache,H223_20101027T035926Z.fits,86400
fits_cache,H1168_20111215T075926Z.fits,230400
fits_cache,H6242_20160112T215924Z.fits,204480
fits_cache,H909_20111003T225926Z.fits,388800
fits_cache,H3311_20131028T145925Z.fits,256320
fits_cache,H847_20110915T045926Z.fits,558720
fits_cache,H4396_20140801T085925Z.fits,2413440
fits_cache,H1520_20120328T095926Z.fits,72000
fits_cache,H7436_20200812T015923Z.fits,161280
fits_cache,H7164_20171015T155923Z.fits,31680
fits_cache,H2569_20130314T225925Z.fits,72000
fits_cache,H107_20100731T195926Z.fits,109440
fits_cache,H5415_20150407T145925Z.fits,1169280
fits_cache,H5890_20150825T035924Z.fits,92160
fits_cache,H1425_20120304T015926Z.fits,475200
fits_cache,H4152_20140523T185925Z.fits,69120
fits_cache,H274_20101127T155926Z.fits,138240
fits_cache,H2852_20130621T125925Z.fits,1503360
fits_cache,H3432_20131130T115925Z.fits,230400
fits_cache,H318_20101226T095926Z.fits,80640
fits_cache,H8086_20220329T005923Z.fits,216000
fits_cache,H6317_20160208T085924Z.fits,267840
fits_cache,H3700_20140131T065925Z.fits,69120
fits_cache,H6050_20151023T005924Z.fits,31680
fits_cache,H3366_20131115T025925Z.fits,959040
fits_cache,H2822_20130602T125925Z.fits,138240
fits_cache,H7401_20200106T025923Z.fits,112320
fits_cache,H1471_20120316T015926Z.fits,169920
fits_cache,H1309_20120113T025926Z.fits,216000
fits_cache,H284_20101212T235926Z.fits,368640
fits_cache,H1079_20111121T025926Z.fits,158400
fits_cache,H997_20111027T165926Z.fits,555840
fits_cache,H4135_20140517T125925Z.fits,80640
fits_cache,H347_20110117T075926Z.fits,66240
fits_cache,H4839_20141124T015925Z.fits,69120
fits_cache,H3719_20140212T025925Z.fits,201600
fits_cache,H1391_20120214T115926Z.fits,273600
fits_cache,H175_20100919T205926Z.fits,529920
fits_cache,H10_20100506T095926Z.fits,54720
fits_cache,H1866_20120721T025925Z.fits,253440
fits_cache,H2400_20130118T095925Z.fits,385920
fits_cache,H2663_20130415T095925Z.fits,256320
fits_cache,H6075_20151109T195924Z.fits,342720
fits_cache,H2414_20130131T085925Z.fits,178560
fits_cache,H744_20110723T065926Z.fits,89280
fits_cache,H764_20110807T075926Z.fits,129600
fits_cache,H3894_20140329T015925Z.fits,362880
fits_cache,H1528_20120402T195926Z.fits,288000
fits_cache,H393_20110305T185926Z.fits,786240
fits_cache,H5876_20150814T025924Z.fits,31680
fits_cache,H6470_20160403T185924Z.fits,54720
fits_cache,H5543_20150513T235925Z.fits,141120
fits_cache,H7260_20180524T185923Z.fits,69120
fits_cache,H6107_20151115T125924Z.fits,60480
fits_cache,H2436_20130203T215925Z.fits,83520
fits_cache,H146_20100826T185926Z.fits,132480
fits_cache,H4679_20141018T165925Z.fits,118080
fits_cache,H3877_20140318T225925Z.fits,155520
fits_cache,H975_20111018T125926Z.fits,97920
fits_cache,H8134_20220414T095923Z.fits,296640
fits_cache,H3247_20131008T155925Z.fits,233280
fits_cache,H6327_20160212T185924Z.fits,1045440
fits_cache,H1990_20120903T215925Z.fits,696960
fits_cache,H2594_20130328T065925Z.fits,51840
fits_cache,H7248_20180414T145923Z.fits,60480
fits_cache,H5673_20150617T155925Z.fits,633600
fits_cache,H318_20101229T065926Z.fits,86400
fits_cache,H5783_20150715T065924Z.fits,167040
fits_cache,H2186_20121114T135925Z.fits,414720
fits_cache,H7883_20211225T115923Z.fits,63360
fits_cache,H681_20110624T005926Z.fits,95040
fits_cache,H6050_20151022T125924Z.fits,31680
fits_cache,H4042_20140426T205925Z.fits,336960
fits_cache,H1339_20120127T015926Z.fits,262080
fits_cache,H805_20110825T045926Z.fits,181440
fits_cache,H7901_20211226T085923Z.fits,164160
fits_cache,H794_20110819T135926Z.fits,547200
fits_cache,H1558_20120417T215926Z.fits,426240
fits_cache,H226_20101024T225926Z.fits,316800
fits_cache,H5107_20150129T035925Z.fits,705600
fits_cache,H2599_20130331T045925Z.fits,371520
fits_cache,H437_20110331T045926Z.fits,915840
fits_cache,H211_20101016T035926Z.fits,622080
fits_cache,H7600_20210531T085923Z.fits,46080
fits_cache,H1999_20120904T165925Z.fits,659520
fits_cache,H7275_20180621T155923Z.fits,118080
fits_cache,H51_20100610T025926Z.fits,77760
fits_cache,H1807_20120703T205925Z.fits,607680
fits_cache,H7959_20220127T135923Z.fits,192960
fits_cache,H1528_20120405T195926Z.fits,290880
fits_cache,H7422_20200611T235923Z.fits,230400
fits_cache,H851_20110913T025926Z.fits,155520
fits_cache,H5876_20150811T075924Z.fits,31680
fits_cache,H7127_20170910T135923Z.fits,100800
fits_cache,H5535_20150507T035925Z.fits,97920
fits_cache,H1449_20120306T165926Z.fits,587520
fits_cache,H5541_20150512T235925Z.fits,696960
fits_cache,H3520_20131226T235925Z.fits,1002240
fits_cache,H1425_20120302T135926Z.fits,483840
fits_cache,H5151_20150211T215925Z.fits,302400
fits_cache,H4639_20141008T015925Z.fits,1609920
fits_cache,H1221_20111226T155926Z.fits,1137600
fits_cache,H8088_20220328T155923Z.fits,915840
fits_cache,H362_20110204T025926Z.fits,270720
fits_cache,H1737_20120603T005926Z.fits,106560
fits_cache,H495_20110415T165926Z.fits,515520
fits_cache,H57_20100618T075926Z.fits,296640
fits_cache,H7127_20170911T155923Z.fits,100800
fits_cache,H504_20110421T135926Z.fits,702720
fits_cache,H2348_20130110T015925Z.fits,146880
fits_cache,H2557_20130318T035925Z.fits,216000
fits_cache,H702_20110714T015926Z.fits,135360
fits_cache,H3376_20131118T025925Z.fits,927360
fits_cache,H725_20110717T125926Z.fits,210240
fits_cache,H5956_20150916T045924Z.fits,406080
fits_cache,H2683_20130424T025925Z.fits,69120
fits_cache,H6063_20151103T135924Z.fits,521280
fits_cache,H4839_20141122T135925Z.fits,69120
fits_cache,H3320_20131103T195925Z.fits,100800
fits_cache,H1422_20120227T235926Z.fits,302400
fits_cache,H7835_20211122T095923Z.fits,115200
fits_cache,H49_20100609T105926Z.fits,129600
fits_cache,H1903_20120805T165925Z.fits,368640
fits_cache,H3386_20131115T095925Z.fits,72000
fits_cache,H5028_20150108T065925Z.fits,878400
fits_cache,H1634_20120508T005926Z.fits,161280
fits_cache,H5850_20150803T205924Z.fits,66240
fits_cache,H6178_20151221T135924Z.fits,743040
fits_cache,H6975_20170331T095923Z.fits,241920
fits_cache,H3474_20131209T075925Z.fits,175680
fits_cache,H2131_20121017T195925Z.fits,95040
fits_cache,H2342_20130107T025925Z.fits,120960
fits_cache,H2112_20121017T115925Z.fits,164160
fits_cache,H1946_20120825T095925Z.fits,331200
fits_cache,H5880_20150818T115924Z.fits,169920
fits_cache,H7493_20201206T045923Z.fits,460800
fits_cache,H7450_20201001T005923Z.fits,221760
fits_cache,H5845_20150808T045924Z.fits,72000
fits_cache,H7755_20210928T225923Z.fits,95040
fits_cache,H3171_20130910T155925Z.fits,72000
fits_cache,H651_20110608T235926Z.fits,57600
fits_cache,H1209_20111226T005926Z.fits,164160
fits_cache,H2262_20121208T235925Z.fits,293760
fits_cache,H6975_20170329T225923Z.fits,227520
fits_cache,H5652_20150605T025925Z.fits,46080
fits_cache,H3804_20140304T035925Z.fits,400320
fits_cache,H3482_20131209T205925Z.fits,74880
fits_cache,H7711_20210825T085923Z.fits,146880
fits_cache,H590_20110509T075926Z.fits,34560
fits_cache,H175_20100915T005926Z.fits,524160
fits_cache,H587_20110510T105926Z.fits,195840
fits_cache,H7202_20171206T135923Z.fits,25920
fits_cache,H5220_20150217T035925Z.fits,43200
fits_cache,H3604_20140111T005925Z.fits,331200
fits_cache,H7966_20220129T215923Z.fits,731520
fits_cache,H1569_20120417T095926Z.fits,83520
fits_cache,H5543_20150515T095925Z.fits,138240
fits_cache,H2353_20130105T235925Z.fits,86400
fits_cache,H5559_20150521T215925Z.fits,192960
fits_cache,H5919_20150831T235924Z.fits,112320
fits_cache,H345_20110121T015926Z.fits,601920
fits_cache,H7422_20200610T095923Z.fits,239040
fits_cache,H1970_20120828T235925Z.fits,227520
fits_cache,H5212_20150220T115925Z.fits,103680
fits_cache,H7871_20211222T025923Z.fits,843840
fits_cache,H8081_20220326T135923Z.fits,132480
fits_cache,H2887_20130627T035925Z.fits,380160
fits_cache,H3288_20131022T135925Z.fits,498240
fits_cache,H5026_20150109T075925Z.fits,241920
fits_cache,H677_20110620T085926Z.fits,25920
fits_cache,H1946_20120822T095925Z.fits,328320
fits_cache,H1183_20111218T235926Z.fits,1013760
fits_cache,H5526_20150505T085925Z.fits,420480
fits_cache,H7122_20170910T095923Z.fits,195840
fits_cache,H451_20110404T075926Z.fits,322560
fits_cache,H1449_20120309T215926Z.fits,607680
fits_cache,H1046_20111114T025926Z.fits,567360
fits_cache,H1564_20120412T235926Z.fits,28800
fits_cache,H6060_20151030T215924Z.fits,83520
fits_cache,H5151_20150208T205925Z.fits,305280
fits_cache,H2047_20120926T025925Z.fits,169920
fits_cache,H5586_20150526T115925Z.fits,279360
fits_cache,H1574_20120423T115926Z.fits,1126080
fits_cache,H3631_20140122T215925Z.fits,1526400
fits_cache,H5518_20150503T235925Z.fits,72000
fits_cache,H7477_20201130T235923Z.fits,1065600
fits_cache,H2898_20130630T105925Z.fits,80640
fits_cache,H536_20110425T105926Z.fits,89280
fits_cache,H5331_20150317T045925Z.fits,54720
fits_cache,H856_20110920T235926Z.fits,1088640
fits_cache,H1722_20120606T155926Z.fits,1445760
fits_cache,H5745_20150708T095924Z.fits,354240
fits_cache,H1390_20120211T165926Z.fits,97920
fits_cache,H3635_20140117T165925Z.fits,115200
fits_cache,H1249_20120101T145926Z.fits,210240
fits_cache,H1688_20120529T035926Z.fits,247680
fits_cache,H924_20111003T015926Z.fits,97920
fits_cache,H4224_20140613T065925Z.fits,123840
fits_cache,H3560_20140106T105925Z.fits,187200
fits_cache,H3199_20130923T165925Z.fits,858240
fits_cache,H6370_20160221T005924Z.fits,48960
fits_cache,H7003_20170505T165923Z.fits,69120
fits_cache,H3856_20140319T125925Z.fits,1296000
fits_cache,H7487_20201204T075923Z.fits,138240
fits_cache,H3321_20131102T095925Z.fits,843840
fits_cache,H5026_20150108T155925Z.fits,239040
fits_cache,H662_20110611T185926Z.fits,129600
fits_cache,H5534_20150509T085925Z.fits,95040
fits_cache,H7878_20211222T215923Z.fits,178560
fits_cache,H1313_20120118T235926Z.fits,138240
fits_cache,H367_20110209T125926Z.fits,115200
fits_cache,H3362_20131108T185925Z.fits,28800
fits_cache,H4201_20140603T205925Z.fits,92160
fits_cache,H7660_20210716T065923Z.fits,230400
fits_cache,H632_20110602T065926Z.fits,100800
fits_cache,H7386_20191104T145923Z.fits,34560
fits_cache,H1396_20120219T135926Z.fits,524160
fits_cache,H1893_20120802T145925Z.fits,397440
fits_cache,H5020_20150102T155925Z.fits,63360
fits_cache,H8113_20220406T145923Z.fits,293760
fits_cache,H7741_20210912T045923Z.fits,46080
fits_cache,H317_20101228T115926Z.fits,54720
fits_cache,H1574_20120422T035926Z.fits,1140480
fits_cache,H5678_20150615T195925Z.fits,181440
fits_cache,H867_20110918T165926Z.fits,198720
fits_cache,H40_20100531T225926Z.fits,51840
fits_cache,H8051_20220307T165923Z.fits,642240
fits_cache,H392_20110303T085926Z.fits,172800
fits_cache,H1422_20120229T065926Z.fits,305280
fits_cache,H2790_20130602T075925Z.fits,915840
fits_cache,H2371_20130112T215925Z.fits,63360
fits_cache,H1943_20120817T105925Z.fits,69120
fits_cache,H1041_20111111T235926Z.fits,904320
fits_cache,H2039_20120916T225925Z.fits,152640
fits_cache,H7590_20210523T105923Z.fits,388800
fits_cache,H803_20110825T225926Z.fits,290880
fits_cache,H3011_20130730T075925Z.fits,95040
fits_cache,H7653_20210710T025923Z.fits,83520
fits_cache,H3267_20131011T205925Z.fits,120960
fits_cache,H5598_20150526T085925Z.fits,239040
fits_cache,H625_20110527T035926Z.fits,106560
fits_cache,H6189_20151220T165924Z.fits,97920
fits_cache,H3066_20130818T035925Z.fits,768960
fits_cache,H1722_20120607T075926Z.fits,1440000
fits_cache,H4941_20141218T035925Z.fits,308160
fits_cache,H5940_20150909T035924Z.fits,132480
fits_cache,H393_20110305T205926Z.fits,789120
fits_cache,H3097_20130818T145925Z.fits,103680
fits_cache,H7010_20170516T075923Z.fits,72000
fits_cache,H2436_20130131T165925Z.fits,80640
fits_cache,H1634_20120509T125926Z.fits,161280
fits_cache,H4097_20140510T045925Z.fits,1327680
fits_cache,H2037_20120922T185925Z.fits,325440
fits_cache,H1149_20111205T155926Z.fits,207360
fits_cache,H2017_20120910T035925Z.fits,86400
fits_cache,H7313_20181017T105923Z.fits,37440
fits_cache,H7728_20210906T075923Z.fits,181440
fits_cache,H7305_20180912T195923Z.fits,46080
fits_cache,H8014_20220219T215923Z.fits,86400
fits_cache,H1209_20111224T115926Z.fits,161280
fits_cache,H1455_20120304T205926Z.fits,129600
fits_cache,H2735_20130515T215925Z.fits,293760
fits_cache,H7598_20210524T095923Z.fits,184320
fits_cache,H4376_20140719T105925Z.fits,34560
fits_cache,H1249_20111231T035926Z.fits,210240
fits_cache,H7493_20201207T165923Z.fits,460800
fits_cache,H1492_20120329T135926Z.fits,659520
fits_cache,H7493_20201204T155923Z.fits,455040
fits_cache,H5075_20150122T005925Z.fits,213120
fits_cache,H753_20110802T205926Z.fits,311040
fits_cache,H7638_20210701T025923Z.fits,311040
fits_cache,H1381_20120205T015926Z.fits,20160
fits_cache,H713_20110716T185926Z.fits,377280
fits_cache,H8010_20220215T215923Z.fits,86400
fits_cache,H1669_20120520T035926Z.fits,198720
fits_cache,H667_20110620T165926Z.fits,555840
fits_cache,H590_20110508T155926Z.fits,31680
fits_cache,H3295_20131022T225925Z.fits,633600
fits_cache,H5483_20150421T105925Z.fits,80640
fits_cache,H4296_20140702T235925Z.fits,1229760
fits_cache,H7045_20170621T165923Z.fits,256320
fits_cache,H3286_20131023T065925Z.fits,164160
fits_cache,H2732_20130506T225925Z.fits,146880
fits_cache,H7171_20171029T235923Z.fits,365760
fits_cache,H2401_20130119T195925Z.fits,66240
fits_cache,H5220_20150216T115925Z.fits,43200
fits_cache,H6100_20151119T235924Z.fits,676800
fits_cache,H3295_20131026T005925Z.fits,653760
fits_cache,H4011_20140417T045925Z.fits,158400
fits_cache,H6404_20160303T195924Z.fits,51840
fits_cache,H7513_20201226T235923Z.fits,195840
fits_cache,H926_20111005T205926Z.fits,118080
fits_cache,H6223_20160110T005924Z.fits,115200
fits_cache,H2945_20130708T155925Z.fits,259200
fits_cache,H1621_20120506T145926Z.fits,550080
fits_cache,H7871_20211219T115923Z.fits,858240
fits_cache,H3066_20130821T015925Z.fits,763200
fits_cache,H2493_20130225T125925Z.fits,118080
fits_cache,H605_20110520T025926Z.fits,417600
fits_cache,H2098_20121006T115925Z.fits,210240
fits_cache,H57_20100619T185926Z.fits,299520
fits_cache,H6353_20160217T115924Z.fits,103680
fits_cache,H5586_20150524T215925Z.fits,285120
fits_cache,H819_20110825T165926Z.fits,92160
fits_cache,H6172_20151215T045924Z.fits,492480
fits_cache,H748_20110725T185926Z.fits,69120
fits_cache,H2571_20130319T225925Z.fits,155520
fits_cache,H345_20110119T115926Z.fits,590400
fits_cache,H875_20110917T205926Z.fits,100800
fits_cache,H2338_20130106T235925Z.fits,123840
fits_cache,H5183_20150214T225925Z.fits,213120
fits_cache,H824_20110831T205926Z.fits,288000
fits_cache,H1789_20120622T085926Z.fits,54720
fits_cache,H256_20101116T065926Z.fits,161280
fits_cache,H211_20101015T195926Z.fits,622080
fits_cache,H4764_20141104T215925Z.fits,213120
fits_cache,H1019_20111104T035926Z.fits,659520
fits_cache,H7171_20171026T195923Z.fits,360000
fits_cache,H8148_20220419T025923Z.fits,89280
fits_cache,H3432_20131203T155925Z.fits,227520
fits_cache,H3192_20130921T035925Z.fits,60480
fits_cache,H6974_20170325T215923Z.fits,57600
fits_cache,H7090_20170721T135923Z.fits,106560
fits_cache,H1520_20120329T025926Z.fits,74880
fits_cache,H4290_20140629T015925Z.fits,28800
fits_cache,H4734_20141101T095925Z.fits,613440
fits_cache,H7260_20180526T045923Z.fits,69120
fits_cache,H7934_20220112T195923Z.fits,103680
fits_cache,H8155_20220424T075923Z.fits,1906560
fits_cache,H2176_20121106T065925Z.fits,60480
fits_cache,H6345_20160212T005924Z.fits,63360
fits_cache,H335_20110110T015926Z.fits,95040
fits_cache,H7117_20170902T155923Z.fits,558720
fits_cache,H5571_20150519T085925Z.fits,270720
fits_cache,H98_20100728T115926Z.fits,92160
fits_cache,H7728_20210907T205923Z.fits,178560
fits_cache,H661_20110613T145926Z.fits,187200
fits_cache,H4201_20140605T075925Z.fits,92160
fits_cache,H1405_20120219T095926Z.fits,184320
fits_cache,H7164_20171015T185923Z.fits,34560
fits_cache,H7202_20171207T205923Z.fits,25920
fits_cache,H7323_20181115T155923Z.fits,60480
fits_cache,H4383_20140725T185925Z.fits,362880
fits_cache,H7692_20210806T045923Z.fits,28800
fits_cache,H3740_20140215T155925Z.fits,552960
fits_cache,H2711_20130508T165925Z.fits,109440
fits_cache,H1041_20111114T075926Z.fits,887040
fits_cache,H3482_20131208T135925Z.fits,69120
fits_cache,H3845_20140312T095925Z.fits,282240
fits_cache,H2106_20121006T005925Z.fits,123840
fits_cache,H7110_20170826T235923Z.fits,313920
fits_cache,H135_20100820T225926Z.fits,469440
fits_cache,H6075_20151108T065924Z.fits,339840
fits_cache,H7760_20211001T005923Z.fits,250560
fits_cache,H3845_20140310T185925Z.fits,276480
fits_cache,H4131_20140517T135925Z.fits,187200
fits_cache,H7189_20171120T205923Z.fits,247680
fits_cache,H7544_20210201T225923Z.fits,40320
fits_cache,H7821_20211112T045923Z.fits,290880
fits_cache,H4396_20140801T115925Z.fits,2436480
fits_cache,H817_20110826T065926Z.fits,120960
fits_cache,H7440_20200818T155923Z.fits,63360
fits_cache,H335_20110111T135926Z.fits,92160
fits_cache,H6327_20160211T165924Z.fits,1054080
fits_cache,H622_20110525T035926Z.fits,259200
fits_cache,H605_20110524T155926Z.fits,420480
fits_cache,H1455_20120305T135926Z.fits,132480
fits_cache,H1447_20120308T015926Z.fits,241920
fits_cache,H7466_20201108T035923Z.fits,132480
fits_cache,H7891_20211227T155923Z.fits,371520
fits_cache,H4941_20141220T135925Z.fits,313920
fits_cache,H6172_20151213T165924Z.fits,489600
fits_cache,H2131_20121018T235925Z.fits,95040
fits_cache,H58_20100618T235926Z.fits,63360
fits_cache,H1079_20111117T235926Z.fits,161280
fits_cache,H4784_20141109T185925Z.fits,72000
fits_cache,H7922_20220112T195923Z.fits,365760
fits_cache,H3569_20140102T115925Z.fits,69120
fits_cache,H5375_20150325T215925Z.fits,109440
fits_cache,H2489_20130220T165925Z.fits,181440
fits_cache,H3400_20131121T125925Z.fits,201600
fits_cache,H1756_20120616T115926Z.fits,377280
fits_cache,H2739_20130517T105925Z.fits,708480
fits_cache,H7090_20170723T025923Z.fits,106560
fits_cache,H2683_20130422T095925Z.fits,66240
fits_cache,H1075_20111117T225926Z.fits,72000
fits_cache,H7554_20210312T105923Z.fits,51840
fits_cache,H5675_20150611T005925Z.fits,48960
fits_cache,H3926_20140403T215925Z.fits,371520
fits_cache,H5355_20150327T045925Z.fits,129600
fits_cache,H5461_20150421T105925Z.fits,187200
fits_cache,H6981_20170331T095923Z.fits,37440
fits_cache,H7419_20200603T005923Z.fits,175680
fits_cache,H3291_20131024T095925Z.fits,673920
fits_cache,H851_20110909T215926Z.fits,158400
fits_cache,H4900_20141209T095925Z.fits,478080
fits_cache,H740_20110726T165926Z.fits,164160
fits_cache,H187_20100925T205926Z.fits,446400
fits_cache,H7762_20210928T195923Z.fits,25920
fits_cache,H4424_20140810T125925Z.fits,547200
fits_cache,H1080_20111120T135926Z.fits,380160
fits_cache,H7358_20190515T025923Z.fits,256320
fits_cache,H421_20110315T105926Z.fits,374400
fits_cache,H1410_20120222T075926Z.fits,316800
fits_cache,H3122_20130902T045925Z.fits,354240
fits_cache,H8096_20220402T085923Z.fits,662400
fits_cache,H5736_20150702T135924Z.fits,37440
fits_cache,H2493_20130224T005925Z.fits,118080
fits_cache,H7502_20201220T155923Z.fits,336960
fits_cache,H2239_20121129T225925Z.fits,149760
fits_cache,H1632_20120510T145926Z.fits,190080
fits_cache,H4231_20140615T095925Z.fits,187200
fits_cache,H3688_20140202T135925Z.fits,734400
fits_cache,H317_20101229T225926Z.fits,54720
fits_cache,H3019_20130729T065925Z.fits,80640
fits_cache,H6986_20170427T025923Z.fits,593280
fits_cache,H8123_20220408T165923Z.fits,230400
fits_cache,H6976_20170331T005923Z.fits,92160
fits_cache,H686_20110629T235926Z.fits,112320
fits_cache,H7672_20210721T015923Z.fits,63360
fits_cache,H4011_20140415T155925Z.fits,155520
fits_cache,H2329_20130102T105925Z.fits,455040
fits_cache,H2011_20120907T185925Z.fits,204480
fits_cache,H504_20110416T205926Z.fits,705600
fits_cache,H5337_20150316T225925Z.fits,115200
fits_cache,H2113_20121017T015925Z.fits,74880
fits_cache,H5673_20150617T075925Z.fits,633600
fits_cache,H3563_20140106T125925Z.fits,2016000
fits_cache,H5315_20150316T045925Z.fits,118080
fits_cache,H4915_20141213T045925Z.fits,43200
fits_cache,H4882_20141203T125925Z.fits,230400
fits_cache,H2875_20130620T025925Z.fits,158400
fits_cache,H8072_20220319T195923Z.fits,66240
fits_cache,H572_20110503T125926Z.fits,43200
fits_cache,H6099_20151112T115924Z.fits,74880
fits_cache,H3730_20140214T155925Z.fits,368640
fits_cache,H4733_20141031T075925Z.fits,100800
fits_cache,H2037_20120919T145925Z.fits,325440
fits_cache,H7148_20171004T045923Z.fits,584640
fits_cache,H431_20110317T005926Z.fits,66240
fits_cache,H7536_20210123T095923Z.fits,259200
fits_cache,H5275_20150309T005925Z.fits,290880
fits_cache,H3311_20131028T125925Z.fits,256320
fits_cache,H6026_20151026T105924Z.fits,1082880
fits_cache,H5004_20150102T075925Z.fits,195840
fits_cache,H1005_20111101T065926Z.fits,158400
fits_cache,H4851_20141123T195925Z.fits,892800
fits_cache,H6010_20151015T195924Z.fits,167040
fits_cache,H5635_20150608T155925Z.fits,138240
fits_cache,H7602_20210604T135923Z.fits,216000
fits_cache,H1210_20111218T205926Z.fits,328320
fits_cache,H5028_20150112T165925Z.fits,895680
fits_cache,H7803_20211029T105923Z.fits,230400
fits_cache,H6075_20151112T235924Z.fits,334080
fits_cache,H347_20110117T015926Z.fits,63360
fits_cache,H2106_20121005T085925Z.fits,123840
fits_cache,H854_20110915T205926Z.fits,129600
fits_cache,H1367_20120202T065926Z.fits,184320
fits_cache,H6_20100501T195926Z.fits,51840
fits_cache,H4915_20141210T075925Z.fits,46080
fits_cache,H3049_20130809T165925Z.fits,80640
fits_cache,H2595_20130330T115925Z.fits,37440
fits_cache,H1638_20120512T115926Z.fits,633600
fits_cache,H2519_20130303T195925Z.fits,120960
fits_cache,H6154_20151207T045924Z.fits,144000
fits_cache,H956_20111012T165926Z.fits,103680
fits_cache,H2372_20130116T205925Z.fits,740160
fits_cache,H1092_20111121T065926Z.fits,250560
fits_cache,H507_20110413T125926Z.fits,46080
fits_cache,H5807_20150724T215924Z.fits,172800
fits_cache,H3875_20140322T165925Z.fits,89280
fits_cache,H7878_20211221T085923Z.fits,181440
fits_cache,H7235_20180202T145923Z.fits,51840
fits_cache,H7746_20210921T235923Z.fits,198720
fits_cache,H384_20110218T155926Z.fits,504000
fits_cache,H3330_20131104T015925Z.fits,178560
fits_cache,H8060_20220308T235923Z.fits,227520
fits_cache,H2672_20130422T015925Z.fits,149760
fits_cache,H2260_20121206T065925Z.fits,31680
fits_cache,H7148_20171001T015923Z.fits,587520
fits_cache,H7753_20210929T045923Z.fits,239040
fits_cache,H7144_20170927T105923Z.fits,316800
fits_cache,H2964_20130718T205925Z.fits,172800
fits_cache,H7857_20211130T035923Z.fits,141120
fits_cache,H241_20101103T025926Z.fits,313920
fits_cache,H5113_20150202T215925Z.fits,555840
fits_cache,H7549_20210224T195923Z.fits,201600
fits_cache,H7881_20211227T005923Z.fits,115200
fits_cache,H892_20110926T105926Z.fits,656640
fits_cache,H4800_20141115T225925Z.fits,624960
fits_cache,H728_20110720T115926Z.fits,72000
fits_cache,H2203_20121120T155925Z.fits,875520
fits_cache,H2898_20130629T035925Z.fits,80640
fits_cache,H1367_20120205T065926Z.fits,184320
fits_cache,H488_20110406T125926Z.fits,51840
fits_cache,H1124_20111206T145926Z.fits,872640
fits_cache,H5113_20150129T035925Z.fits,561600
fits_cache,H3082_20130819T045925Z.fits,339840
fits_cache,H7570_20210419T225923Z.fits,256320
fits_cache,H7694_20210812T225923Z.fits,285120
fits_cache,H7503_20201221T225923Z.fits,118080
fits_cache,H3765_20140218T165925Z.fits,74880
fits_cache,H3824_20140309T035925Z.fits,495360
fits_cache,H3079_20130814T065925Z.fits,43200
fits_cache,H2259_20121207T095925Z.fits,31680
fits_cache,H4321_20140709T035925Z.fits,351360
fits_cache,H7569_20210411T105923Z.fits,120960
fits_cache,H1943_20120820T105925Z.fits,69120
fits_cache,H384_20110219T075926Z.fits,509760
fits_cache,H4133_20140519T035925Z.fits,169920
fits_cache,H2220_20121120T095925Z.fits,423360
fits_cache,H4882_20141205T005925Z.fits,230400
fits_cache,H6172_20151216T185924Z.fits,498240
fits_cache,H4932_20141218T185925Z.fits,285120
fits_cache,H5315_20150312T135925Z.fits,118080
fits_cache,H7888_20211224T205923Z.fits,192960
fits_cache,H6189_20151217T165924Z.fits,100800
fits_cache,H4814_20141113T225925Z.fits,106560
fits_cache,H4751_20141103T225925Z.fits,423360
fits_cache,H7562_20210327T145923Z.fits,129600
fits_cache,H4760_20141102T205925Z.fits,267840
fits_cache,H51_20100610T045926Z.fits,80640
fits_cache,H2733_20130515T015925Z.fits,354240
fits_cache,H5354_20150324T225925Z.fits,722880
fits_cache,H4748_20141028T025925Z.fits,54720
fits_cache,H5198_20150215T005925Z.fits,247680
fits_cache,H7484_20201130T185923Z.fits,109440
fits_cache,H5956_20150917T045924Z.fits,408960
fits_cache,H7807_20211102T015923Z.fits,290880
fits_cache,H5876_20150813T045924Z.fits,34560
fits_cache,H1962_20120826T185925Z.fits,178560
fits_cache,H7807_20211101T025923Z.fits,290880
fits_cache,H7327_20181217T235923Z.fits,40320
fits_cache,H7978_20220207T215923Z.fits,354240
fits_cache,H643_20110531T125926Z.fits,190080
fits_cache,H7169_20171028T085923Z.fits,311040
fits_cache,H589_20110509T105926Z.fits,60480
fits_cache,H5883_20150817T085924Z.fits,23040
fits_cache,H297_20101217T165926Z.fits,216000
fits_cache,H5935_20150903T185924Z.fits,97920
fits_cache,H7237_20180208T185923Z.fits,187200
fits_cache,H4166_20140601T075925Z.fits,118080
fits_cache,H824_20110905T095926Z.fits,288000
fits_cache,H3741_20140210T215925Z.fits,109440
fits_cache,H4932_20141217T035925Z.fits,285120
fits_cache,H7888_20211227T235923Z.fits,181440
fits_cache,H5890_20150820T145924Z.fits,89280
fits_cache,H1834_20120712T125925Z.fits,1886400
fits_cache,H2029_20120911T165925Z.fits,31680
fits_cache,H7571_20210416T035923Z.fits,46080
fits_cache,H6424_20160313T165924Z.fits,118080
fits_cache,H5535_20150504T065925Z.fits,97920
fits_cache,H1113_20111126T205926Z.fits,388800
fits_cache,H4390_20140803T015925Z.fits,823680
fits_cache,H182_20100916T205926Z.fits,40320
fits_cache,H6064_20151102T235924Z.fits,40320
fits_cache,H2748_20130520T065925Z.fits,319680
fits_cache,H6050_20151023T125924Z.fits,31680
fits_cache,H746_20110729T185926Z.fits,360000
fits_cache,H1275_20120105T025926Z.fits,475200
fits_cache,H86_20100712T235926Z.fits,601920
fits_cache,H362_20110203T045926Z.fits,264960
fits_cache,H1946_20120826T205925Z.fits,325440
fits_cache,H5724_20150707T115924Z.fits,204480
fits_cache,H7633_20210628T155923Z.fits,216000
fits_cache,H3068_20130814T225925Z.fits,504000
fits_cache,H4379_20140730T145925Z.fits,383040
fits_cache,H2331_20121231T075925Z.fits,210240
fits_cache,H1488_20120325T205926Z.fits,218880
fits_cache,H3719_20140212T105925Z.fits,201600
fits_cache,H7548_20210223T235923Z.fits,138240
fits_cache,H2181_20121112T235925Z.fits,694080
fits_cache,H900_20110927T125926Z.fits,97920
fits_cache,H1907_20120810T115925Z.fits,1946880
fits_cache,H270_20101202T205926Z.fits,77760
fits_cache,H2822_20130602T005925Z.fits,132480
fits_cache,H7401_20200104T155923Z.fits,109440
fits_cache,H7692_20210805T185923Z.fits,28800
fits_cache,H6404_20160306T035924Z.fits,51840
fits_cache,H7015_20170519T145923Z.fits,129600
fits_cache,H2981_20130726T125925Z.fits,659520
fits_cache,H1471_20120314T165926Z.fits,167040
fits_cache,H1119_20111203T005926Z.fits,365760
fits_cache,H7251_20180424T115923Z.fits,213120
fits_cache,H1005_20111102T115926Z.fits,158400
fits_cache,H436_20110324T195926Z.fits,48960
fits_cache,H2683_20130423T045925Z.fits,69120
fits_cache,H5537_20150507T035925Z.fits,115200
fits_cache,H1669_20120518T185926Z.fits,198720
fits_cache,H1478_20120322T195926Z.fits,118080
fits_cache,H156_20100903T145926Z.fits,144000
fits_cache,H2109_20121017T005925Z.fits,339840
fits_cache,H4071_20140502T225925Z.fits,558720
fits_cache,H1959_20120826T035925Z.fits,362880
fits_cache,H5127_20150204T015925Z.fits,936000
fits_cache,H7803_20211028T025923Z.fits,224640
fits_cache,H5724_20150704T125924Z.fits,210240
fits_cache,H6394_20160304T155924Z.fits,86400
fits_cache,H7387_20191103T045923Z.fits,23040
fits_cache,H3247_20131007T085925Z.fits,233280
fits_cache,H5051_20150108T165925Z.fits,184320
fits_cache,H1249_20111229T165926Z.fits,204480
fits_cache,H1038_20111110T005926Z.fits,135360
fits_cache,H2922_20130705T025925Z.fits,172800
fits_cache,H3293_20131021T205925Z.fits,103680
fits_cache,H6407_20160305T095924Z.fits,20160
fits_cache,H3019_20130730T015925Z.fits,83520
fits_cache,H5472_20150417T205925Z.fits,126720
fits_cache,H3323_20131030T205925Z.fits,123840
fits_cache,H3129_20130904T195925Z.fits,717120
fits_cache,H2491_20130217T115925Z.fits,106560
fits_cache,H116_20100809T075926Z.fits,126720
fits_cache,H4166_20140529T075925Z.fits,120960
fits_cache,H8075_20220314T025923Z.fits,103680
fits_cache,H3362_20131108T075925Z.fits,28800
fits_cache,H1312_20120118T125926Z.fits,118080
fits_cache,H1350_20120131T205926Z.fits,1218240
fits_cache,H6281_20160121T145924Z.fits,760320
fits_cache,H2976_20130716T045925Z.fits,54720
fits_cache,H8167_20220426T105923Z.fits,250560
fits_cache,H57_20100621T035926Z.fits,302400
fits_cache,H7558_20210321T065923Z.fits,241920
fits_cache,H5789_20150722T005924Z.fits,190080
fits_cache,H6124_20151125T035924Z.fits,748800
fits_cache,H4901_20141210T205925Z.fits,40320
fits_cache,H3648_20140123T165925Z.fits,224640
fits_cache,H3108_20130820T115925Z.fits,23040
fits_cache,H3985_20140415T015925Z.fits,601920
fits_cache,H5211_20150212T095925Z.fits,46080
fits_cache,H4071_20140428T185925Z.fits,538560
fits_cache,H2585_20130326T185925Z.fits,181440
fits_cache,H466_20110402T105926Z.fits,699840
fits_cache,H7324_20181123T235923Z.fits,51840
fits_cache,H2948_20130709T025925Z.fits,28800
fits_cache,H7190_20171117T095923Z.fits,37440
fits_cache,H1300_20120116T035926Z.fits,336960
fits_cache,H6223_20160108T155924Z.fits,115200
fits_cache,H1651_20120513T125926Z.fits,37440
fits_cache,H5233_20150226T125925Z.fits,555840
fits_cache,H2651_20130416T015925Z.fits,371520
fits_cache,H7882_20211222T185923Z.fits,51840
fits_cache,H4073_20140501T065925Z.fits,262080
fits_cache,H2968_20130718T145925Z.fits,357120
fits_cache,H1574_20120420T195926Z.fits,1134720
fits_cache,H7532_20210117T195923Z.fits,57600
fits_cache,H794_20110822T125926Z.fits,558720
fits_cache,H5456_20150421T205925Z.fits,357120
fits_cache,H104_20100801T105926Z.fits,443520
fits_cache,H1514_20120401T165926Z.fits,195840
fits_cache,H4351_20140716T045925Z.fits,757440
fits_cache,H1948_20120820T005925Z.fits,46080
fits_cache,H7331_20190102T115923Z.fits,100800
fits_cache,H5051_20150112T195925Z.fits,192960
fits_cache,H3473_20131214T125925Z.fits,1393920
fits_cache,H1527_20120406T145926Z.fits,567360
fits_cache,H2581_20130321T005925Z.fits,115200
fits_cache,H4760_20141105T015925Z.fits,270720
fits_cache,H1690_20120528T095926Z.fits,74880
fits_cache,H7814_20211104T045923Z.fits,178560
fits_cache,H6242_20160111T115924Z.fits,204480
fits_cache,H7287_20180724T035923Z.fits,37440
fits_cache,H7203_20171213T035923Z.fits,40320
fits_cache,H1997_20120830T005925Z.fits,72000
fits_cache,H1832_20120707T185925Z.fits,187200
fits_cache,H2117_20121020T125925Z.fits,639360
fits_cache,H7814_20211107T075923Z.fits,181440
fits_cache,H2920_20130707T015925Z.fits,869760
fits_cache,H2109_20121017T215925Z.fits,334080
fits_cache,H4760_20141106T025925Z.fits,273600
fits_cache,H7324_20181124T235923Z.fits,51840
fits_cache,H3244_20131001T075925Z.fits,164160
fits_cache,H5677_20150620T145925Z.fits,109440
fits_cache,H6084_20151117T045924Z.fits,178560
fits_cache,H4092_20140505T185925Z.fits,120960
fits_cache,H2123_20121020T205925Z.fits,480960
fits_cache,H7304_20180908T065923Z.fits,51840
fits_cache,H7331_20190101T125923Z.fits,97920
fits_cache,H1300_20120113T065926Z.fits,342720
fits_cache,H7929_20220114T045923Z.fits,86400
fits_cache,H7312_20181014T225923Z.fits,120960
fits_cache,H1232_20111223T155926Z.fits,109440
fits_cache,H4065_20140427T115925Z.fits,100800
fits_cache,H2492_20130221T015925Z.fits,302400
fits_cache,H7405_20200127T215923Z.fits,89280
fits_cache,H667_20110620T095926Z.fits,555840
fits_cache,H3415_20131126T045925Z.fits,835200
fits_cache,H4678_20141019T195925Z.fits,607680
fits_cache,H4231_20140611T205925Z.fits,175680
fits_cache,H4814_20141117T005925Z.fits,106560
fits_cache,H3474_20131210T215925Z.fits,175680
fits_cache,H4908_20141214T145925Z.fits,207360
fits_cache,H323_20110108T145926Z.fits,411840
fits_cache,H3457_20131209T105925Z.fits,489600
fits_cache,H3942_20140405T065925Z.fits,475200
fits_cache,H812_20110829T155926Z.fits,339840
fits_cache,H3012_20130731T225925Z.fits,230400
fits_cache,H7694_20210816T005923Z.fits,276480
fits_cache,H2173_20121108T075925Z.fits,103680
fits_cache,H1724_20120607T125926Z.fits,288000
fits_cache,H7561_20210327T095923Z.fits,129600
fits_cache,H4963_20141223T085925Z.fits,152640
fits_cache,H1558_20120417T125926Z.fits,429120
fits_cache,H5653_20150611T005925Z.fits,253440
fits_cache,H1677_20120523T065926Z.fits,331200
fits_cache,H1278_20120108T065926Z.fits,403200
fits_cache,H2322_20121231T105925Z.fits,414720
fits_cache,H7825_20211111T215923Z.fits,195840
fits_cache,H7711_20210828T095923Z.fits,146880
fits_cache,H2920_20130707T155925Z.fits,878400
fits_cache,H115_20100812T135926Z.fits,483840
fits_cache,H7548_20210222T105923Z.fits,138240
fits_cache,H443_20110329T095926Z.fits,282240
fits_cache,H4225_20140614T235925Z.fits,5575680
fits_cache,H338_20110112T015926Z.fits,57600
fits_cache,H2663_20130419T225925Z.fits,259200
fits_cache,H8043_20220302T145923Z.fits,296640
fits_cache,H5004_20150103T205925Z.fits,195840
fits_cache,H772_20110812T155926Z.fits,80640
fits_cache,H4973_20141227T015925Z.fits,100800
fits_cache,H3199_20130926T185925Z.fits,878400
fits_cache,H940_20111016T205926Z.fits,1969920
fits_cache,H1866_20120719T145925Z.fits,253440
fits_cache,H8023_20220225T165923Z.fits,63360
fits_cache,H8204_20220502T065923Z.fits,126720
fits_cache,H2595_20130327T005925Z.fits,34560
fits_cache,H7400_20191224T225923Z.fits,28800
fits_cache,H5387_20150401T205925Z.fits,210240
fits_cache,H3415_20131127T165925Z.fits,861120
fits_cache,H7248_20180415T215923Z.fits,60480
fits_cache,H1844_20120706T195925Z.fits,28800
fits_cache,H7262_20180601T125923Z.fits,362880
fits_cache,H1979_20120904T165925Z.fits,239040
fits_cache,H4156_20140525T215925Z.fits,1120320
fits_cache,H5113_20150131T095925Z.fits,573120
fits_cache,H4820_20141112T235925Z.fits,63360
fits_cache,H4767_20141104T235925Z.fits,97920
fits_cache,H5541_20150513T165925Z.fits,691200
fits_cache,H3362_20131107T085925Z.fits,28800
fits_cache,H6258_20160117T165924Z.fits,708480
fits_cache,H5461_20150417T165925Z.fits,181440
fits_cache,H1113_20111128T085926Z.fits,397440
fits_cache,H7325_20181204T235923Z.fits,89280
fits_cache,H3520_20131225T135925Z.fits,1008000
fits_cache,H4424_20140809T015925Z.fits,552960
fits_cache,H1657_20120518T005926Z.fits,92160
fits_cache,H8050_20220310T035923Z.fits,276480
fits_cache,H2329_20121231T215925Z.fits,457920
fits_cache,H3586_20140114T035925Z.fits,434880
fits_cache,H3321_20131103T045925Z.fits,838080
fits_cache,H3364_20131115T235925Z.fits,495360
fits_cache,H2754_20130517T065925Z.fits,74880
fits_cache,H7298_20180816T235923Z.fits,51840
fits_cache,H7884_20211225T125923Z.fits,368640
fits_cache,H7659_20210715T135923Z.fits,92160
fits_cache,H7169_20171026T205923Z.fits,308160
fits_cache,H7229_20180120T015923Z.fits,74880
fits_cache,H7976_20220203T105923Z.fits,604800
fits_cache,H3082_20130822T035925Z.fits,345600
fits_cache,H536_20110428T115926Z.fits,92160
fits_cache,H5385_20150403T235925Z.fits,616320
fits_cache,H2114_20121016T165925Z.fits,77760
fits_cache,H3985_20140416T165925Z.fits,596160
fits_cache,H1168_20111211T235926Z.fits,230400
fits_cache,H3648_20140122T045925Z.fits,221760
fits_cache,H3999_20140413T185925Z.fits,455040
fits_cache,H6231_20160104T155924Z.fits,60480
fits_cache,H913_20111007T135926Z.fits,259200
fits_cache,H7389_20191116T035923Z.fits,80640
fits_cache,H7929_20220110T135923Z.fits,83520
fits_cache,H819_20110828T225926Z.fits,92160
fits_cache,H86_20100717T135926Z.fits,596160
fits_cache,H2912_20130629T215925Z.fits,158400
fits_cache,H317_20101227T015926Z.fits,57600
fits_cache,H1183_20111215T225926Z.fits,999360
fits_cache,H6454_20160401T165924Z.fits,195840
fits_cache,H8078_20220320T045923Z.fits,83520
fits_cache,H6439_20160319T185924Z.fits,48960
fits_cache,H2587_20130331T165925Z.fits,259200
fits_cache,H674_20110622T165926Z.fits,374400
fits_cache,H8003_20220217T215923Z.fits,120960
fits_cache,H805_20110826T185926Z.fits,184320
fits_cache,H2501_20130226T075925Z.fits,167040
fits_cache,H2493_20130222T145925Z.fits,120960
fits_cache,H6250_20160107T135924Z.fits,57600
fits_cache,H4761_20141031T215925Z.fits,103680
fits_cache,H7967_20220127T215923Z.fits,106560
fits_cache,H5103_20150127T195925Z.fits,230400
fits_cache,H114_20100811T125926Z.fits,224640
fits_cache,H7745_20210923T035923Z.fits,466560
fits_cache,H6324_20160203T195924Z.fits,149760
fits_cache,H5005_20141228T065925Z.fits,126720
fits_cache,H6398_20160309T135924Z.fits,558720
fits_cache,H2158_20121031T125925Z.fits,138240
fits_cache,H2571_20130324T045925Z.fits,152640
fits_cache,H1348_20120201T015926Z.fits,172800
fits_cache,H7058_20170624T115923Z.fits,239040
fits_cache,H6026_20151024T185924Z.fits,1111680
fits_cache,H7991_20220215T095923Z.fits,164160
fits_cache,H3176_20130916T105925Z.fits,95040
fits_cache,H7356_20190418T025923Z.fits,40320
fits_cache,H1028_20111106T045926Z.fits,933120
fits_cache,H7248_20180418T135923Z.fits,57600
fits_cache,H7269_20180618T225923Z.fits,241920
fits_cache,H2952_20130717T025925Z.fits,282240
fits_cache,H7405_20200129T045923Z.fits,89280
fits_cache,H4969_20141228T235925Z.fits,195840
fits_cache,H7561_20210325T205923Z.fits,132480
fits_cache,H4963_20141221T215925Z.fits,149760
fits_cache,H2839_20130614T145925Z.fits,57600
fits_cache,H4290_20140628T015925Z.fits,31680
fits_cache,H2923_20130703T125925Z.fits,40320
fits_cache,H3686_20140204T005925Z.fits,1471680
fits_cache,H2450_20130210T145925Z.fits,288000
fits_cache,H3569_20140105T035925Z.fits,72000
fits_cache,H3580_20140107T025925Z.fits,230400
fits_cache,H7643_20210701T195923Z.fits,181440
fits_cache,H4868_20141124T095925Z.fits,190080
fits_cache,H7310_20180930T095923Z.fits,66240
fits_cache,H6370_20160219T025924Z.fits,46080
fits_cache,H2169_20121102T205925Z.fits,25920
fits_cache,H1806_20120703T115925Z.fits,786240
fits_cache,H7983_20220210T005923Z.fits,371520
fits_cache,H3912_20140404T015925Z.fits,325440
fits_cache,H1908_20120804T125925Z.fits,100800
fits_cache,H6396_20160229T115924Z.fits,46080
fits_cache,H2910_20130702T165925Z.fits,48960
fits_cache,H3461_20131204T165925Z.fits,106560
fits_cache,H1908_20120807T115925Z.fits,97920
fits_cache,H5721_20150630T075925Z.fits,31680
fits_cache,H6470_20160405T015924Z.fits,54720
fits_cache,H46_20100604T145926Z.fits,149760
fits_cache,H3941_20140404T045925Z.fits,930240
fits_cache,H3258_20131014T015925Z.fits,509760
fits_cache,H438_20110327T045926Z.fits,187200
fits_cache,H7760_20211004T035923Z.fits,259200
fits_cache,H3601_20140114T005925Z.fits,555840
fits_cache,H7326_20181215T115923Z.fits,28800
fits_cache,H495_20110415T095926Z.fits,515520
fits_cache,H7117_20170905T135923Z.fits,581760
fits_cache,H903_20110930T135926Z.fits,190080
fits_cache,H2337_20121230T065925Z.fits,267840
fits_cache,H2433_20130204T085925Z.fits,201600
fits_cache,H7633_20210701T145923Z.fits,230400
fits_cache,H2259_20121204T135925Z.fits,31680
fits_cache,H674_20110624T105926Z.fits,380160
fits_cache,H1564_20120413T165926Z.fits,28800
fits_cache,H429_20110320T205926Z.fits,126720
fits_cache,H8172_20220502T065923Z.fits,529920
fits_cache,H6273_20160120T015924Z.fits,144000
fits_cache,H279_20101209T025926Z.fits,403200
fits_cache,H2541_20130314T045925Z.fits,198720
fits_cache,H693_20110703T025926Z.fits,92160
fits_cache,H674_20110626T015926Z.fits,368640
fits_cache,H2351_20130103T045925Z.fits,77760
fits_cache,H5939_20150903T145924Z.fits,57600
fits_cache,H5830_20150802T065924Z.fits,100800
fits_cache,H4920_20141216T045925Z.fits,3153600
fits_cache,H3856_20140320T025925Z.fits,1307520
fits_cache,H580_20110513T045926Z.fits,576000
fits_cache,H2245_20121201T095925Z.fits,380160
fits_cache,H3056_20130817T015925Z.fits,250560
fits_cache,H2672_20130422T185925Z.fits,152640
fits_cache,H3376_20131116T145925Z.fits,915840
fits_cache,H3941_20140404T105925Z.fits,936000
fits_cache,H7991_20220210T185923Z.fits,161280
fits_cache,H345_20110123T235926Z.fits,601920
fits_cache,H4851_20141125T065925Z.fits,912960
fits_cache,H2758_20130523T025925Z.fits,858240
fits_cache,H7551_20210303T165923Z.fits,158400
fits_cache,H5758_20150714T235924Z.fits,731520
fits_cache,H4900_20141213T215925Z.fits,489600
fits_cache,H2021_20120911T025925Z.fits,175680
fits_cache,H2749_20130513T185925Z.fits,103680
fits_cache,H4374_20140718T235925Z.fits,48960
fits_cache,H436_20110322T125926Z.fits,46080
fits_cache,H3154_20130909T095925Z.fits,336960
fits_cache,H2371_20130111T115925Z.fits,63360
fits_cache,H145_20100829T205926Z.fits,100800
fits_cache,H6136_20151130T165924Z.fits,264960
fits_cache,H2812_20130604T215925Z.fits,95040
fits_cache,H3601_20140115T125925Z.fits,558720
fits_cache,H7833_20211119T165923Z.fits,77760
fits_cache,H5736_20150701T165924Z.fits,37440
fits_cache,H6172_20151218T085924Z.fits,486720
fits_cache,H1596_20120426T065926Z.fits,175680
fits_cache,H2061_20120929T005925Z.fits,135360
fits_cache,H3874_20140321T225925Z.fits,469440
fits_cache,H3288_20131019T125925Z.fits,495360
fits_cache,H7643_20210703T085923Z.fits,187200
fits_cache,H1312_20120116T235926Z.fits,118080
fits_cache,H6394_20160229T035924Z.fits,86400
fits_cache,H674_20110621T015926Z.fits,362880
fits_cache,H259_20101123T065926Z.fits,322560
fits_cache,H1410_20120225T015926Z.fits,313920
fits_cache,H2519_20130302T065925Z.fits,118080
fits_cache,H270_20101128T095926Z.fits,80640
fits_cache,H6436_20160317T145924Z.fits,48960
fits_cache,H1783_20120620T005926Z.fits,60480
fits_cache,H198_20101005T135926Z.fits,118080
fits_cache,H6224_20160104T115924Z.fits,152640
fits_cache,H740_20110723T155926Z.fits,172800
fits_cache,H6010_20151014T065924Z.fits,164160
fits_cache,H1119_20111201T085926Z.fits,368640
fits_cache,H6320_20160203T155924Z.fits,149760
fits_cache,H2598_20130331T215925Z.fits,100800
fits_cache,H114_20100810T005926Z.fits,230400
fits_cache,H676_20110624T025926Z.fits,66240
fits_cache,H7670_20210718T225923Z.fits,109440
fits_cache,H4750_20141104T015925Z.fits,69120
fits_cache,H218_20101022T025926Z.fits,195840
fits_cache,H3149_20130831T025925Z.fits,218880
fits_cache,H3490_20131211T205925Z.fits,132480
fits_cache,H6224_20160107T125924Z.fits,152640
fits_cache,H3482_20131209T075925Z.fits,72000
fits_cache,H1019_20111106T145926Z.fits,659520
fits_cache,H3535_20131230T225925Z.fits,849600
fits_cache,H347_20110117T185926Z.fits,66240
fits_cache,H6967_20170326T125923Z.fits,103680
fits_cache,H6351_20160216T035924Z.fits,112320
fits_cache,H7842_20211127T165923Z.fits,578880
fits_cache,H4784_20141107T035925Z.fits,72000
fits_cache,H2270_20121210T235925Z.fits,115200
fits_cache,H6_20100501T005926Z.fits,51840
fits_cache,H7385_20191006T015923Z.fits,46080
fits_cache,H403_20110304T065926Z.fits,103680
fits_cache,H3481_20131214T015925Z.fits,406080
fits_cache,H3048_20130812T095925Z.fits,636480
fits_cache,H2400_20130122T225925Z.fits,406080
fits_cache,H7256_20180514T195923Z.fits,172800
fits_cache,H712_20110715T065926Z.fits,132480
fits_cache,H1339_20120128T115926Z.fits,259200
fits_cache,H3248_20131008T165925Z.fits,221760
fits_cache,H354_20110126T235926Z.fits,20160
fits_cache,H3721_20140214T095925Z.fits,509760
fits_cache,H6439_20160318T075924Z.fits,48960
fits_cache,H7386_20191106T035923Z.fits,34560
fits_cache,H429_20110322T105926Z.fits,120960
fits_cache,H6972_20170328T125923Z.fits,316800
fits_cache,H3353_20131111T235925Z.fits,46080
fits_cache,H3341_20131107T195925Z.fits,610560
fits_cache,H7566_20210403T205923Z.fits,46080
fits_cache,H7384_20190905T155923Z.fits,46080
fits_cache,H1186_20111217T085926Z.fits,328320
fits_cache,H686_20110628T025926Z.fits,103680
fits_cache,H7262_20180531T015923Z.fits,362880
fits_cache,H7871_20211220T015923Z.fits,852480
fits_cache,H7022_20170523T025923Z.fits,175680
fits_cache,H6027_20151021T065924Z.fits,630720
fits_cache,H2114_20121017T095925Z.fits,77760
fits_cache,H2710_20130503T135925Z.fits,37440
fits_cache,H7543_20210127T095923Z.fits,40320
fits_cache,H5447_20150421T095925Z.fits,1566720
fits_cache,H3957_20140405T235925Z.fits,129600
fits_cache,H7050_20170617T005923Z.fits,123840
fits_cache,H4374_20140718T025925Z.fits,46080
fits_cache,H2525_20130309T145925Z.fits,89280
fits_cache,H7431_20200728T035923Z.fits,161280
fits_cache,H3824_20140312T135925Z.fits,498240
fits_cache,H2351_20130102T235925Z.fits,77760
fits_cache,H185_20100920T045926Z.fits,466560
fits_cache,H7547_20210218T005923Z.fits,23040
fits_cache,H2839_20130610T225925Z.fits,57600
fits_cache,H5807_20150729T075924Z.fits,184320
fits_cache,H7888_20211226T095923Z.fits,190080
fits_cache,H12_20100510T135926Z.fits,144000
fits_cache,H415_20110314T035926Z.fits,360000
fits_cache,H8057_20220309T075923Z.fits,95040
fits_cache,H8148_20220420T125923Z.fits,89280
fits_cache,H2825_20130608T025925Z.fits,181440
fits_cache,H1424_20120225T125926Z.fits,181440
fits_cache,H7331_20181231T135923Z.fits,97920
fits_cache,H6064_20151103T095924Z.fits,40320
fits_cache,H1410_20120225T205926Z.fits,311040
fits_cache,H5337_20150318T075925Z.fits,118080
fits_cache,H3874_20140325T005925Z.fits,475200
fits_cache,H3826_20140307T205925Z.fits,178560
fits_cache,H1893_20120730T115925Z.fits,397440
fits_cache,H2380_20130113T225925Z.fits,138240
fits_cache,H6246_20160111T045924Z.fits,406080
fits_cache,H5107_20150130T045925Z.fits,705600
fits_cache,H7410_20200313T125923Z.fits,97920
fits_cache,H285_20101206T005926Z.fits,80640
fits_cache,H5718_20150705T135924Z.fits,1296000
fits_cache,H6015_20151017T125924Z.fits,506880
fits_cache,H7724_20210831T215923Z.fits,57600
fits_cache,H6418_20160316T145924Z.fits,351360
fits_cache,H1959_20120830T195925Z.fits,365760
fits_cache,H765_20110807T035926Z.fits,103680
fits_cache,H1405_20120220T195926Z.fits,195840
fits_cache,H2543_20130314T235925Z.fits,241920
fits_cache,H7549_20210223T215923Z.fits,195840
fits_cache,H3432_20131201T235925Z.fits,233280
fits_cache,H2291_20121211T195925Z.fits,319680
fits_cache,H1389_20120209T125926Z.fits,262080
fits_cache,H8181_20220430T065923Z.fits,89280
fits_cache,H5982_20150925T125924Z.fits,149760
fits_cache,H5571_20150520T185925Z.fits,270720
fits_cache,H6210_20151225T235924Z.fits,126720
fits_cache,H2173_20121109T185925Z.fits,103680
fits_cache,H2360_20130113T115925Z.fits,696960
fits_cache,H2338_20130102T135925Z.fits,126720
fits_cache,H185_20100925T015926Z.fits,472320
fits_cache,H2760_20130527T135925Z.fits,1281600
fits_cache,H3620_20140118T235925Z.fits,299520
fits_cache,H1348_20120127T085926Z.fits,169920
fits_cache,H403_20110306T225926Z.fits,103680
fits_cache,H2131_20121018T045925Z.fits,95040
fits_cache,H5582_20150522T185925Z.fits,112320
fits_cache,H2360_20130111T005925Z.fits,708480
fits_cache,H7348_20190308T135923Z.fits,80640
fits_cache,H4888_20141207T225925Z.fits,544320
fits_cache,H1572_20120417T205926Z.fits,57600
fits_cache,H8116_20220403T215923Z.fits,40320
fits_cache,H982_20111023T035926Z.fits,192960
fits_cache,H4879_20141128T145925Z.fits,63360
fits_cache,H49_20100608T045926Z.fits,126720
fits_cache,H7778_20211011T045923Z.fits,34560
fits_cache,H5615_20150530T085925Z.fits,74880
fits_cache,H5940_20150907T185924Z.fits,132480
fits_cache,H3620_20140120T125925Z.fits,293760
fits_cache,H1390_20120214T155926Z.fits,100800
fits_cache,H1628_20120502T075926Z.fits,169920
fits_cache,H3240_20131003T035925Z.fits,69120
fits_cache,H8149_20220415T135923Z.fits,86400
fits_cache,H4874_20141203T195925Z.fits,478080
fits_cache,H4761_20141031T005925Z.fits,100800
fits_cache,H7798_20211028T145923Z.fits,440640
fits_cache,H7544_20210201T115923Z.fits,40320
fits_cache,H6399_20160304T025924Z.fits,236160
fits_cache,H5107_20150127T205925Z.fits,705600
fits_cache,H6418_20160315T035924Z.fits,348480
fits_cache,H2910_20130630T075925Z.fits,48960
fits_cache,H7110_20170828T195923Z.fits,308160
fits_cache,H2739_20130514T205925Z.fits,696960
fits_cache,H325_20101231T165926Z.fits,123840
fits_cache,H7550_20210224T085923Z.fits,72000
fits_cache,H1089_20111124T145926Z.fits,276480
fits_cache,H1715_20120604T185926Z.fits,126720
fits_cache,H2760_20130524T045925Z.fits,1255680
fits_cache,H2342_20130105T155925Z.fits,120960
fits_cache,H1931_20120815T185925Z.fits,383040
fits_cache,H540_20110427T145926Z.fits,187200
fits_cache,H4088_20140507T115925Z.fits,279360
fits_cache,H4315_20140709T095925Z.fits,599040
fits_cache,H2504_20130301T155925Z.fits,86400
fits_cache,H7573_20210425T005923Z.fits,443520
fits_cache,H2171_20121104T145925Z.fits,72000
fits_cache,H7262_20180527T235923Z.fits,354240
fits_cache,H1688_20120527T185926Z.fits,250560
fits_cache,H1527_20120403T085926Z.fits,555840
fits_cache,H5982_20150922T065924Z.fits,149760
fits_cache,H7932_20220112T205923Z.fits,57600
fits_cache,H7590_20210522T105923Z.fits,385920
fits_cache,H2626_20130404T105925Z.fits,66240
fits_cache,H2878_20130624T025925Z.fits,527040
fits_cache,H8142_20220415T225923Z.fits,54720
fits_cache,H2878_20130626T075925Z.fits,535680
fits_cache,H1080_20111119T035926Z.fits,380160
fits_cache,H8060_20220307T145923Z.fits,224640
fits_cache,H8081_20220325T025923Z.fits,138240
fits_cache,H814_20110829T065926Z.fits,973440
fits_cache,H2887_20130627T115925Z.fits,383040
fits_cache,H8142_20220416T215923Z.fits,54720
fits_cache,H321_20110105T015926Z.fits,83520
fits_cache,H2502_20130228T135925Z.fits,457920
fits_cache,H4075_20140504T045925Z.fits,230400
fits_cache,H6084_20151112T185924Z.fits,181440
fits_cache,H7932_20220111T235923Z.fits,51840
fits_cache,H1578_20120422T045926Z.fits,250560
fits_cache,H6370_20160220T005924Z.fits,48960
fits_cache,H3066_20130816T185925Z.fits,763200
fits_cache,H5422_20150411T125925Z.fits,172800
fits_cache,H5745_20150707T005924Z.fits,345600
fits_cache,H5807_20150726T085924Z.fits,181440
fits_cache,H3784_20140303T045925Z.fits,3061440
fits_cache,H3821_20140309T195925Z.fits,204480
fits_cache,H8155_20220420T235923Z.fits,1782720
fits_cache,H856_20110919T125926Z.fits,1111680
fits_cache,H7857_20211202T205923Z.fits,144000
fits_cache,H1500_20120327T185926Z.fits,797760
fits_cache,H1165_20111210T075926Z.fits,72000
fits_cache,H1079_20111122T165926Z.fits,152640
fits_cache,H5627_20150604T105925Z.fits,100800
fits_cache,H4383_20140727T075925Z.fits,377280
fits_cache,H6052_20151026T145924Z.fits,262080
fits_cache,H5028_20150111T045925Z.fits,901440
fits_cache,H7436_20200810T135923Z.fits,167040
fits_cache,H3291_20131023T075925Z.fits,673920
fits_cache,H6250_20160108T145924Z.fits,60480
fits_cache,H4135_20140516T035925Z.fits,80640
fits_cache,H5618_20150601T165925Z.fits,892800
fits_cache,H3620_20140117T115925Z.fits,302400
fits_cache,H1737_20120604T035926Z.fits,109440
fits_cache,H1979_20120901T235925Z.fits,239040
fits_cache,H2594_20130326T185925Z.fits,51840
fits_cache,H2718_20130510T105925Z.fits,97920
fits_cache,H7476_20201123T115923Z.fits,74880
fits_cache,H5949_20150907T125924Z.fits,77760
fits_cache,H3366_20131114T135925Z.fits,956160
fits_cache,H5845_20150811T065924Z.fits,72000
fits_cache,H4288_20140702T155925Z.fits,250560
fits_cache,H7805_20211101T015923Z.fits,146880
fits_cache,H4921_20141212T215925Z.fits,141120
fits_cache,H4290_20140627T065925Z.fits,31680
fits_cache,H3366_20131115T155925Z.fits,967680
fits_cache,H2113_20121016T165925Z.fits,74880
fits_cache,H650_20110608T225926Z.fits,374400
fits_cache,H146_20100828T065926Z.fits,132480
fits_cache,H3260_20131009T005925Z.fits,95040
fits_cache,H4022_20140419T015925Z.fits,54720
fits_cache,H1348_20120130T115926Z.fits,172800
fits_cache,H4667_20141015T065925Z.fits,414720
fits_cache,H6396_20160301T135924Z.fits,43200
fits_cache,H7413_20200427T235923Z.fits,89280
fits_cache,H8064_20220314T025923Z.fits,610560
fits_cache,H2130_20121022T235925Z.fits,417600
fits_cache,H1907_20120810T145925Z.fits,1941120
fits_cache,H5537_20150506T005925Z.fits,115200
fits_cache,H4973_20141230T015925Z.fits,100800
fits_cache,H8005_20220210T235923Z.fits,92160
fits_cache,H8050_20220307T035923Z.fits,276480
fits_cache,H2341_20130106T035925Z.fits,262080
fits_cache,H1557_20120418T105926Z.fits,135360
fits_cache,H377_20110216T085926Z.fits,319680
fits_cache,H3364_20131115T135925Z.fits,498240
fits_cache,H3263_20131012T005925Z.fits,688320
fits_cache,H814_20110830T165926Z.fits,990720
fits_cache,H1426_20120228T235926Z.fits,80640
fits_cache,H3056_20130817T095925Z.fits,253440
fits_cache,H2061_20121002T065925Z.fits,135360
fits_cache,H6100_20151116T225924Z.fits,659520
fits_cache,H107_20100803T195926Z.fits,109440
fits_cache,H4156_20140527T145925Z.fits,1128960
fits_cache,H6394_20160301T155924Z.fits,92160
fits_cache,H7883_20211222T125923Z.fits,66240
fits_cache,H5544_20150512T165925Z.fits,83520
fits_cache,H1715_20120601T205926Z.fits,132480
fits_cache,H4820_20141112T135925Z.fits,63360
fits_cache,H6231_20160105T235924Z.fits,60480
fits_cache,H2610_20130403T195925Z.fits,34560
fits_cache,H7426_20200704T065923Z.fits,20160
fits_cache,H355_20110131T145926Z.fits,221760
fits_cache,H3353_20131109T215925Z.fits,46080
fits_cache,H8023_20220220T235923Z.fits,63360
fits_cache,H2436_20130204T225925Z.fits,80640
fits_cache,H1651_20120509T185926Z.fits,37440
fits_cache,H2348_20130111T045925Z.fits,144000
fits_cache,H3766_20140224T095925Z.fits,918720
fits_cache,H3875_20140321T045925Z.fits,86400
fits_cache,H2029_20120912T105925Z.fits,34560
fits_cache,H1879_20120730T145925Z.fits,1895040
fits_cache,H3103_20130826T025925Z.fits,247680
fits_cache,H1391_20120213T065926Z.fits,267840
fits_cache,H2166_20121106T165925Z.fits,403200
fits_cache,H7548_20210226T235923Z.fits,135360
fits_cache,H51_20100610T015926Z.fits,80640
fits_cache,H5385_20150402T155925Z.fits,627840
fits_cache,H8203_20220502T065923Z.fits,11520
fits_cache,H7148_20171002T135923Z.fits,593280
fits_cache,H5328_20150313T155925Z.fits,72000
fits_cache,H1789_20120621T115926Z.fits,51840
fits_cache,H2533_20130310T105925Z.fits,149760
fits_cache,H4616_20141006T025925Z.fits,861120
fits_cache,H6002_20151013T165924Z.fits,80640
fits_cache,H3376_20131119T135925Z.fits,933120
fits_cache,H6324_20160204T115924Z.fits,149760
fits_cache,H4071_20140430T035925Z.fits,547200
fits_cache,H2260_20121205T005925Z.fits,31680
fits_cache,H252_20101114T155926Z.fits,391680
fits_cache,H7698_20210810T235923Z.fits,17280
fits_cache,H1168_20111213T025926Z.fits,230400
fits_cache,H1998_20120830T195925Z.fits,34560
fits_cache,H2737_20130518T165925Z.fits,999360
fits_cache,H3320_20131102T085925Z.fits,103680
fits_cache,H4156_20140524T035925Z.fits,1077120
fits_cache,H7716_20210827T065923Z.fits,411840
fits_cache,H104_20100805T235926Z.fits,437760
fits_cache,H7127_20170911T025923Z.fits,100800
fits_cache,H4390_20140801T155925Z.fits,838080
fits_cache,H8082_20220322T035923Z.fits,100800
fits_cache,H1275_20120103T155926Z.fits,463680
fits_cache,H2186_20121113T045925Z.fits,414720
fits_cache,H2203_20121121T165925Z.fits,869760
fits_cache,H1237_20111227T105926Z.fits,345600
fits_cache,H5073_20150118T115925Z.fits,840960
fits_cache,H338_20110114T235926Z.fits,57600
fits_cache,H2166_20121105T015925Z.fits,411840
fits_cache,H902_20111001T155926Z.fits,288000
fits_cache,H5127_20150203T105925Z.fits,941760
fits_cache,H7860_20211206T105923Z.fits,37440
fits_cache,H3730_20140213T105925Z.fits,362880
fits_cache,H2560_20130312T105925Z.fits,201600
fits_cache,H1389_20120214T015926Z.fits,276480
fits_cache,H1789_20120624T005926Z.fits,54720
fits_cache,H3894_20140329T165925Z.fits,362880
fits_cache,H2107_20121010T165925Z.fits,95040
fits_cache,H5635_20150604T085925Z.fits,141120
fits_cache,H7936_20220116T125923Z.fits,155520
fits_cache,H5940_20150912T045924Z.fits,132480
fits_cache,H2749_20130514T045925Z.fits,103680
fits_cache,H702_20110712T105926Z.fits,138240
fits_cache,H2371_20130114T085925Z.fits,60480
fits_cache,H4123_20140519T185925Z.fits,290880
fits_cache,H2672_20130424T025925Z.fits,152640
fits_cache,H1690_20120524T215926Z.fits,74880
fits_cache,H4896_20141206T005925Z.fits,37440
fits_cache,H4152_20140520T185925Z.fits,69120
fits_cache,H2270_20121209T125925Z.fits,112320
fits_cache,H2809_20130603T065925Z.fits,192960
fits_cache,H4088_20140508T235925Z.fits,276480
fits_cache,H5818_20150801T205924Z.fits,213120
fits_cache,H7883_20211224T005923Z.fits,63360
fits_cache,H2017_20120905T195925Z.fits,77760
fits_cache,H98_20100729T195926Z.fits,89280
fits_cache,H6975_20170401T015923Z.fits,244800
fits_cache,H4679_20141014T195925Z.fits,118080
fits_cache,H6015_20151020T115924Z.fits,518400
fits_cache,H7719_20210831T195923Z.fits,46080
fits_cache,H5233_20150222T215925Z.fits,567360
fits_cache,H1092_20111124T065926Z.fits,250560
fits_cache,H4302_20140701T015925Z.fits,80640
fits_cache,H940_20111015T075926Z.fits,1964160
fits_cache,H7222_20180103T195923Z.fits,40320
fits_cache,H7253_20180422T005923Z.fits,23040
fits_cache,H8182_20220501T205923Z.fits,385920
fits_cache,H6313_20160208T135924Z.fits,175680
fits_cache,H3048_20130811T165925Z.fits,627840
fits_cache,H5985_20150923T195924Z.fits,63360
fits_cache,H8057_20220305T225923Z.fits,89280
fits_cache,H8096_20220405T125923Z.fits,645120
fits_cache,H7891_20211228T145923Z.fits,365760
fits_cache,H1210_20111223T035926Z.fits,345600
fits_cache,H7453_20201009T085923Z.fits,51840
fits_cache,H5618_20150603T075925Z.fits,895680
fits_cache,H5111_20150129T005925Z.fits,256320
fits_cache,H6063_20151104T045924Z.fits,524160
fits_cache,H5935_20150908T115924Z.fits,95040
fits_cache,H1644_20120512T185926Z.fits,564480
fits_cache,H1948_20120819T135925Z.fits,48960
fits_cache,H3894_20140328T105925Z.fits,368640
fits_cache,H4138_20140520T005925Z.fits,720000
fits_cache,H5653_20150613T215925Z.fits,256320
fits_cache,H7353_20190415T225923Z.fits,472320
fits_cache,H7237_20180210T035923Z.fits,190080
fits_cache,H1080_20111117T165926Z.fits,377280
fits_cache,H3273_20131020T045925Z.fits,599040
fits_cache,H5789_20150720T145924Z.fits,192960
fits_cache,H5865_20150812T105924Z.fits,198720
fits_cache,H2887_20130628T025925Z.fits,383040
fits_cache,H2511_20130305T225925Z.fits,639360
fits_cache,H833_20110906T005926Z.fits,547200
fits_cache,H5627_20150602T235925Z.fits,103680
fits_cache,H2976_20130716T155925Z.fits,54720
fits_cache,H2203_20121118T145925Z.fits,875520
fits_cache,H155_20100901T095926Z.fits,54720
fits_cache,H297_20101220T185926Z.fits,210240
fits_cache,H3116_20130822T085925Z.fits,34560
fits_cache,H4943_20141217T105925Z.fits,184320
fits_cache,H7918_20220111T145923Z.fits,221760
fits_cache,H7256_20180511T215923Z.fits,172800
fits_cache,H6981_20170401T015923Z.fits,37440
fits_cache,H1464_20120317T195926Z.fits,239040
fits_cache,H5526_20150504T145925Z.fits,411840
fits_cache,H7552_20210307T005923Z.fits,77760
fits_cache,H705_20110712T015926Z.fits,167040
fits_cache,H2186_20121111T205925Z.fits,408960
fits_cache,H5011_20150103T195925Z.fits,452160
fits_cache,H5612_20150524T035925Z.fits,48960
fits_cache,H7638_20210629T125923Z.fits,316800
fits_cache,H713_20110713T135926Z.fits,374400
fits_cache,H3821_20140305T095925Z.fits,204480
fits_cache,H927_20111011T125926Z.fits,360000
fits_cache,H6483_20160412T095924Z.fits,498240
fits_cache,H371_20110211T235926Z.fits,112320
fits_cache,H1449_20120310T165926Z.fits,604800
fits_cache,H7246_20180402T135923Z.fits,92160
fits_cache,H5462_20150425T005925Z.fits,688320
fits_cache,H6231_20160107T135924Z.fits,57600
fits_cache,H2976_20130715T165925Z.fits,54720
fits_cache,H1677_20120526T065926Z.fits,336960
fits_cache,H7854_20211206T035923Z.fits,112320
fits_cache,H8060_20220308T075923Z.fits,227520
fits_cache,H7013_20170520T195923Z.fits,192960
fits_cache,H190_20100925T215926Z.fits,144000
fits_cache,H6124_20151123T145924Z.fits,743040
fits_cache,H2812_20130601T195925Z.fits,95040
fits_cache,H6975_20170330T155923Z.fits,233280
fits_cache,H5652_20150605T185925Z.fits,46080
fits_cache,H5961_20150920T105924Z.fits,656640
fits_cache,H3244_20131002T155925Z.fits,169920
fits_cache,H7673_20210726T145923Z.fits,380160
fits_cache,H8005_20220210T165923Z.fits,92160
fits_cache,H7550_20210225T065923Z.fits,72000
fits_cache,H3813_20140304T235925Z.fits,267840
fits_cache,H2685_20130430T195925Z.fits,336960
fits_cache,H3877_20140318T145925Z.fits,155520
fits_cache,H5949_20150911T115924Z.fits,80640
fits_cache,H43_20100531T045926Z.fits,106560
fits_cache,H7917_20220109T165923Z.fits,486720
fits_cache,H7730_20210902T195923Z.fits,195840
fits_cache,H2113_20121016T235925Z.fits,74880
fits_cache,H755_20110731T215926Z.fits,66240
fits_cache,H6140_20151128T135924Z.fits,619200
fits_cache,H1381_20120204T095926Z.fits,20160
fits_cache,H3032_20130801T155925Z.fits,146880
fits_cache,H1338_20120128T025926Z.fits,244800
fits_cache,H4969_20141224T125925Z.fits,201600
fits_cache,H6383_20160229T045924Z.fits,319680
fits_cache,H5011_20150104T195925Z.fits,457920
fits_cache,H2314_20121222T125925Z.fits,397440
fits_cache,H794_20110821T005926Z.fits,550080
fits_cache,H407_20110313T135926Z.fits,360000
fits_cache,H5673_20150617T235925Z.fits,633600
fits_cache,H746_20110731T035926Z.fits,360000
fits_cache,H5415_20150410T065925Z.fits,1169280
fits_cache,H182_20100917T165926Z.fits,40320
fits_cache,H6154_20151211T165924Z.fits,141120
fits_cache,H5845_20150809T185924Z.fits,72000
fits_cache,H2028_20120918T155925Z.fits,244800
fits_cache,H7382_20190809T045923Z.fits,17280
fits_cache,H7569_20210415T235923Z.fits,126720
fits_cache,H7670_20210717T045923Z.fits,103680
fits_cache,H2414_20130129T155925Z.fits,181440
fits_cache,H3386_20131117T165925Z.fits,72000
fits_cache,H7798_20211027T075923Z.fits,440640
fits_cache,H4093_20140507T225925Z.fits,195840
fits_cache,H7544_20210201T195923Z.fits,40320
fits_cache,H7581_20210515T165923Z.fits,218880
fits_cache,H26_20100522T125926Z.fits,118080
fits_cache,H1634_20120506T135926Z.fits,161280
fits_cache,H7010_20170519T065923Z.fits,69120
fits_cache,H8005_20220211T045923Z.fits,92160
fits_cache,H4422_20140807T135925Z.fits,57600
fits_cache,H3879_20140327T225925Z.fits,515520
fits_cache,H7432_20200804T195923Z.fits,316800
fits_cache,H814_20110901T045926Z.fits,990720
fits_cache,H7452_20201009T135923Z.fits,92160
fits_cache,H5916_20150830T025924Z.fits,178560
fits_cache,H5462_20150422T145925Z.fits,699840
fits_cache,H2651_20130413T015925Z.fits,371520
fits_cache,H4295_20140630T215925Z.fits,152640
fits_cache,H4073_20140504T065925Z.fits,264960
fits_cache,H2401_20130120T205925Z.fits,66240
fits_cache,H4810_20141119T005925Z.fits,195840
fits_cache,H7728_20210904T185923Z.fits,181440
fits_cache,H4678_20141016T075925Z.fits,596160
fits_cache,H4186_20140604T155925Z.fits,221760
fits_cache,H248_20101106T005926Z.fits,66240
fits_cache,H5961_20150918T215924Z.fits,650880
fits_cache,H1951_20120828T235925Z.fits,495360
fits_cache,H2599_20130401T155925Z.fits,374400
fits_cache,H6258_20160113T045924Z.fits,705600
fits_cache,H3520_20131223T045925Z.fits,987840
fits_cache,H5808_20150728T205924Z.fits,129600
fits_cache,H3586_20140112T145925Z.fits,443520
fits_cache,H3730_20140215T235925Z.fits,365760
fits_cache,H7171_20171031T125923Z.fits,362880
fits_cache,H764_20110805T205926Z.fits,126720
fits_cache,H2414_20130128T075925Z.fits,181440
fits_cache,H7353_20190414T115923Z.fits,489600
fits_cache,H7937_20220118T145923Z.fits,348480
fits_cache,H2812_20130603T085925Z.fits,95040
fits_cache,H115_20100811T015926Z.fits,489600
fits_cache,H4874_20141201T005925Z.fits,478080
fits_cache,H7558_20210324T065923Z.fits,233280
fits_cache,H1391_20120216T225926Z.fits,267840
fits_cache,H2634_20130408T185925Z.fits,92160
fits_cache,H3022_20130802T085925Z.fits,95040
fits_cache,H2954_20130717T215925Z.fits,187200
fits_cache,H5550_20150514T235925Z.fits,187200
fits_cache,H4901_20141209T085925Z.fits,40320
fits_cache,H2130_20121024T045925Z.fits,423360
fits_cache,H5596_20150522T165925Z.fits,109440
fits_cache,H7978_20220205T005923Z.fits,354240
fits_cache,H851_20110910T235926Z.fits,158400
fits_cache,H3244_20131004T075925Z.fits,167040
fits_cache,H772_20110814T025926Z.fits,77760
fits_cache,H843_20110908T045926Z.fits,325440
fits_cache,H5073_20150120T015925Z.fits,835200
fits_cache,H5354_20150325T005925Z.fits,722880
fits_cache,H625_20110529T045926Z.fits,106560
fits_cache,H1873_20120723T195925Z.fits,371520
fits_cache,H8204_20220504T115923Z.fits,129600
fits_cache,H128_20100814T015926Z.fits,158400
fits_cache,H7357_20190511T075923Z.fits,190080
fits_cache,H7389_20191117T145923Z.fits,80640
fits_cache,H5249_20150301T005925Z.fits,1247040
fits_cache,H3362_20131107T195925Z.fits,28800
fits_cache,H2944_20130709T065925Z.fits,31680
fits_cache,H5678_20150617T065925Z.fits,181440
fits_cache,H2597_20130401T125925Z.fits,601920
fits_cache,H3376_20131121T035925Z.fits,912960
fits_cache,H7731_20210905T235923Z.fits,155520
fits_cache,H7274_20180617T215923Z.fits,60480
fits_cache,H927_20111010T005926Z.fits,357120
fits_cache,H956_20111013T205926Z.fits,103680
fits_cache,H7357_20190510T015923Z.fits,192960
fits_cache,H2491_20130217T145925Z.fits,109440
fits_cache,H3532_20131229T165925Z.fits,43200
fits_cache,H104_20100804T105926Z.fits,446400
fits_cache,H7675_20210728T035923Z.fits,492480
fits_cache,H4351_20140713T045925Z.fits,777600
fits_cache,H3836_20140311T145925Z.fits,357120
fits_cache,H7431_20200726T165923Z.fits,158400
fits_cache,H4040_20140426T045925Z.fits,187200
fits_cache,H3522_20131220T015925Z.fits,23040
fits_cache,H695_20110712T035926Z.fits,144000
fits_cache,H1653_20120518T095926Z.fits,385920
fits_cache,H7236_20180209T145923Z.fits,40320
fits_cache,H5818_20150731T075924Z.fits,213120
fits_cache,H6167_20151212T035924Z.fits,247680
fits_cache,H5022_20150105T095925Z.fits,665280
fits_cache,H632_20110531T155926Z.fits,100800
fits_cache,H421_20110320T045926Z.fits,374400
fits_cache,H1041_20111109T125926Z.fits,904320
fits_cache,H2954_20130714T225925Z.fits,187200
fits_cache,H2121_20121018T065925Z.fits,293760
fits_cache,H6418_20160313T195924Z.fits,348480
fits_cache,H2344_20130106T145925Z.fits,607680
fits_cache,H1318_20120120T015926Z.fits,213120
fits_cache,H3542_20140101T005925Z.fits,815040
fits_cache,H5957_20150910T225924Z.fits,25920
fits_cache,H7760_20211002T145923Z.fits,256320
fits_cache,H1171_20111212T205926Z.fits,152640
fits_cache,H220_20101018T145926Z.fits,155520
fits_cache,H7228_20180109T015923Z.fits,34560
fits_cache,H8010_20220214T115923Z.fits,83520
fits_cache,H4022_20140415T145925Z.fits,51840
fits_cache,H622_20110526T035926Z.fits,262080
fits_cache,H1596_20120423T065926Z.fits,175680
fits_cache,H3188_20130921T015925Z.fits,74880
fits_cache,H540_20110426T225926Z.fits,184320
fits_cache,H7350_20190319T065923Z.fits,244800
fits_cache,H451_20110402T235926Z.fits,322560
fits_cache,H5823_20150805T215924Z.fits,149760
fits_cache,H6178_20151218T125924Z.fits,763200
fits_cache,H8_20100505T015926Z.fits,144000
fits_cache,H5991_20151001T015924Z.fits,230400
fits_cache,H7260_20180527T155923Z.fits,69120
fits_cache,H7566_20210404T045923Z.fits,46080
fits_cache,H6383_20160227T215924Z.fits,316800
fits_cache,H7510_20201228T015923Z.fits,561600
fits_cache,H1701_20120527T035926Z.fits,195840
fits_cache,H5830_20150805T035924Z.fits,97920
fits_cache,H7665_20210713T035923Z.fits,66240
fits_cache,H3244_20130929T235925Z.fits,149760
fits_cache,H2952_20130715T165925Z.fits,279360
fits_cache,H5983_20150928T065924Z.fits,469440
fits_cache,H3443_20131203T215925Z.fits,86400
fits_cache,H5230_20150225T105925Z.fits,515520
fits_cache,H6437_20160323T025924Z.fits,319680
fits_cache,H5652_20150606T235925Z.fits,48960
fits_cache,H3336_20131104T035925Z.fits,181440
fits_cache,H2109_20121017T085925Z.fits,339840
fits_cache,H364_20110210T215926Z.fits,187200
fits_cache,H7356_20190418T135923Z.fits,40320
fits_cache,H3448_20131208T085925Z.fits,613440
fits_cache,H6052_20151028T045924Z.fits,270720
fits_cache,H1309_20120114T185926Z.fits,224640
fits_cache,H2193_20121114T215925Z.fits,743040
fits_cache,H695_20110709T075926Z.fits,144000
fits_cache,H1644_20120514T075926Z.fits,570240
fits_cache,H1727_20120605T025926Z.fits,167040
fits_cache,H576_20110506T135926Z.fits,285120
fits_cache,H5026_20150108T235925Z.fits,241920
fits_cache,H3804_20140303T215925Z.fits,400320
fits_cache,H8134_20220411T025923Z.fits,296640
fits_cache,H7227_20180111T035923Z.fits,40320
fits_cache,H1863_20120713T015925Z.fits,158400
fits_cache,H4152_20140525T045925Z.fits,69120
fits_cache,H580_20110510T025926Z.fits,584640
fits_cache,H3371_20131112T225925Z.fits,129600
fits_cache,H602_20110513T185926Z.fits,169920
fits_cache,H712_20110712T035926Z.fits,129600
fits_cache,H6994_20170428T165923Z.fits,279360
fits_cache,H5823_20150802T215924Z.fits,158400
fits_cache,H2610_20130402T125925Z.fits,37440
fits_cache,H7389_20191118T235923Z.fits,80640
fits_cache,H3481_20131211T015925Z.fits,400320
fits_cache,H5411_20150402T135925Z.fits,83520
fits_cache,H3119_20130828T075925Z.fits,336960
fits_cache,H1410_20120221T075926Z.fits,313920
fits_cache,H940_20111013T185926Z.fits,1900800
fits_cache,H2839_20130612T035925Z.fits,57600
fits_cache,H853_20110919T145926Z.fits,207360
fits_cache,H3569_20140106T115925Z.fits,69120
fits_cache,H7675_20210730T045923Z.fits,480960
fits_cache,H4321_20140706T105925Z.fits,342720
fits_cache,H7716_20210828T045923Z.fits,417600
fits_cache,H7731_20210904T095923Z.fits,155520
fits_cache,H1120_20111204T155926Z.fits,313920
fits_cache,H1113_20111201T125926Z.fits,388800
fits_cache,H3647_20140125T105925Z.fits,1641600
fits_cache,H3220_20130927T215925Z.fits,239040
fits_cache,H2344_20130109T235925Z.fits,590400
fits_cache,H6320_20160206T155924Z.fits,164160
fits_cache,H2543_20130310T105925Z.fits,239040
fits_cache,H2227_20121126T235925Z.fits,311040
fits_cache,H6002_20151010T185924Z.fits,83520
fits_cache,H4864_20141129T135925Z.fits,216000
fits_cache,H187_20100930T025926Z.fits,457920
fits_cache,H5550_20150518T035925Z.fits,187200
fits_cache,H7747_20210919T205923Z.fits,135360
fits_cache,H7672_20210722T155923Z.fits,66240
fits_cache,H5326_20150318T135925Z.fits,77760
fits_cache,H2954_20130719T045925Z.fits,184320
fits_cache,H8195_20220504T125923Z.fits,259200
fits_cache,H7274_20180618T025923Z.fits,60480
fits_cache,H7638_20210627T235923Z.fits,305280
fits_cache,H4156_20140529T105925Z.fits,1100160
fits_cache,H1237_20111229T005926Z.fits,348480
fits_cache,H7805_20211028T005923Z.fits,146880
fits_cache,H92_20100727T165926Z.fits,492480
fits_cache,H131_20100813T045926Z.fits,69120
fits_cache,H7256_20180513T085923Z.fits,175680
fits_cache,H6273_20160121T165924Z.fits,141120
fits_cache,H5850_20150805T105924Z.fits,66240
fits_cache,H3336_20131102T115925Z.fits,169920
fits_cache,H1478_20120324T035926Z.fits,118080
fits_cache,H532_20110428T205926Z.fits,213120
fits_cache,H3647_20140124T025925Z.fits,1621440
fits_cache,H4851_20141128T095925Z.fits,904320
fits_cache,H7513_20201231T105923Z.fits,195840
fits_cache,H5919_20150830T135924Z.fits,112320
fits_cache,H3813_20140309T115925Z.fits,273600
fits_cache,H431_20110317T085926Z.fits,66240
fits_cache,H7901_20211226T125923Z.fits,167040
fits_cache,H6967_20170325T005923Z.fits,100800
fits_cache,H4955_20141225T135925Z.fits,737280
fits_cache,H5099_20150123T165925Z.fits,80640
fits_cache,H3843_20140315T145925Z.fits,604800
fits_cache,H3049_20130808T185925Z.fits,80640
fits_cache,H5894_20150824T135924Z.fits,627840
fits_cache,H1455_20120305T045926Z.fits,132480
fits_cache,H4294_20140706T045925Z.fits,1111680
fits_cache,H8155_20220425T025923Z.fits,1889280
fits_cache,H556_20110504T225926Z.fits,904320
fits_cache,H2541_20130311T105925Z.fits,195840
fits_cache,H3116_20130824T225925Z.fits,34560
fits_cache,H340_20110108T125926Z.fits,25920
fits_cache,H7472_20201120T135923Z.fits,429120
fits_cache,H7896_20220102T105923Z.fits,112320
fits_cache,H4679_20141016T115925Z.fits,118080
fits_cache,H639_20110603T135926Z.fits,420480
fits_cache,H1951_20120824T035925Z.fits,498240
fits_cache,H693_20110707T105926Z.fits,92160
fits_cache,H3515_20131223T205925Z.fits,221760
fits_cache,H1256_20120105T165926Z.fits,1177920
fits_cache,H131_20100816T015926Z.fits,69120
fits_cache,H3068_20130820T035925Z.fits,509760
fits_cache,H1425_20120228T125926Z.fits,483840
fits_cache,H7937_20220120T095923Z.fits,354240
fits_cache,H7842_20211125T025923Z.fits,552960
fits_cache,H3122_20130830T235925Z.fits,360000
fits_cache,H4025_20140424T085925Z.fits,164160
fits_cache,H3658_20140120T225925Z.fits,80640
fits_cache,H4678_20141018T225925Z.fits,607680
fits_cache,H5075_20150117T195925Z.fits,201600
fits_cache,H765_20110810T035926Z.fits,106560
fits_cache,H1959_20120829T045925Z.fits,371520
fits_cache,H2040_20120926T045925Z.fits,1399680
fits_cache,H6974_20170325T225923Z.fits,57600
fits_cache,H7692_20210805T045923Z.fits,25920
fits_cache,H7287_20180722T195923Z.fits,37440
fits_cache,H8051_20220309T085923Z.fits,653760
fits_cache,H8013_20220218T145923Z.fits,138240
fits_cache,H3604_20140115T145925Z.fits,328320
fits_cache,H2525_20130308T035925Z.fits,89280
fits_cache,H4995_20141225T215925Z.fits,100800
fits_cache,H6370_20160222T005924Z.fits,48960
fits_cache,H7432_20200803T005923Z.fits,316800
fits_cache,H1026_20111110T115926Z.fits,1681920
fits_cache,H3631_20140119T105925Z.fits,1509120
fits_cache,H2171_20121107T125925Z.fits,72000
fits_cache,H1603_20120426T155926Z.fits,293760
fits_cache,H7573_20210426T065923Z.fits,457920
fits_cache,H8071_20220316T035923Z.fits,118080
fits_cache,H7290_20180802T015923Z.fits,115200
fits_cache,H6403_20160309T155924Z.fits,198720
fits_cache,H684_20110703T085926Z.fits,172800
fits_cache,H4683_20141013T135925Z.fits,72000
fits_cache,H3371_20131110T125925Z.fits,129600
fits_cache,H4872_20141203T025925Z.fits,374400
fits_cache,H1632_20120507T125926Z.fits,192960
fits_cache,H4252_20140619T085925Z.fits,354240
fits_cache,H4351_20140711T185925Z.fits,766080
fits_cache,H7833_20211121T035923Z.fits,80640
fits_cache,H3098_20130823T185925Z.fits,221760
fits_cache,H4374_20140718T135925Z.fits,48960
fits_cache,H2362_20130112T005925Z.fits,613440
fits_cache,H2585_20130325T075925Z.fits,178560
fits_cache,H4040_20140424T185925Z.fits,190080
fits_cache,H8142_20220417T225923Z.fits,51840
fits_cache,H3804_20140303T145925Z.fits,400320
fits_cache,H256_20101117T225926Z.fits,161280
fits_cache,H5022_20150107T155925Z.fits,673920
fits_cache,H1171_20111211T165926Z.fits,152640
fits_cache,H7544_20210201T145923Z.fits,40320
fits_cache,H455_20110328T135926Z.fits,14400
fits_cache,H5957_20150911T115924Z.fits,25920
fits_cache,H7554_20210313T205923Z.fits,48960
fits_cache,H7453_20201010T095923Z.fits,51840
fits_cache,H451_20110330T205926Z.fits,319680
fits_cache,H3826_20140310T015925Z.fits,178560
fits_cache,H5848_20150805T225924Z.fits,325440
fits_cache,H226_20101028T015926Z.fits,325440
fits_cache,H5275_20150310T045925Z.fits,290880
fits_cache,H2587_20130327T045925Z.fits,262080
fits_cache,H976_20111025T215926Z.fits,1183680
fits_cache,H4376_20140718T155925Z.fits,34560
fits_cache,H3116_20130826T065925Z.fits,34560
fits_cache,H8003_20220216T035923Z.fits,123840
fits_cache,H3171_20130911T045925Z.fits,72000
fits_cache,H2069_20121004T215925Z.fits,933120
fits_cache,H7690_20210802T235923Z.fits,118080
fits_cache,H6361_20160220T215924Z.fits,224640
fits_cache,H540_20110425T145926Z.fits,178560
fits_cache,H4138_20140518T095925Z.fits,711360
fits_cache,H1658_20120520T045926Z.fits,529920
fits_cache,H6383_20160226T125924Z.fits,311040
fits_cache,H2270_20121207T235925Z.fits,106560
fits_cache,H3260_20131012T105925Z.fits,92160
fits_cache,H2594_20130330T165925Z.fits,51840
fits_cache,H5051_20150110T005925Z.fits,190080
fits_cache,H982_20111021T035926Z.fits,184320
fits_cache,H1724_20120608T015926Z.fits,282240
fits_cache,H7882_20211224T025923Z.fits,48960
fits_cache,H2832_20130610T025925Z.fits,259200
fits_cache,H220_20101020T045926Z.fits,158400
fits_cache,H685_20110705T205926Z.fits,244800
fits_cache,H1075_20111119T095926Z.fits,69120
fits_cache,H274_20101201T065926Z.fits,152640
fits_cache,H6281_20160126T085924Z.fits,766080
fits_cache,H8014_20220221T075923Z.fits,86400
fits_cache,H393_20110305T235926Z.fits,789120
fits_cache,H7673_20210728T045923Z.fits,371520
fits_cache,H3612_20140111T035925Z.fits,57600
fits_cache,H3288_20131024T025925Z.fits,489600
fits_cache,H7554_20210310T235923Z.fits,48960
fits_cache,H6359_20160221T145924Z.fits,216000
fits_cache,H198_20101006T205926Z.fits,115200
fits_cache,H2411_20130130T035925Z.fits,207360
fits_cache,H2117_20121023T195925Z.fits,622080
fits_cache,H71_20100630T035926Z.fits,92160
fits_cache,H7454_20201020T135923Z.fits,241920
fits_cache,H5120_20150127T215925Z.fits,20160
fits_cache,H6250_20160110T135924Z.fits,60480
fits_cache,H285_20101207T035926Z.fits,77760
fits_cache,H338_20110110T185926Z.fits,57600
fits_cache,H824_20110901T235926Z.fits,290880
fits_cache,H3490_20131211T045925Z.fits,132480
fits_cache,H1527_20120408T015926Z.fits,552960
fits_cache,H631_20110525T035926Z.fits,23040
fits_cache,H182_20100916T095926Z.fits,40320
fits_cache,H2898_20130701T205925Z.fits,77760
fits_cache,H6231_20160103T095924Z.fits,57600
fits_cache,H6356_20160213T125924Z.fits,40320
fits_cache,H3129_20130901T145925Z.fits,731520
fits_cache,H7269_20180617T095923Z.fits,244800
fits_cache,H1149_20111207T075926Z.fits,210240
fits_cache,H3942_20140408T045925Z.fits,466560
fits_cache,H812_20110826T125926Z.fits,336960
fits_cache,H8172_20220427T225923Z.fits,529920
fits_cache,H7228_20180109T205923Z.fits,37440
fits_cache,H1318_20120119T035926Z.fits,213120
fits_cache,H1093_20111124T105926Z.fits,1843200
fits_cache,H7770_20211008T215923Z.fits,256320
fits_cache,H667_20110620T015926Z.fits,552960
fits_cache,H5075_20150120T125925Z.fits,213120
fits_cache,H650_20110605T105926Z.fits,371520
fits_cache,H556_20110506T125926Z.fits,910080
fits_cache,H5808_20150730T065924Z.fits,129600
fits_cache,H2832_20130613T155925Z.fits,262080
fits_cache,H7917_20220106T145923Z.fits,457920
fits_cache,H2169_20121030T205925Z.fits,25920
fits_cache,H7487_20201202T165923Z.fits,138240
fits_cache,H924_20111007T155926Z.fits,103680
fits_cache,H5275_20150307T205925Z.fits,293760
fits_cache,H6427_20160312T115924Z.fits,109440
fits_cache,H3199_20130925T075925Z.fits,875520
fits_cache,H2920_20130707T095925Z.fits,875520
fits_cache,H7010_20170517T165923Z.fits,72000
fits_cache,H1807_20120705T095925Z.fits,601920
fits_cache,H2546_20130314T105925Z.fits,622080
fits_cache,H576_20110511T025926Z.fits,282240
fits_cache,H2121_20121016T165925Z.fits,293760
fits_cache,H7921_20220111T105923Z.fits,83520
fits_cache,H2710_20130502T105925Z.fits,37440
fits_cache,H5326_20150319T205925Z.fits,74880
fits_cache,H6205_20151226T195924Z.fits,927360
fits_cache,H3149_20130902T105925Z.fits,227520
fits_cache,H7422_20200608T215923Z.fits,239040
fits_cache,H1390_20120213T045926Z.fits,97920
fits_cache,H3293_20131017T105925Z.fits,95040
fits_cache,H1313_20120120T115926Z.fits,135360
fits_cache,H3240_20131004T125925Z.fits,69120
fits_cache,H7357_20190512T095923Z.fits,187200
fits_cache,H3836_20140311T195925Z.fits,360000
fits_cache,H4111_20140515T145925Z.fits,1304640
fits_cache,H1186_20111218T165926Z.fits,325440
fits_cache,H1603_20120427T075926Z.fits,290880
fits_cache,H7190_20171116T075923Z.fits,34560
fits_cache,H6411_20160305T155924Z.fits,51840
fits_cache,H3848_20140316T135925Z.fits,414720
fits_cache,H5678_20150614T085925Z.fits,178560
fits_cache,H2912_20130627T205925Z.fits,149760
fits_cache,H7477_20201127T105923Z.fits,1051200
fits_cache,H5151_20150210T085925Z.fits,311040
fits_cache,H1931_20120812T095925Z.fits,385920
fits_cache,H3149_20130903T165925Z.fits,230400
fits_cache,H5885_20150824T025924Z.fits,725760
fits_cache,H377_20110214T215926Z.fits,316800
fits_cache,H843_20110906T145926Z.fits,322560
fits_cache,H2910_20130703T205925Z.fits,48960
fits_cache,H2144_20121026T195925Z.fits,83520
fits_cache,H2144_20121028T045925Z.fits,83520
fits_cache,H2626_20130405T075925Z.fits,66240
fits_cache,H2999_20130731T185925Z.fits,169920
fits_cache,H536_20110426T105926Z.fits,92160
fits_cache,H4351_20140714T165925Z.fits,777600
fits_cache,H7382_20190806T195923Z.fits,17280
fits_cache,H603_20110514T085926Z.fits,20160
fits_cache,H3098_20130826T165925Z.fits,216000
fits_cache,H2143_20121030T005925Z.fits,195840
fits_cache,H3171_20130910T095925Z.fits,72000
fits_cache,H4781_20141108T155925Z.fits,564480
fits_cache,H3246_20131006T165925Z.fits,172800
fits_cache,H407_20110312T135926Z.fits,365760
fits_cache,H4186_20140606T025925Z.fits,221760
fits_cache,H3415_20131129T085925Z.fits,866880
fits_cache,H3367_20131115T085925Z.fits,89280
fits_cache,H1705_20120530T155926Z.fits,213120
fits_cache,H2597_20130405T035925Z.fits,622080
fits_cache,H2636_20130411T215925Z.fits,239040
fits_cache,H5644_20150609T125925Z.fits,1321920
fits_cache,H2605_20130403T165925Z.fits,702720
fits_cache,H3497_20131220T135925Z.fits,840960
fits_cache,H7659_20210713T165923Z.fits,95040
fits_cache,H43_20100601T085926Z.fits,112320
fits_cache,H1572_20120421T165926Z.fits,54720
fits_cache,H798_20110820T015926Z.fits,282240
fits_cache,H814_20110902T155926Z.fits,984960
fits_cache,H342_20110116T135926Z.fits,74880
fits_cache,H221_20101016T195926Z.fits,23040
fits_cache,H466_20110406T045926Z.fits,714240
fits_cache,H4040_20140421T165925Z.fits,190080
fits_cache,H221_20101019T025926Z.fits,23040
fits_cache,H798_20110823T025926Z.fits,288000
fits_cache,H6084_20151115T165924Z.fits,184320
fits_cache,H4816_20141113T125925Z.fits,51840
fits_cache,H1488_20120324T105926Z.fits,216000
fits_cache,H7410_20200308T205923Z.fits,100800
fits_cache,H7240_20180226T005923Z.fits,57600
fits_cache,H4093_20140512T115925Z.fits,192960
fits_cache,H8070_20220313T235923Z.fits,28800
fits_cache,H1381_20120205T095926Z.fits,23040
fits_cache,H3912_20140331T185925Z.fits,328320
fits_cache,H2875_20130620T205925Z.fits,164160
fits_cache,H4814_20141115T125925Z.fits,106560
fits_cache,H7348_20190307T065923Z.fits,80640
fits_cache,H371_20110214T205926Z.fits,115200
fits_cache,H128_20100815T155926Z.fits,161280
fits_cache,H7716_20210827T215923Z.fits,414720
fits_cache,H5385_20150331T165925Z.fits,627840
fits_cache,H3821_20140308T115925Z.fits,210240
fits_cache,H5739_20150707T025924Z.fits,181440
fits_cache,H8026_20220221T205923Z.fits,118080
fits_cache,H366_20110210T195926Z.fits,20160
fits_cache,H4817_20141121T075925Z.fits,2508480
fits_cache,H2520_20130311T135925Z.fits,1005120
fits_cache,H2011_20120912T105925Z.fits,201600
fits_cache,H4640_20141006T165925Z.fits,639360
fits_cache,H2130_20121025T105925Z.fits,417600
fits_cache,H2114_20121018T085925Z.fits,77760
fits_cache,H2193_20121118T075925Z.fits,751680
fits_cache,H595_20110516T065926Z.fits,46080
fits_cache,H4954_20141221T145925Z.fits,213120
fits_cache,H7978_20220206T115923Z.fits,357120
fits_cache,H3635_20140119T035925Z.fits,112320
fits_cache,H2525_20130310T235925Z.fits,89280
fits_cache,H7310_20181001T065923Z.fits,69120
fits_cache,H2181_20121114T135925Z.fits,691200
fits_cache,H7298_20180816T205923Z.fits,51840
fits_cache,H7431_20200725T075923Z.fits,158400
fits_cache,H4328_20140709T025925Z.fits,227520
fits_cache,H833_20110907T005926Z.fits,544320
fits_cache,H7327_20181219T085923Z.fits,40320
fits_cache,H5618_20150604T205925Z.fits,878400
fits_cache,H7698_20210811T025923Z.fits,17280
fits_cache,H40_20100528T075926Z.fits,48960
fits_cache,H2121_20121019T125925Z.fits,288000
fits_cache,H6301_20160129T045924Z.fits,247680
fits_cache,H6411_20160306T095924Z.fits,51840
fits_cache,H4908_20141213T035925Z.fits,210240
fits_cache,H3368_20131115T215925Z.fits,394560
fits_cache,H5963_20150920T105924Z.fits,126720
fits_cache,H7870_20211218T105923Z.fits,43200
fits_cache,H794_20110824T035926Z.fits,552960
fits_cache,H5739_20150708T195924Z.fits,178560
fits_cache,H7541_20210122T105923Z.fits,74880
fits_cache,H748_20110730T045926Z.fits,69120
fits_cache,H556_20110503T085926Z.fits,889920
fits_cache,H1651_20120511T005926Z.fits,37440
fits_cache,H1327_20120115T075926Z.fits,43200
fits_cache,H2651_20130414T135925Z.fits,374400
fits_cache,H902_20110930T125926Z.fits,285120
fits_cache,H224_20101025T125926Z.fits,224640
fits_cache,H1327_20120117T025926Z.fits,46080
fits_cache,H5446_20150414T065925Z.fits,288000
fits_cache,H7503_20201220T125923Z.fits,123840
fits_cache,H8212_20220506T065923Z.fits,28800
fits_cache,H4711_20141019T025925Z.fits,169920
fits_cache,H913_20111004T075926Z.fits,253440
fits_cache,H2569_20130313T125925Z.fits,69120
fits_cache,H7541_20210122T045923Z.fits,74880
fits_cache,H8182_20220430T205923Z.fits,380160
fits_cache,H7227_20180109T025923Z.fits,43200
fits_cache,H7741_20210912T185923Z.fits,43200
fits_cache,H2037_20120924T025925Z.fits,319680
fits_cache,H1879_20120728T185925Z.fits,1834560
fits_cache,H3907_20140401T035925Z.fits,141120
fits_cache,H488_20110407T225926Z.fits,51840
fits_cache,H6981_20170331T205923Z.fits,37440
fits_cache,H5596_20150520T155925Z.fits,103680
fits_cache,H2344_20130105T115925Z.fits,601920
fits_cache,H8115_20220403T135923Z.fits,1062720
fits_cache,H3779_20140226T085925Z.fits,420480
fits_cache,H4224_20140610T195925Z.fits,115200
fits_cache,H5342_20150325T125925Z.fits,455040
fits_cache,H466_20110403T155926Z.fits,711360
fits_cache,H8078_20220322T165923Z.fits,80640
fits_cache,H6258_20160116T075924Z.fits,720000
fits_cache,H4698_20141024T095925Z.fits,1379520
fits_cache,H128_20100817T045926Z.fits,161280
fits_cache,H5446_20150417T115925Z.fits,282240
fits_cache,H5020_20141231T065925Z.fits,60480
fits_cache,H3610_20140112T195925Z.fits,80640
fits_cache,H4166_20140527T195925Z.fits,120960
fits_cache,H8023_20220224T075923Z.fits,66240
fits_cache,H2143_20121031T125925Z.fits,195840
fits_cache,H7694_20210814T125923Z.fits,282240
fits_cache,H1873_20120728T075925Z.fits,368640
fits_cache,H4023_20140416T135925Z.fits,43200
fits_cache,H7399_20191230T225923Z.fits,83520
fits_cache,H2123_20121018T065925Z.fits,475200
fits_cache,H2387_20130118T045925Z.fits,169920
fits_cache,H2112_20121019T045925Z.fits,161280
fits_cache,H7463_20201027T025923Z.fits,368640
fits_cache,H1979_20120903T015925Z.fits,239040
fits_cache,H1573_20120416T125926Z.fits,204480
fits_cache,H7583_20210511T155923Z.fits,92160
fits_cache,H5103_20150124T215925Z.fits,233280
fits_cache,H7110_20170828T035923Z.fits,311040
fits_cache,H7755_20211001T215923Z.fits,92160
fits_cache,H854_20110914T105926Z.fits,129600
fits_cache,H7659_20210712T045923Z.fits,95040
fits_cache,H1997_20120830T035925Z.fits,74880
fits_cache,H342_20110115T045926Z.fits,74880
fits_cache,H4422_20140805T105925Z.fits,57600
fits_cache,H5571_20150523T155925Z.fits,267840
fits_cache,H5848_20150810T085924Z.fits,336960
fits_cache,H772_20110811T015926Z.fits,77760
fits_cache,H3386_20131114T075925Z.fits,72000
fits_cache,H1340_20120128T045926Z.fits,69120
fits_cache,H3263_20131014T215925Z.fits,694080
fits_cache,H6084_20151114T045924Z.fits,184320
fits_cache,H538_20110428T015926Z.fits,115200
fits_cache,H7352_20190403T095923Z.fits,109440
fits_cache,H7240_20180227T125923Z.fits,63360
fits_cache,H662_20110616T045926Z.fits,126720
fits_cache,H7872_20211218T025923Z.fits,115200
fits_cache,H4075_20140502T185925Z.fits,233280
fits_cache,H8172_20220430T195923Z.fits,538560
fits_cache,H8010_20220218T235923Z.fits,83520
fits_cache,H7387_20191102T205923Z.fits,23040
fits_cache,H2026_20120913T185925Z.fits,218880
fits_cache,H1573_20120417T145926Z.fits,204480
fits_cache,H5118_20150129T045925Z.fits,86400
fits_cache,H1750_20120613T235926Z.fits,463680
fits_cache,H2569_20130315T145925Z.fits,72000
fits_cache,H4042_20140425T075925Z.fits,336960
fits_cache,H3250_20131006T165925Z.fits,77760
fits_cache,H5212_20150216T005925Z.fits,106560
fits_cache,H3635_20140120T155925Z.fits,120960
fits_cache,H7227_20180109T235923Z.fits,43200
fits_cache,H5039_20150113T235925Z.fits,1877760
fits_cache,H2249_20121128T215925Z.fits,17280
fits_cache,H7192_20171127T135923Z.fits,138240
fits_cache,H3766_20140225T095925Z.fits,904320
fits_cache,H5637_20150606T195925Z.fits,904320
fits_cache,H6976_20170329T235923Z.fits,92160
fits_cache,H3668_20140125T125925Z.fits,262080
fits_cache,H3293_20131018T215925Z.fits,97920
fits_cache,H7298_20180816T155923Z.fits,51840
fits_cache,H1688_20120524T205926Z.fits,250560
fits_cache,H6099_20151115T065924Z.fits,77760
fits_cache,H3848_20140321T075925Z.fits,417600
fits_cache,H38_20100603T045926Z.fits,100800
fits_cache,H2352_20130107T215925Z.fits,158400
fits_cache,H7115_20170903T095923Z.fits,336960
fits_cache,H5916_20150901T165924Z.fits,178560
fits_cache,H5127_20150203T025925Z.fits,930240
fits_cache,H190_20100924T145926Z.fits,141120
fits_cache,H5883_20150818T105924Z.fits,25920
fits_cache,H7881_20211225T125923Z.fits,120960
fits_cache,H2061_20121001T035925Z.fits,135360
fits_cache,H3647_20140126T185925Z.fits,1630080
fits_cache,H6324_20160204T035924Z.fits,149760
fits_cache,H714_20110717T135926Z.fits,673920
fits_cache,H4978_20141227T065925Z.fits,535680
fits_cache,H4748_20141028T015925Z.fits,54720
fits_cache,H2366_20130113T205925Z.fits,95040
fits_cache,H2968_20130721T155925Z.fits,365760
fits_cache,H7913_20220103T235923Z.fits,43200
fits_cache,H7414_20200429T085923Z.fits,28800
fits_cache,H4734_20141027T165925Z.fits,616320
fits_cache,H3019_20130730T235925Z.fits,83520
fits_cache,H2029_20120912T165925Z.fits,34560
fits_cache,H1863_20120717T095925Z.fits,164160
fits_cache,H1497_20120325T005926Z.fits,57600
fits_cache,H2433_20130203T125925Z.fits,201600
fits_cache,H4223_20140610T085925Z.fits,46080
fits_cache,H6319_20160203T065924Z.fits,74880
fits_cache,H3612_20140109T165925Z.fits,54720
fits_cache,H1090_20111120T115926Z.fits,123840
fits_cache,H2560_20130315T025925Z.fits,210240
fits_cache,H702_20110711T015926Z.fits,138240
fits_cache,H7692_20210806T185923Z.fits,28800
fits_cache,H7873_20211217T165923Z.fits,118080
fits_cache,H3740_20140215T095925Z.fits,550080
fits_cache,H1389_20120211T165926Z.fits,279360
fits_cache,H8064_20220315T025923Z.fits,610560
fits_cache,H3291_20131021T045925Z.fits,650880
fits_cache,H5983_20150926T105924Z.fits,463680
fits_cache,H2663_20130418T125925Z.fits,264960
fits_cache,H4123_20140516T115925Z.fits,296640
fits_cache,H997_20111026T015926Z.fits,544320
fits_cache,H1948_20120819T015925Z.fits,46080
fits_cache,H7711_20210826T225923Z.fits,149760
fits_cache,H7881_20211222T125923Z.fits,120960
fits_cache,H1783_20120621T085926Z.fits,60480
fits_cache,H7275_20180624T155923Z.fits,115200
fits_cache,H6967_20170328T015923Z.fits,100800
fits_cache,H4097_20140509T145925Z.fits,1316160
fits_cache,H3894_20140327T195925Z.fits,365760
fits_cache,H2158_20121029T235925Z.fits,138240
fits_cache,H4138_20140521T145925Z.fits,720000
fits_cache,H3813_20140306T155925Z.fits,273600
fits_cache,H5830_20150731T195924Z.fits,100800
fits_cache,H2581_20130321T225925Z.fits,118080
fits_cache,H7602_20210606T015923Z.fits,221760
fits_cache,H2028_20120919T205925Z.fits,239040
fits_cache,H2177_20121113T015925Z.fits,95040
fits_cache,H7246_20180406T235923Z.fits,86400
fits_cache,H1447_20120307T125926Z.fits,244800
fits_cache,H1424_20120228T235926Z.fits,184320
fits_cache,H5456_20150421T025925Z.fits,357120
fits_cache,H602_20110516T165926Z.fits,184320
fits_cache,H2727_20130514T025925Z.fits,302400
fits_cache,H3563_20140105T125925Z.fits,1961280
fits_cache,H1834_20120714T035925Z.fits,1834560
fits_cache,H6436_20160316T085924Z.fits,48960
fits_cache,H7510_20201225T005923Z.fits,552960
fits_cache,H4189_20140602T095925Z.fits,129600
fits_cache,H98_20100727T025926Z.fits,92160
fits_cache,H7248_20180417T065923Z.fits,57600
fits_cache,H7749_20210921T095923Z.fits,48960
fits_cache,H2594_20130329T115925Z.fits,51840
fits_cache,H7405_20200126T115923Z.fits,89280
fits_cache,H1210_20111220T065926Z.fits,339840
fits_cache,H403_20110308T045926Z.fits,103680
fits_cache,H7387_20191102T155923Z.fits,20160
fits_cache,fits_cache_manifest.csv.gz,272217
fits_cache,H7010_20170520T165923Z.fits,69120
fits_cache,H2137_20121025T015925Z.fits,354240
fits_cache,H5970_20150925T165924Z.fits,443520
fits_cache,H14_20100505T035926Z.fits,23040
fits_cache,H1495_20120322T125926Z.fits,106560
fits_cache,H4225_20140615T075925Z.fits,5667840
fits_cache,H2144_20121023T225925Z.fits,80640
fits_cache,H6351_20160219T025924Z.fits,115200
fits_cache,H6437_20160321T185924Z.fits,322560
fits_cache,H8115_20220406T235923Z.fits,1108800
fits_cache,H364_20110209T135926Z.fits,184320
fits_cache,H2733_20130511T155925Z.fits,342720
fits_cache,H3311_20131028T115925Z.fits,256320
fits_cache,H7602_20210607T135923Z.fits,230400
fits_cache,H1658_20120515T155926Z.fits,527040
fits_cache,H5198_20150213T115925Z.fits,247680
fits_cache,H2711_20130504T065925Z.fits,112320
fits_cache,H5328_20150317T045925Z.fits,72000
fits_cache,H3366_20131116T045925Z.fits,973440
fits_cache,H7690_20210802T095923Z.fits,115200
fits_cache,H5961_20150917T095924Z.fits,645120
fits_cache,H7253_20180422T065923Z.fits,23040
fits_cache,H7211_20171225T015923Z.fits,161280
fits_cache,H7440_20200816T145923Z.fits,63360
fits_cache,H5351_20150319T235925Z.fits,164160
fits_cache,H3766_20140220T185925Z.fits,901440
fits_cache,H7385_20191009T005923Z.fits,43200
fits_cache,H58_20100615T215926Z.fits,63360
fits_cache,H4133_20140517T095925Z.fits,169920
fits_cache,H8070_20220315T045923Z.fits,28800
fits_cache,H637_20110602T195926Z.fits,550080
fits_cache,H5544_20150511T075925Z.fits,83520
fits_cache,H7674_20210724T065923Z.fits,149760
fits_cache,H2_20100505T015926Z.fits,126720
fits_cache,H1596_20120424T195926Z.fits,178560
fits_cache,H3557_20140102T205925Z.fits,37440
fits_cache,H4381_20140727T135925Z.fits,60480
fits_cache,H2171_20121108T235925Z.fits,72000
fits_cache,H5721_20150628T225925Z.fits,34560
fits_cache,H46_20100607T195926Z.fits,149760
fits_cache,H7262_20180529T115923Z.fits,362880
fits_cache,H7144_20170924T105923Z.fits,308160
fits_cache,H2968_20130723T045925Z.fits,357120
fits_cache,H2331_20130104T195925Z.fits,207360
fits_cache,H2981_20130723T005925Z.fits,653760
fits_cache,H2352_20130111T035925Z.fits,152640
fits_cache,H750_20110802T215926Z.fits,466560
fits_cache,H1999_20120904T075925Z.fits,653760
fits_cache,H3103_20130824T155925Z.fits,250560
fits_cache,H7881_20211224T005923Z.fits,120960
fits_cache,H8032_20220224T165923Z.fits,1241280
fits_cache,H5127_20150203T165925Z.fits,941760
fits_cache,H401_20110308T025926Z.fits,322560
fits_cache,H6982_20170408T135923Z.fits,138240
fits_cache,H7275_20180620T025923Z.fits,109440
fits_cache,H5658_20150611T135925Z.fits,354240
fits_cache,H6227_20160107T205924Z.fits,60480
fits_cache,H685_20110701T095926Z.fits,244800
fits_cache,H7211_20171222T015923Z.fits,158400
fits_cache,H853_20110916T105926Z.fits,218880
fits_cache,H2348_20130107T205925Z.fits,146880
fits_cache,H7740_20210912T035923Z.fits,129600
fits_cache,H5637_20150608T105925Z.fits,907200
fits_cache,H1232_20111224T235926Z.fits,109440
fits_cache,H1930_20120812T195925Z.fits,328320
fits_cache,H7612_20210609T045923Z.fits,66240
fits_cache,H1425_20120301T015926Z.fits,489600
fits_cache,H2964_20130720T065925Z.fits,172800
fits_cache,H1724_20120605T195926Z.fits,285120
fits_cache,H878_20110926T135926Z.fits,696960
fits_cache,H7667_20210723T085923Z.fits,144000
fits_cache,H982_20111020T035926Z.fits,175680
fits_cache,H1209_20111225T125926Z.fits,164160
fits_cache,H5987_20150930T065924Z.fits,43200
fits_cache,H338_20110113T095926Z.fits,57600
fits_cache,H5865_20150816T185924Z.fits,198720
fits_cache,H437_20110326T095926Z.fits,921600
fits_cache,H3604_20140112T125925Z.fits,336960
fits_cache,H5361_20150322T035925Z.fits,25920
fits_cache,H7699_20210816T215923Z.fits,43200
fits_cache,H221_20101017T125926Z.fits,23040
fits_cache,H284_20101209T225926Z.fits,371520
fits_cache,H6006_20151015T225924Z.fits,236160
fits_cache,H7147_20171001T075923Z.fits,512640
fits_cache,H3114_20130821T065925Z.fits,83520
fits_cache,H2920_20130708T005925Z.fits,875520
fits_cache,H6302_20160202T035924Z.fits,406080
fits_cache,H6224_20160105T215924Z.fits,155520
fits_cache,H2420_20130131T075925Z.fits,175680
fits_cache,H2546_20130315T045925Z.fits,619200
fits_cache,H4379_20140729T025925Z.fits,388800
fits_cache,H364_20110213T115926Z.fits,190080
fits_cache,H7454_20201022T045923Z.fits,236160
fits_cache,H8081_20220322T015923Z.fits,138240
fits_cache,H4022_20140417T225925Z.fits,54720
fits_cache,H7741_20210914T075923Z.fits,46080
fits_cache,H6327_20160210T205924Z.fits,1045440
fits_cache,H2131_20121018T135925Z.fits,95040
fits_cache,H7463_20201028T005923Z.fits,374400
fits_cache,H2825_20130609T135925Z.fits,184320
fits_cache,H3420_20131127T045925Z.fits,164160
fits_cache,H4111_20140512T065925Z.fits,1287360
fits_cache,H7382_20190808T095923Z.fits,17280
fits_cache,H1877_20120728T065925Z.fits,380160
fits_cache,H5545_20150512T065925Z.fits,792000
fits_cache,H1697_20120530T085926Z.fits,371520
fits_cache,H4424_20140807T125925Z.fits,561600
fits_cache,H7122_20170910T185923Z.fits,195840
fits_cache,H1942_20120823T065925Z.fits,120960
fits_cache,H3371_20131111T125925Z.fits,129600
fits_cache,H7923_20220114T015923Z.fits,538560
fits_cache,H3437_20131204T075925Z.fits,429120
fits_cache,H2040_20120922T205925Z.fits,1333440
fits_cache,H6454_20160328T065924Z.fits,198720
fits_cache,H2635_20130411T045925Z.fits,809280
fits_cache,H3252_20131008T145925Z.fits,273600
fits_cache,H1089_20111121T125926Z.fits,285120
fits_cache,H6999_20170430T215923Z.fits,115200
fits_cache,H5354_20150324T195925Z.fits,722880
fits_cache,H5073_20150121T185925Z.fits,823680
fits_cache,H2571_20130322T205925Z.fits,155520
fits_cache,H3028_20130808T165925Z.fits,624960
fits_cache,H345_20110122T135926Z.fits,610560
fits_cache,H6171_20151209T205924Z.fits,66240
fits_cache,H1026_20111106T215926Z.fits,1687680
fits_cache,H6006_20151012T225924Z.fits,230400
fits_cache,H2011_20120910T185925Z.fits,207360
fits_cache,H1464_20120317T125926Z.fits,236160
fits_cache,H1844_20120707T115925Z.fits,28800
fits_cache,H4294_20140702T205925Z.fits,1094400
fits_cache,H1021_20111101T115926Z.fits,132480
fits_cache,H3874_20140323T115925Z.fits,478080
fits_cache,H6356_20160214T005924Z.fits,43200
fits_cache,H6223_20160105T115924Z.fits,115200
fits_cache,H5807_20150727T195924Z.fits,187200
fits_cache,H1133_20111204T105926Z.fits,100800
fits_cache,H4424_20140806T005925Z.fits,550080
fits_cache,H7570_20210419T195923Z.fits,256320
fits_cache,H155_20100901T165926Z.fits,54720
fits_cache,H4272_20140627T195925Z.fits,408960
fits_cache,H2351_20130102T205925Z.fits,77760
fits_cache,H1093_20111122T105926Z.fits,1805760
fits_cache,H1879_20120729T135925Z.fits,1874880
fits_cache,H4864_20141201T015925Z.fits,216000
fits_cache,H4726_20141031T005925Z.fits,394560
fits_cache,acquisition_log.jsonl,5025961
fits_cache,H89_20100713T235926Z.fits,40320
fits_cache,H3784_20140302T155925Z.fits,3084480
fits_cache,H7805_20211030T185923Z.fits,149760
fits_cache,H7923_20220117T165923Z.fits,532800
fits_cache,H4733_20141101T095925Z.fits,97920
fits_cache,H4075_20140505T155925Z.fits,227520
fits_cache,H850_20110911T005926Z.fits,218880
fits_cache,H2750_20130517T045925Z.fits,132480
fits_cache,H4224_20140611T125925Z.fits,118080
fits_cache,H5211_20150213T015925Z.fits,46080
fits_cache,H1249_20120103T005926Z.fits,210240
fits_cache,H2059_20120929T115925Z.fits,936000
fits_cache,H5422_20150410T035925Z.fits,178560
fits_cache,H587_20110514T165926Z.fits,195840
fits_cache,H438_20110330T025926Z.fits,181440
fits_cache,H1628_20120430T205926Z.fits,167040
fits_cache,H2344_20130107T195925Z.fits,604800
fits_cache,H1171_20111216T045926Z.fits,149760
fits_cache,H8041_20220302T085923Z.fits,665280
fits_cache,H1089_20111119T235926Z.fits,282240
fits_cache,H5246_20150224T225925Z.fits,587520
fits_cache,H3608_20140115T075925Z.fits,141120
fits_cache,H6439_20160316T195924Z.fits,46080
fits_cache,H927_20111013T085926Z.fits,357120
fits_cache,H875_20110917T105926Z.fits,97920
fits_cache,H1662_20120520T235926Z.fits,267840
fits_cache,H1256_20120103T235926Z.fits,1206720
fits_cache,H185_20100923T045926Z.fits,478080
fits_cache,H3824_20140313T165925Z.fits,492480
fits_cache,H2541_20130312T205925Z.fits,198720
fits_cache,H2696_20130505T145925Z.fits,1414080
fits_cache,H6107_20151119T235924Z.fits,60480
fits_cache,H2595_20130329T075925Z.fits,37440
fits_cache,H3217_20130925T195925Z.fits,414720
fits_cache,H323_20110105T105926Z.fits,420480
fits_cache,H1669_20120521T145926Z.fits,195840
fits_cache,H2342_20130104T045925Z.fits,120960
fits_cache,H1381_20120204T165926Z.fits,20160
fits_cache,H8057_20220308T025923Z.fits,95040
fits_cache,H5549_20150514T155925Z.fits,391680
fits_cache,H7110_20170827T155923Z.fits,313920
fits_cache,H7724_20210829T095923Z.fits,60480
fits_cache,H3542_20140103T225925Z.fits,806400
fits_cache,H3114_20130821T125925Z.fits,83520
fits_cache,H2353_20130103T205925Z.fits,86400
fits_cache,H2169_20121031T205925Z.fits,25920
fits_cache,H3461_20131203T205925Z.fits,103680
fits_cache,H2291_20121212T195925Z.fits,325440
fits_cache,H361_20110204T035926Z.fits,77760
fits_cache,H2619_20130407T075925Z.fits,221760
fits_cache,H7966_20220128T225923Z.fits,717120
fits_cache,H1677_20120521T195926Z.fits,328320
fits_cache,H2546_20130314T165925Z.fits,622080
fits_cache,H4376_20140720T225925Z.fits,34560
fits_cache,H8081_20220323T135923Z.fits,141120
fits_cache,H7240_20180226T195923Z.fits,60480
fits_cache,H1066_20111115T215926Z.fits,648000
fits_cache,H7240_20180228T045923Z.fits,63360
fits_cache,H6359_20160220T005924Z.fits,213120
fits_cache,H5549_20150517T165925Z.fits,397440
fits_cache,H327_20110105T085926Z.fits,144000
fits_cache,H2597_20130406T195925Z.fits,607680
fits_cache,H878_20110924T025926Z.fits,696960
fits_cache,H6489_20160412T095924Z.fits,69120
fits_cache,H340_20110108T215926Z.fits,25920
fits_cache,H6464_20160404T235924Z.fits,141120
fits_cache,H5985_20150925T005924Z.fits,63360
fits_cache,H4639_20141008T095925Z.fits,1615680
fits_cache,H5518_20150501T025925Z.fits,74880
fits_cache,H1046_20111115T205926Z.fits,555840
fits_cache,H7747_20210922T145923Z.fits,144000
fits_cache,H4321_20140710T205925Z.fits,348480
fits_cache,H7034_20170609T105923Z.fits,299520
fits_cache,H639_20110606T045926Z.fits,417600
fits_cache,H3122_20130901T025925Z.fits,360000
fits_cache,H3765_20140216T115925Z.fits,74880
fits_cache,H1564_20120412T075926Z.fits,28800
fits_cache,H7951_20220124T015923Z.fits,218880
fits_cache,H7190_20171116T205923Z.fits,37440
fits_cache,H5658_20150609T215925Z.fits,345600
fits_cache,H3483_20131215T025925Z.fits,1128960
fits_cache,H7090_20170726T025923Z.fits,103680
fits_cache,H3856_20140319T225925Z.fits,1304640
fits_cache,H1998_20120830T065925Z.fits,34560
fits_cache,H1303_20120113T015926Z.fits,138240
fits_cache,H2511_20130309T045925Z.fits,624960
fits_cache,H6205_20151228T235924Z.fits,921600
fits_cache,H1795_20120626T115926Z.fits,512640
fits_cache,H8051_20220312T135923Z.fits,619200
fits_cache,H4943_20141220T105925Z.fits,184320
fits_cache,H2039_20120916T125925Z.fits,152640
fits_cache,H1582_20120423T125926Z.fits,406080
fits_cache,H5355_20150325T045925Z.fits,132480
fits_cache,H950_20111015T125926Z.fits,169920
fits_cache,H867_20110920T035926Z.fits,195840
fits_cache,H3779_20140224T215925Z.fits,417600
fits_cache,H514_20110426T115926Z.fits,1595520
fits_cache,H7222_20180104T065923Z.fits,43200
fits_cache,H92_20100726T025926Z.fits,506880
fits_cache,H976_20111022T125926Z.fits,1169280
fits_cache,H5036_20150115T015925Z.fits,460800
fits_cache,H2693_20130502T035925Z.fits,832320
fits_cache,H8013_20220220T025923Z.fits,135360
fits_cache,H3129_20130831T065925Z.fits,720000
fits_cache,H5186_20150215T035925Z.fits,529920
fits_cache,H3293_20131020T095925Z.fits,100800
fits_cache,H6407_20160304T205924Z.fits,20160
fits_cache,H637_20110601T035926Z.fits,538560
fits_cache,H2636_20130411T195925Z.fits,239040
fits_cache,H602_20110518T065926Z.fits,184320
fits_cache,H3688_20140205T165925Z.fits,734400
fits_cache,H8070_20220310T185923Z.fits,28800
fits_cache,H3247_20131006T005925Z.fits,230400
fits_cache,H2017_20120907T035925Z.fits,77760
fits_cache,H3457_20131211T005925Z.fits,478080
fits_cache,H135_20100819T105926Z.fits,466560
fits_cache,H7600_20210602T095923Z.fits,46080
fits_cache,H7312_20181019T135923Z.fits,115200
fits_cache,H4205_20140609T165925Z.fits,587520
fits_cache,H918_20111009T045926Z.fits,377280
fits_cache,H131_20100814T165926Z.fits,69120
fits_cache,H5083_20150120T125925Z.fits,77760
fits_cache,H2021_20120914T045925Z.fits,172800
fits_cache,H2040_20120924T135925Z.fits,1402560
fits_cache,H3295_20131023T145925Z.fits,645120
fits_cache,H824_20110903T015926Z.fits,293760
fits_cache,H7115_20170905T025923Z.fits,354240
fits_cache,H5120_20150127T065925Z.fits,23040
fits_cache,H7672_20210724T015923Z.fits,63360
fits_cache,H10_20100504T045926Z.fits,57600
fits_cache,H4097_20140509T195925Z.fits,1321920
fits_cache,H8072_20220316T185923Z.fits,66240
fits_cache,H1350_20120204T005926Z.fits,1198080
fits_cache,H3601_20140112T115925Z.fits,547200
fits_cache,H3647_20140122T165925Z.fits,1595520
fits_cache,H2260_20121203T195925Z.fits,31680
fits_cache,H5120_20150126T005925Z.fits,23040
fits_cache,H5675_20150612T065925Z.fits,48960
fits_cache,H5103_20150126T085925Z.fits,236160
fits_cache,H4376_20140720T035925Z.fits,34560
fits_cache,H2322_20121228T065925Z.fits,403200
fits_cache,H7269_20180620T105923Z.fits,241920
fits_cache,H751_20110804T105926Z.fits,54720
fits_cache,H1528_20120401T125926Z.fits,282240
fits_cache,H1318_20120121T015926Z.fits,213120
fits_cache,H7323_20181117T015923Z.fits,63360
fits_cache,H241_20101108T005926Z.fits,313920
fits_cache,H4092_20140510T025925Z.fits,120960
fits_cache,H903_20111004T215926Z.fits,190080
fits_cache,H7932_20220114T105923Z.fits,57600
fits_cache,H650_20110610T025926Z.fits,368640
fits_cache,H2173_20121106T215925Z.fits,103680
fits_cache,H5492_20150428T195925Z.fits,221760
fits_cache,H2143_20121028T135925Z.fits,198720
fits_cache,H8010_20220217T145923Z.fits,86400
fits_cache,H5186_20150212T035925Z.fits,524160
fits_cache,H4941_20141221T105925Z.fits,311040
fits_cache,H7770_20211008T065923Z.fits,256320
fits_cache,H2306_20121221T235925Z.fits,627840
fits_cache,H2017_20120908T185925Z.fits,80640
fits_cache,H4088_20140505T225925Z.fits,276480
fits_cache,H2598_20130402T065925Z.fits,103680
fits_cache,H1120_20111203T075926Z.fits,313920
fits_cache,H1873_20120726T225925Z.fits,377280
fits_cache,H6464_20160406T135924Z.fits,141120
fits_cache,H4205_20140608T045925Z.fits,584640
fits_cache,H7755_20210927T095923Z.fits,95040
fits_cache,H753_20110802T045926Z.fits,311040
fits_cache,H6107_20151118T105924Z.fits,63360
fits_cache,H7358_20190510T165923Z.fits,259200
fits_cache,H7454_20201019T035923Z.fits,241920
fits_cache,H5618_20150531T035925Z.fits,869760
fits_cache,H8_20100504T155926Z.fits,144000
fits_cache,H7901_20211226T145923Z.fits,164160
fits_cache,H3658_20140119T075925Z.fits,74880
fits_cache,H5944_20150910T125924Z.fits,360000
fits_cache,H8014_20220222T235923Z.fits,83520
fits_cache,H1278_20120111T045926Z.fits,397440
fits_cache,H7326_20181212T125923Z.fits,31680
fits_cache,H4896_20141205T085925Z.fits,37440
fits_cache,H1066_20111117T115926Z.fits,659520
fits_cache,H1028_20111106T075926Z.fits,938880
fits_cache,H7438_20200818T105923Z.fits,40320
fits_cache,H7450_20200927T205923Z.fits,224640
fits_cache,H5935_20150905T045924Z.fits,97920
fits_cache,H2411_20130125T115925Z.fits,213120
fits_cache,H1727_20120602T105926Z.fits,158400
fits_cache,H4131_20140516T045925Z.fits,184320
fits_cache,H5083_20150122T035925Z.fits,77760
fits_cache,H6069_20151102T165924Z.fits,74880
fits_cache,H7932_20220115T025923Z.fits,57600
fits_cache,H114_20100806T215926Z.fits,227520
fits_cache,H7058_20170627T115923Z.fits,247680
fits_cache,H5275_20150306T155925Z.fits,293760
fits_cache,H5415_20150408T075925Z.fits,1175040
fits_cache,H2625_20130409T045925Z.fits,336960
fits_cache,H805_20110828T065926Z.fits,178560
fits_cache,H7222_20180102T145923Z.fits,43200
fits_cache,H6210_20151227T105924Z.fits,123840
fits_cache,H4610_20141004T125925Z.fits,270720
fits_cache,H7385_20191004T135923Z.fits,46080
fits_cache,H5118_20150127T215925Z.fits,86400
fits_cache,H3330_20131102T095925Z.fits,169920
fits_cache,H643_20110605T015926Z.fits,184320
fits_cache,H5083_20150118T235925Z.fits,77760
fits_cache,H2852_20130622T195925Z.fits,1477440
fits_cache,H2522_20130309T125925Z.fits,285120
fits_cache,H4868_20141127T095925Z.fits,207360
fits_cache,H1834_20120709T205925Z.fits,1854720
fits_cache,H5246_20150226T125925Z.fits,601920
fits_cache,H7274_20180618T045923Z.fits,60480
fits_cache,H5627_20150531T005925Z.fits,103680
fits_cache,H92_20100724T135926Z.fits,506880
fits_cache,H6972_20170331T095923Z.fits,311040
fits_cache,H661_20110616T145926Z.fits,192960
fits_cache,H7468_20201108T155923Z.fits,383040
fits_cache,H3941_20140404T075925Z.fits,933120
fits_cache,H625_20110525T225926Z.fits,100800
fits_cache,H7762_20210928T085923Z.fits,23040
fits_cache,H4995_20141225T065925Z.fits,97920
fits_cache,H1993_20120902T135925Z.fits,247680
fits_cache,H3483_20131216T155925Z.fits,1131840
fits_cache,H7807_20211101T185923Z.fits,290880
fits_cache,H2861_20130621T185925Z.fits,244800
fits_cache,H1426_20120226T215926Z.fits,77760
fits_cache,H3056_20130817T165925Z.fits,250560
fits_cache,H8181_20220502T005923Z.fits,86400
fits_cache,H8181_20220501T035923Z.fits,89280
fits_cache,H355_20110202T025926Z.fits,224640
fits_cache,H1582_20120422T005926Z.fits,408960
fits_cache,H5022_20150110T025925Z.fits,656640
fits_cache,H2672_20130423T095925Z.fits,152640
fits_cache,H71_20100703T065926Z.fits,92160
fits_cache,H7724_20210901T225923Z.fits,57600
fits_cache,H3192_20130924T035925Z.fits,60480
fits_cache,H2635_20130410T235925Z.fits,803520
fits_cache,H950_20111014T005926Z.fits,169920
fits_cache,H2329_20121230T085925Z.fits,455040
fits_cache,H1465_20120319T005926Z.fits,334080
fits_cache,H6004_20151016T065924Z.fits,201600
fits_cache,H4610_20141003T125925Z.fits,273600
fits_cache,H7229_20180115T155923Z.fits,72000
fits_cache,H7558_20210319T185923Z.fits,236160
fits_cache,H2351_20130102T155925Z.fits,77760
fits_cache,H7740_20210908T205923Z.fits,126720
fits_cache,H7435_20200809T095923Z.fits,97920
fits_cache,H5002_20141231T185925Z.fits,331200
fits_cache,H5749_20150704T205924Z.fits,31680
fits_cache,H366_20110209T185926Z.fits,23040
fits_cache,H643_20110602T015926Z.fits,190080
fits_cache,H4189_20140605T045925Z.fits,126720
fits_cache,H2249_20121127T235925Z.fits,17280
fits_cache,H6483_20160411T205924Z.fits,492480
fits_cache,H8026_20220223T095923Z.fits,118080
fits_cache,H8195_20220505T125923Z.fits,262080
fits_cache,H4942_20141219T035925Z.fits,146880
fits_cache,H5783_20150713T165924Z.fits,167040
fits_cache,H5890_20150823T075924Z.fits,95040
fits_cache,H7484_20201202T075923Z.fits,109440
fits_cache,H7571_20210415T105923Z.fits,43200
fits_cache,H7596_20210530T135923Z.fits,92160
fits_cache,H5970_20150920T145924Z.fits,449280
fits_cache,H6100_20151121T095924Z.fits,673920
fits_cache,H6301_20160201T035924Z.fits,244800
fits_cache,H950_20111018T125926Z.fits,167040
fits_cache,H7762_20210929T045923Z.fits,25920
fits_cache,H2044_20120922T135925Z.fits,720000
fits_cache,H1653_20120516T205926Z.fits,383040
fits_cache,H2861_20130620T145925Z.fits,244800
fits_cache,H4839_20141121T065925Z.fits,72000
fits_cache,H2634_20130413T045925Z.fits,86400
fits_cache,H504_20110419T205926Z.fits,717120
fits_cache,H5916_20150903T005924Z.fits,175680
fits_cache,H5230_20150222T085925Z.fits,509760
fits_cache,H5550_20150516T125925Z.fits,190080
fits_cache,H4375_20140719T165925Z.fits,89280
fits_cache,H4667_20141011T105925Z.fits,411840
fits_cache,H532_20110430T075926Z.fits,216000
fits_cache,H38_20100601T125926Z.fits,100800
fits_cache,H4901_20141207T215925Z.fits,40320
fits_cache,H7081_20170714T035923Z.fits,132480
fits_cache,H7353_20190412T235923Z.fits,483840
fits_cache,H7251_20180423T015923Z.fits,210240
fits_cache,H7536_20210126T085923Z.fits,244800
fits_cache,H7075_20170713T225923Z.fits,351360
fits_cache,H1744_20120611T065926Z.fits,959040
fits_cache,H1327_20120115T215926Z.fits,46080
fits_cache,H6210_20151223T195924Z.fits,120960
fits_cache,H3668_20140129T195925Z.fits,259200
fits_cache,H6464_20160401T195924Z.fits,138240
fits_cache,H507_20110413T165926Z.fits,46080
fits_cache,H1164_20111212T045926Z.fits,51840
fits_cache,H684_20110701T205926Z.fits,169920
fits_cache,H488_20110410T205926Z.fits,51840
fits_cache,H3344_20131108T085925Z.fits,126720
fits_cache,H2433_20130206T045925Z.fits,198720
fits_cache,H2059_20121002T205925Z.fits,912960
fits_cache,H5894_20150829T015924Z.fits,627840
fits_cache,H2_20100502T065926Z.fits,129600
fits_cache,H7192_20171123T035923Z.fits,126720
fits_cache,H1549_20120413T105926Z.fits,247680
fits_cache,H5783_20150714T165924Z.fits,167040
fits_cache,H681_20110625T105926Z.fits,95040
fits_cache,H8020_20220217T205923Z.fits,69120
fits_cache,H7813_20211101T005923Z.fits,40320
fits_cache,H5492_20150425T195925Z.fits,221760
fits_cache,H2044_20120925T135925Z.fits,725760
fits_cache,H1520_20120330T205926Z.fits,77760
fits_cache,H3879_20140326T105925Z.fits,529920
fits_cache,H6983_20170417T115923Z.fits,227520
fits_cache,H6398_20160305T025924Z.fits,555840
fits_cache,H7873_20211216T035923Z.fits,118080
fits_cache,H1321_20120118T215926Z.fits,1650240
fits_cache,H2560_20130316T125925Z.fits,210240
fits_cache,H6140_20151201T145924Z.fits,624960
fits_cache,H3259_20131009T085925Z.fits,123840
fits_cache,H7821_20211113T195923Z.fits,288000
fits_cache,H1959_20120827T155925Z.fits,371520
fits_cache,H2109_20121016T165925Z.fits,339840
fits_cache,H4123_20140515T015925Z.fits,293760
fits_cache,H1948_20120818T145925Z.fits,46080
fits_cache,H156_20100902T025926Z.fits,138240
fits_cache,H7438_20200814T025923Z.fits,43200
fits_cache,H1391_20120215T155926Z.fits,270720
fits_cache,H3845_20140310T035925Z.fits,273600
fits_cache,H1495_20120323T135926Z.fits,106560
fits_cache,H6967_20170329T145923Z.fits,97920
fits_cache,H7254_20180511T075923Z.fits,69120
fits_cache,H2353_20130102T195925Z.fits,80640
fits_cache,H4288_20140701T035925Z.fits,247680
fits_cache,H5974_20150925T095924Z.fits,357120
fits_cache,H918_20111006T015926Z.fits,374400
fits_cache,H7600_20210603T115923Z.fits,46080
fits_cache,H104_20100802T225926Z.fits,446400
fits_cache,H3793_20140304T165925Z.fits,1005120
fits_cache,H602_20110515T065926Z.fits,178560
fits_cache,H5114_20150201T165925Z.fits,112320
fits_cache,H1549_20120410T135926Z.fits,236160
fits_cache,H4231_20140613T145925Z.fits,178560
fits_cache,H1737_20120604T165926Z.fits,109440
fits_cache,H7235_20180205T045923Z.fits,51840
fits_cache,H4784_20141108T115925Z.fits,72000
fits_cache,H3420_20131128T205925Z.fits,164160
fits_cache,H7387_20191103T005923Z.fits,23040
fits_cache,H2_20100503T145926Z.fits,126720
fits_cache,H651_20110605T135926Z.fits,60480
fits_cache,H3785_20140225T155925Z.fits,169920
fits_cache,H5987_20151001T195924Z.fits,43200
fits_cache,H1638_20120513T075926Z.fits,627840
fits_cache,H684_20110630T075926Z.fits,169920
fits_cache,H7835_20211120T225923Z.fits,115200
fits_cache,H1756_20120617T185926Z.fits,368640
fits_cache,H970_20111020T035926Z.fits,596160
fits_cache,H6398_20160306T155924Z.fits,564480
fits_cache,H5111_20150127T085925Z.fits,250560
fits_cache,H4225_20140615T145925Z.fits,5751360
fits_cache,H3448_20131206T195925Z.fits,619200
fits_cache,H10_20100505T085926Z.fits,57600
fits_cache,H2420_20130129T135925Z.fits,178560
fits_cache,H5961_20150921T225924Z.fits,645120
fits_cache,H6250_20160109T135924Z.fits,60480
fits_cache,H7351_20190321T015923Z.fits,69120
fits_cache,H7203_20171211T235923Z.fits,40320
fits_cache,H5004_20141231T185925Z.fits,192960
fits_cache,H5229_20150222T215925Z.fits,115200
fits_cache,H3730_20140217T065925Z.fits,365760
fits_cache,H71_20100704T185926Z.fits,89280
fits_cache,H7120_20170831T225923Z.fits,95040
fits_cache,H4733_20141027T215925Z.fits,97920
fits_cache,H2598_20130329T035925Z.fits,97920
fits_cache,H1658_20120518T185926Z.fits,532800
fits_cache,H1962_20120823T195925Z.fits,167040
fits_cache,H5328_20150316T115925Z.fits,72000
fits_cache,H5298_20150310T215925Z.fits,645120
fits_cache,H7873_20211214T125923Z.fits,112320
fits_cache,H3766_20140223T085925Z.fits,927360
fits_cache,H443_20110401T205926Z.fits,279360
fits_cache,H7719_20210828T215923Z.fits,48960
fits_cache,H3048_20130812T005925Z.fits,630720
fits_cache,H1339_20120124T005926Z.fits,256320
fits_cache,H2541_20130309T235925Z.fits,190080
fits_cache,H1497_20120326T045926Z.fits,57600
fits_cache,H327_20110106T205926Z.fits,141120
fits_cache,H1124_20111203T015926Z.fits,855360
fits_cache,H4223_20140611T095925Z.fits,43200
fits_cache,H5544_20150514T115925Z.fits,83520
fits_cache,H2522_20130310T215925Z.fits,282240
fits_cache,H3785_20140224T135925Z.fits,172800
fits_cache,H1701_20120528T145926Z.fits,204480
fits_cache,H5315_20150311T145925Z.fits,118080
fits_cache,H2727_20130510T125925Z.fits,302400
fits_cache,H7541_20210122T225923Z.fits,74880
fits_cache,H2661_20130417T085925Z.fits,149760
fits_cache,H5315_20150313T115925Z.fits,120960
fits_cache,H3522_20131219T025925Z.fits,23040
fits_cache,H3580_20140106T195925Z.fits,230400
fits_cache,H6464_20160403T085924Z.fits,138240
fits_cache,H843_20110911T095926Z.fits,316800
fits_cache,H4197_20140610T225925Z.fits,1321920
fits_cache,H5876_20150812T065924Z.fits,34560
fits_cache,H4760_20141103T225925Z.fits,267840
fits_cache,H2733_20130516T065925Z.fits,351360
fits_cache,H223_20101022T105926Z.fits,86400
fits_cache,H4751_20141102T205925Z.fits,423360
fits_cache,H5865_20150813T225924Z.fits,201600
fits_cache,H2039_20120916T185925Z.fits,152640
fits_cache,H7760_20211005T185923Z.fits,253440
fits_cache,H4667_20141012T075925Z.fits,414720
fits_cache,H8093_20220331T015923Z.fits,195840
fits_cache,H2954_20130716T075925Z.fits,190080
fits_cache,H3441_20131128T095925Z.fits,72000
fits_cache,H5345_20150319T225925Z.fits,51840
fits_cache,H2471_20130214T045925Z.fits,77760
fits_cache,H5559_20150520T095925Z.fits,198720
fits_cache,H744_20110726T015926Z.fits,89280
fits_cache,H1271_20120103T185926Z.fits,184320
fits_cache,H7211_20171223T145923Z.fits,164160
fits_cache,H2337_20130103T145925Z.fits,288000
fits_cache,H131_20100811T195926Z.fits,69120
fits_cache,H7716_20210827T135923Z.fits,414720
fits_cache,H7327_20181220T195923Z.fits,40320
fits_cache,H7235_20180201T075923Z.fits,51840
fits_cache,H3848_20140318T235925Z.fits,423360
fits_cache,H1946_20120823T215925Z.fits,331200
fits_cache,acquisition_report.json,362
fits_cache,H3098_20130825T065925Z.fits,221760
fits_cache,H3497_20131219T235925Z.fits,843840
fits_cache,H5949_20150910T025924Z.fits,80640
fits_cache,H6302_20160131T145924Z.fits,408960
fits_cache,H2400_20130121T095925Z.fits,403200
fits_cache,H5692_20150620T155925Z.fits,486720
fits_cache,H7399_20191229T085923Z.fits,86400
fits_cache,H5582_20150521T065925Z.fits,112320
fits_cache,H4751_20141105T015925Z.fits,423360
fits_cache,H6224_20160108T215924Z.fits,149760
fits_cache,H3996_20140413T215925Z.fits,262080
fits_cache,H532_20110503T045926Z.fits,213120
fits_cache,H3286_20131021T185925Z.fits,164160
fits_cache,H1_20100509T035926Z.fits,172800
fits_cache,H7575_20210425T035923Z.fits,57600
fits_cache,H7254_20180509T195923Z.fits,72000
fits_cache,H2502_20130303T135925Z.fits,460800
fits_cache,H3259_20131012T155925Z.fits,123840
fits_cache,H6404_20160304T235924Z.fits,51840
fits_cache,H1399_20120221T045926Z.fits,138240
fits_cache,H6418_20160318T005924Z.fits,345600
fits_cache,H4751_20141106T025925Z.fits,420480
fits_cache,H3721_20140210T035925Z.fits,495360
fits_cache,H5750_20150710T115924Z.fits,132480
fits_cache,H812_20110828T035926Z.fits,339840
fits_cache,H1424_20120226T185926Z.fits,184320
fits_cache,H7313_20181019T165923Z.fits,34560
fits_cache,H4921_20141210T045925Z.fits,132480
fits_cache,H7643_20210704T205923Z.fits,184320
fits_cache,H2812_20130531T065925Z.fits,92160
fits_cache,H7246_20180404T005923Z.fits,92160
fits_cache,H2173_20121105T095925Z.fits,106560
fits_cache,H5845_20150806T165924Z.fits,72000
fits_cache,H3901_20140328T045925Z.fits,959040
fits_cache,H7890_20211227T155923Z.fits,311040
fits_cache,H4065_20140424T165925Z.fits,97920
fits_cache,H2760_20130529T075925Z.fits,1229760
fits_cache,H6317_20160206T225924Z.fits,267840
fits_cache,H990_20111020T115926Z.fits,69120
fits_cache,H2625_20130410T165925Z.fits,334080
fits_cache,H224_20101021T025926Z.fits,221760
fits_cache,H7694_20210811T105923Z.fits,285120
fits_cache,H128_20100818T185926Z.fits,158400
fits_cache,H7934_20220116T205923Z.fits,115200
fits_cache,H3248_20131006T025925Z.fits,218880
fits_cache,H2944_20130709T075925Z.fits,31680
fits_cache,H3848_20140317T195925Z.fits,423360
fits_cache,H1237_20111230T145926Z.fits,348480
fits_cache,H4640_20141005T065925Z.fits,630720
fits_cache,H3926_20140405T095925Z.fits,362880
fits_cache,H572_20110504T235926Z.fits,43200
fits_cache,H2976_20130717T065925Z.fits,54720
fits_cache,H7236_20180208T135923Z.fits,40320
fits_cache,H7857_20211128T195923Z.fits,138240
fits_cache,H2291_20121214T155925Z.fits,328320
fits_cache,H1495_20120325T205926Z.fits,103680
fits_cache,H3082_20130823T155925Z.fits,342720
fits_cache,H677_20110621T015926Z.fits,25920
fits_cache,H1041_20111109T135926Z.fits,901440
fits_cache,H6399_20160302T195924Z.fits,230400
fits_cache,H1931_20120811T065925Z.fits,380160
fits_cache,H1124_20111204T205926Z.fits,875520
fits_cache,H4817_20141121T145925Z.fits,2488320
fits_cache,H317_20101225T145926Z.fits,54720
fits_cache,H1497_20120323T205926Z.fits,57600
fits_cache,H867_20110915T135926Z.fits,190080
fits_cache,H3032_20130806T005925Z.fits,146880
fits_cache,H1484_20120320T015926Z.fits,167040
fits_cache,H3326_20131031T145925Z.fits,86400
fits_cache,H1484_20120322T045926Z.fits,175680
fits_cache,H7570_20210419T135923Z.fits,256320
fits_cache,H3836_20140311T155925Z.fits,357120
fits_cache,H7299_20180821T235923Z.fits,103680
fits_cache,H3119_20130831T135925Z.fits,345600
fits_cache,H2240_20121203T065925Z.fits,227520
fits_cache,H8071_20220319T145923Z.fits,115200
fits_cache,H2945_20130711T165925Z.fits,262080
fits_cache,H371_20110212T215926Z.fits,112320
fits_cache,H3330_20131105T225925Z.fits,181440
fits_cache,H7477_20201129T155923Z.fits,1077120
fits_cache,H7562_20210330T155923Z.fits,123840
fits_cache,H504_20110418T075926Z.fits,717120
fits_cache,H610_20110526T165926Z.fits,120960
fits_cache,H3154_20130910T185925Z.fits,339840
fits_cache,H2754_20130516T045925Z.fits,74880
fits_cache,H5982_20150923T095924Z.fits,152640
fits_cache,H7991_20220212T215923Z.fits,164160
fits_cache,H7310_20181002T025923Z.fits,69120
fits_cache,H5598_20150524T025925Z.fits,244800
fits_cache,H5789_20150723T165924Z.fits,190080
fits_cache,H1613_20120502T155926Z.fits,161280
fits_cache,H401_20110311T095926Z.fits,328320
fits_cache,H7558_20210322T155923Z.fits,239040
fits_cache,H7203_20171215T155923Z.fits,37440
fits_cache,H3309_20131029T225925Z.fits,97920
fits_cache,H7596_20210526T045923Z.fits,92160
fits_cache,H7691_20210809T195923Z.fits,60480
fits_cache,H5541_20150513T125925Z.fits,694080
fits_cache,H6994_20170430T045923Z.fits,267840
fits_cache,H5112_20150126T135925Z.fits,141120
fits_cache,H7922_20220116T205923Z.fits,368640
fits_cache,H5183_20150216T095925Z.fits,210240
fits_cache,H147_20100901T045926Z.fits,207360
fits_cache,H6054_20151028T235924Z.fits,72000
fits_cache,H926_20111004T085926Z.fits,115200
fits_cache,H5880_20150815T145924Z.fits,164160
fits_cache,H918_20111010T165926Z.fits,371520
fits_cache,H2191_20121115T185925Z.fits,1169280
fits_cache,H1232_20111222T035926Z.fits,103680
fits_cache,H684_20110628T195926Z.fits,164160
fits_cache,H1514_20120403T035926Z.fits,195840
fits_cache,H494_20110413T095926Z.fits,92160
fits_cache,H5831_20150804T125924Z.fits,336960
fits_cache,H443_20110403T105926Z.fits,273600
fits_cache,H2372_20130112T065925Z.fits,731520
fits_cache,H7304_20180909T105923Z.fits,54720
fits_cache,H3806_20140302T185925Z.fits,74880
fits_cache,H2186_20121115T225925Z.fits,408960
fits_cache,H2522_20130312T115925Z.fits,282240
fits_cache,H2112_20121018T115925Z.fits,164160
fits_cache,H1090_20111119T005926Z.fits,120960
fits_cache,H8026_20220224T225923Z.fits,115200
fits_cache,H1447_20120307T205926Z.fits,241920
fits_cache,H7803_20211030T185923Z.fits,227520
fits_cache,H455_20110327T045926Z.fits,14400
fits_cache,H4379_20140727T155925Z.fits,391680
fits_cache,H610_20110523T135926Z.fits,126720
fits_cache,H1907_20120810T205925Z.fits,1923840
fits_cache,H3999_20140418T045925Z.fits,483840
fits_cache,H5298_20150312T115925Z.fits,659520
fits_cache,H5144_20150209T015925Z.fits,489600
fits_cache,H7670_20210719T185923Z.fits,109440
fits_cache,H2502_20130302T015925Z.fits,460800
fits_cache,H1321_20120119T065926Z.fits,1664640
fits_cache,H3586_20140111T025925Z.fits,440640
fits_cache,H587_20110513T085926Z.fits,195840
fits_cache,H8049_20220304T095923Z.fits,43200
fits_cache,H7254_20180506T165923Z.fits,72000
fits_cache,H226_20101026T105926Z.fits,325440
fits_cache,H2181_20121111T115925Z.fits,691200
fits_cache,H538_20110429T145926Z.fits,118080
fits_cache,H3031_20130808T215925Z.fits,195840
fits_cache,H2942_20130707T105925Z.fits,57600
fits_cache,H2748_20130519T145925Z.fits,319680
fits_cache,H1952_20120821T035925Z.fits,72000
fits_cache,H325_20110101T135926Z.fits,126720
fits_cache,H2984_20130724T105925Z.fits,155520
fits_cache,H1997_20120830T105925Z.fits,74880
fits_cache,H7583_20210513T035923Z.fits,92160
fits_cache,H7746_20210924T035923Z.fits,210240
fits_cache,H2922_20130703T145925Z.fits,164160
fits_cache,H7147_20170928T065923Z.fits,504000
fits_cache,H3721_20140211T115925Z.fits,506880
fits_cache,H1119_20111128T135926Z.fits,357120
fits_cache,H5856_20150813T155924Z.fits,123840
fits_cache,H4065_20140427T015925Z.fits,100800
fits_cache,H799_20110817T165926Z.fits,77760
fits_cache,H4781_20141109T145925Z.fits,570240
fits_cache,H7246_20180405T125923Z.fits,89280
fits_cache,H7476_20201121T205923Z.fits,74880
fits_cache,H1783_20120618T195926Z.fits,57600
fits_cache,H5099_20150126T125925Z.fits,77760
fits_cache,H8134_20220412T145923Z.fits,296640
fits_cache,H5054_20150115T135925Z.fits,253440
fits_cache,H605_20110523T035926Z.fits,423360
fits_cache,H5518_20150502T125925Z.fits,74880
fits_cache,H3688_20140201T065925Z.fits,720000
fits_cache,H927_20111008T125926Z.fits,354240
fits_cache,H7618_20210619T215923Z.fits,420480
fits_cache,H7751_20210921T105923Z.fits,57600
fits_cache,H4963_20141224T205925Z.fits,155520
fits_cache,H2839_20130613T105925Z.fits,57600
fits_cache,H7566_20210403T115923Z.fits,43200
fits_cache,H1080_20111122T005926Z.fits,377280
fits_cache,H7334_20190126T165923Z.fits,178560
fits_cache,H2227_20121126T225925Z.fits,311040
fits_cache,H676_20110622T145926Z.fits,66240
fits_cache,H1528_20120404T045926Z.fits,288000
fits_cache,H1962_20120825T065925Z.fits,178560
fits_cache,H4995_20141227T045925Z.fits,100800
fits_cache,H190_20100927T095926Z.fits,144000
fits_cache,H2240_20121130T235925Z.fits,227520
fits_cache,H156_20100904T095926Z.fits,144000
fits_cache,H2511_20130304T095925Z.fits,633600
fits_cache,H4256_20140622T165925Z.fits,123840
fits_cache,H2114_20121018T235925Z.fits,77760
fits_cache,H2260_20121207T095925Z.fits,31680
fits_cache,H7503_20201217T135923Z.fits,123840
fits_cache,H107_20100802T075926Z.fits,109440
fits_cache,H892_20110928T045926Z.fits,662400
fits_cache,H2362_20130112T205925Z.fits,613440
fits_cache,H3364_20131116T085925Z.fits,498240
fits_cache,H7090_20170724T145923Z.fits,103680
fits_cache,H3461_20131205T145925Z.fits,106560
fits_cache,H740_20110725T035926Z.fits,169920
fits_cache,H3195_20130917T095925Z.fits,66240
fits_cache,H1016_20111031T185926Z.fits,69120
fits_cache,H970_20111024T195926Z.fits,590400
fits_cache,H6320_20160205T035924Z.fits,161280
fits_cache,H5637_20150605T045925Z.fits,878400
fits_cache,H5002_20150103T165925Z.fits,325440
fits_cache,H116_20100805T235926Z.fits,120960
fits_cache,H6986_20170425T115923Z.fits,607680
fits_cache,H7751_20210922T135923Z.fits,57600
fits_cache,H384_20110217T075926Z.fits,486720
fits_cache,H1680_20120522T215926Z.fits,178560
fits_cache,H3785_20140227T095925Z.fits,172800
fits_cache,H1348_20120128T225926Z.fits,169920
fits_cache,H7749_20210922T005923Z.fits,48960
fits_cache,H6_20100502T135926Z.fits,51840
fits_cache,H4189_20140601T005925Z.fits,126720
fits_cache,H4920_20141213T115925Z.fits,2995200
fits_cache,H8195_20220503T135923Z.fits,250560
fits_cache,H5118_20150126T205925Z.fits,83520
fits_cache,H1319_20120115T015926Z.fits,37440
fits_cache,H975_20111017T125926Z.fits,95040
fits_cache,H2519_20130302T165925Z.fits,118080
fits_cache,H8086_20220328T095923Z.fits,221760
fits_cache,H1275_20120108T015926Z.fits,475200
fits_cache,H7454_20201017T195923Z.fits,236160
fits_cache,H2501_20130225T005925Z.fits,158400
fits_cache,H8_20100504T125926Z.fits,141120
fits_cache,H146_20100829T185926Z.fits,135360
fits_cache,H7131_20170918T075923Z.fits,161280
fits_cache,H3711_20140207T215925Z.fits,293760
fits_cache,H693_20110704T125926Z.fits,95040
fits_cache,H746_20110728T035926Z.fits,351360
fits_cache,H2832_20130608T095925Z.fits,256320
fits_cache,H2358_20130110T105925Z.fits,152640
fits_cache,H5976_20150923T045924Z.fits,224640
fits_cache,H6069_20151101T125924Z.fits,74880
fits_cache,H46_20100603T105926Z.fits,149760
fits_cache,H5114_20150131T115925Z.fits,112320
fits_cache,H1756_20120615T045926Z.fits,380160
fits_cache,H587_20110511T215926Z.fits,198720
fits_cache,H5347_20150321T185925Z.fits,239040
fits_cache,H115_20100809T135926Z.fits,492480
fits_cache,H211_20101016T185926Z.fits,616320
fits_cache,H2329_20130104T005925Z.fits,446400
fits_cache,H948_20111016T115926Z.fits,544320
fits_cache,H5983_20150927T085924Z.fits,469440
fits_cache,H2414_20130126T235925Z.fits,178560
fits_cache,H6470_20160401T065924Z.fits,51840
fits_cache,H6974_20170325T235923Z.fits,57600
fits_cache,H740_20110722T035926Z.fits,169920
fits_cache,H1806_20120704T155925Z.fits,774720
fits_cache,H58_20100620T105926Z.fits,66240
fits_cache,H7452_20201011T015923Z.fits,95040
fits_cache,H3400_20131123T015925Z.fits,201600
fits_cache,H603_20110514T235926Z.fits,20160
fits_cache,H3686_20140201T015925Z.fits,1408320
fits_cache,H2137_20121029T135925Z.fits,351360
fits_cache,H956_20111014T195926Z.fits,103680
fits_cache,H3171_20130910T225925Z.fits,72000
fits_cache,H3022_20130731T205925Z.fits,95040
fits_cache,H3901_20140331T115925Z.fits,941760
fits_cache,H799_20110818T215926Z.fits,77760
fits_cache,H1572_20120419T185926Z.fits,57600
fits_cache,H7569_20210414T085923Z.fits,126720
fits_cache,H7891_20211227T035923Z.fits,368640
fits_cache,H5186_20150213T165925Z.fits,532800
fits_cache,H2735_20130517T075925Z.fits,293760
fits_cache,H5677_20150617T165925Z.fits,112320
fits_cache,H7228_20180109T145923Z.fits,37440
fits_cache,H3049_20130807T165925Z.fits,77760
fits_cache,H3420_20131130T065925Z.fits,161280
fits_cache,H661_20110612T045926Z.fits,184320
fits_cache,H8116_20220401T155923Z.fits,43200
fits_cache,H7690_20210801T145923Z.fits,115200
fits_cache,H1461_20120313T155926Z.fits,239040
fits_cache,H7643_20210706T095923Z.fits,181440
fits_cache,H3711_20140211T035925Z.fits,285120
fits_cache,H2519_20130303T045925Z.fits,120960
fits_cache,H631_20110525T235926Z.fits,23040
fits_cache,H970_20111021T085926Z.fits,607680
fits_cache,H3740_20140216T005925Z.fits,550080
fits_cache,H325_20101230T215926Z.fits,120960
fits_cache,H5940_20150910T195924Z.fits,132480
fits_cache,H5582_20150518T095925Z.fits,112320
fits_cache,H2331_20130103T075925Z.fits,213120
fits_cache,H5615_20150527T095925Z.fits,80640
fits_cache,H4344_20140710T165925Z.fits,423360
fits_cache,H948_20111015T065926Z.fits,532800
fits_cache,H7022_20170525T215923Z.fits,181440
fits_cache,H2106_20121007T105925Z.fits,126720
fits_cache,H7356_20190417T095923Z.fits,40320
fits_cache,H175_20100916T205926Z.fits,538560
fits_cache,H5644_20150611T065925Z.fits,1319040
fits_cache,H8149_20220416T215923Z.fits,86400
fits_cache,H7115_20170904T035923Z.fits,345600
fits_cache,H1075_20111114T235926Z.fits,72000
fits_cache,H3192_20130922T165925Z.fits,60480
fits_cache,H7745_20210922T155923Z.fits,463680
fits_cache,H4396_20140801T135925Z.fits,2445120
fits_cache,H7719_20210830T075923Z.fits,48960
fits_cache,H4781_20141110T015925Z.fits,570240
fits_cache,H6302_20160128T155924Z.fits,406080
fits_cache,H4690_20141017T065925Z.fits,74880
fits_cache,H92_20100723T005926Z.fits,501120
fits_cache,H1399_20120216T165926Z.fits,138240
fits_cache,H2137_20121028T015925Z.fits,357120
fits_cache,H7097_20170730T035923Z.fits,25920
fits_cache,H622_20110527T045926Z.fits,267840
fits_cache,H6436_20160315T155924Z.fits,46080
fits_cache,H7599_20210530T235923Z.fits,204480
fits_cache,H7878_20211224T105923Z.fits,175680
fits_cache,H2735_20130514T105925Z.fits,290880
fits_cache,H5677_20150616T045925Z.fits,109440
fits_cache,H2176_20121107T165925Z.fits,63360
fits_cache,H8014_20220218T105923Z.fits,86400
fits_cache,H3217_20130928T215925Z.fits,417600
fits_cache,H7749_20210922T145923Z.fits,51840
fits_cache,H5559_20150518T215925Z.fits,195840
fits_cache,H2904_20130627T145925Z.fits,164160
fits_cache,H2727_20130511T195925Z.fits,308160
fits_cache,H2693_20130503T025925Z.fits,823680
fits_cache,H38_20100530T075926Z.fits,100800
fits_cache,H1750_20120614T085926Z.fits,466560
fits_cache,H7747_20210920T165923Z.fits,138240
fits_cache,H7050_20170615T205923Z.fits,123840
fits_cache,H6428_20160312T185924Z.fits,31680
fits_cache,H8050_20220308T145923Z.fits,282240
fits_cache,H676_20110621T035926Z.fits,66240
fits_cache,H4864_20141128T005925Z.fits,213120
fits_cache,H5963_20150917T115924Z.fits,123840
fits_cache,H4750_20141101T005925Z.fits,69120
fits_cache,H4375_20140718T095925Z.fits,86400
fits_cache,H6982_20170405T135923Z.fits,138240
fits_cache,H3295_20131026T165925Z.fits,653760
fits_cache,H2887_20130627T205925Z.fits,385920
fits_cache,H2039_20120916T155925Z.fits,152640
fits_cache,H6301_20160130T165924Z.fits,253440
fits_cache,H4955_20141222T065925Z.fits,743040
fits_cache,H8060_20220306T235923Z.fits,221760
fits_cache,H2634_20130411T185925Z.fits,89280
fits_cache,H803_20110827T105926Z.fits,290880
fits_cache,H7431_20200729T205923Z.fits,158400
fits_cache,H7618_20210621T105923Z.fits,417600
fits_cache,H903_20111001T235926Z.fits,190080
fits_cache,H7190_20171117T215923Z.fits,37440
fits_cache,H7633_20210703T015923Z.fits,227520
fits_cache,H3341_20131109T215925Z.fits,610560
fits_cache,H5002_20150102T045925Z.fits,331200
fits_cache,H3806_20140227T205925Z.fits,77760
fits_cache,H3686_20140205T165925Z.fits,1460160
fits_cache,H3353_20131113T035925Z.fits,46080
fits_cache,H7229_20180118T185923Z.fits,74880
fits_cache,H7918_20220109T065923Z.fits,218880
fits_cache,H6345_20160216T155924Z.fits,60480
fits_cache,H5985_20150926T045924Z.fits,63360
fits_cache,H643_20110603T145926Z.fits,192960
fits_cache,H2460_20130209T035925Z.fits,181440
fits_cache,H4639_20141009T085925Z.fits,1601280
fits_cache,H366_20110211T205926Z.fits,20160
fits_cache,H146_20100831T065926Z.fits,135360
fits_cache,H4698_20141021T065925Z.fits,1324800
fits_cache,H6489_20160413T085924Z.fits,69120
fits_cache,H817_20110830T135926Z.fits,123840
fits_cache,H7097_20170728T095923Z.fits,23040
fits_cache,H4190_20140606T085925Z.fits,892800
fits_cache,H5586_20150521T135925Z.fits,282240
fits_cache,H3658_20140122T135925Z.fits,80640
fits_cache,H7147_20170929T195923Z.fits,512640
fits_cache,H325_20110102T095926Z.fits,123840
fits_cache,H5865_20150815T085924Z.fits,198720
fits_cache,H1993_20120830T115925Z.fits,230400
fits_cache,H4390_20140729T155925Z.fits,832320
fits_cache,H7419_20200607T205923Z.fits,172800
fits_cache,H67_20100625T235926Z.fits,95040
fits_cache,H43_20100603T135926Z.fits,118080
fits_cache,H1569_20120419T165926Z.fits,83520
fits_cache,H6281_20160124T185924Z.fits,777600
fits_cache,H3461_20131202T215925Z.fits,100800
fits_cache,H3114_20130821T155925Z.fits,83520
fits_cache,H49_20100608T145926Z.fits,129600
fits_cache,H5387_20150330T085925Z.fits,210240
fits_cache,H6427_20160311T135924Z.fits,109440
fits_cache,H7432_20200806T105923Z.fits,308160
fits_cache,H900_20110928T215926Z.fits,95040
fits_cache,H7549_20210222T235923Z.fits,192960
fits_cache,H5982_20150924T105924Z.fits,152640
fits_cache,H377_20110213T205926Z.fits,311040
fits_cache,H7778_20211010T125923Z.fits,34560
fits_cache,H2400_20130119T215925Z.fits,391680
fits_cache,H5957_20150911T045924Z.fits,25920
fits_cache,H135_20100822T105926Z.fits,469440
fits_cache,H364_20110212T045926Z.fits,187200
fits_cache,H3926_20140402T045925Z.fits,374400
fits_cache,H7665_20210713T235923Z.fits,66240
fits_cache,H2387_20130116T135925Z.fits,169920
fits_cache,H147_20100829T035926Z.fits,204480
fits_cache,H7399_20191227T185923Z.fits,86400
fits_cache,H2982_20130721T125925Z.fits,54720
fits_cache,H6210_20151224T215924Z.fits,123840
fits_cache,H1405_20120217T235926Z.fits,178560
fits_cache,H2372_20130113T195925Z.fits,745920
fits_cache,H650_20110607T145926Z.fits,380160
fits_cache,H155_20100901T115926Z.fits,54720
fits_cache,H632_20110603T165926Z.fits,97920
fits_cache,H2450_20130207T155925Z.fits,285120
fits_cache,H4375_20140722T085925Z.fits,92160
fits_cache,H116_20100807T135926Z.fits,120960
fits_cache,H8123_20220411T185923Z.fits,224640
fits_cache,H3353_20131110T215925Z.fits,48960
fits_cache,H7547_20210218T045923Z.fits,23040
fits_cache,H3248_20131007T095925Z.fits,221760
fits_cache,H5739_20150705T195924Z.fits,181440
fits_cache,H1844_20120707T025925Z.fits,28800
fits_cache,H5534_20150507T035925Z.fits,95040
fits_cache,H8113_20220405T015923Z.fits,293760
fits_cache,H7290_20180803T125923Z.fits,118080
fits_cache,H4955_20141223T215925Z.fits,743040
fits_cache,H1171_20111215T005926Z.fits,152640
fits_cache,H686_20110629T005926Z.fits,106560
fits_cache,H2171_20121106T015925Z.fits,74880
fits_cache,H2673_20130421T105925Z.fits,354240
fits_cache,H2543_20130311T225925Z.fits,239040
fits_cache,H480_20110410T015926Z.fits,728640
fits_cache,H1340_20120123T165926Z.fits,69120
fits_cache,H7555_20210317T185923Z.fits,138240
fits_cache,H7653_20210706T225923Z.fits,89280
fits_cache,H2635_20130410T115925Z.fits,806400
fits_cache,H3066_20130819T135925Z.fits,774720
fits_cache,H1903_20120802T145925Z.fits,360000
fits_cache,H1727_20120606T215926Z.fits,167040
fits_cache,H5850_20150804T225924Z.fits,66240
fits_cache,H850_20110910T015926Z.fits,218880
fits_cache,H7543_20210128T165923Z.fits,40320
fits_cache,H401_20110306T205926Z.fits,316800
fits_cache,H589_20110510T155926Z.fits,60480
fits_cache,H4683_20141013T065925Z.fits,69120
fits_cache,H1807_20120630T185926Z.fits,587520
fits_cache,H7117_20170905T225923Z.fits,576000
fits_cache,H86_20100716T085926Z.fits,607680
fits_cache,H5054_20150117T235925Z.fits,247680
fits_cache,H1632_20120506T015926Z.fits,190080
fits_cache,H3784_20140303T145925Z.fits,3049920
fits_cache,H7929_20220111T085923Z.fits,86400
fits_cache,H7833_20211122T155923Z.fits,77760
fits_cache,H5249_20150303T095925Z.fits,1267200
fits_cache,H444_20110328T225926Z.fits,619200
fits_cache,H1715_20120603T085926Z.fits,132480
fits_cache,H7612_20210612T075923Z.fits,69120
fits_cache,H1480_20120320T005926Z.fits,34560
fits_cache,H4381_20140728T235925Z.fits,57600
fits_cache,H1424_20120301T045926Z.fits,181440
fits_cache,H185_20100921T125926Z.fits,480960
fits_cache,H6383_20160301T165924Z.fits,316800
fits_cache,H2716_20130506T185925Z.fits,722880
fits_cache,H2727_20130509T075925Z.fits,302400
fits_cache,H2098_20121010T045925Z.fits,207360
fits_cache,H3323_20131028T165925Z.fits,123840
fits_cache,H7706_20210819T025923Z.fits,46080
fits_cache,H5073_20150116T215925Z.fits,823680
fits_cache,H1016_20111104T095926Z.fits,69120
fits_cache,H6027_20151021T165924Z.fits,636480
fits_cache,H3220_20130929T085925Z.fits,241920
fits_cache,H7536_20210124T215923Z.fits,250560
fits_cache,H2750_20130516T115925Z.fits,135360
fits_cache,H903_20111003T135926Z.fits,192960
fits_cache,H3149_20130901T065925Z.fits,224640
fits_cache,H2021_20120909T185925Z.fits,175680
fits_cache,H1183_20111220T105926Z.fits,996480
fits_cache,H2362_20130113T075925Z.fits,613440
fits_cache,H3154_20130913T165925Z.fits,334080
fits_cache,H3267_20131012T215925Z.fits,123840
fits_cache,H950_20111016T235926Z.fits,169920
fits_cache,H5976_20150925T235924Z.fits,227520
fits_cache,H4978_20141230T095925Z.fits,538560
fits_cache,H7144_20170928T235923Z.fits,308160
fits_cache,H1756_20120613T235926Z.fits,377280
fits_cache,H2352_20130106T185925Z.fits,155520
fits_cache,H2605_20130406T195925Z.fits,714240
fits_cache,H135_20100824T025926Z.fits,457920
fits_cache,H2239_20121128T135925Z.fits,149760
fits_cache,H4073_20140502T185925Z.fits,264960
fits_cache,H5011_20150102T135925Z.fits,440640
fits_cache,H6411_20160305T005924Z.fits,48960
fits_cache,H2735_20130512T235925Z.fits,285120
fits_cache,H685_20110702T215926Z.fits,247680
fits_cache,H7384_20190904T035923Z.fits,48960
fits_cache,H2696_20130502T075925Z.fits,1393920
fits_cache,H926_20111007T065926Z.fits,118080
fits_cache,H5541_20150512T195925Z.fits,696960
fits_cache,H2718_20130507T195925Z.fits,97920
fits_cache,H7386_20191101T135923Z.fits,34560
fits_cache,H3569_20140103T205925Z.fits,72000
fits_cache,H6317_20160209T205924Z.fits,264960
fits_cache,H8113_20220403T135923Z.fits,290880
fits_cache,H7290_20180805T005923Z.fits,118080
fits_cache,H7633_20210630T025923Z.fits,224640
fits_cache,H2176_20121110T135925Z.fits,63360
fits_cache,H3247_20131010T045925Z.fits,230400
fits_cache,H175_20100918T085926Z.fits,541440
fits_cache,H6075_20151111T085924Z.fits,342720
fits_cache,H5935_20150906T215924Z.fits,97920
fits_cache,H7967_20220124T075923Z.fits,100800
fits_cache,H5718_20150707T065924Z.fits,1249920
fits_cache,H4750_20141031T005925Z.fits,69120
fits_cache,H8116_20220331T135923Z.fits,43200
fits_cache,H7599_20210602T195923Z.fits,213120
fits_cache,H7202_20171207T035923Z.fits,25920
fits_cache,H1340_20120125T045926Z.fits,69120
fits_cache,H7745_20210922T205923Z.fits,463680
fits_cache,H7254_20180508T065923Z.fits,74880
fits_cache,H3999_20140417T125925Z.fits,489600
fits_cache,H1613_20120428T035926Z.fits,167040
fits_cache,H5885_20150821T125924Z.fits,702720
fits_cache,H532_20110501T185926Z.fits,216000
fits_cache,H2040_20120927T225925Z.fits,1376640
fits_cache,H4973_20141228T135925Z.fits,100800
fits_cache,H1426_20120301T025926Z.fits,77760
fits_cache,H702_20110709T155926Z.fits,135360
fits_cache,H5028_20150109T165925Z.fits,895680
fits_cache,H2875_20130619T095925Z.fits,158400
fits_cache,H5549_20150516T035925Z.fits,397440
fits_cache,H4190_20140604T195925Z.fits,881280
fits_cache,H2982_20130720T005925Z.fits,54720
fits_cache,H274_20101128T205926Z.fits,144000
fits_cache,H5818_20150803T085924Z.fits,216000
fits_cache,H1338_20120126T135926Z.fits,247680
fits_cache,H6436_20160316T235924Z.fits,48960
fits_cache,H7532_20210115T015923Z.fits,54720
fits_cache,H1133_20111201T065926Z.fits,100800
fits_cache,H878_20110927T125926Z.fits,691200
fits_cache,H2177_20121108T165925Z.fits,97920
fits_cache,H3874_20140326T135925Z.fits,469440
fits_cache,H8020_20220215T095923Z.fits,66240
fits_cache,H7237_20180211T165923Z.fits,195840
fits_cache,H6027_20151021T095924Z.fits,633600
fits_cache,H145_20100828T085926Z.fits,100800
fits_cache,H5483_20150424T085925Z.fits,80640
fits_cache,H7659_20210717T005923Z.fits,89280
fits_cache,H2984_20130721T075925Z.fits,155520
fits_cache,H5113_20150201T155925Z.fits,567360
fits_cache,H7854_20211204T155923Z.fits,115200
fits_cache,H7003_20170508T155923Z.fits,66240
fits_cache,H3996_20140416T225925Z.fits,270720
fits_cache,H4374_20140717T165925Z.fits,46080
fits_cache,H4375_20140721T005925Z.fits,92160
fits_cache,H7034_20170604T235923Z.fits,302400
fits_cache,H3326_20131030T145925Z.fits,89280
fits_cache,H3250_20131002T145925Z.fits,74880
fits_cache,H7426_20200704T205923Z.fits,17280
fits_cache,H5039_20150111T065925Z.fits,1854720
fits_cache,H7470_20201117T145923Z.fits,236160
fits_cache,H7571_20210416T205923Z.fits,46080
fits_cache,H7813_20211031T065923Z.fits,40320
fits_cache,H3367_20131110T185925Z.fits,86400
fits_cache,H725_20110720T095926Z.fits,221760
fits_cache,H7788_20211026T185923Z.fits,267840
fits_cache,H3942_20140403T165925Z.fits,463680
fits_cache,H7929_20220112T005923Z.fits,86400
fits_cache,H4272_20140629T085925Z.fits,408960
fits_cache,H224_20101024T015926Z.fits,224640
fits_cache,H3246_20131003T065925Z.fits,169920
fits_cache,H3836_20140311T135925Z.fits,357120
fits_cache,H853_20110917T225926Z.fits,213120
fits_cache,H5831_20150803T005924Z.fits,328320
fits_cache,H1396_20120218T085926Z.fits,527040
fits_cache,H2450_20130209T035925Z.fits,282240
fits_cache,H1186_20111216T015926Z.fits,325440
fits_cache,H5772_20150721T095924Z.fits,601920
fits_cache,H2861_20130622T225925Z.fits,241920
fits_cache,H5026_20150108T085925Z.fits,236160
fits_cache,H3741_20140211T045925Z.fits,109440
fits_cache,H3437_20131205T195925Z.fits,420480
fits_cache,H5652_20150606T085925Z.fits,48960
fits_cache,H4690_20141021T145925Z.fits,72000
fits_cache,H6015_20151019T005924Z.fits,512640
fits_cache,H4093_20140510T015925Z.fits,198720
fits_cache,H4135_20140514T205925Z.fits,77760
fits_cache,H7854_20211201T105923Z.fits,115200
fits_cache,H2044_20120926T235925Z.fits,708480
fits_cache,H284_20101211T115926Z.fits,371520
fits_cache,H2533_20130314T215925Z.fits,146880
fits_cache,H798_20110821T125926Z.fits,288000
fits_cache,H1399_20120218T215926Z.fits,141120
fits_cache,H5450_20150413T075925Z.fits,92160
fits_cache,H6060_20151102T185924Z.fits,80640
fits_cache,H7917_20220108T035923Z.fits,478080
fits_cache,H248_20101107T015926Z.fits,66240
fits_cache,H5233_20150221T105925Z.fits,561600
fits_cache,H8003_20220214T185923Z.fits,123840
fits_cache,H7412_20200405T205923Z.fits,118080
fits_cache,H681_20110626T205926Z.fits,97920
fits_cache,H2401_20130121T215925Z.fits,66240
fits_cache,H7842_20211128T235923Z.fits,573120
fits_cache,H3032_20130803T035925Z.fits,149760
fits_cache,H7788_20211021T185923Z.fits,262080
fits_cache,H1573_20120415T105926Z.fits,201600
fits_cache,H2401_20130122T225925Z.fits,66240
fits_cache,H270_20101129T215926Z.fits,80640
fits_cache,H713_20110715T065926Z.fits,377280
fits_cache,H2966_20130718T115925Z.fits,607680
fits_cache,H4065_20140426T155925Z.fits,97920
fits_cache,H3711_20140206T195925Z.fits,288000
fits_cache,H7312_20181017T235923Z.fits,115200
fits_cache,H7918_20220114T025923Z.fits,216000
fits_cache,H5462_20150421T105925Z.fits,691200
fits_cache,H392_20110228T085926Z.fits,172800
fits_cache,H4422_20140806T125925Z.fits,57600
fits_cache,H6167_20151215T045924Z.fits,244800
fits_cache,H6099_20151113T205924Z.fits,77760
fits_cache,H6999_20170502T095923Z.fits,120960
fits_cache,H3437_20131202T195925Z.fits,429120
fits_cache,H975_20111020T125926Z.fits,100800
fits_cache,H455_20110327T165926Z.fits,14400
fits_cache,H3497_20131220T065925Z.fits,843840
fits_cache,H1237_20120101T035926Z.fits,339840
fits_cache,H7976_20220205T005923Z.fits,610560
fits_cache,H252_20101111T225926Z.fits,380160
fits_cache,H8043_20220302T165923Z.fits,299520
fits_cache,H7581_20210514T035923Z.fits,224640
fits_cache,H1952_20120820T035925Z.fits,66240
fits_cache,H3985_20140413T115925Z.fits,607680
fits_cache,H67_20100630T095926Z.fits,97920
fits_cache,H662_20110614T145926Z.fits,129600
fits_cache,H26_20100521T025926Z.fits,109440
fits_cache,H2469_20130215T225925Z.fits,541440
fits_cache,H7413_20200430T215923Z.fits,92160
fits_cache,H3240_20131001T095925Z.fits,69120
fits_cache,H8005_20220210T115923Z.fits,92160
fits_cache,H114_20100808T115926Z.fits,230400
fits_cache,H1389_20120212T215926Z.fits,279360
fits_cache,H221_20101018T055926Z.fits,23040
fits_cache,H1090_20111121T235926Z.fits,123840
fits_cache,H5571_20150522T065925Z.fits,267840
fits_cache,H7120_20170831T115923Z.fits,95040
fits_cache,H764_20110810T065926Z.fits,123840
fits_cache,H4295_20140705T025925Z.fits,152640
fits_cache,H2492_20130222T145925Z.fits,308160
fits_cache,H1724_20120606T165926Z.fits,288000
fits_cache,H4023_20140417T005925Z.fits,43200
fits_cache,H2599_20130403T035925Z.fits,371520
fits_cache,H990_20111020T035926Z.fits,69120
fits_cache,H6489_20160411T125924Z.fits,66240
fits_cache,H7561_20210324T085923Z.fits,129600
fits_cache,H2636_20130411T205925Z.fits,239040
fits_cache,H3608_20140113T195925Z.fits,141120
fits_cache,H5724_20150705T235924Z.fits,207360
fits_cache,H7532_20210116T095923Z.fits,57600
fits_cache,H7313_20181018T025923Z.fits,37440
fits_cache,H274_20101130T005926Z.fits,149760
fits_cache,H8057_20220307T015923Z.fits,95040
fits_cache,H8020_20220216T015923Z.fits,69120
fits_cache,H224_20101022T135926Z.fits,224640
fits_cache,H4302_20140703T225925Z.fits,74880
fits_cache,H6489_20160410T145924Z.fits,66240
fits_cache,H5249_20150304T165925Z.fits,1244160
fits_cache,H4205_20140611T045925Z.fits,576000
fits_cache,H2158_20121028T115925Z.fits,138240
fits_cache,H1278_20120106T195926Z.fits,394560
fits_cache,H1422_20120301T115926Z.fits,305280
fits_cache,H7778_20211009T205923Z.fits,34560
fits_cache,H5229_20150221T115925Z.fits,120960
fits_cache,H3097_20130817T065925Z.fits,95040
fits_cache,H67_20100628T225926Z.fits,97920
fits_cache,H7450_20200929T105923Z.fits,227520
fits_cache,H4896_20141203T235925Z.fits,37440
fits_cache,H750_20110802T015926Z.fits,466560
fits_cache,H7287_20180721T105923Z.fits,40320
fits_cache,H5211_20150213T195925Z.fits,46080
fits_cache,H6167_20151210T155924Z.fits,247680
fits_cache,H8078_20220318T235923Z.fits,83520
fits_cache,H3028_20130804T025925Z.fits,624960
fits_cache,H2750_20130515T195925Z.fits,129600
fits_cache,H5345_20150319T115925Z.fits,51840
fits_cache,H1396_20120216T015926Z.fits,521280
fits_cache,H2491_20130217T075925Z.fits,106560
fits_cache,H2492_20130225T145925Z.fits,299520
fits_cache,H394_20110228T025926Z.fits,400320
fits_cache,H7414_20200427T215923Z.fits,31680
fits_cache,H4186_20140603T065925Z.fits,218880
fits_cache,H7261_20180523T075923Z.fits,80640
fits_cache,H676_20110619T185926Z.fits,63360
fits_cache,H7788_20211024T095923Z.fits,267840
fits_cache,H1990_20120905T165925Z.fits,685440
fits_cache,H2597_20130403T045925Z.fits,616320
fits_cache,H7468_20201111T155923Z.fits,377280
fits_cache,H5450_20150414T135925Z.fits,92160
fits_cache,H5112_20150124T105925Z.fits,135360
fits_cache,H926_20111008T165926Z.fits,118080
fits_cache,H4272_20140626T075925Z.fits,403200
fits_cache,H1232_20111226T065926Z.fits,106560
fits_cache,H7127_20170908T095923Z.fits,100800
fits_cache,H226_20101023T135926Z.fits,311040
fits_cache,H1653_20120515T045926Z.fits,371520
fits_cache,H6171_20151211T075924Z.fits,66240
fits_cache,H6167_20151213T165924Z.fits,250560
fits_cache,H7921_20220110T085923Z.fits,83520
fits_cache,H6063_20151103T225924Z.fits,521280
fits_cache,H7548_20210225T125923Z.fits,138240
fits_cache,H6301_20160127T185924Z.fits,244800
fits_cache,H970_20111023T125926Z.fits,604800
fits_cache,H2711_20130507T045925Z.fits,109440
fits_cache,H3031_20130805T185925Z.fits,198720
fits_cache,H377_20110212T185926Z.fits,299520
fits_cache,H5944_20150911T185924Z.fits,368640
fits_cache,H7991_20220214T005923Z.fits,161280
fits_cache,H5107_20150126T085925Z.fits,691200
fits_cache,H1970_20120901T075925Z.fits,233280
fits_cache,H7453_20201008T095923Z.fits,48960
fits_cache,H437_20110327T225926Z.fits,930240
fits_cache,H572_20110502T165926Z.fits,43200
fits_cache,H3563_20140107T165925Z.fits,2033280
fits_cache,H2952_20130718T165925Z.fits,276480
fits_cache,H7256_20180516T075923Z.fits,169920
fits_cache,H7890_20211230T165923Z.fits,308160
fits_cache,H5462_20150423T205925Z.fits,694080
fits_cache,H6206_20151227T085924Z.fits,469440
fits_cache,H2117_20121019T065925Z.fits,633600
fits_cache,H5446_20150412T205925Z.fits,282240
fits_cache,H5974_20150924T095924Z.fits,354240
fits_cache,H4888_20141209T115925Z.fits,547200
fits_cache,H7299_20180825T135923Z.fits,106560
fits_cache,H5808_20150727T095924Z.fits,129600
fits_cache,H7667_20210721T205923Z.fits,146880
fits_cache,H3446_20131130T005925Z.fits,72000
fits_cache,H6319_20160203T135924Z.fits,74880
fits_cache,H3875_20140325T145925Z.fits,86400
fits_cache,H1318_20120117T215926Z.fits,213120
fits_cache,H4718_20141027T225925Z.fits,198720
fits_cache,H781_20110813T215926Z.fits,132480
fits_cache,H7412_20200407T105923Z.fits,115200
fits_cache,H3535_20131228T125925Z.fits,843840
fits_cache,H7860_20211203T125923Z.fits,37440
fits_cache,H443_20110331T015926Z.fits,282240
fits_cache,H5347_20150323T165925Z.fits,244800
fits_cache,H1066_20111119T005926Z.fits,659520
fits_cache,H1126_20111211T205926Z.fits,2255040
fits_cache,H431_20110317T025926Z.fits,66240
fits_cache,H3912_20140402T085925Z.fits,334080
fits_cache,H7699_20210814T095923Z.fits,43200
fits_cache,H2739_20130518T165925Z.fits,705600
fits_cache,H4879_20141127T215925Z.fits,60480
fits_cache,H2758_20130524T195925Z.fits,872640
fits_cache,H1993_20120903T195925Z.fits,244800
fits_cache,H595_20110514T235926Z.fits,46080
fits_cache,H3879_20140323T135925Z.fits,512640
fits_cache,H4197_20140606T065925Z.fits,1244160
fits_cache,H4284_20140624T045925Z.fits,144000
fits_cache,H846_20110908T005926Z.fits,54720
fits_cache,H7690_20210731T195923Z.fits,112320
fits_cache,H444_20110401T025926Z.fits,627840
fits_cache,H4252_20140621T065925Z.fits,362880
fits_cache,H1943_20120818T235925Z.fits,69120
fits_cache,H2809_20130606T045925Z.fits,187200
fits_cache,H7571_20210417T135923Z.fits,46080
fits_cache,H1549_20120414T165926Z.fits,247680
fits_cache,H5772_20150719T195924Z.fits,613440
fits_cache,H2599_20130404T225925Z.fits,365760
fits_cache,H4820_20141113T065925Z.fits,63360
fits_cache,H7498_20201208T145923Z.fits,152640
fits_cache,H1465_20120314T125926Z.fits,336960
fits_cache,H7426_20200704T155923Z.fits,17280
fits_cache,H3522_20131219T105925Z.fits,23040
fits_cache,H6394_20160303T035924Z.fits,89280
fits_cache,H7261_20180522T205923Z.fits,77760
fits_cache,H856_20110917T215926Z.fits,1105920
fits_cache,H8150_20220419T185923Z.fits,342720
fits_cache,H4011_20140418T165925Z.fits,161280
fits_cache,H6981_20170331T145923Z.fits,37440
fits_cache,H4640_20141010T005925Z.fits,622080
fits_cache,H1795_20120629T125926Z.fits,521280
fits_cache,H892_20110927T145926Z.fits,665280
fits_cache,H909_20111006T235926Z.fits,380160
fits_cache,H2341_20130104T155925Z.fits,262080
fits_cache,H6454_20160331T065924Z.fits,198720
fits_cache,H3483_20131218T045925Z.fits,1105920
fits_cache,H7896_20211228T235923Z.fits,112320
fits_cache,H2661_20130421T225925Z.fits,144000
fits_cache,H5198_20150216T155925Z.fits,250560
fits_cache,H2380_20130118T145925Z.fits,135360
fits_cache,H6428_20160313T155924Z.fits,31680
fits_cache,H4284_20140625T165925Z.fits,149760
fits_cache,H6026_20151021T065924Z.fits,1088640
fits_cache,H3907_20140330T165925Z.fits,141120
fits_cache,H6320_20160208T025924Z.fits,161280
fits_cache,H7575_20210423T225923Z.fits,57600
fits_cache,H6983_20170413T005923Z.fits,230400
fits_cache,H514_20110424T185926Z.fits,1604160
fits_cache,H3441_20131129T095925Z.fits,74880
fits_cache,H4816_20141116T235925Z.fits,48960
fits_cache,H4667_20141013T075925Z.fits,417600
fits_cache,H6205_20151230T045924Z.fits,904320
fits_cache,H846_20110909T125926Z.fits,54720
fits_cache,H572_20110504T045926Z.fits,43200
fits_cache,H5850_20150804T085924Z.fits,66240
fits_cache,H7120_20170901T115923Z.fits,97920
fits_cache,H1313_20120117T045926Z.fits,138240
fits_cache,H5002_20141230T065925Z.fits,325440
fits_cache,H362_20110205T005926Z.fits,270720
fits_cache,H4381_20140726T005925Z.fits,63360
fits_cache,H507_20110413T045926Z.fits,46080
fits_cache,H7476_20201126T135923Z.fits,72000
fits_cache,H1611_20120427T205926Z.fits,627840
fits_cache,H3079_20130815T025925Z.fits,46080
fits_cache,H5772_20150716T165924Z.fits,601920
fits_cache,H8123_20220407T045923Z.fits,227520
fits_cache,H1750_20120614T035926Z.fits,466560
fits_cache,H7013_20170519T085923Z.fits,187200
fits_cache,H1256_20120102T085926Z.fits,1209600
fits_cache,H3273_20131018T135925Z.fits,601920
fits_cache,H6403_20160311T015924Z.fits,195840
fits_cache,H2314_20121226T235925Z.fits,397440
fits_cache,H6353_20160215T095924Z.fits,100800
fits_cache,H5963_20150921T225924Z.fits,123840
fits_cache,H1183_20111217T105926Z.fits,1019520
fits_cache,H4726_20141028T005925Z.fits,400320
fits_cache,H1795_20120628T005926Z.fits,521280
fits_cache,H1866_20120724T035925Z.fits,247680
fits_cache,H2511_20130307T155925Z.fits,642240
fits_cache,H7653_20210708T155923Z.fits,86400
fits_cache,H7477_20201202T045923Z.fits,1039680
fits_cache,H4748_20141028T005925Z.fits,54720
fits_cache,H8148_20220416T045923Z.fits,92160
fits_cache,H7081_20170711T145923Z.fits,126720
fits_cache,H7120_20170830T225923Z.fits,92160
fits_cache,H7401_20200109T095923Z.fits,109440
fits_cache,H7401_20200107T145923Z.fits,112320
fits_cache,H3719_20140211T115925Z.fits,204480
fits_cache,H7737_20210906T185923Z.fits,446400
fits_cache,H1514_20120331T065926Z.fits,195840
fits_cache,H4131_20140519T075925Z.fits,184320
fits_cache,H2433_20130201T165925Z.fits,198720
fits_cache,H759_20110807T065926Z.fits,164160
fits_cache,H5036_20150110T085925Z.fits,466560
fits_cache,H3119_20130901T155925Z.fits,342720
fits_cache,H1549_20120412T045926Z.fits,244800
fits_cache,H7312_20181016T045923Z.fits,120960
fits_cache,H2177_20121110T035925Z.fits,97920
fits_cache,H2625_20130406T075925Z.fits,331200
fits_cache,H5450_20150411T235925Z.fits,92160
fits_cache,H5939_20150908T035924Z.fits,57600
fits_cache,H7260_20180529T025923Z.fits,66240
fits_cache,H8086_20220328T165923Z.fits,221760
fits_cache,H4201_20140608T045925Z.fits,97920
fits_cache,H7379_20190708T145923Z.fits,51840
fits_cache,H7400_20191224T155923Z.fits,28800
fits_cache,H4201_20140606T195925Z.fits,97920
fits_cache,H1638_20120510T025926Z.fits,627840
fits_cache,H3194_20130926T005925Z.fits,463680
fits_cache,H2436_20130201T205925Z.fits,80640
fits_cache,H4302_20140702T115925Z.fits,77760
fits_cache,H3563_20140107T025925Z.fits,2018880
fits_cache,H6164_20151208T235924Z.fits,112320
fits_cache,H7412_20200404T075923Z.fits,120960
fits_cache,H2875_20130621T125925Z.fits,167040
fits_cache,H1221_20111223T145926Z.fits,1120320
fits_cache,H5783_20150714T045924Z.fits,167040
fits_cache,H2469_20130217T125925Z.fits,544320
fits_cache,H7438_20200817T135923Z.fits,40320
fits_cache,H3176_20130919T105925Z.fits,95040
fits_cache,H3291_20131022T065925Z.fits,665280
fits_cache,H7860_20211202T005923Z.fits,37440
fits_cache,H3985_20140411T215925Z.fits,593280
fits_cache,H252_20101113T065926Z.fits,388800
fits_cache,H6140_20151203T035924Z.fits,613440
fits_cache,H3031_20130807T095925Z.fits,201600
fits_cache,H2123_20121023T005925Z.fits,469440
fits_cache,H245_20101108T145926Z.fits,648000
fits_cache,H1396_20120220T205926Z.fits,515520
fits_cache,H536_20110427T115926Z.fits,92160
fits_cache,H6982_20170410T015923Z.fits,132480
fits_cache,H7169_20171029T205923Z.fits,305280
fits_cache,H190_20100928T215926Z.fits,144000
fits_cache,H2626_20130406T035925Z.fits,66240
fits_cache,H1005_20111029T225926Z.fits,158400
fits_cache,H3604_20140114T015925Z.fits,334080
fits_cache,H2750_20130515T005925Z.fits,126720
fits_cache,H3154_20130912T025925Z.fits,339840
fits_cache,H7753_20210924T205923Z.fits,230400
fits_cache,H7003_20170507T035923Z.fits,69120
fits_cache,H7547_20210218T025923Z.fits,23040
fits_cache,H1480_20120321T145926Z.fits,34560
fits_cache,H1603_20120427T005926Z.fits,290880
fits_cache,H639_20110604T215926Z.fits,423360
fits_cache,H147_20100902T185926Z.fits,207360
fits_cache,H7310_20180929T135923Z.fits,63360
fits_cache,H6483_20160413T115924Z.fits,504000
fits_cache,H7435_20200807T205923Z.fits,97920
fits_cache,H7741_20210913T125923Z.fits,46080
fits_cache,H4872_20141201T145925Z.fits,377280
fits_cache,H6060_20151029T085924Z.fits,83520
fits_cache,H7719_20210902T105923Z.fits,46080
fits_cache,H6403_20160308T005924Z.fits,195840
fits_cache,H2982_20130724T115925Z.fits,51840
fits_cache,H354_20110126T215926Z.fits,20160
fits_cache,H7470_20201119T045923Z.fits,230400
fits_cache,H7923_20220116T115923Z.fits,544320
fits_cache,H327_20110102T095926Z.fits,138240
fits_cache,H2861_20130619T095925Z.fits,244800
fits_cache,H5385_20150330T085925Z.fits,622080
fits_cache,H8150_20220423T005923Z.fits,342720
fits_cache,H6227_20160109T045924Z.fits,63360
fits_cache,H2203_20121117T115925Z.fits,861120
fits_cache,H5885_20150826T005924Z.fits,714240
fits_cache,H1908_20120805T235925Z.fits,100800
fits_cache,H6002_20151009T075924Z.fits,80640
fits_cache,H2366_20130109T235925Z.fits,97920
fits_cache,H2520_20130309T205925Z.fits,1016640
fits_cache,H2779_20130602T135925Z.fits,221760
fits_cache,H6359_20160223T025924Z.fits,210240
fits_cache,H5644_20150612T225925Z.fits,1301760
fits_cache,H3176_20130917T215925Z.fits,95040
fits_cache,H3482_20131210T095925Z.fits,74880
fits_cache,H7967_20220125T135923Z.fits,106560
fits_cache,H321_20110103T115926Z.fits,86400
fits_cache,H7323_20181114T225923Z.fits,60480
fits_cache,H8049_20220307T155923Z.fits,43200
fits_cache,H7572_20210418T185923Z.fits,172800
fits_cache,H2322_20121229T205925Z.fits,411840
fits_cache,H3188_20130919T025925Z.fits,74880
fits_cache,H7599_20210601T085923Z.fits,213120
fits_cache,H5220_20150215T025925Z.fits,40320
fits_cache,H7670_20210718T015923Z.fits,109440
fits_cache,H5949_20150908T225924Z.fits,80640
fits_cache,H7890_20211229T035923Z.fits,311040
fits_cache,H3610_20140115T155925Z.fits,80640
fits_cache,H335_20110107T005926Z.fits,92160
fits_cache,H637_20110605T205926Z.fits,541440
fits_cache,H4814_20141118T145925Z.fits,106560
fits_cache,H667_20110621T005926Z.fits,552960
fits_cache,H1893_20120804T025925Z.fits,388800
fits_cache,H4683_20141015T065925Z.fits,74880
fits_cache,H1701_20120531T135926Z.fits,207360
fits_cache,H5036_20150111T225925Z.fits,472320
fits_cache,H4228_20140616T125925Z.fits,213120
fits_cache,H6289_20160127T045924Z.fits,420480
fits_cache,H3205_20130924T125925Z.fits,175680
fits_cache,H3912_20140330T065925Z.fits,319680
fits_cache,H4223_20140609T085925Z.fits,43200
fits_cache,H3806_20140301T045925Z.fits,74880
fits_cache,H1338_20120125T025926Z.fits,244800
fits_cache,H7313_20181016T065923Z.fits,37440
fits_cache,H4874_20141130T065925Z.fits,478080
fits_cache,H7863_20211207T015923Z.fits,120960
fits_cache,H5183_20150213T135925Z.fits,216000
fits_cache,H3612_20140112T135925Z.fits,54720
fits_cache,H5944_20150912T235924Z.fits,368640
fits_cache,H7334_20190123T205923Z.fits,169920
fits_cache,H455_20110328T005926Z.fits,14400
fits_cache,H5919_20150902T115924Z.fits,112320
fits_cache,H7814_20211105T195923Z.fits,181440
fits_cache,H7872_20211215T045923Z.fits,112320
fits_cache,H8115_20220408T135923Z.fits,1094400
fits_cache,H3826_20140312T035925Z.fits,175680
fits_cache,H5537_20150510T095925Z.fits,112320
fits_cache,H245_20101110T075926Z.fits,665280
fits_cache,H49_20100609T005926Z.fits,129600
fits_cache,H4092_20140507T065925Z.fits,123840
fits_cache,H2718_20130509T025925Z.fits,97920
fits_cache,H451_20110401T125926Z.fits,328320
fits_cache,H182_20100915T195926Z.fits,40320
fits_cache,H3287_20131015T145925Z.fits,43200
fits_cache,H7300_20180824T185923Z.fits,106560
fits_cache,H2489_20130219T045925Z.fits,178560
fits_cache,H1701_20120530T015926Z.fits,210240
fits_cache,H2306_20121223T125925Z.fits,624960
fits_cache,H2504_20130226T125925Z.fits,89280
fits_cache,H58_20100617T095926Z.fits,63360
fits_cache,H323_20110107T005926Z.fits,420480
fits_cache,H2270_20121212T115925Z.fits,118080
fits_cache,H2306_20121220T115925Z.fits,630720
fits_cache,H5586_20150523T045925Z.fits,285120
fits_cache,H4088_20140504T105925Z.fits,276480
fits_cache,H5411_20150405T215925Z.fits,80640
fits_cache,H3610_20140117T045925Z.fits,77760
fits_cache,H7379_20190713T045923Z.fits,51840
fits_cache,H5183_20150212T015925Z.fits,210240
fits_cache,H5545_20150514T015925Z.fits,803520
fits_cache,H6206_20151225T215924Z.fits,457920
fits_cache,H2626_20130403T125925Z.fits,63360
fits_cache,H7453_20201011T085923Z.fits,48960
fits_cache,H7322_20181114T185923Z.fits,46080
fits_cache,H850_20110914T105926Z.fits,224640
fits_cache,H4131_20140514T215925Z.fits,181440
fits_cache,H4097_20140510T005925Z.fits,1321920
fits_cache,H437_20110329T135926Z.fits,936000
fits_cache,H7543_20210126T195923Z.fits,37440
fits_cache,H6982_20170406T235923Z.fits,141120
fits_cache,H7896_20211231T225923Z.fits,112320
fits_cache,H7075_20170713T085923Z.fits,351360
fits_cache,H2673_20130422T015925Z.fits,354240
fits_cache,H8167_20220429T105923Z.fits,256320
fits_cache,H2525_20130306T195925Z.fits,89280
fits_cache,H5823_20150801T105924Z.fits,155520
fits_cache,H7612_20210610T045923Z.fits,66240
fits_cache,H17_20100507T035926Z.fits,25920
fits_cache,H8150_20220421T115923Z.fits,351360
fits_cache,H1164_20111209T065926Z.fits,51840
fits_cache,H4042_20140423T195925Z.fits,328320
fits_cache,H494_20110415T045926Z.fits,92160
fits_cache,H1500_20120329T075926Z.fits,812160
fits_cache,H4734_20141031T195925Z.fits,619200
fits_cache,H3658_20140124T075925Z.fits,77760
fits_cache,H781_20110818T155926Z.fits,129600
fits_cache,H5559_20150517T095925Z.fits,195840
fits_cache,H1942_20120820T045925Z.fits,120960
fits_cache,H1795_20120701T005925Z.fits,504000
fits_cache,H8088_20220331T045923Z.fits,898560
fits_cache,H7706_20210818T025923Z.fits,46080
fits_cache,H12_20100512T005926Z.fits,138240
fits_cache,H5692_20150624T095925Z.fits,486720
fits_cache,H2779_20130528T235925Z.fits,218880
fits_cache,H4179_20140531T145925Z.fits,80640
fits_cache,H4932_20141220T075925Z.fits,279360
fits_cache,H7983_20220207T135923Z.fits,365760
fits_cache,H3856_20140319T165925Z.fits,1298880
fits_cache,H7871_20211221T115923Z.fits,855360
fits_cache,H6124_20151128T065924Z.fits,737280
fits_cache,H198_20101003T225926Z.fits,118080
fits_cache,H4943_20141221T225925Z.fits,181440
fits_cache,H4640_20141008T075925Z.fits,639360
fits_cache,H4800_20141117T095925Z.fits,607680
fits_cache,H3288_20131021T005925Z.fits,495360
fits_cache,H6273_20160117T085924Z.fits,144000
fits_cache,H846_20110911T015926Z.fits,51840
fits_cache,H2144_20121025T095925Z.fits,80640
fits_cache,H7322_20181113T185923Z.fits,48960
fits_cache,H2852_20130617T235925Z.fits,1480320
fits_cache,H4764_20141031T155925Z.fits,201600
fits_cache,H6361_20160218T225924Z.fits,218880
fits_cache,H514_20110423T015926Z.fits,1563840
fits_cache,H7551_20210305T065923Z.fits,155520
fits_cache,H2758_20130526T115925Z.fits,861120
fits_cache,H932_20111010T035926Z.fits,302400
fits_cache,H3267_20131014T005925Z.fits,123840
fits_cache,H2546_20130314T225925Z.fits,616320
fits_cache,H1303_20120115T125926Z.fits,149760
fits_cache,H4256_20140624T165925Z.fits,120960
fits_cache,H5120_20150126T155925Z.fits,23040
fits_cache,H1783_20120622T135926Z.fits,57600
fits_cache,H1970_20120902T095925Z.fits,227520
fits_cache,H2469_20130214T085925Z.fits,532800
fits_cache,H7770_20211008T135923Z.fits,259200
fits_cache,H7665_20210713T105923Z.fits,66240
fits_cache,H6164_20151210T115924Z.fits,115200
fits_cache,H403_20110305T165926Z.fits,103680
fits_cache,H6313_20160204T015924Z.fits,178560
fits_cache,H4205_20140606T185925Z.fits,570240
fits_cache,H7863_20211210T045923Z.fits,120960
fits_cache,H248_20101108T225926Z.fits,69120
fits_cache,H6004_20151013T025924Z.fits,204480
fits_cache,H753_20110803T035926Z.fits,311040
fits_cache,H6356_20160213T205924Z.fits,43200
fits_cache,H7358_20190513T145923Z.fits,264960
fits_cache,H340_20110109T135926Z.fits,25920
fits_cache,H2625_20130407T185925Z.fits,336960
fits_cache,H5375_20150330T045925Z.fits,115200
fits_cache,H1319_20120114T015926Z.fits,37440
fits_cache,H2760_20130525T215925Z.fits,1281600
fits_cache,H7510_20201229T145923Z.fits,552960
fits_cache,H8195_20220502T135923Z.fits,239040
fits_cache,H3793_20140228T005925Z.fits,1013760
fits_cache,H7380_20190722T135923Z.fits,34560
fits_cache,H2982_20130722T225925Z.fits,51840
fits_cache,H5366_20150326T105925Z.fits,1180800
fits_cache,H6437_20160320T125924Z.fits,316800
fits_cache,H6246_20160109T185924Z.fits,397440
fits_cache,H321_20110101T215926Z.fits,83520
fits_cache,H997_20111029T025926Z.fits,555840
fits_cache,H5675_20150611T105925Z.fits,48960
fits_cache,H4135_20140519T065925Z.fits,80640
fits_cache,H5075_20150119T035925Z.fits,210240
fits_cache,H7825_20211110T095923Z.fits,192960
fits_cache,H7711_20210829T215923Z.fits,141120
fits_cache,H6427_20160311T205924Z.fits,109440
fits_cache,H4224_20140614T235925Z.fits,120960
fits_cache,H7753_20210927T165923Z.fits,236160
fits_cache,H4197_20140609T105925Z.fits,1333440
fits_cache,H1628_20120504T225926Z.fits,167040
fits_cache,H3011_20130727T125925Z.fits,95040
fits_cache,H7422_20200607T085923Z.fits,236160
fits_cache,H7551_20210302T065923Z.fits,152640
fits_cache,H5956_20150916T195924Z.fits,408960
fits_cache,H5004_20150105T085925Z.fits,192960
fits_cache,H4761_20141103T135925Z.fits,109440
fits_cache,H1026_20111105T025926Z.fits,1627200
fits_cache,H4761_20141101T165925Z.fits,106560
fits_cache,H7653_20210705T125923Z.fits,86400
fits_cache,H7983_20220211T045923Z.fits,371520
fits_cache,H2169_20121101T215925Z.fits,25920
fits_cache,H2790_20130602T225925Z.fits,910080
fits_cache,H3019_20130728T105925Z.fits,77760
fits_cache,H6483_20160412T225924Z.fits,501120
fits_cache,H4302_20140629T155925Z.fits,77760
fits_cache,H3368_20131117T095925Z.fits,397440
fits_cache,H2501_20130301T005925Z.fits,172800
fits_cache,H2220_20121121T145925Z.fits,432000
fits_cache,H1313_20120115T185926Z.fits,135360
fits_cache,H7131_20170913T195923Z.fits,167040
fits_cache,H2069_20121003T075925Z.fits,953280
fits_cache,H853_20110914T195926Z.fits,213120
fits_cache,H2069_20121002T015925Z.fits,944640
fits_cache,H7498_20201207T025923Z.fits,149760
fits_cache,H6972_20170329T235923Z.fits,316800
fits_cache,H1930_20120811T165925Z.fits,328320
fits_cache,H5830_20150803T165924Z.fits,100800
fits_cache,H4942_20141217T155925Z.fits,146880
fits_cache,H12_20100507T145926Z.fits,144000
fits_cache,H5985_20150927T105924Z.fits,63360
fits_cache,H2693_20130501T155925Z.fits,840960
fits_cache,H5186_20150216T155925Z.fits,521280
fits_cache,H7813_20211029T155923Z.fits,40320
fits_cache,H1064_20111115T135926Z.fits,66240
fits_cache,H846_20110906T105926Z.fits,54720
fits_cache,H1998_20120830T135925Z.fits,34560
fits_cache,H5718_20150703T225924Z.fits,1301760
fits_cache,H3957_20140407T115925Z.fits,126720
fits_cache,H7803_20211101T015923Z.fits,221760
fits_cache,H3195_20130919T125925Z.fits,72000
fits_cache,H3400_20131124T135925Z.fits,204480
fits_cache,H71_20100701T165926Z.fits,92160
fits_cache,H3012_20130802T095925Z.fits,233280
fits_cache,H3779_20140227T235925Z.fits,411840
fits_cache,H7236_20180207T225923Z.fits,40320
fits_cache,H7896_20211230T115923Z.fits,115200
fits_cache,H7334_20190125T075923Z.fits,175680
fits_cache,H6439_20160321T075924Z.fits,48960
fits_cache,H2380_20130117T025925Z.fits,138240
fits_cache,H8150_20220418T075923Z.fits,339840
fits_cache,H8064_20220313T085923Z.fits,607680
fits_cache,H1582_20120420T105926Z.fits,406080
fits_cache,H7326_20181214T015923Z.fits,28800
fits_cache,H2047_20120924T225925Z.fits,167040
fits_cache,H495_20110414T195926Z.fits,518400
fits_cache,H2337_20121231T165925Z.fits,276480
fits_cache,H6189_20151219T045924Z.fits,100800
fits_cache,H661_20110615T025926Z.fits,190080
fits_cache,H507_20110413T095926Z.fits,46080
fits_cache,H5772_20150718T065924Z.fits,613440
fits_cache,H4698_20141025T225925Z.fits,1350720
fits_cache,H3326_20131029T155925Z.fits,89280
fits_cache,H7325_20181204T195923Z.fits,86400
fits_cache,H6054_20151026T005924Z.fits,69120
fits_cache,H1464_20120316T205926Z.fits,236160
fits_cache,H4726_20141027T165925Z.fits,400320
fits_cache,H3371_20131113T235925Z.fits,129600
fits_cache,H2220_20121121T005925Z.fits,426240
fits_cache,H605_20110521T145926Z.fits,423360
fits_cache,H4296_20140705T125925Z.fits,1267200
fits_cache,H297_20101219T045926Z.fits,216000
fits_cache,H444_20110402T185926Z.fits,616320
fits_cache,H198_20101002T115926Z.fits,118080
fits_cache,H5328_20150312T195925Z.fits,72000
fits_cache,H3941_20140404T125925Z.fits,936000
fits_cache,H7966_20220129T045923Z.fits,720000
fits_cache,H2711_20130505T185925Z.fits,112320
fits_cache,H3320_20131031T205925Z.fits,103680
fits_cache,H7352_20190401T215923Z.fits,103680
fits_cache,H2469_20130219T025925Z.fits,541440
fits_cache,H812_20110831T045926Z.fits,331200
fits_cache,H1455_20120304T115926Z.fits,129600
fits_cache,H1271_20120106T165926Z.fits,184320
fits_cache,H7304_20180910T035923Z.fits,54720
fits_cache,H6004_20151011T135924Z.fits,204480
fits_cache,H6313_20160205T135924Z.fits,181440
fits_cache,H918_20111007T185926Z.fits,380160
fits_cache,H2923_20130702T025925Z.fits,37440
fits_cache,H639_20110602T065926Z.fits,414720
fits_cache,H2587_20130330T065925Z.fits,264960
fits_cache,H3048_20130811T085925Z.fits,622080
fits_cache,H976_20111027T165926Z.fits,1149120
fits_cache,H5415_20150409T145925Z.fits,1175040
fits_cache,H4767_20141103T195925Z.fits,97920
fits_cache,H4294_20140704T125925Z.fits,1123200
fits_cache,H3049_20130806T165925Z.fits,74880
fits_cache,H2493_20130221T015925Z.fits,118080
fits_cache,H6078_20151113T115924Z.fits,717120
fits_cache,H637_20110604T075926Z.fits,550080
fits_cache,H765_20110811T165926Z.fits,103680
fits_cache,H14_20100506T185926Z.fits,25920
fits_cache,H8142_20220413T135923Z.fits,54720
fits_cache,H7115_20170906T005923Z.fits,354240
fits_cache,H3311_20131028T095925Z.fits,256320
fits_cache,H3031_20130804T075925Z.fits,195840
fits_cache,H6006_20151014T105924Z.fits,236160
base_run,postprocess.log,8957
base_run,destruction_controls/control_summary.json,435
base_run,audit/real_hard_pil.csv,25526
base_run,audit/synthetic_generic.csv,11822
base_run,audit/v2_manipulation_metrics.json,4803
base_run,audit/real_generic.csv,22084
base_run,audit/synthetic_hard_geometry.csv,9202
base_run,audit/real_hard_geometry.csv,17399
base_run,audit/synthetic_hard_pil.csv,13089
base_run,audit_seed2027/synthetic_generic.csv,11805
base_run,audit_seed2027/v2_manipulation_metrics.json,2327
base_run,audit_seed2027/synthetic_hard_geometry.csv,9209
base_run,audit_seed2027/synthetic_hard_pil.csv,13064
base_run,destruction_controls_audit/destruction_control_summary.csv,901
base_run,destruction_controls_audit/pil_blur_geometry.csv,10406
base_run,destruction_controls_audit/destruction_controls.json,2568
base_run,destruction_controls_audit/geometry_flip_generic.csv,13730
base_run,destruction_controls_audit/block_shuffle_geometry.csv,11146
base_run,destruction_controls_audit/block_shuffle_generic.csv,13743
base_run,destruction_controls_audit/pil_blur_pil.csv,9518
base_run,destruction_controls_audit/block_shuffle_pil.csv,15028
base_run,destruction_controls_audit/geometry_flip_geometry.csv,11126
base_run,destruction_controls_audit/pil_blur_generic.csv,13112
base_run,destruction_controls_audit/geometry_flip_pil.csv,15003
base_run,outputs/base/run_config_resume.json,581
base_run,outputs/base/generator_step_1200.pt,20322543
base_run,outputs/base/generator_step_600.pt,20322181
base_run,outputs/base/generator.pt,20318859
base_run,outputs/base/training_history_resume.json,186175
base_run,outputs/base/generator_step_1000.pt,20322543
base_run,outputs/base/generator_step_800.pt,20322181
base_run,samples/base_seed2027/synthetic_manifest.csv,22307
base_run,samples/base_seed2027/sampling_summary.json,262
base_run,samples/base/synthetic_manifest.csv,21179
base_run,samples/base/sampling_summary.json,262
base_run,samples/base/arrays/base_2026_RG00626_000045.npy,65664
base_run,samples/base/arrays/base_2026_RG00229_000010.npy,65664
base_run,samples/base/arrays/base_2026_RG00863_000087.npy,65664
base_run,samples/base/arrays/base_2026_RG00492_000029.npy,65664
base_run,samples/base/arrays/base_2026_RG01481_000127.npy,65664
base_run,samples/base/arrays/base_2026_RG00294_000019.npy,65664
base_run,samples/base/arrays/base_2026_RG00004_000001.npy,65664
base_run,samples/base/arrays/base_2026_RG00536_000037.npy,65664
base_run,samples/base/arrays/base_2026_RG00536_000036.npy,65664
base_run,samples/base/arrays/base_2026_RG00004_000000.npy,65664
base_run,samples/base/arrays/base_2026_RG00294_000018.npy,65664
base_run,samples/base/arrays/base_2026_RG01481_000126.npy,65664
base_run,samples/base/arrays/base_2026_RG00492_000028.npy,65664
base_run,samples/base/arrays/base_2026_RG00863_000086.npy,65664
base_run,samples/base/arrays/base_2026_RG00229_000011.npy,65664
base_run,samples/base/arrays/base_2026_RG00626_000044.npy,65664
base_run,samples/base/arrays/base_2026_RG00717_000062.npy,65664
base_run,samples/base/arrays/base_2026_RG00673_000052.npy,65664
base_run,samples/base/arrays/base_2026_RG00673_000053.npy,65664
base_run,samples/base/arrays/base_2026_RG00717_000063.npy,65664
base_run,samples/base/arrays/base_2026_RG01462_000120.npy,65664
base_run,samples/base/arrays/base_2026_RG00543_000038.npy,65664
base_run,samples/base/arrays/base_2026_RG00690_000056.npy,65664
base_run,samples/base/arrays/base_2026_RG00385_000026.npy,65664
base_run,samples/base/arrays/base_2026_RG00385_000027.npy,65664
base_run,samples/base/arrays/base_2026_RG00690_000057.npy,65664
base_run,samples/base/arrays/base_2026_RG00543_000039.npy,65664
base_run,samples/base/arrays/base_2026_RG01462_000121.npy,65664
base_run,samples/base/arrays/base_2026_RG00292_000017.npy,65664
base_run,samples/base/arrays/base_2026_RG01476_000124.npy,65664
base_run,samples/base/arrays/base_2026_RG01476_000125.npy,65664
base_run,samples/base/arrays/base_2026_RG00292_000016.npy,65664
base_run,samples/base/arrays/base_2026_RG00525_000034.npy,65664
base_run,samples/base/arrays/base_2026_RG00629_000047.npy,65664
base_run,samples/base/arrays/base_2026_RG00356_000025.npy,65664
base_run,samples/base/arrays/base_2026_RG01197_000106.npy,65664
base_run,samples/base/arrays/base_2026_RG00554_000040.npy,65664
base_run,samples/base/arrays/base_2026_RG01392_000118.npy,65664
base_run,samples/base/arrays/base_2026_RG01392_000119.npy,65664
base_run,samples/base/arrays/base_2026_RG00554_000041.npy,65664
base_run,samples/base/arrays/base_2026_RG01197_000107.npy,65664
base_run,samples/base/arrays/base_2026_RG00356_000024.npy,65664
base_run,samples/base/arrays/base_2026_RG00629_000046.npy,65664
base_run,samples/base/arrays/base_2026_RG00525_000035.npy,65664
base_run,samples/base/arrays/base_2026_RG00694_000059.npy,65664
base_run,samples/base/arrays/base_2026_RG00616_000042.npy,65664
base_run,samples/base/arrays/base_2026_RG00520_000032.npy,65664
base_run,samples/base/arrays/base_2026_RG00520_000033.npy,65664
base_run,samples/base/arrays/base_2026_RG00616_000043.npy,65664
base_run,samples/base/arrays/base_2026_RG00694_000058.npy,65664
base_run,samples/base/arrays/base_2026_RG00853_000085.npy,65664
base_run,samples/base/arrays/base_2026_RG00665_000051.npy,65664
base_run,samples/base/arrays/base_2026_RG00170_000006.npy,65664
base_run,samples/base/arrays/base_2026_RG00640_000049.npy,65664
base_run,samples/base/arrays/base_2026_RG00917_000094.npy,65664
base_run,samples/base/arrays/base_2026_RG00917_000095.npy,65664
base_run,samples/base/arrays/base_2026_RG00170_000007.npy,65664
base_run,samples/base/arrays/base_2026_RG00640_000048.npy,65664
base_run,samples/base/arrays/base_2026_RG00665_000050.npy,65664
base_run,samples/base/arrays/base_2026_RG00853_000084.npy,65664
base_run,samples/base/arrays/base_2026_RG00814_000075.npy,65664
base_run,samples/base/arrays/base_2026_RG01385_000114.npy,65664
base_run,samples/base/arrays/base_2026_RG00722_000065.npy,65664
base_run,samples/base/arrays/base_2026_RG00093_000003.npy,65664
base_run,samples/base/arrays/base_2026_RG00794_000070.npy,65664
base_run,samples/base/arrays/base_2026_RG00325_000022.npy,65664
base_run,samples/base/arrays/base_2026_RG00325_000023.npy,65664
base_run,samples/base/arrays/base_2026_RG00794_000071.npy,65664
base_run,samples/base/arrays/base_2026_RG00093_000002.npy,65664
base_run,samples/base/arrays/base_2026_RG00722_000064.npy,65664
base_run,samples/base/arrays/base_2026_RG00814_000074.npy,65664
base_run,samples/base/arrays/base_2026_RG01385_000115.npy,65664
base_run,samples/base/arrays/base_2026_RG00095_000004.npy,65664
base_run,samples/base/arrays/base_2026_RG00270_000015.npy,65664
base_run,samples/base/arrays/base_2026_RG00697_000061.npy,65664
base_run,samples/base/arrays/base_2026_RG00837_000081.npy,65664
base_run,samples/base/arrays/base_2026_RG00253_000012.npy,65664
base_run,samples/base/arrays/base_2026_RG00253_000013.npy,65664
base_run,samples/base/arrays/base_2026_RG00837_000080.npy,65664
base_run,samples/base/arrays/base_2026_RG00697_000060.npy,65664
base_run,samples/base/arrays/base_2026_RG00270_000014.npy,65664
base_run,samples/base/arrays/base_2026_RG00095_000005.npy,65664
base_run,samples/base/arrays/base_2026_RG00942_000098.npy,65664
base_run,samples/base/arrays/base_2026_RG01463_000123.npy,65664
base_run,samples/base/arrays/base_2026_RG01463_000122.npy,65664
base_run,samples/base/arrays/base_2026_RG00942_000099.npy,65664
base_run,samples/base/arrays/base_2026_RG00780_000069.npy,65664
base_run,samples/base/arrays/base_2026_RG00850_000082.npy,65664
base_run,samples/base/arrays/base_2026_RG00514_000030.npy,65664
base_run,samples/base/arrays/base_2026_RG00514_000031.npy,65664
base_run,samples/base/arrays/base_2026_RG00850_000083.npy,65664
base_run,samples/base/arrays/base_2026_RG00780_000068.npy,65664
base_run,samples/base/arrays/base_2026_RG01368_000111.npy,65664
base_run,samples/base/arrays/base_2026_RG00870_000088.npy,65664
base_run,samples/base/arrays/base_2026_RG00870_000089.npy,65664
base_run,samples/base/arrays/base_2026_RG01368_000110.npy,65664
base_run,samples/base/arrays/base_2026_RG00313_000021.npy,65664
base_run,samples/base/arrays/base_2026_RG00822_000076.npy,65664
base_run,samples/base/arrays/base_2026_RG01328_000108.npy,65664
base_run,samples/base/arrays/base_2026_RG00902_000093.npy,65664
base_run,samples/base/arrays/base_2026_RG00902_000092.npy,65664
base_run,samples/base/arrays/base_2026_RG01328_000109.npy,65664
base_run,samples/base/arrays/base_2026_RG00822_000077.npy,65664
base_run,samples/base/arrays/base_2026_RG00313_000020.npy,65664
base_run,samples/base/arrays/base_2026_RG00980_000100.npy,65664
base_run,samples/base/arrays/base_2026_RG00732_000067.npy,65664
base_run,samples/base/arrays/base_2026_RG00801_000072.npy,65664
base_run,samples/base/arrays/base_2026_RG01389_000117.npy,65664
base_run,samples/base/arrays/base_2026_RG00830_000079.npy,65664
base_run,samples/base/arrays/base_2026_RG00830_000078.npy,65664
base_run,samples/base/arrays/base_2026_RG01389_000116.npy,65664
base_run,samples/base/arrays/base_2026_RG00801_000073.npy,65664
base_run,samples/base/arrays/base_2026_RG00732_000066.npy,65664
base_run,samples/base/arrays/base_2026_RG00980_000101.npy,65664
base_run,samples/base/arrays/base_2026_RG00871_000090.npy,65664
base_run,samples/base/arrays/base_2026_RG00938_000096.npy,65664
base_run,samples/base/arrays/base_2026_RG01025_000105.npy,65664
base_run,samples/base/arrays/base_2026_RG00988_000103.npy,65664
base_run,samples/base/arrays/base_2026_RG00675_000055.npy,65664
base_run,samples/base/arrays/base_2026_RG01376_000112.npy,65664
base_run,samples/base/arrays/base_2026_RG01376_000113.npy,65664
base_run,samples/base/arrays/base_2026_RG00675_000054.npy,65664
base_run,samples/base/arrays/base_2026_RG00988_000102.npy,65664
base_run,samples/base/arrays/base_2026_RG01025_000104.npy,65664
base_run,samples/base/arrays/base_2026_RG00938_000097.npy,65664
base_run,samples/base/arrays/base_2026_RG00871_000091.npy,65664
base_run,samples/base/arrays/base_2026_RG00188_000008.npy,65664
base_run,samples/base/arrays/base_2026_RG00188_000009.npy,65664
base_run,samples/base_seed2027/arrays/base_2027_RG00673_000063.npy,65664
base_run,samples/base_seed2027/arrays/base_2027_RG00432_000043.npy,65664
base_run,samples/base_seed2027/arrays/base_2027_RG00432_000042.npy,65664
base_run,samples/base_seed2027/arrays/base_2027_RG00673_000062.npy,65664
base_run,samples/base_seed2027/arrays/base_2027_RG00514_000051.npy,65664
base_run,samples/base_seed2027/arrays/base_2027_RG00204_000017.npy,65664
base_run,samples/base_seed2027/arrays/base_2027_RG00204_000016.npy,65664
base_run,samples/base_seed2027/arrays/base_2027_RG00514_000050.npy,65664
base_run,samples/base_seed2027/arrays/base_2027_RG00830_000090.npy,65664
base_run,samples/base_seed2027/arrays/base_2027_RG01406_000125.npy,65664
base_run,samples/base_seed2027/arrays/base_2027_RG00354_000038.npy,65664
base_run,samples/base_seed2027/arrays/base_2027_RG00988_000104.npy,65664
base_run,samples/base_seed2027/arrays/base_2027_RG00229_000018.npy,65664
base_run,samples/base_seed2027/arrays/base_2027_RG00229_000019.npy,65664
base_run,samples/base_seed2027/arrays/base_2027_RG00354_000039.npy,65664
base_run,samples/base_seed2027/arrays/base_2027_RG00988_000105.npy,65664
base_run,samples/base_seed2027/arrays/base_2027_RG01406_000124.npy,65664
base_run,samples/base_seed2027/arrays/base_2027_RG00830_000091.npy,65664
base_run,samples/base_seed2027/arrays/base_2027_RG01005_000108.npy,65664
base_run,samples/base_seed2027/arrays/base_2027_RG00343_000032.npy,65664
base_run,samples/base_seed2027/arrays/base_2027_RG01376_000116.npy,65664
base_run,samples/base_seed2027/arrays/base_2027_RG00292_000025.npy,65664
base_run,samples/base_seed2027/arrays/base_2027_RG00690_000067.npy,65664
base_run,samples/base_seed2027/arrays/base_2027_RG00705_000072.npy,65664
base_run,samples/base_seed2027/arrays/base_2027_RG00705_000073.npy,65664
base_run,samples/base_seed2027/arrays/base_2027_RG00690_000066.npy,65664
base_run,samples/base_seed2027/arrays/base_2027_RG00292_000024.npy,65664
base_run,samples/base_seed2027/arrays/base_2027_RG00343_000033.npy,65664
base_run,samples/base_seed2027/arrays/base_2027_RG01376_000117.npy,65664
base_run,samples/base_seed2027/arrays/base_2027_RG01005_000109.npy,65664
base_run,samples/base_seed2027/arrays/base_2027_RG00969_000102.npy,65664
base_run,samples/base_seed2027/arrays/base_2027_RG00780_000083.npy,65664
base_run,samples/base_seed2027/arrays/base_2027_RG00780_000082.npy,65664
base_run,samples/base_seed2027/arrays/base_2027_RG00969_000103.npy,65664
base_run,samples/base_seed2027/arrays/base_2027_RG00295_000027.npy,65664
base_run,samples/base_seed2027/arrays/base_2027_RG00794_000087.npy,65664
base_run,samples/base_seed2027/arrays/base_2027_RG00794_000086.npy,65664
base_run,samples/base_seed2027/arrays/base_2027_RG00295_000026.npy,65664
base_run,samples/base_seed2027/arrays/base_2027_RG00344_000035.npy,65664
base_run,samples/base_seed2027/arrays/base_2027_RG00583_000053.npy,65664
base_run,samples/base_seed2027/arrays/base_2027_RG01385_000119.npy,65664
base_run,samples/base_seed2027/arrays/base_2027_RG01385_000118.npy,65664
base_run,samples/base_seed2027/arrays/base_2027_RG00583_000052.npy,65664
base_run,samples/base_seed2027/arrays/base_2027_RG00344_000034.npy,65664
base_run,samples/base_seed2027/arrays/base_2027_RG00691_000068.npy,65664
base_run,samples/base_seed2027/arrays/base_2027_RG00850_000092.npy,65664
base_run,samples/base_seed2027/arrays/base_2027_RG00629_000058.npy,65664
base_run,samples/base_seed2027/arrays/base_2027_RG00629_000059.npy,65664
base_run,samples/base_seed2027/arrays/base_2027_RG00850_000093.npy,65664
base_run,samples/base_seed2027/arrays/base_2027_RG00691_000069.npy,65664
base_run,samples/base_seed2027/arrays/base_2027_RG01392_000123.npy,65664
base_run,samples/base_seed2027/arrays/base_2027_RG00433_000045.npy,65664
base_run,samples/base_seed2027/arrays/base_2027_RG00231_000020.npy,65664
base_run,samples/base_seed2027/arrays/base_2027_RG00870_000097.npy,65664
base_run,samples/base_seed2027/arrays/base_2027_RG00170_000013.npy,65664
base_run,samples/base_seed2027/arrays/base_2027_RG00727_000076.npy,65664
base_run,samples/base_seed2027/arrays/base_2027_RG00814_000088.npy,65664
base_run,samples/base_seed2027/arrays/base_2027_RG00814_000089.npy,65664
base_run,samples/base_seed2027/arrays/base_2027_RG00727_000077.npy,65664
base_run,samples/base_seed2027/arrays/base_2027_RG00170_000012.npy,65664
base_run,samples/base_seed2027/arrays/base_2027_RG00870_000096.npy,65664
base_run,samples/base_seed2027/arrays/base_2027_RG00231_000021.npy,65664
base_run,samples/base_seed2027/arrays/base_2027_RG01392_000122.npy,65664
base_run,samples/base_seed2027/arrays/base_2027_RG00433_000044.npy,65664
base_run,samples/base_seed2027/arrays/base_2027_RG00047_000003.npy,65664
base_run,samples/base_seed2027/arrays/base_2027_RG00513_000048.npy,65664
base_run,samples/base_seed2027/arrays/base_2027_RG00253_000023.npy,65664
base_run,samples/base_seed2027/arrays/base_2027_RG00095_000009.npy,65664
base_run,samples/base_seed2027/arrays/base_2027_RG00095_000008.npy,65664
base_run,samples/base_seed2027/arrays/base_2027_RG00253_000022.npy,65664
base_run,samples/base_seed2027/arrays/base_2027_RG00513_000049.npy,65664
base_run,samples/base_seed2027/arrays/base_2027_RG00047_000002.npy,65664
base_run,samples/base_seed2027/arrays/base_2027_RG00093_000007.npy,65664
base_run,samples/base_seed2027/arrays/base_2027_RG01197_000113.npy,65664
base_run,samples/base_seed2027/arrays/base_2027_RG00616_000054.npy,65664
base_run,samples/base_seed2027/arrays/base_2027_RG00616_000055.npy,65664
base_run,samples/base_seed2027/arrays/base_2027_RG01197_000112.npy,65664
base_run,samples/base_seed2027/arrays/base_2027_RG00093_000006.npy,65664
base_run,samples/base_seed2027/arrays/base_2027_RG00325_000031.npy,65664
base_run,samples/base_seed2027/arrays/base_2027_RG00385_000041.npy,65664
base_run,samples/base_seed2027/arrays/base_2027_RG00694_000070.npy,65664
base_run,samples/base_seed2027/arrays/base_2027_RG00760_000080.npy,65664
base_run,samples/base_seed2027/arrays/base_2027_RG00353_000036.npy,65664
base_run,samples/base_seed2027/arrays/base_2027_RG00353_000037.npy,65664
base_run,samples/base_seed2027/arrays/base_2027_RG00760_000081.npy,65664
base_run,samples/base_seed2027/arrays/base_2027_RG00694_000071.npy,65664
base_run,samples/base_seed2027/arrays/base_2027_RG00385_000040.npy,65664
base_run,samples/base_seed2027/arrays/base_2027_RG00325_000030.npy,65664
base_run,samples/base_seed2027/arrays/base_2027_RG01190_000111.npy,65664
base_run,samples/base_seed2027/arrays/base_2027_RG00938_000101.npy,65664
base_run,samples/base_seed2027/arrays/base_2027_RG00863_000094.npy,65664
base_run,samples/base_seed2027/arrays/base_2027_RG00626_000056.npy,65664
base_run,samples/base_seed2027/arrays/base_2027_RG00626_000057.npy,65664
base_run,samples/base_seed2027/arrays/base_2027_RG00863_000095.npy,65664
base_run,samples/base_seed2027/arrays/base_2027_RG00938_000100.npy,65664
base_run,samples/base_seed2027/arrays/base_2027_RG01190_000110.npy,65664
base_run,samples/base_seed2027/arrays/base_2027_RG00188_000014.npy,65664
base_run,samples/base_seed2027/arrays/base_2027_RG00478_000046.npy,65664
base_run,samples/base_seed2027/arrays/base_2027_RG00478_000047.npy,65664
base_run,samples/base_seed2027/arrays/base_2027_RG00188_000015.npy,65664
base_run,samples/base_seed2027/arrays/base_2027_RG00004_000000.npy,65664
base_run,samples/base_seed2027/arrays/base_2027_RG01328_000114.npy,65664
base_run,samples/base_seed2027/arrays/base_2027_RG00789_000085.npy,65664
base_run,samples/base_seed2027/arrays/base_2027_RG00717_000074.npy,65664
base_run,samples/base_seed2027/arrays/base_2027_RG01389_000120.npy,65664
base_run,samples/base_seed2027/arrays/base_2027_RG00313_000029.npy,65664
base_run,samples/base_seed2027/arrays/base_2027_RG01462_000127.npy,65664
base_run,samples/base_seed2027/arrays/base_2027_RG00115_000011.npy,65664
base_run,samples/base_seed2027/arrays/base_2027_RG01000_000107.npy,65664
base_run,samples/base_seed2027/arrays/base_2027_RG00732_000078.npy,65664
base_run,samples/base_seed2027/arrays/base_2027_RG00732_000079.npy,65664
base_run,samples/base_seed2027/arrays/base_2027_RG01000_000106.npy,65664
base_run,samples/base_seed2027/arrays/base_2027_RG00115_000010.npy,65664
base_run,samples/base_seed2027/arrays/base_2027_RG01462_000126.npy,65664
base_run,samples/base_seed2027/arrays/base_2027_RG00313_000028.npy,65664
base_run,samples/base_seed2027/arrays/base_2027_RG01389_000121.npy,65664
base_run,samples/base_seed2027/arrays/base_2027_RG00717_000075.npy,65664
base_run,samples/base_seed2027/arrays/base_2027_RG00789_000084.npy,65664
base_run,samples/base_seed2027/arrays/base_2027_RG01328_000115.npy,65664
base_run,samples/base_seed2027/arrays/base_2027_RG00004_000001.npy,65664
base_run,samples/base_seed2027/arrays/base_2027_RG00902_000098.npy,65664
base_run,samples/base_seed2027/arrays/base_2027_RG00675_000064.npy,65664
base_run,samples/base_seed2027/arrays/base_2027_RG00670_000061.npy,65664
base_run,samples/base_seed2027/arrays/base_2027_RG00091_000005.npy,65664
base_run,samples/base_seed2027/arrays/base_2027_RG00091_000004.npy,65664
base_run,samples/base_seed2027/arrays/base_2027_RG00670_000060.npy,65664
base_run,samples/base_seed2027/arrays/base_2027_RG00675_000065.npy,65664
base_run,samples/base_seed2027/arrays/base_2027_RG00902_000099.npy,65664
base_run,destruction_controls/block_shuffle/synthetic_manifest.csv,32767
base_run,destruction_controls/pil_blur/synthetic_manifest.csv,30207
base_run,destruction_controls/geometry_flip/synthetic_manifest.csv,32767
base_run,destruction_controls/geometry_flip/arrays/base_2026_RG00626_000045__geometry_flip.npy,65664
base_run,destruction_controls/geometry_flip/arrays/base_2026_RG00004_000000__geometry_flip.npy,65664
base_run,destruction_controls/geometry_flip/arrays/base_2026_RG00543_000039__geometry_flip.npy,65664
base_run,destruction_controls/geometry_flip/arrays/base_2026_RG00188_000008__geometry_flip.npy,65664
base_run,destruction_controls/geometry_flip/arrays/base_2026_RG00629_000046__geometry_flip.npy,65664
base_run,destruction_controls/geometry_flip/arrays/base_2026_RG00292_000017__geometry_flip.npy,65664
base_run,destruction_controls/geometry_flip/arrays/base_2026_RG01376_000113__geometry_flip.npy,65664
base_run,destruction_controls/geometry_flip/arrays/base_2026_RG00325_000022__geometry_flip.npy,65664
base_run,destruction_controls/geometry_flip/arrays/base_2026_RG00093_000002__geometry_flip.npy,65664
base_run,destruction_controls/geometry_flip/arrays/base_2026_RG00356_000025__geometry_flip.npy,65664
base_run,destruction_controls/geometry_flip/arrays/base_2026_RG00917_000095__geometry_flip.npy,65664
base_run,destruction_controls/geometry_flip/arrays/base_2026_RG00801_000072__geometry_flip.npy,65664
base_run,destruction_controls/geometry_flip/arrays/base_2026_RG00673_000052__geometry_flip.npy,65664
base_run,destruction_controls/geometry_flip/arrays/base_2026_RG00385_000027__geometry_flip.npy,65664
base_run,destruction_controls/geometry_flip/arrays/base_2026_RG00294_000018__geometry_flip.npy,65664
base_run,destruction_controls/geometry_flip/arrays/base_2026_RG00229_000010__geometry_flip.npy,65664
base_run,destruction_controls/geometry_flip/arrays/base_2026_RG00837_000081__geometry_flip.npy,65664
base_run,destruction_controls/geometry_flip/arrays/base_2026_RG00492_000028__geometry_flip.npy,65664
base_run,destruction_controls/geometry_flip/arrays/base_2026_RG01025_000104__geometry_flip.npy,65664
base_run,destruction_controls/geometry_flip/arrays/base_2026_RG00690_000057__geometry_flip.npy,65664
base_run,destruction_controls/geometry_flip/arrays/base_2026_RG00822_000077__geometry_flip.npy,65664
base_run,destruction_controls/geometry_flip/arrays/base_2026_RG00863_000087__geometry_flip.npy,65664
base_run,destruction_controls/geometry_flip/arrays/base_2026_RG00870_000088__geometry_flip.npy,65664
base_run,destruction_controls/geometry_flip/arrays/base_2026_RG00554_000041__geometry_flip.npy,65664
base_run,destruction_controls/geometry_flip/arrays/base_2026_RG00722_000064__geometry_flip.npy,65664
base_run,destruction_controls/geometry_flip/arrays/base_2026_RG01197_000107__geometry_flip.npy,65664
base_run,destruction_controls/geometry_flip/arrays/base_2026_RG01389_000117__geometry_flip.npy,65664
base_run,destruction_controls/geometry_flip/arrays/base_2026_RG00616_000042__geometry_flip.npy,65664
base_run,destruction_controls/geometry_flip/arrays/base_2026_RG00780_000069__geometry_flip.npy,65664
base_run,destruction_controls/geometry_flip/arrays/base_2026_RG01392_000118__geometry_flip.npy,65664
base_run,destruction_controls/geometry_flip/arrays/base_2026_RG00938_000097__geometry_flip.npy,65664
base_run,destruction_controls/geometry_flip/arrays/base_2026_RG01476_000124__geometry_flip.npy,65664
base_run,destruction_controls/geometry_flip/arrays/base_2026_RG00830_000079__geometry_flip.npy,65664
base_run,destruction_controls/geometry_flip/arrays/base_2026_RG00675_000055__geometry_flip.npy,65664
base_run,destruction_controls/geometry_flip/arrays/base_2026_RG00095_000005__geometry_flip.npy,65664
base_run,destruction_controls/geometry_flip/arrays/base_2026_RG01328_000108__geometry_flip.npy,65664
base_run,destruction_controls/geometry_flip/arrays/base_2026_RG00988_000102__geometry_flip.npy,65664
base_run,destruction_controls/geometry_flip/arrays/base_2026_RG00253_000013__geometry_flip.npy,65664
base_run,destruction_controls/geometry_flip/arrays/base_2026_RG00270_000015__geometry_flip.npy,65664
base_run,destruction_controls/geometry_flip/arrays/base_2026_RG01463_000122__geometry_flip.npy,65664
base_run,destruction_controls/geometry_flip/arrays/base_2026_RG00853_000085__geometry_flip.npy,65664
base_run,destruction_controls/geometry_flip/arrays/base_2026_RG00313_000021__geometry_flip.npy,65664
base_run,destruction_controls/geometry_flip/arrays/base_2026_RG00717_000063__geometry_flip.npy,65664
base_run,destruction_controls/geometry_flip/arrays/base_2026_RG00514_000030__geometry_flip.npy,65664
base_run,destruction_controls/geometry_flip/arrays/base_2026_RG00665_000050__geometry_flip.npy,65664
base_run,destruction_controls/geometry_flip/arrays/base_2026_RG01385_000115__geometry_flip.npy,65664
base_run,destruction_controls/geometry_flip/arrays/base_2026_RG00640_000049__geometry_flip.npy,65664
base_run,destruction_controls/geometry_flip/arrays/base_2026_RG00536_000037__geometry_flip.npy,65664
base_run,destruction_controls/geometry_flip/arrays/base_2026_RG00732_000067__geometry_flip.npy,65664
base_run,destruction_controls/geometry_flip/arrays/base_2026_RG00694_000058__geometry_flip.npy,65664
base_run,destruction_controls/geometry_flip/arrays/base_2026_RG00697_000061__geometry_flip.npy,65664
base_run,destruction_controls/geometry_flip/arrays/base_2026_RG00814_000074__geometry_flip.npy,65664
base_run,destruction_controls/geometry_flip/arrays/base_2026_RG00520_000033__geometry_flip.npy,65664
base_run,destruction_controls/geometry_flip/arrays/base_2026_RG00942_000099__geometry_flip.npy,65664
base_run,destruction_controls/geometry_flip/arrays/base_2026_RG01368_000111__geometry_flip.npy,65664
base_run,destruction_controls/geometry_flip/arrays/base_2026_RG01481_000126__geometry_flip.npy,65664
base_run,destruction_controls/geometry_flip/arrays/base_2026_RG00902_000093__geometry_flip.npy,65664
base_run,destruction_controls/geometry_flip/arrays/base_2026_RG00794_000070__geometry_flip.npy,65664
base_run,destruction_controls/geometry_flip/arrays/base_2026_RG00525_000035__geometry_flip.npy,65664
base_run,destruction_controls/geometry_flip/arrays/base_2026_RG00170_000007__geometry_flip.npy,65664
base_run,destruction_controls/geometry_flip/arrays/base_2026_RG01462_000120__geometry_flip.npy,65664
base_run,destruction_controls/geometry_flip/arrays/base_2026_RG00850_000082__geometry_flip.npy,65664
base_run,destruction_controls/geometry_flip/arrays/base_2026_RG00980_000101__geometry_flip.npy,65664
base_run,destruction_controls/geometry_flip/arrays/base_2026_RG00871_000091__geometry_flip.npy,65664
base_run,destruction_controls/geometry_flip/arrays/base_2026_RG00665_000051__geometry_flip.npy,65664
base_run,destruction_controls/geometry_flip/arrays/base_2026_RG01385_000114__geometry_flip.npy,65664
base_run,destruction_controls/geometry_flip/arrays/base_2026_RG00717_000062__geometry_flip.npy,65664
base_run,destruction_controls/geometry_flip/arrays/base_2026_RG00514_000031__geometry_flip.npy,65664
base_run,destruction_controls/geometry_flip/arrays/base_2026_RG01481_000127__geometry_flip.npy,65664
base_run,destruction_controls/geometry_flip/arrays/base_2026_RG00794_000071__geometry_flip.npy,65664
base_run,destruction_controls/geometry_flip/arrays/base_2026_RG00902_000092__geometry_flip.npy,65664
base_run,destruction_controls/geometry_flip/arrays/base_2026_RG00525_000034__geometry_flip.npy,65664
base_run,destruction_controls/geometry_flip/arrays/base_2026_RG01462_000121__geometry_flip.npy,65664
base_run,destruction_controls/geometry_flip/arrays/base_2026_RG00170_000006__geometry_flip.npy,65664
base_run,destruction_controls/geometry_flip/arrays/base_2026_RG00980_000100__geometry_flip.npy,65664
base_run,destruction_controls/geometry_flip/arrays/base_2026_RG00871_000090__geometry_flip.npy,65664
base_run,destruction_controls/geometry_flip/arrays/base_2026_RG00850_000083__geometry_flip.npy,65664
base_run,destruction_controls/geometry_flip/arrays/base_2026_RG00732_000066__geometry_flip.npy,65664
base_run,destruction_controls/geometry_flip/arrays/base_2026_RG00694_000059__geometry_flip.npy,65664
base_run,destruction_controls/geometry_flip/arrays/base_2026_RG00536_000036__geometry_flip.npy,65664
base_run,destruction_controls/geometry_flip/arrays/base_2026_RG00640_000048__geometry_flip.npy,65664
base_run,destruction_controls/geometry_flip/arrays/base_2026_RG00697_000060__geometry_flip.npy,65664
base_run,destruction_controls/geometry_flip/arrays/base_2026_RG01368_000110__geometry_flip.npy,65664
base_run,destruction_controls/geometry_flip/arrays/base_2026_RG00942_000098__geometry_flip.npy,65664
base_run,destruction_controls/geometry_flip/arrays/base_2026_RG00520_000032__geometry_flip.npy,65664
base_run,destruction_controls/geometry_flip/arrays/base_2026_RG00814_000075__geometry_flip.npy,65664
base_run,destruction_controls/geometry_flip/arrays/base_2026_RG00095_000004__geometry_flip.npy,65664
base_run,destruction_controls/geometry_flip/arrays/base_2026_RG01328_000109__geometry_flip.npy,65664
base_run,destruction_controls/geometry_flip/arrays/base_2026_RG00988_000103__geometry_flip.npy,65664
base_run,destruction_controls/geometry_flip/arrays/base_2026_RG00675_000054__geometry_flip.npy,65664
base_run,destruction_controls/geometry_flip/arrays/base_2026_RG00853_000084__geometry_flip.npy,65664
base_run,destruction_controls/geometry_flip/arrays/base_2026_RG00313_000020__geometry_flip.npy,65664
base_run,destruction_controls/geometry_flip/arrays/base_2026_RG00253_000012__geometry_flip.npy,65664
base_run,destruction_controls/geometry_flip/arrays/base_2026_RG01463_000123__geometry_flip.npy,65664
base_run,destruction_controls/geometry_flip/arrays/base_2026_RG00270_000014__geometry_flip.npy,65664
base_run,destruction_controls/geometry_flip/arrays/base_2026_RG00870_000089__geometry_flip.npy,65664
base_run,destruction_controls/geometry_flip/arrays/base_2026_RG00722_000065__geometry_flip.npy,65664
base_run,destruction_controls/geometry_flip/arrays/base_2026_RG00554_000040__geometry_flip.npy,65664
base_run,destruction_controls/geometry_flip/arrays/base_2026_RG00837_000080__geometry_flip.npy,65664
base_run,destruction_controls/geometry_flip/arrays/base_2026_RG00822_000076__geometry_flip.npy,65664
base_run,destruction_controls/geometry_flip/arrays/base_2026_RG00690_000056__geometry_flip.npy,65664
base_run,destruction_controls/geometry_flip/arrays/base_2026_RG00492_000029__geometry_flip.npy,65664
base_run,destruction_controls/geometry_flip/arrays/base_2026_RG01025_000105__geometry_flip.npy,65664
base_run,destruction_controls/geometry_flip/arrays/base_2026_RG00863_000086__geometry_flip.npy,65664
base_run,destruction_controls/geometry_flip/arrays/base_2026_RG00938_000096__geometry_flip.npy,65664
base_run,destruction_controls/geometry_flip/arrays/base_2026_RG00830_000078__geometry_flip.npy,65664
base_run,destruction_controls/geometry_flip/arrays/base_2026_RG01476_000125__geometry_flip.npy,65664
base_run,destruction_controls/geometry_flip/arrays/base_2026_RG01389_000116__geometry_flip.npy,65664
base_run,destruction_controls/geometry_flip/arrays/base_2026_RG01197_000106__geometry_flip.npy,65664
base_run,destruction_controls/geometry_flip/arrays/base_2026_RG00780_000068__geometry_flip.npy,65664
base_run,destruction_controls/geometry_flip/arrays/base_2026_RG00616_000043__geometry_flip.npy,65664
base_run,destruction_controls/geometry_flip/arrays/base_2026_RG01392_000119__geometry_flip.npy,65664
base_run,destruction_controls/geometry_flip/arrays/base_2026_RG00188_000009__geometry_flip.npy,65664
base_run,destruction_controls/geometry_flip/arrays/base_2026_RG00004_000001__geometry_flip.npy,65664
base_run,destruction_controls/geometry_flip/arrays/base_2026_RG00543_000038__geometry_flip.npy,65664
base_run,destruction_controls/geometry_flip/arrays/base_2026_RG00629_000047__geometry_flip.npy,65664
base_run,destruction_controls/geometry_flip/arrays/base_2026_RG00292_000016__geometry_flip.npy,65664
base_run,destruction_controls/geometry_flip/arrays/base_2026_RG01376_000112__geometry_flip.npy,65664
base_run,destruction_controls/geometry_flip/arrays/base_2026_RG00325_000023__geometry_flip.npy,65664
base_run,destruction_controls/geometry_flip/arrays/base_2026_RG00626_000044__geometry_flip.npy,65664
base_run,destruction_controls/geometry_flip/arrays/base_2026_RG00801_000073__geometry_flip.npy,65664
base_run,destruction_controls/geometry_flip/arrays/base_2026_RG00385_000026__geometry_flip.npy,65664
base_run,destruction_controls/geometry_flip/arrays/base_2026_RG00294_000019__geometry_flip.npy,65664
base_run,destruction_controls/geometry_flip/arrays/base_2026_RG00673_000053__geometry_flip.npy,65664
base_run,destruction_controls/geometry_flip/arrays/base_2026_RG00229_000011__geometry_flip.npy,65664
base_run,destruction_controls/geometry_flip/arrays/base_2026_RG00093_000003__geometry_flip.npy,65664
base_run,destruction_controls/geometry_flip/arrays/base_2026_RG00356_000024__geometry_flip.npy,65664
base_run,destruction_controls/geometry_flip/arrays/base_2026_RG00917_000094__geometry_flip.npy,65664
base_run,destruction_controls/pil_blur/arrays/base_2026_RG00988_000103__pil_blur.npy,65664
base_run,destruction_controls/pil_blur/arrays/base_2026_RG00629_000047__pil_blur.npy,65664
base_run,destruction_controls/pil_blur/arrays/base_2026_RG00673_000052__pil_blur.npy,65664
base_run,destruction_controls/pil_blur/arrays/base_2026_RG00313_000021__pil_blur.npy,65664
base_run,destruction_controls/pil_blur/arrays/base_2026_RG01385_000114__pil_blur.npy,65664
base_run,destruction_controls/pil_blur/arrays/base_2026_RG00871_000090__pil_blur.npy,65664
base_run,destruction_controls/pil_blur/arrays/base_2026_RG00640_000048__pil_blur.npy,65664
base_run,destruction_controls/pil_blur/arrays/base_2026_RG00492_000028__pil_blur.npy,65664
base_run,destruction_controls/pil_blur/arrays/base_2026_RG01328_000108__pil_blur.npy,65664
base_run,destruction_controls/pil_blur/arrays/base_2026_RG00514_000030__pil_blur.npy,65664
base_run,destruction_controls/pil_blur/arrays/base_2026_RG00794_000070__pil_blur.npy,65664
base_run,destruction_controls/pil_blur/arrays/base_2026_RG00525_000035__pil_blur.npy,65664
base_run,destruction_controls/pil_blur/arrays/base_2026_RG00917_000095__pil_blur.npy,65664
base_run,destruction_controls/pil_blur/arrays/base_2026_RG00938_000096__pil_blur.npy,65664
base_run,destruction_controls/pil_blur/arrays/base_2026_RG01463_000122__pil_blur.npy,65664
base_run,destruction_controls/pil_blur/arrays/base_2026_RG00801_000072__pil_blur.npy,65664
base_run,destruction_controls/pil_blur/arrays/base_2026_RG00717_000062__pil_blur.npy,65664
base_run,destruction_controls/pil_blur/arrays/base_2026_RG00520_000032__pil_blur.npy,65664
base_run,destruction_controls/pil_blur/arrays/base_2026_RG00626_000044__pil_blur.npy,65664
base_run,destruction_controls/pil_blur/arrays/base_2026_RG00822_000077__pil_blur.npy,65664
base_run,destruction_controls/pil_blur/arrays/base_2026_RG00675_000054__pil_blur.npy,65664
base_run,destruction_controls/pil_blur/arrays/base_2026_RG00294_000019__pil_blur.npy,65664
base_run,destruction_controls/pil_blur/arrays/base_2026_RG00870_000089__pil_blur.npy,65664
base_run,destruction_controls/pil_blur/arrays/base_2026_RG01368_000111__pil_blur.npy,65664
base_run,destruction_controls/pil_blur/arrays/base_2026_RG00863_000087__pil_blur.npy,65664
base_run,destruction_controls/pil_blur/arrays/base_2026_RG01376_000113__pil_blur.npy,65664
base_run,destruction_controls/pil_blur/arrays/base_2026_RG01389_000116__pil_blur.npy,65664
base_run,destruction_controls/pil_blur/arrays/base_2026_RG00732_000066__pil_blur.npy,65664
base_run,destruction_controls/pil_blur/arrays/base_2026_RG01025_000104__pil_blur.npy,65664
base_run,destruction_controls/pil_blur/arrays/base_2026_RG01481_000127__pil_blur.npy,65664
base_run,destruction_controls/pil_blur/arrays/base_2026_RG00543_000039__pil_blur.npy,65664
base_run,destruction_controls/pil_blur/arrays/base_2026_RG00385_000026__pil_blur.npy,65664
base_run,destruction_controls/pil_blur/arrays/base_2026_RG00292_000016__pil_blur.npy,65664
base_run,destruction_controls/pil_blur/arrays/base_2026_RG00780_000068__pil_blur.npy,65664
base_run,destruction_controls/pil_blur/arrays/base_2026_RG00616_000042__pil_blur.npy,65664
base_run,destruction_controls/pil_blur/arrays/base_2026_RG00536_000036__pil_blur.npy,65664
base_run,destruction_controls/pil_blur/arrays/base_2026_RG00697_000061__pil_blur.npy,65664
base_run,destruction_controls/pil_blur/arrays/base_2026_RG00095_000004__pil_blur.npy,65664
base_run,destruction_controls/pil_blur/arrays/base_2026_RG00188_000009__pil_blur.npy,65664
base_run,destruction_controls/pil_blur/arrays/base_2026_RG00902_000093__pil_blur.npy,65664
base_run,destruction_controls/pil_blur/arrays/base_2026_RG00853_000085__pil_blur.npy,65664
base_run,destruction_controls/pil_blur/arrays/base_2026_RG00554_000040__pil_blur.npy,65664
base_run,destruction_controls/pil_blur/arrays/base_2026_RG00694_000059__pil_blur.npy,65664
base_run,destruction_controls/pil_blur/arrays/base_2026_RG00814_000074__pil_blur.npy,65664
base_run,destruction_controls/pil_blur/arrays/base_2026_RG01476_000124__pil_blur.npy,65664
base_run,destruction_controls/pil_blur/arrays/base_2026_RG00253_000012__pil_blur.npy,65664
base_run,destruction_controls/pil_blur/arrays/base_2026_RG00356_000025__pil_blur.npy,65664
base_run,destruction_controls/pil_blur/arrays/base_2026_RG00665_000051__pil_blur.npy,65664
base_run,destruction_controls/pil_blur/arrays/base_2026_RG00270_000014__pil_blur.npy,65664
base_run,destruction_controls/pil_blur/arrays/base_2026_RG00830_000079__pil_blur.npy,65664
base_run,destruction_controls/pil_blur/arrays/base_2026_RG00170_000007__pil_blur.npy,65664
base_run,destruction_controls/pil_blur/arrays/base_2026_RG00980_000101__pil_blur.npy,65664
base_run,destruction_controls/pil_blur/arrays/base_2026_RG00093_000002__pil_blur.npy,65664
base_run,destruction_controls/pil_blur/arrays/base_2026_RG01197_000107__pil_blur.npy,65664
base_run,destruction_controls/pil_blur/arrays/base_2026_RG00325_000022__pil_blur.npy,65664
base_run,destruction_controls/pil_blur/arrays/base_2026_RG00690_000057__pil_blur.npy,65664
base_run,destruction_controls/pil_blur/arrays/base_2026_RG00004_000001__pil_blur.npy,65664
base_run,destruction_controls/pil_blur/arrays/base_2026_RG01392_000119__pil_blur.npy,65664
base_run,destruction_controls/pil_blur/arrays/base_2026_RG01462_000121__pil_blur.npy,65664
base_run,destruction_controls/pil_blur/arrays/base_2026_RG00942_000099__pil_blur.npy,65664
base_run,destruction_controls/pil_blur/arrays/base_2026_RG00229_000010__pil_blur.npy,65664
base_run,destruction_controls/pil_blur/arrays/base_2026_RG00850_000083__pil_blur.npy,65664
base_run,destruction_controls/pil_blur/arrays/base_2026_RG00837_000081__pil_blur.npy,65664
base_run,destruction_controls/pil_blur/arrays/base_2026_RG00722_000064__pil_blur.npy,65664
base_run,destruction_controls/pil_blur/arrays/base_2026_RG00093_000003__pil_blur.npy,65664
base_run,destruction_controls/pil_blur/arrays/base_2026_RG00980_000100__pil_blur.npy,65664
base_run,destruction_controls/pil_blur/arrays/base_2026_RG00170_000006__pil_blur.npy,65664
base_run,destruction_controls/pil_blur/arrays/base_2026_RG00830_000078__pil_blur.npy,65664
base_run,destruction_controls/pil_blur/arrays/base_2026_RG00722_000065__pil_blur.npy,65664
base_run,destruction_controls/pil_blur/arrays/base_2026_RG00837_000080__pil_blur.npy,65664
base_run,destruction_controls/pil_blur/arrays/base_2026_RG00229_000011__pil_blur.npy,65664
base_run,destruction_controls/pil_blur/arrays/base_2026_RG00850_000082__pil_blur.npy,65664
base_run,destruction_controls/pil_blur/arrays/base_2026_RG01462_000120__pil_blur.npy,65664
base_run,destruction_controls/pil_blur/arrays/base_2026_RG00942_000098__pil_blur.npy,65664
base_run,destruction_controls/pil_blur/arrays/base_2026_RG00690_000056__pil_blur.npy,65664
base_run,destruction_controls/pil_blur/arrays/base_2026_RG00004_000000__pil_blur.npy,65664
base_run,destruction_controls/pil_blur/arrays/base_2026_RG01392_000118__pil_blur.npy,65664
base_run,destruction_controls/pil_blur/arrays/base_2026_RG00325_000023__pil_blur.npy,65664
base_run,destruction_controls/pil_blur/arrays/base_2026_RG01197_000106__pil_blur.npy,65664
base_run,destruction_controls/pil_blur/arrays/base_2026_RG00095_000005__pil_blur.npy,65664
base_run,destruction_controls/pil_blur/arrays/base_2026_RG00697_000060__pil_blur.npy,65664
base_run,destruction_controls/pil_blur/arrays/base_2026_RG00536_000037__pil_blur.npy,65664
base_run,destruction_controls/pil_blur/arrays/base_2026_RG00616_000043__pil_blur.npy,65664
base_run,destruction_controls/pil_blur/arrays/base_2026_RG00780_000069__pil_blur.npy,65664
base_run,destruction_controls/pil_blur/arrays/base_2026_RG00292_000017__pil_blur.npy,65664
base_run,destruction_controls/pil_blur/arrays/base_2026_RG00385_000027__pil_blur.npy,65664
base_run,destruction_controls/pil_blur/arrays/base_2026_RG00270_000015__pil_blur.npy,65664
base_run,destruction_controls/pil_blur/arrays/base_2026_RG00665_000050__pil_blur.npy,65664
base_run,destruction_controls/pil_blur/arrays/base_2026_RG00356_000024__pil_blur.npy,65664
base_run,destruction_controls/pil_blur/arrays/base_2026_RG00253_000013__pil_blur.npy,65664
base_run,destruction_controls/pil_blur/arrays/base_2026_RG00814_000075__pil_blur.npy,65664
base_run,destruction_controls/pil_blur/arrays/base_2026_RG01476_000125__pil_blur.npy,65664
base_run,destruction_controls/pil_blur/arrays/base_2026_RG00554_000041__pil_blur.npy,65664
base_run,destruction_controls/pil_blur/arrays/base_2026_RG00694_000058__pil_blur.npy,65664
base_run,destruction_controls/pil_blur/arrays/base_2026_RG00853_000084__pil_blur.npy,65664
base_run,destruction_controls/pil_blur/arrays/base_2026_RG00902_000092__pil_blur.npy,65664
base_run,destruction_controls/pil_blur/arrays/base_2026_RG00188_000008__pil_blur.npy,65664
base_run,destruction_controls/pil_blur/arrays/base_2026_RG00870_000088__pil_blur.npy,65664
base_run,destruction_controls/pil_blur/arrays/base_2026_RG00294_000018__pil_blur.npy,65664
base_run,destruction_controls/pil_blur/arrays/base_2026_RG00675_000055__pil_blur.npy,65664
base_run,destruction_controls/pil_blur/arrays/base_2026_RG00822_000076__pil_blur.npy,65664
base_run,destruction_controls/pil_blur/arrays/base_2026_RG00520_000033__pil_blur.npy,65664
base_run,destruction_controls/pil_blur/arrays/base_2026_RG00626_000045__pil_blur.npy,65664
base_run,destruction_controls/pil_blur/arrays/base_2026_RG00543_000038__pil_blur.npy,65664
base_run,destruction_controls/pil_blur/arrays/base_2026_RG01025_000105__pil_blur.npy,65664
base_run,destruction_controls/pil_blur/arrays/base_2026_RG01481_000126__pil_blur.npy,65664
base_run,destruction_controls/pil_blur/arrays/base_2026_RG00732_000067__pil_blur.npy,65664
base_run,destruction_controls/pil_blur/arrays/base_2026_RG00863_000086__pil_blur.npy,65664
base_run,destruction_controls/pil_blur/arrays/base_2026_RG01376_000112__pil_blur.npy,65664
base_run,destruction_controls/pil_blur/arrays/base_2026_RG01389_000117__pil_blur.npy,65664
base_run,destruction_controls/pil_blur/arrays/base_2026_RG01368_000110__pil_blur.npy,65664
base_run,destruction_controls/pil_blur/arrays/base_2026_RG00640_000049__pil_blur.npy,65664
base_run,destruction_controls/pil_blur/arrays/base_2026_RG00871_000091__pil_blur.npy,65664
base_run,destruction_controls/pil_blur/arrays/base_2026_RG01385_000115__pil_blur.npy,65664
base_run,destruction_controls/pil_blur/arrays/base_2026_RG00673_000053__pil_blur.npy,65664
base_run,destruction_controls/pil_blur/arrays/base_2026_RG00313_000020__pil_blur.npy,65664
base_run,destruction_controls/pil_blur/arrays/base_2026_RG00629_000046__pil_blur.npy,65664
base_run,destruction_controls/pil_blur/arrays/base_2026_RG00988_000102__pil_blur.npy,65664
base_run,destruction_controls/pil_blur/arrays/base_2026_RG01463_000123__pil_blur.npy,65664
base_run,destruction_controls/pil_blur/arrays/base_2026_RG00717_000063__pil_blur.npy,65664
base_run,destruction_controls/pil_blur/arrays/base_2026_RG00801_000073__pil_blur.npy,65664
base_run,destruction_controls/pil_blur/arrays/base_2026_RG00938_000097__pil_blur.npy,65664
base_run,destruction_controls/pil_blur/arrays/base_2026_RG00525_000034__pil_blur.npy,65664
base_run,destruction_controls/pil_blur/arrays/base_2026_RG00917_000094__pil_blur.npy,65664
base_run,destruction_controls/pil_blur/arrays/base_2026_RG00794_000071__pil_blur.npy,65664
base_run,destruction_controls/pil_blur/arrays/base_2026_RG00514_000031__pil_blur.npy,65664
base_run,destruction_controls/pil_blur/arrays/base_2026_RG01328_000109__pil_blur.npy,65664
base_run,destruction_controls/pil_blur/arrays/base_2026_RG00492_000029__pil_blur.npy,65664
base_run,destruction_controls/block_shuffle/arrays/base_2026_RG00717_000063__block_shuffle.npy,65664
base_run,destruction_controls/block_shuffle/arrays/base_2026_RG00514_000030__block_shuffle.npy,65664
base_run,destruction_controls/block_shuffle/arrays/base_2026_RG00665_000050__block_shuffle.npy,65664
base_run,destruction_controls/block_shuffle/arrays/base_2026_RG01385_000115__block_shuffle.npy,65664
base_run,destruction_controls/block_shuffle/arrays/base_2026_RG00536_000037__block_shuffle.npy,65664
base_run,destruction_controls/block_shuffle/arrays/base_2026_RG00640_000049__block_shuffle.npy,65664
base_run,destruction_controls/block_shuffle/arrays/base_2026_RG00694_000058__block_shuffle.npy,65664
base_run,destruction_controls/block_shuffle/arrays/base_2026_RG00732_000067__block_shuffle.npy,65664
base_run,destruction_controls/block_shuffle/arrays/base_2026_RG00697_000061__block_shuffle.npy,65664
base_run,destruction_controls/block_shuffle/arrays/base_2026_RG00520_000033__block_shuffle.npy,65664
base_run,destruction_controls/block_shuffle/arrays/base_2026_RG00814_000074__block_shuffle.npy,65664
base_run,destruction_controls/block_shuffle/arrays/base_2026_RG00942_000099__block_shuffle.npy,65664
base_run,destruction_controls/block_shuffle/arrays/base_2026_RG01368_000111__block_shuffle.npy,65664
base_run,destruction_controls/block_shuffle/arrays/base_2026_RG01481_000126__block_shuffle.npy,65664
base_run,destruction_controls/block_shuffle/arrays/base_2026_RG00902_000093__block_shuffle.npy,65664
base_run,destruction_controls/block_shuffle/arrays/base_2026_RG00794_000070__block_shuffle.npy,65664
base_run,destruction_controls/block_shuffle/arrays/base_2026_RG01462_000120__block_shuffle.npy,65664
base_run,destruction_controls/block_shuffle/arrays/base_2026_RG00170_000007__block_shuffle.npy,65664
base_run,destruction_controls/block_shuffle/arrays/base_2026_RG00525_000035__block_shuffle.npy,65664
base_run,destruction_controls/block_shuffle/arrays/base_2026_RG00850_000082__block_shuffle.npy,65664
base_run,destruction_controls/block_shuffle/arrays/base_2026_RG00871_000091__block_shuffle.npy,65664
base_run,destruction_controls/block_shuffle/arrays/base_2026_RG00980_000101__block_shuffle.npy,65664
base_run,destruction_controls/block_shuffle/arrays/base_2026_RG00675_000055__block_shuffle.npy,65664
base_run,destruction_controls/block_shuffle/arrays/base_2026_RG00095_000005__block_shuffle.npy,65664
base_run,destruction_controls/block_shuffle/arrays/base_2026_RG01328_000108__block_shuffle.npy,65664
base_run,destruction_controls/block_shuffle/arrays/base_2026_RG00988_000102__block_shuffle.npy,65664
base_run,destruction_controls/block_shuffle/arrays/base_2026_RG00253_000013__block_shuffle.npy,65664
base_run,destruction_controls/block_shuffle/arrays/base_2026_RG00270_000015__block_shuffle.npy,65664
base_run,destruction_controls/block_shuffle/arrays/base_2026_RG01463_000122__block_shuffle.npy,65664
base_run,destruction_controls/block_shuffle/arrays/base_2026_RG00853_000085__block_shuffle.npy,65664
base_run,destruction_controls/block_shuffle/arrays/base_2026_RG00313_000021__block_shuffle.npy,65664
base_run,destruction_controls/block_shuffle/arrays/base_2026_RG00837_000081__block_shuffle.npy,65664
base_run,destruction_controls/block_shuffle/arrays/base_2026_RG01025_000104__block_shuffle.npy,65664
base_run,destruction_controls/block_shuffle/arrays/base_2026_RG00492_000028__block_shuffle.npy,65664
base_run,destruction_controls/block_shuffle/arrays/base_2026_RG00822_000077__block_shuffle.npy,65664
base_run,destruction_controls/block_shuffle/arrays/base_2026_RG00690_000057__block_shuffle.npy,65664
base_run,destruction_controls/block_shuffle/arrays/base_2026_RG00863_000087__block_shuffle.npy,65664
base_run,destruction_controls/block_shuffle/arrays/base_2026_RG00870_000088__block_shuffle.npy,65664
base_run,destruction_controls/block_shuffle/arrays/base_2026_RG00722_000064__block_shuffle.npy,65664
base_run,destruction_controls/block_shuffle/arrays/base_2026_RG00554_000041__block_shuffle.npy,65664
base_run,destruction_controls/block_shuffle/arrays/base_2026_RG01197_000107__block_shuffle.npy,65664
base_run,destruction_controls/block_shuffle/arrays/base_2026_RG01389_000117__block_shuffle.npy,65664
base_run,destruction_controls/block_shuffle/arrays/base_2026_RG00616_000042__block_shuffle.npy,65664
base_run,destruction_controls/block_shuffle/arrays/base_2026_RG00780_000069__block_shuffle.npy,65664
base_run,destruction_controls/block_shuffle/arrays/base_2026_RG01392_000118__block_shuffle.npy,65664
base_run,destruction_controls/block_shuffle/arrays/base_2026_RG00938_000097__block_shuffle.npy,65664
base_run,destruction_controls/block_shuffle/arrays/base_2026_RG01476_000124__block_shuffle.npy,65664
base_run,destruction_controls/block_shuffle/arrays/base_2026_RG00830_000079__block_shuffle.npy,65664
base_run,destruction_controls/block_shuffle/arrays/base_2026_RG00626_000045__block_shuffle.npy,65664
base_run,destruction_controls/block_shuffle/arrays/base_2026_RG00543_000039__block_shuffle.npy,65664
base_run,destruction_controls/block_shuffle/arrays/base_2026_RG00004_000000__block_shuffle.npy,65664
base_run,destruction_controls/block_shuffle/arrays/base_2026_RG00188_000008__block_shuffle.npy,65664
base_run,destruction_controls/block_shuffle/arrays/base_2026_RG00629_000046__block_shuffle.npy,65664
base_run,destruction_controls/block_shuffle/arrays/base_2026_RG00292_000017__block_shuffle.npy,65664
base_run,destruction_controls/block_shuffle/arrays/base_2026_RG00325_000022__block_shuffle.npy,65664
base_run,destruction_controls/block_shuffle/arrays/base_2026_RG01376_000113__block_shuffle.npy,65664
base_run,destruction_controls/block_shuffle/arrays/base_2026_RG00093_000002__block_shuffle.npy,65664
base_run,destruction_controls/block_shuffle/arrays/base_2026_RG00356_000025__block_shuffle.npy,65664
base_run,destruction_controls/block_shuffle/arrays/base_2026_RG00917_000095__block_shuffle.npy,65664
base_run,destruction_controls/block_shuffle/arrays/base_2026_RG00801_000072__block_shuffle.npy,65664
base_run,destruction_controls/block_shuffle/arrays/base_2026_RG00673_000052__block_shuffle.npy,65664
base_run,destruction_controls/block_shuffle/arrays/base_2026_RG00294_000018__block_shuffle.npy,65664
base_run,destruction_controls/block_shuffle/arrays/base_2026_RG00385_000027__block_shuffle.npy,65664
base_run,destruction_controls/block_shuffle/arrays/base_2026_RG00229_000010__block_shuffle.npy,65664
base_run,destruction_controls/block_shuffle/arrays/base_2026_RG00188_000009__block_shuffle.npy,65664
base_run,destruction_controls/block_shuffle/arrays/base_2026_RG00543_000038__block_shuffle.npy,65664
base_run,destruction_controls/block_shuffle/arrays/base_2026_RG00004_000001__block_shuffle.npy,65664
base_run,destruction_controls/block_shuffle/arrays/base_2026_RG00629_000047__block_shuffle.npy,65664
base_run,destruction_controls/block_shuffle/arrays/base_2026_RG00292_000016__block_shuffle.npy,65664
base_run,destruction_controls/block_shuffle/arrays/base_2026_RG00325_000023__block_shuffle.npy,65664
base_run,destruction_controls/block_shuffle/arrays/base_2026_RG01376_000112__block_shuffle.npy,65664
base_run,destruction_controls/block_shuffle/arrays/base_2026_RG00626_000044__block_shuffle.npy,65664
base_run,destruction_controls/block_shuffle/arrays/base_2026_RG00801_000073__block_shuffle.npy,65664
base_run,destruction_controls/block_shuffle/arrays/base_2026_RG00294_000019__block_shuffle.npy,65664
base_run,destruction_controls/block_shuffle/arrays/base_2026_RG00385_000026__block_shuffle.npy,65664
base_run,destruction_controls/block_shuffle/arrays/base_2026_RG00673_000053__block_shuffle.npy,65664
base_run,destruction_controls/block_shuffle/arrays/base_2026_RG00229_000011__block_shuffle.npy,65664
base_run,destruction_controls/block_shuffle/arrays/base_2026_RG00093_000003__block_shuffle.npy,65664
base_run,destruction_controls/block_shuffle/arrays/base_2026_RG00356_000024__block_shuffle.npy,65664
base_run,destruction_controls/block_shuffle/arrays/base_2026_RG00917_000094__block_shuffle.npy,65664
base_run,destruction_controls/block_shuffle/arrays/base_2026_RG00870_000089__block_shuffle.npy,65664
base_run,destruction_controls/block_shuffle/arrays/base_2026_RG00554_000040__block_shuffle.npy,65664
base_run,destruction_controls/block_shuffle/arrays/base_2026_RG00722_000065__block_shuffle.npy,65664
base_run,destruction_controls/block_shuffle/arrays/base_2026_RG00837_000080__block_shuffle.npy,65664
base_run,destruction_controls/block_shuffle/arrays/base_2026_RG00690_000056__block_shuffle.npy,65664
base_run,destruction_controls/block_shuffle/arrays/base_2026_RG00822_000076__block_shuffle.npy,65664
base_run,destruction_controls/block_shuffle/arrays/base_2026_RG01025_000105__block_shuffle.npy,65664
base_run,destruction_controls/block_shuffle/arrays/base_2026_RG00492_000029__block_shuffle.npy,65664
base_run,destruction_controls/block_shuffle/arrays/base_2026_RG00863_000086__block_shuffle.npy,65664
base_run,destruction_controls/block_shuffle/arrays/base_2026_RG00938_000096__block_shuffle.npy,65664
base_run,destruction_controls/block_shuffle/arrays/base_2026_RG00830_000078__block_shuffle.npy,65664
base_run,destruction_controls/block_shuffle/arrays/base_2026_RG01476_000125__block_shuffle.npy,65664
base_run,destruction_controls/block_shuffle/arrays/base_2026_RG01389_000116__block_shuffle.npy,65664
base_run,destruction_controls/block_shuffle/arrays/base_2026_RG01197_000106__block_shuffle.npy,65664
base_run,destruction_controls/block_shuffle/arrays/base_2026_RG00780_000068__block_shuffle.npy,65664
base_run,destruction_controls/block_shuffle/arrays/base_2026_RG00616_000043__block_shuffle.npy,65664
base_run,destruction_controls/block_shuffle/arrays/base_2026_RG01392_000119__block_shuffle.npy,65664
base_run,destruction_controls/block_shuffle/arrays/base_2026_RG00095_000004__block_shuffle.npy,65664
base_run,destruction_controls/block_shuffle/arrays/base_2026_RG01328_000109__block_shuffle.npy,65664
base_run,destruction_controls/block_shuffle/arrays/base_2026_RG00988_000103__block_shuffle.npy,65664
base_run,destruction_controls/block_shuffle/arrays/base_2026_RG00675_000054__block_shuffle.npy,65664
base_run,destruction_controls/block_shuffle/arrays/base_2026_RG00853_000084__block_shuffle.npy,65664
base_run,destruction_controls/block_shuffle/arrays/base_2026_RG00313_000020__block_shuffle.npy,65664
base_run,destruction_controls/block_shuffle/arrays/base_2026_RG00253_000012__block_shuffle.npy,65664
base_run,destruction_controls/block_shuffle/arrays/base_2026_RG01463_000123__block_shuffle.npy,65664
base_run,destruction_controls/block_shuffle/arrays/base_2026_RG00270_000014__block_shuffle.npy,65664
base_run,destruction_controls/block_shuffle/arrays/base_2026_RG00665_000051__block_shuffle.npy,65664
base_run,destruction_controls/block_shuffle/arrays/base_2026_RG01385_000114__block_shuffle.npy,65664
base_run,destruction_controls/block_shuffle/arrays/base_2026_RG00717_000062__block_shuffle.npy,65664
base_run,destruction_controls/block_shuffle/arrays/base_2026_RG00514_000031__block_shuffle.npy,65664
base_run,destruction_controls/block_shuffle/arrays/base_2026_RG01481_000127__block_shuffle.npy,65664
base_run,destruction_controls/block_shuffle/arrays/base_2026_RG00794_000071__block_shuffle.npy,65664
base_run,destruction_controls/block_shuffle/arrays/base_2026_RG00902_000092__block_shuffle.npy,65664
base_run,destruction_controls/block_shuffle/arrays/base_2026_RG00170_000006__block_shuffle.npy,65664
base_run,destruction_controls/block_shuffle/arrays/base_2026_RG01462_000121__block_shuffle.npy,65664
base_run,destruction_controls/block_shuffle/arrays/base_2026_RG00525_000034__block_shuffle.npy,65664
base_run,destruction_controls/block_shuffle/arrays/base_2026_RG00871_000090__block_shuffle.npy,65664
base_run,destruction_controls/block_shuffle/arrays/base_2026_RG00980_000100__block_shuffle.npy,65664
base_run,destruction_controls/block_shuffle/arrays/base_2026_RG00850_000083__block_shuffle.npy,65664
base_run,destruction_controls/block_shuffle/arrays/base_2026_RG00694_000059__block_shuffle.npy,65664
base_run,destruction_controls/block_shuffle/arrays/base_2026_RG00732_000066__block_shuffle.npy,65664
base_run,destruction_controls/block_shuffle/arrays/base_2026_RG00640_000048__block_shuffle.npy,65664
base_run,destruction_controls/block_shuffle/arrays/base_2026_RG00536_000036__block_shuffle.npy,65664
base_run,destruction_controls/block_shuffle/arrays/base_2026_RG00697_000060__block_shuffle.npy,65664
base_run,destruction_controls/block_shuffle/arrays/base_2026_RG01368_000110__block_shuffle.npy,65664
base_run,destruction_controls/block_shuffle/arrays/base_2026_RG00942_000098__block_shuffle.npy,65664
base_run,destruction_controls/block_shuffle/arrays/base_2026_RG00814_000075__block_shuffle.npy,65664
base_run,destruction_controls/block_shuffle/arrays/base_2026_RG00520_000032__block_shuffle.npy,65664
physics_screening,training_subset.csv.gz,39611
physics_screening,run_config.json,590
physics_screening,training_history.json,28843
physics_screening,pil_samples/synthetic_manifest.csv,21307
physics_screening,pil_samples/sampling_summary.json,257
physics_screening,hj/training_subset.csv.gz,39611
physics_screening,hj/generator.pt,20318987
physics_screening,hj/run_config.json,586
physics_screening,hj/training_history.json,27162
physics_screening,hj_pil/training_subset.csv.gz,39611
physics_screening,hj_pil/generator.pt,20318987
physics_screening,hj_pil/run_config.json,590
physics_screening,hj_pil/training_history.json,28843
physics_screening,pil_audit/synthetic_generic.csv,11647
physics_screening,pil_audit/v2_manipulation_metrics.json,2329
physics_screening,pil_audit/synthetic_hard_geometry.csv,9079
physics_screening,pil_audit/synthetic_hard_pil.csv,13099
physics_screening,pil/training_subset.csv.gz,39611
physics_screening,pil/generator.pt,20318987
physics_screening,pil/run_config.json,587
physics_screening,pil/training_history.json,27153
physics_screening,hj_pil_audit/synthetic_generic.csv,11982
physics_screening,hj_pil_audit/v2_manipulation_metrics.json,2339
physics_screening,hj_pil_audit/synthetic_hard_geometry.csv,9456
physics_screening,hj_pil_audit/synthetic_hard_pil.csv,13474
physics_screening,hj_pil_samples/synthetic_manifest.csv,22843
physics_screening,hj_pil_samples/sampling_summary.json,263
physics_screening,hj_samples/synthetic_manifest.csv,20795
physics_screening,hj_samples/sampling_summary.json,255
physics_screening,hj_audit/synthetic_generic.csv,11471
physics_screening,hj_audit/v2_manipulation_metrics.json,2332
physics_screening,hj_audit/synthetic_hard_geometry.csv,8955
physics_screening,hj_audit/synthetic_hard_pil.csv,12803
physics_screening,hj_samples/arrays/hj_2026_RG00253_000012.npy,65664
physics_screening,hj_samples/arrays/hj_2026_RG00837_000081.npy,65664
physics_screening,hj_samples/arrays/hj_2026_RG00697_000061.npy,65664
physics_screening,hj_samples/arrays/hj_2026_RG00095_000004.npy,65664
physics_screening,hj_samples/arrays/hj_2026_RG00270_000015.npy,65664
physics_screening,hj_samples/arrays/hj_2026_RG00270_000014.npy,65664
physics_screening,hj_samples/arrays/hj_2026_RG00095_000005.npy,65664
physics_screening,hj_samples/arrays/hj_2026_RG00697_000060.npy,65664
physics_screening,hj_samples/arrays/hj_2026_RG00837_000080.npy,65664
physics_screening,hj_samples/arrays/hj_2026_RG00253_000013.npy,65664
physics_screening,hj_samples/arrays/hj_2026_RG01463_000123.npy,65664
physics_screening,hj_samples/arrays/hj_2026_RG00942_000098.npy,65664
physics_screening,hj_samples/arrays/hj_2026_RG00942_000099.npy,65664
physics_screening,hj_samples/arrays/hj_2026_RG01463_000122.npy,65664
physics_screening,hj_samples/arrays/hj_2026_RG00514_000030.npy,65664
physics_screening,hj_samples/arrays/hj_2026_RG00780_000069.npy,65664
physics_screening,hj_samples/arrays/hj_2026_RG00850_000082.npy,65664
physics_screening,hj_samples/arrays/hj_2026_RG00850_000083.npy,65664
physics_screening,hj_samples/arrays/hj_2026_RG00780_000068.npy,65664
physics_screening,hj_samples/arrays/hj_2026_RG00514_000031.npy,65664
physics_screening,hj_samples/arrays/hj_2026_RG00870_000088.npy,65664
physics_screening,hj_samples/arrays/hj_2026_RG01368_000111.npy,65664
physics_screening,hj_samples/arrays/hj_2026_RG01368_000110.npy,65664
physics_screening,hj_samples/arrays/hj_2026_RG00870_000089.npy,65664
physics_screening,hj_samples/arrays/hj_2026_RG01328_000108.npy,65664
physics_screening,hj_samples/arrays/hj_2026_RG00902_000093.npy,65664
physics_screening,hj_samples/arrays/hj_2026_RG00822_000076.npy,65664
physics_screening,hj_samples/arrays/hj_2026_RG00313_000021.npy,65664
physics_screening,hj_samples/arrays/hj_2026_RG00313_000020.npy,65664
physics_screening,hj_samples/arrays/hj_2026_RG00822_000077.npy,65664
physics_screening,hj_samples/arrays/hj_2026_RG00902_000092.npy,65664
physics_screening,hj_samples/arrays/hj_2026_RG01328_000109.npy,65664
physics_screening,hj_samples/arrays/hj_2026_RG00830_000079.npy,65664
physics_screening,hj_samples/arrays/hj_2026_RG01389_000117.npy,65664
physics_screening,hj_samples/arrays/hj_2026_RG00801_000072.npy,65664
physics_screening,hj_samples/arrays/hj_2026_RG00732_000067.npy,65664
physics_screening,hj_samples/arrays/hj_2026_RG00980_000100.npy,65664
physics_screening,hj_samples/arrays/hj_2026_RG00980_000101.npy,65664
physics_screening,hj_samples/arrays/hj_2026_RG00732_000066.npy,65664
physics_screening,hj_samples/arrays/hj_2026_RG00801_000073.npy,65664
physics_screening,hj_samples/arrays/hj_2026_RG01389_000116.npy,65664
physics_screening,hj_samples/arrays/hj_2026_RG00830_000078.npy,65664
physics_screening,hj_samples/arrays/hj_2026_RG01376_000112.npy,65664
physics_screening,hj_samples/arrays/hj_2026_RG00675_000055.npy,65664
physics_screening,hj_samples/arrays/hj_2026_RG00988_000103.npy,65664
physics_screening,hj_samples/arrays/hj_2026_RG01025_000105.npy,65664
physics_screening,hj_samples/arrays/hj_2026_RG00871_000090.npy,65664
physics_screening,hj_samples/arrays/hj_2026_RG00938_000096.npy,65664
physics_screening,hj_samples/arrays/hj_2026_RG00938_000097.npy,65664
physics_screening,hj_samples/arrays/hj_2026_RG00871_000091.npy,65664
physics_screening,hj_samples/arrays/hj_2026_RG01025_000104.npy,65664
physics_screening,hj_samples/arrays/hj_2026_RG00988_000102.npy,65664
physics_screening,hj_samples/arrays/hj_2026_RG00675_000054.npy,65664
physics_screening,hj_samples/arrays/hj_2026_RG01376_000113.npy,65664
physics_screening,hj_samples/arrays/hj_2026_RG00188_000008.npy,65664
physics_screening,hj_samples/arrays/hj_2026_RG00188_000009.npy,65664
physics_screening,hj_samples/arrays/hj_2026_RG00536_000037.npy,65664
physics_screening,hj_samples/arrays/hj_2026_RG00004_000001.npy,65664
physics_screening,hj_samples/arrays/hj_2026_RG00492_000029.npy,65664
physics_screening,hj_samples/arrays/hj_2026_RG01481_000127.npy,65664
physics_screening,hj_samples/arrays/hj_2026_RG00294_000019.npy,65664
physics_screening,hj_samples/arrays/hj_2026_RG00863_000087.npy,65664
physics_screening,hj_samples/arrays/hj_2026_RG00626_000045.npy,65664
physics_screening,hj_samples/arrays/hj_2026_RG00229_000010.npy,65664
physics_screening,hj_samples/arrays/hj_2026_RG00229_000011.npy,65664
physics_screening,hj_samples/arrays/hj_2026_RG00626_000044.npy,65664
physics_screening,hj_samples/arrays/hj_2026_RG00863_000086.npy,65664
physics_screening,hj_samples/arrays/hj_2026_RG00294_000018.npy,65664
physics_screening,hj_samples/arrays/hj_2026_RG01481_000126.npy,65664
physics_screening,hj_samples/arrays/hj_2026_RG00492_000028.npy,65664
physics_screening,hj_samples/arrays/hj_2026_RG00004_000000.npy,65664
physics_screening,hj_samples/arrays/hj_2026_RG00536_000036.npy,65664
physics_screening,hj_samples/arrays/hj_2026_RG00717_000062.npy,65664
physics_screening,hj_samples/arrays/hj_2026_RG00673_000052.npy,65664
physics_screening,hj_samples/arrays/hj_2026_RG00673_000053.npy,65664
physics_screening,hj_samples/arrays/hj_2026_RG00717_000063.npy,65664
physics_screening,hj_samples/arrays/hj_2026_RG00385_000026.npy,65664
physics_screening,hj_samples/arrays/hj_2026_RG00690_000056.npy,65664
physics_screening,hj_samples/arrays/hj_2026_RG00543_000038.npy,65664
physics_screening,hj_samples/arrays/hj_2026_RG01462_000120.npy,65664
physics_screening,hj_samples/arrays/hj_2026_RG01462_000121.npy,65664
physics_screening,hj_samples/arrays/hj_2026_RG00543_000039.npy,65664
physics_screening,hj_samples/arrays/hj_2026_RG00690_000057.npy,65664
physics_screening,hj_samples/arrays/hj_2026_RG00385_000027.npy,65664
physics_screening,hj_samples/arrays/hj_2026_RG01476_000124.npy,65664
physics_screening,hj_samples/arrays/hj_2026_RG00292_000017.npy,65664
physics_screening,hj_samples/arrays/hj_2026_RG00292_000016.npy,65664
physics_screening,hj_samples/arrays/hj_2026_RG01476_000125.npy,65664
physics_screening,hj_samples/arrays/hj_2026_RG01392_000118.npy,65664
physics_screening,hj_samples/arrays/hj_2026_RG00554_000040.npy,65664
physics_screening,hj_samples/arrays/hj_2026_RG00356_000025.npy,65664
physics_screening,hj_samples/arrays/hj_2026_RG01197_000106.npy,65664
physics_screening,hj_samples/arrays/hj_2026_RG00629_000047.npy,65664
physics_screening,hj_samples/arrays/hj_2026_RG00525_000034.npy,65664
physics_screening,hj_samples/arrays/hj_2026_RG00525_000035.npy,65664
physics_screening,hj_samples/arrays/hj_2026_RG00629_000046.npy,65664
physics_screening,hj_samples/arrays/hj_2026_RG01197_000107.npy,65664
physics_screening,hj_samples/arrays/hj_2026_RG00356_000024.npy,65664
physics_screening,hj_samples/arrays/hj_2026_RG00554_000041.npy,65664
physics_screening,hj_samples/arrays/hj_2026_RG01392_000119.npy,65664
physics_screening,hj_samples/arrays/hj_2026_RG00520_000032.npy,65664
physics_screening,hj_samples/arrays/hj_2026_RG00694_000059.npy,65664
physics_screening,hj_samples/arrays/hj_2026_RG00616_000042.npy,65664
physics_screening,hj_samples/arrays/hj_2026_RG00616_000043.npy,65664
physics_screening,hj_samples/arrays/hj_2026_RG00694_000058.npy,65664
physics_screening,hj_samples/arrays/hj_2026_RG00520_000033.npy,65664
physics_screening,hj_samples/arrays/hj_2026_RG00917_000094.npy,65664
physics_screening,hj_samples/arrays/hj_2026_RG00170_000006.npy,65664
physics_screening,hj_samples/arrays/hj_2026_RG00640_000049.npy,65664
physics_screening,hj_samples/arrays/hj_2026_RG00853_000085.npy,65664
physics_screening,hj_samples/arrays/hj_2026_RG00665_000051.npy,65664
physics_screening,hj_samples/arrays/hj_2026_RG00665_000050.npy,65664
physics_screening,hj_samples/arrays/hj_2026_RG00853_000084.npy,65664
physics_screening,hj_samples/arrays/hj_2026_RG00170_000007.npy,65664
physics_screening,hj_samples/arrays/hj_2026_RG00640_000048.npy,65664
physics_screening,hj_samples/arrays/hj_2026_RG00917_000095.npy,65664
physics_screening,hj_samples/arrays/hj_2026_RG00794_000070.npy,65664
physics_screening,hj_samples/arrays/hj_2026_RG00093_000003.npy,65664
physics_screening,hj_samples/arrays/hj_2026_RG00325_000022.npy,65664
physics_screening,hj_samples/arrays/hj_2026_RG00722_000065.npy,65664
physics_screening,hj_samples/arrays/hj_2026_RG00814_000075.npy,65664
physics_screening,hj_samples/arrays/hj_2026_RG01385_000114.npy,65664
physics_screening,hj_samples/arrays/hj_2026_RG00814_000074.npy,65664
physics_screening,hj_samples/arrays/hj_2026_RG01385_000115.npy,65664
physics_screening,hj_samples/arrays/hj_2026_RG00722_000064.npy,65664
physics_screening,hj_samples/arrays/hj_2026_RG00325_000023.npy,65664
physics_screening,hj_samples/arrays/hj_2026_RG00093_000002.npy,65664
physics_screening,hj_samples/arrays/hj_2026_RG00794_000071.npy,65664
physics_screening,hj_pil_samples/arrays/hj_pil_2026_RG01328_000108.npy,65664
physics_screening,hj_pil_samples/arrays/hj_pil_2026_RG00902_000093.npy,65664
physics_screening,hj_pil_samples/arrays/hj_pil_2026_RG00822_000076.npy,65664
physics_screening,hj_pil_samples/arrays/hj_pil_2026_RG00313_000021.npy,65664
physics_screening,hj_pil_samples/arrays/hj_pil_2026_RG00313_000020.npy,65664
physics_screening,hj_pil_samples/arrays/hj_pil_2026_RG00822_000077.npy,65664
physics_screening,hj_pil_samples/arrays/hj_pil_2026_RG00902_000092.npy,65664
physics_screening,hj_pil_samples/arrays/hj_pil_2026_RG01328_000109.npy,65664
physics_screening,hj_pil_samples/arrays/hj_pil_2026_RG00830_000079.npy,65664
physics_screening,hj_pil_samples/arrays/hj_pil_2026_RG01389_000117.npy,65664
physics_screening,hj_pil_samples/arrays/hj_pil_2026_RG00801_000072.npy,65664
physics_screening,hj_pil_samples/arrays/hj_pil_2026_RG00732_000067.npy,65664
physics_screening,hj_pil_samples/arrays/hj_pil_2026_RG00980_000100.npy,65664
physics_screening,hj_pil_samples/arrays/hj_pil_2026_RG00980_000101.npy,65664
physics_screening,hj_pil_samples/arrays/hj_pil_2026_RG00732_000066.npy,65664
physics_screening,hj_pil_samples/arrays/hj_pil_2026_RG00801_000073.npy,65664
physics_screening,hj_pil_samples/arrays/hj_pil_2026_RG01389_000116.npy,65664
physics_screening,hj_pil_samples/arrays/hj_pil_2026_RG00830_000078.npy,65664
physics_screening,hj_pil_samples/arrays/hj_pil_2026_RG01376_000112.npy,65664
physics_screening,hj_pil_samples/arrays/hj_pil_2026_RG00675_000055.npy,65664
physics_screening,hj_pil_samples/arrays/hj_pil_2026_RG00988_000103.npy,65664
physics_screening,hj_pil_samples/arrays/hj_pil_2026_RG01025_000105.npy,65664
physics_screening,hj_pil_samples/arrays/hj_pil_2026_RG00871_000090.npy,65664
physics_screening,hj_pil_samples/arrays/hj_pil_2026_RG00938_000096.npy,65664
physics_screening,hj_pil_samples/arrays/hj_pil_2026_RG00938_000097.npy,65664
physics_screening,hj_pil_samples/arrays/hj_pil_2026_RG00871_000091.npy,65664
physics_screening,hj_pil_samples/arrays/hj_pil_2026_RG01025_000104.npy,65664
physics_screening,hj_pil_samples/arrays/hj_pil_2026_RG00988_000102.npy,65664
physics_screening,hj_pil_samples/arrays/hj_pil_2026_RG00675_000054.npy,65664
physics_screening,hj_pil_samples/arrays/hj_pil_2026_RG01376_000113.npy,65664
physics_screening,hj_pil_samples/arrays/hj_pil_2026_RG00188_000008.npy,65664
physics_screening,hj_pil_samples/arrays/hj_pil_2026_RG00188_000009.npy,65664
physics_screening,hj_pil_samples/arrays/hj_pil_2026_RG00253_000012.npy,65664
physics_screening,hj_pil_samples/arrays/hj_pil_2026_RG00837_000081.npy,65664
physics_screening,hj_pil_samples/arrays/hj_pil_2026_RG00697_000061.npy,65664
physics_screening,hj_pil_samples/arrays/hj_pil_2026_RG00095_000004.npy,65664
physics_screening,hj_pil_samples/arrays/hj_pil_2026_RG00270_000015.npy,65664
physics_screening,hj_pil_samples/arrays/hj_pil_2026_RG00270_000014.npy,65664
physics_screening,hj_pil_samples/arrays/hj_pil_2026_RG00095_000005.npy,65664
physics_screening,hj_pil_samples/arrays/hj_pil_2026_RG00697_000060.npy,65664
physics_screening,hj_pil_samples/arrays/hj_pil_2026_RG00837_000080.npy,65664
physics_screening,hj_pil_samples/arrays/hj_pil_2026_RG00253_000013.npy,65664
physics_screening,hj_pil_samples/arrays/hj_pil_2026_RG01463_000123.npy,65664
physics_screening,hj_pil_samples/arrays/hj_pil_2026_RG00942_000098.npy,65664
physics_screening,hj_pil_samples/arrays/hj_pil_2026_RG00942_000099.npy,65664
physics_screening,hj_pil_samples/arrays/hj_pil_2026_RG01463_000122.npy,65664
physics_screening,hj_pil_samples/arrays/hj_pil_2026_RG00514_000030.npy,65664
physics_screening,hj_pil_samples/arrays/hj_pil_2026_RG00850_000082.npy,65664
physics_screening,hj_pil_samples/arrays/hj_pil_2026_RG00780_000069.npy,65664
physics_screening,hj_pil_samples/arrays/hj_pil_2026_RG00780_000068.npy,65664
physics_screening,hj_pil_samples/arrays/hj_pil_2026_RG00850_000083.npy,65664
physics_screening,hj_pil_samples/arrays/hj_pil_2026_RG00514_000031.npy,65664
physics_screening,hj_pil_samples/arrays/hj_pil_2026_RG00870_000088.npy,65664
physics_screening,hj_pil_samples/arrays/hj_pil_2026_RG01368_000111.npy,65664
physics_screening,hj_pil_samples/arrays/hj_pil_2026_RG01368_000110.npy,65664
physics_screening,hj_pil_samples/arrays/hj_pil_2026_RG00870_000089.npy,65664
physics_screening,hj_pil_samples/arrays/hj_pil_2026_RG01392_000118.npy,65664
physics_screening,hj_pil_samples/arrays/hj_pil_2026_RG00554_000040.npy,65664
physics_screening,hj_pil_samples/arrays/hj_pil_2026_RG00356_000025.npy,65664
physics_screening,hj_pil_samples/arrays/hj_pil_2026_RG01197_000106.npy,65664
physics_screening,hj_pil_samples/arrays/hj_pil_2026_RG00629_000047.npy,65664
physics_screening,hj_pil_samples/arrays/hj_pil_2026_RG00525_000034.npy,65664
physics_screening,hj_pil_samples/arrays/hj_pil_2026_RG00525_000035.npy,65664
physics_screening,hj_pil_samples/arrays/hj_pil_2026_RG00629_000046.npy,65664
physics_screening,hj_pil_samples/arrays/hj_pil_2026_RG01197_000107.npy,65664
physics_screening,hj_pil_samples/arrays/hj_pil_2026_RG00356_000024.npy,65664
physics_screening,hj_pil_samples/arrays/hj_pil_2026_RG00554_000041.npy,65664
physics_screening,hj_pil_samples/arrays/hj_pil_2026_RG01392_000119.npy,65664
physics_screening,hj_pil_samples/arrays/hj_pil_2026_RG00520_000032.npy,65664
physics_screening,hj_pil_samples/arrays/hj_pil_2026_RG00694_000059.npy,65664
physics_screening,hj_pil_samples/arrays/hj_pil_2026_RG00616_000042.npy,65664
physics_screening,hj_pil_samples/arrays/hj_pil_2026_RG00616_000043.npy,65664
physics_screening,hj_pil_samples/arrays/hj_pil_2026_RG00694_000058.npy,65664
physics_screening,hj_pil_samples/arrays/hj_pil_2026_RG00520_000033.npy,65664
physics_screening,hj_pil_samples/arrays/hj_pil_2026_RG00917_000094.npy,65664
physics_screening,hj_pil_samples/arrays/hj_pil_2026_RG00640_000049.npy,65664
physics_screening,hj_pil_samples/arrays/hj_pil_2026_RG00170_000006.npy,65664
physics_screening,hj_pil_samples/arrays/hj_pil_2026_RG00853_000085.npy,65664
physics_screening,hj_pil_samples/arrays/hj_pil_2026_RG00665_000051.npy,65664
physics_screening,hj_pil_samples/arrays/hj_pil_2026_RG00665_000050.npy,65664
physics_screening,hj_pil_samples/arrays/hj_pil_2026_RG00853_000084.npy,65664
physics_screening,hj_pil_samples/arrays/hj_pil_2026_RG00640_000048.npy,65664
physics_screening,hj_pil_samples/arrays/hj_pil_2026_RG00170_000007.npy,65664
physics_screening,hj_pil_samples/arrays/hj_pil_2026_RG00917_000095.npy,65664
physics_screening,hj_pil_samples/arrays/hj_pil_2026_RG00794_000070.npy,65664
physics_screening,hj_pil_samples/arrays/hj_pil_2026_RG00093_000003.npy,65664
physics_screening,hj_pil_samples/arrays/hj_pil_2026_RG00325_000022.npy,65664
physics_screening,hj_pil_samples/arrays/hj_pil_2026_RG00722_000065.npy,65664
physics_screening,hj_pil_samples/arrays/hj_pil_2026_RG01385_000114.npy,65664
physics_screening,hj_pil_samples/arrays/hj_pil_2026_RG00814_000075.npy,65664
physics_screening,hj_pil_samples/arrays/hj_pil_2026_RG01385_000115.npy,65664
physics_screening,hj_pil_samples/arrays/hj_pil_2026_RG00814_000074.npy,65664
physics_screening,hj_pil_samples/arrays/hj_pil_2026_RG00722_000064.npy,65664
physics_screening,hj_pil_samples/arrays/hj_pil_2026_RG00325_000023.npy,65664
physics_screening,hj_pil_samples/arrays/hj_pil_2026_RG00093_000002.npy,65664
physics_screening,hj_pil_samples/arrays/hj_pil_2026_RG00794_000071.npy,65664
physics_screening,hj_pil_samples/arrays/hj_pil_2026_RG00536_000037.npy,65664
physics_screening,hj_pil_samples/arrays/hj_pil_2026_RG00004_000001.npy,65664
physics_screening,hj_pil_samples/arrays/hj_pil_2026_RG00492_000029.npy,65664
physics_screening,hj_pil_samples/arrays/hj_pil_2026_RG01481_000127.npy,65664
physics_screening,hj_pil_samples/arrays/hj_pil_2026_RG00294_000019.npy,65664
physics_screening,hj_pil_samples/arrays/hj_pil_2026_RG00863_000087.npy,65664
physics_screening,hj_pil_samples/arrays/hj_pil_2026_RG00626_000045.npy,65664
physics_screening,hj_pil_samples/arrays/hj_pil_2026_RG00229_000010.npy,65664
physics_screening,hj_pil_samples/arrays/hj_pil_2026_RG00229_000011.npy,65664
physics_screening,hj_pil_samples/arrays/hj_pil_2026_RG00626_000044.npy,65664
physics_screening,hj_pil_samples/arrays/hj_pil_2026_RG00863_000086.npy,65664
physics_screening,hj_pil_samples/arrays/hj_pil_2026_RG00294_000018.npy,65664
physics_screening,hj_pil_samples/arrays/hj_pil_2026_RG01481_000126.npy,65664
physics_screening,hj_pil_samples/arrays/hj_pil_2026_RG00492_000028.npy,65664
physics_screening,hj_pil_samples/arrays/hj_pil_2026_RG00004_000000.npy,65664
physics_screening,hj_pil_samples/arrays/hj_pil_2026_RG00536_000036.npy,65664
physics_screening,hj_pil_samples/arrays/hj_pil_2026_RG00717_000062.npy,65664
physics_screening,hj_pil_samples/arrays/hj_pil_2026_RG00673_000052.npy,65664
physics_screening,hj_pil_samples/arrays/hj_pil_2026_RG00673_000053.npy,65664
physics_screening,hj_pil_samples/arrays/hj_pil_2026_RG00717_000063.npy,65664
physics_screening,hj_pil_samples/arrays/hj_pil_2026_RG00385_000026.npy,65664
physics_screening,hj_pil_samples/arrays/hj_pil_2026_RG00690_000056.npy,65664
physics_screening,hj_pil_samples/arrays/hj_pil_2026_RG00543_000038.npy,65664
physics_screening,hj_pil_samples/arrays/hj_pil_2026_RG01462_000120.npy,65664
physics_screening,hj_pil_samples/arrays/hj_pil_2026_RG01462_000121.npy,65664
physics_screening,hj_pil_samples/arrays/hj_pil_2026_RG00543_000039.npy,65664
physics_screening,hj_pil_samples/arrays/hj_pil_2026_RG00690_000057.npy,65664
physics_screening,hj_pil_samples/arrays/hj_pil_2026_RG00385_000027.npy,65664
physics_screening,hj_pil_samples/arrays/hj_pil_2026_RG01476_000124.npy,65664
physics_screening,hj_pil_samples/arrays/hj_pil_2026_RG00292_000017.npy,65664
physics_screening,hj_pil_samples/arrays/hj_pil_2026_RG00292_000016.npy,65664
physics_screening,hj_pil_samples/arrays/hj_pil_2026_RG01476_000125.npy,65664
physics_screening,pil_samples/arrays/pil_2026_RG00917_000094.npy,65664
physics_screening,pil_samples/arrays/pil_2026_RG00170_000006.npy,65664
physics_screening,pil_samples/arrays/pil_2026_RG00640_000049.npy,65664
physics_screening,pil_samples/arrays/pil_2026_RG00665_000051.npy,65664
physics_screening,pil_samples/arrays/pil_2026_RG00853_000085.npy,65664
physics_screening,pil_samples/arrays/pil_2026_RG00853_000084.npy,65664
physics_screening,pil_samples/arrays/pil_2026_RG00665_000050.npy,65664
physics_screening,pil_samples/arrays/pil_2026_RG00170_000007.npy,65664
physics_screening,pil_samples/arrays/pil_2026_RG00640_000048.npy,65664
physics_screening,pil_samples/arrays/pil_2026_RG00917_000095.npy,65664
physics_screening,pil_samples/arrays/pil_2026_RG00325_000022.npy,65664
physics_screening,pil_samples/arrays/pil_2026_RG00794_000070.npy,65664
physics_screening,pil_samples/arrays/pil_2026_RG00093_000003.npy,65664
physics_screening,pil_samples/arrays/pil_2026_RG00722_000065.npy,65664
physics_screening,pil_samples/arrays/pil_2026_RG00814_000075.npy,65664
physics_screening,pil_samples/arrays/pil_2026_RG01385_000114.npy,65664
physics_screening,pil_samples/arrays/pil_2026_RG00814_000074.npy,65664
physics_screening,pil_samples/arrays/pil_2026_RG01385_000115.npy,65664
physics_screening,pil_samples/arrays/pil_2026_RG00722_000064.npy,65664
physics_screening,pil_samples/arrays/pil_2026_RG00093_000002.npy,65664
physics_screening,pil_samples/arrays/pil_2026_RG00794_000071.npy,65664
physics_screening,pil_samples/arrays/pil_2026_RG00325_000023.npy,65664
physics_screening,pil_samples/arrays/pil_2026_RG01392_000118.npy,65664
physics_screening,pil_samples/arrays/pil_2026_RG00554_000040.npy,65664
physics_screening,pil_samples/arrays/pil_2026_RG01197_000106.npy,65664
physics_screening,pil_samples/arrays/pil_2026_RG00356_000025.npy,65664
physics_screening,pil_samples/arrays/pil_2026_RG00629_000047.npy,65664
physics_screening,pil_samples/arrays/pil_2026_RG00525_000034.npy,65664
physics_screening,pil_samples/arrays/pil_2026_RG00525_000035.npy,65664
physics_screening,pil_samples/arrays/pil_2026_RG00629_000046.npy,65664
physics_screening,pil_samples/arrays/pil_2026_RG00356_000024.npy,65664
physics_screening,pil_samples/arrays/pil_2026_RG01197_000107.npy,65664
physics_screening,pil_samples/arrays/pil_2026_RG00554_000041.npy,65664
physics_screening,pil_samples/arrays/pil_2026_RG01392_000119.npy,65664
physics_screening,pil_samples/arrays/pil_2026_RG00520_000032.npy,65664
physics_screening,pil_samples/arrays/pil_2026_RG00616_000042.npy,65664
physics_screening,pil_samples/arrays/pil_2026_RG00694_000059.npy,65664
physics_screening,pil_samples/arrays/pil_2026_RG00694_000058.npy,65664
physics_screening,pil_samples/arrays/pil_2026_RG00616_000043.npy,65664
physics_screening,pil_samples/arrays/pil_2026_RG00520_000033.npy,65664
physics_screening,pil_samples/arrays/pil_2026_RG00385_000026.npy,65664
physics_screening,pil_samples/arrays/pil_2026_RG00690_000056.npy,65664
physics_screening,pil_samples/arrays/pil_2026_RG00543_000038.npy,65664
physics_screening,pil_samples/arrays/pil_2026_RG01462_000120.npy,65664
physics_screening,pil_samples/arrays/pil_2026_RG01462_000121.npy,65664
physics_screening,pil_samples/arrays/pil_2026_RG00543_000039.npy,65664
physics_screening,pil_samples/arrays/pil_2026_RG00690_000057.npy,65664
physics_screening,pil_samples/arrays/pil_2026_RG00385_000027.npy,65664
physics_screening,pil_samples/arrays/pil_2026_RG01476_000124.npy,65664
physics_screening,pil_samples/arrays/pil_2026_RG00292_000017.npy,65664
physics_screening,pil_samples/arrays/pil_2026_RG00292_000016.npy,65664
physics_screening,pil_samples/arrays/pil_2026_RG01476_000125.npy,65664
physics_screening,pil_samples/arrays/pil_2026_RG00536_000037.npy,65664
physics_screening,pil_samples/arrays/pil_2026_RG00004_000001.npy,65664
physics_screening,pil_samples/arrays/pil_2026_RG00294_000019.npy,65664
physics_screening,pil_samples/arrays/pil_2026_RG01481_000127.npy,65664
physics_screening,pil_samples/arrays/pil_2026_RG00492_000029.npy,65664
physics_screening,pil_samples/arrays/pil_2026_RG00863_000087.npy,65664
physics_screening,pil_samples/arrays/pil_2026_RG00229_000010.npy,65664
physics_screening,pil_samples/arrays/pil_2026_RG00626_000045.npy,65664
physics_screening,pil_samples/arrays/pil_2026_RG00626_000044.npy,65664
physics_screening,pil_samples/arrays/pil_2026_RG00229_000011.npy,65664
physics_screening,pil_samples/arrays/pil_2026_RG00863_000086.npy,65664
physics_screening,pil_samples/arrays/pil_2026_RG00492_000028.npy,65664
physics_screening,pil_samples/arrays/pil_2026_RG01481_000126.npy,65664
physics_screening,pil_samples/arrays/pil_2026_RG00294_000018.npy,65664
physics_screening,pil_samples/arrays/pil_2026_RG00004_000000.npy,65664
physics_screening,pil_samples/arrays/pil_2026_RG00536_000036.npy,65664
physics_screening,pil_samples/arrays/pil_2026_RG00673_000052.npy,65664
physics_screening,pil_samples/arrays/pil_2026_RG00717_000062.npy,65664
physics_screening,pil_samples/arrays/pil_2026_RG00717_000063.npy,65664
physics_screening,pil_samples/arrays/pil_2026_RG00673_000053.npy,65664
physics_screening,pil_samples/arrays/pil_2026_RG01376_000112.npy,65664
physics_screening,pil_samples/arrays/pil_2026_RG00675_000055.npy,65664
physics_screening,pil_samples/arrays/pil_2026_RG00988_000103.npy,65664
physics_screening,pil_samples/arrays/pil_2026_RG01025_000105.npy,65664
physics_screening,pil_samples/arrays/pil_2026_RG00938_000096.npy,65664
physics_screening,pil_samples/arrays/pil_2026_RG00871_000090.npy,65664
physics_screening,pil_samples/arrays/pil_2026_RG00871_000091.npy,65664
physics_screening,pil_samples/arrays/pil_2026_RG00938_000097.npy,65664
physics_screening,pil_samples/arrays/pil_2026_RG01025_000104.npy,65664
physics_screening,pil_samples/arrays/pil_2026_RG00988_000102.npy,65664
physics_screening,pil_samples/arrays/pil_2026_RG00675_000054.npy,65664
physics_screening,pil_samples/arrays/pil_2026_RG01376_000113.npy,65664
physics_screening,pil_samples/arrays/pil_2026_RG00188_000008.npy,65664
physics_screening,pil_samples/arrays/pil_2026_RG00188_000009.npy,65664
physics_screening,pil_samples/arrays/pil_2026_RG00902_000093.npy,65664
physics_screening,pil_samples/arrays/pil_2026_RG01328_000108.npy,65664
physics_screening,pil_samples/arrays/pil_2026_RG00822_000076.npy,65664
physics_screening,pil_samples/arrays/pil_2026_RG00313_000021.npy,65664
physics_screening,pil_samples/arrays/pil_2026_RG00313_000020.npy,65664
physics_screening,pil_samples/arrays/pil_2026_RG00822_000077.npy,65664
physics_screening,pil_samples/arrays/pil_2026_RG01328_000109.npy,65664
physics_screening,pil_samples/arrays/pil_2026_RG00902_000092.npy,65664
physics_screening,pil_samples/arrays/pil_2026_RG00830_000079.npy,65664
physics_screening,pil_samples/arrays/pil_2026_RG01389_000117.npy,65664
physics_screening,pil_samples/arrays/pil_2026_RG00801_000072.npy,65664
physics_screening,pil_samples/arrays/pil_2026_RG00732_000067.npy,65664
physics_screening,pil_samples/arrays/pil_2026_RG00980_000100.npy,65664
physics_screening,pil_samples/arrays/pil_2026_RG00980_000101.npy,65664
physics_screening,pil_samples/arrays/pil_2026_RG00732_000066.npy,65664
physics_screening,pil_samples/arrays/pil_2026_RG00801_000073.npy,65664
physics_screening,pil_samples/arrays/pil_2026_RG01389_000116.npy,65664
physics_screening,pil_samples/arrays/pil_2026_RG00830_000078.npy,65664
physics_screening,pil_samples/arrays/pil_2026_RG00514_000030.npy,65664
physics_screening,pil_samples/arrays/pil_2026_RG00850_000082.npy,65664
physics_screening,pil_samples/arrays/pil_2026_RG00780_000069.npy,65664
physics_screening,pil_samples/arrays/pil_2026_RG00780_000068.npy,65664
physics_screening,pil_samples/arrays/pil_2026_RG00850_000083.npy,65664
physics_screening,pil_samples/arrays/pil_2026_RG00514_000031.npy,65664
physics_screening,pil_samples/arrays/pil_2026_RG00870_000088.npy,65664
physics_screening,pil_samples/arrays/pil_2026_RG01368_000111.npy,65664
physics_screening,pil_samples/arrays/pil_2026_RG01368_000110.npy,65664
physics_screening,pil_samples/arrays/pil_2026_RG00870_000089.npy,65664
physics_screening,pil_samples/arrays/pil_2026_RG00253_000012.npy,65664
physics_screening,pil_samples/arrays/pil_2026_RG00837_000081.npy,65664
physics_screening,pil_samples/arrays/pil_2026_RG00697_000061.npy,65664
physics_screening,pil_samples/arrays/pil_2026_RG00270_000015.npy,65664
physics_screening,pil_samples/arrays/pil_2026_RG00095_000004.npy,65664
physics_screening,pil_samples/arrays/pil_2026_RG00095_000005.npy,65664
physics_screening,pil_samples/arrays/pil_2026_RG00270_000014.npy,65664
physics_screening,pil_samples/arrays/pil_2026_RG00697_000060.npy,65664
physics_screening,pil_samples/arrays/pil_2026_RG00837_000080.npy,65664
physics_screening,pil_samples/arrays/pil_2026_RG00253_000013.npy,65664
physics_screening,pil_samples/arrays/pil_2026_RG01463_000123.npy,65664
physics_screening,pil_samples/arrays/pil_2026_RG00942_000098.npy,65664
physics_screening,pil_samples/arrays/pil_2026_RG00942_000099.npy,65664
physics_screening,pil_samples/arrays/pil_2026_RG01463_000122.npy,65664
prepared_tensors,metadata.json,14708
prepared_tensors,x.npy,32047232
prepared_tensors,raw.npy,32047232
