model,dependent,adj_r2,aic,coef_const,coef_year,p_const,p_year,coef_match_weighted_height_cm,p_match_weighted_height_cm
Ace rate ~ year,ace_rate,0.6920033436011881,42.5649292104668,-123.907957688219,0.06532309842631884,2.3292000504203643e-09,6.616578369461622e-10,,
Ace rate ~ year + height,ace_rate,0.6844884022570521,44.30509494790431,-126.14259760470058,0.07345574662645522,6.521239151873669e-09,0.0003596274494695583,-0.07584481651152275,0.6292197253675343
Serve points won ~ year,serve_points_won,0.87724688602845,20.243618944738387,-104.93905146637667,0.08351815068076085,5.576025165164168e-11,2.4125687508065513e-16,,
Height ~ year,height,0.8216129041370719,52.093134846284215,-29.463317590626957,0.10722747544521805,0.10005181571065046,9.830424954227791e-14,,
Double faults ~ year,double_fault_rate,0.36818473805456065,11.717797581069249,47.09850760863324,-0.02153334722399651,2.6387243040834592e-05,8.495472870105757e-05,,
