replicate,flux_median_ratio,active_area_median_ratio,diversity_ratio,saturation_fraction,generic_distance_ratio,flux_median_ratio_pass,active_area_median_ratio_pass,diversity_ratio_pass,saturation_fraction_pass,generic_distance_ratio_pass,joint_gate_pass
0,1.4415227667766222,1.0520878329677767,1.1029144278751324,0.000689983366625,7.006246814654683,True,True,True,True,True,True
1,1.4602064299785382,1.091397850883108,1.0403009682661393,0.00062561035234375,7.110356606269055,True,True,True,True,True,True
2,1.4867397744833502,1.1450980334564946,1.1102885980492665,0.000638484955296875,8.122424901044633,True,True,True,True,False,False
3,1.4841561954790594,1.12654613280705,1.076171418096899,0.0006275176999531249,8.344193174670064,True,True,True,True,False,False
4,1.6916495653763028,1.333675603056521,1.1774208357017404,0.0006980896003125,10.772199552275255,True,True,True,True,False,False
5,1.4196493779684904,1.1733954704175513,1.050625515524939,0.0006399154661093751,7.4167662538623365,True,True,True,True,True,True
6,1.4204826166884632,1.0337477515288118,1.0529664737711255,0.000659942625234375,6.770424219133887,True,True,True,True,True,True
7,1.524090689998243,1.0936920081646424,1.004746094001362,0.0005917549122656249,7.264634092581723,True,True,True,True,True,True
8,1.492173624520898,1.107985437865727,1.13406160178851,0.0006761550889375,8.303889723245335,True,True,True,True,False,False
9,1.6320609675539162,1.2572463922974169,1.0952321533680325,0.000669002531921875,7.779362997022069,True,True,True,True,True,True
10,1.7171616267165846,1.2958515318405066,1.1421372739200877,0.000637054441859375,10.552845515767952,True,True,True,True,False,False
11,1.499006898185997,1.1841842079885696,1.0795619010316333,0.0006246566750625,7.502821460127701,True,True,True,True,True,True
12,1.6274184851818603,1.2042574866618212,1.117713699313279,0.0007019042943593749,8.829967714068882,True,True,True,True,False,False
13,1.5606383180441286,1.2621156906094253,1.084088891195747,0.0007352828999062501,8.93942089642684,True,True,True,True,False,False
14,1.655855853075056,1.2176591361608304,1.1443682457734092,0.00073814391753125,9.74121482069495,True,True,True,True,False,False
15,1.2403764249829403,0.9221276512971736,1.0038547725693077,0.000586986539328125,6.192914976166379,True,True,True,True,True,True
16,1.7113364730076992,1.2951147255737097,1.15419372338641,0.0007634162871406249,11.060785224626013,True,True,True,True,False,False
17,1.465654698828682,1.1000429262203655,1.0940540569714852,0.0007295608520781249,7.400403845607307,True,True,True,True,True,True
18,1.3921033596322046,1.0049019884741772,1.0703837755023784,0.0007219314552187499,7.130955994690626,True,True,True,True,True,True
19,1.49294214952428,1.080101182942764,1.105719236107219,0.000750541685015625,7.226195445802208,True,True,True,True,True,True
20,1.3995533660424848,1.0877025600851178,1.068728040128875,0.00064897537215625,7.694415915229916,True,True,True,True,True,True
21,1.6450403210258164,1.2562240760163221,1.1195538711708524,0.00071430205934375,9.405745096327365,True,True,True,True,False,False
22,1.4424662686403578,1.1674254052711333,1.123159282043024,0.0006375312786093749,7.937845536963221,True,True,True,True,True,True
23,1.4593654288849194,1.053753888124836,1.084492227445951,0.00066661834796875,7.478508134560083,True,True,True,True,True,True
24,1.6042881963371358,1.227743285443206,1.1054088278239547,0.0006613731376874999,9.289246594499653,True,True,True,True,False,False
25,1.3178078651583058,0.9411764008134174,1.068932715973022,0.000642299648609375,6.7471252375681,True,True,True,True,True,True
26,1.7281993869661898,1.2945859906676944,1.162620429821879,0.000709056853671875,10.148918130437776,True,True,True,True,False,False
27,1.5969051547984592,1.0751395418726921,1.150641432424803,0.000753402708921875,9.149659201452115,True,True,True,True,False,False
28,1.5063578989423074,1.1547619350488028,1.1226354027581087,0.000635623930828125,7.942943284792323,True,True,True,True,True,True
29,1.5954209687998933,1.2638603846350915,1.1405125202129038,0.0006675720208125,9.975875758867783,True,True,True,True,False,False
30,1.3457167892807849,1.052631570619838,1.0449090189901251,0.0005855560278125,7.011100915696801,True,True,True,True,True,True
31,1.439864976075272,1.068325762838272,1.0542148290327722,0.0007033348071406251,6.572423894732693,True,True,True,True,True,True
32,1.5087224911518713,1.1308367819203662,1.097279196510057,0.00062227249175,7.646450484545504,True,True,True,True,True,True
33,1.35600835529792,1.0709282015240047,1.076487035535126,0.0006847381594374999,7.551785248633501,True,True,True,True,True,True
34,1.5940441432037926,1.162857147404539,1.1002290723898207,0.000719547269734375,8.515432455540187,True,True,True,True,False,False
35,1.2307989759457796,0.9772343904582124,1.0063203942808403,0.00060462951671875,5.89233977938024,True,True,True,True,True,True
36,1.28404494208642,0.9484444302045232,1.0635588195075518,0.00063943862915625,6.702523541787892,True,True,True,True,True,True
37,1.6110421380521636,1.2050395273714634,1.0983074568620828,0.00066328048684375,9.287087146079159,True,True,True,True,False,False
38,1.773220397358927,1.3526201155132818,1.1737800944284624,0.0007824897744375,10.04058375420336,True,True,True,True,False,False
39,1.4663180580361417,1.119119144318934,1.050427961425667,0.000633716581984375,7.15346987124413,True,True,True,True,True,True
40,1.2158732545083493,0.8482293503060153,1.010871574270034,0.000620365142890625,6.254811047741436,True,True,True,True,True,True
41,1.3846106351134928,0.9948497284897074,1.0443436443309868,0.00063323974590625,5.690015012614332,True,True,True,True,True,True
42,1.7465312863123381,1.3263390360027136,1.1418543715434517,0.0007195472709687499,9.765450608575259,True,True,True,True,False,False
43,1.367064209725241,0.9347825729591407,1.0854265148921776,0.0006537437412656249,7.650271582930417,True,True,True,True,True,True
44,1.6056364839643464,1.2236025092282967,1.1065120411756204,0.000639438627484375,9.210488177201798,True,True,True,True,False,False
45,1.5596469473226988,1.1119198737463036,1.0182965995952962,0.000666618347609375,8.12332605678171,True,True,True,True,False,False
46,1.4361354985957646,1.1628371589128554,1.087420356670108,0.000686645505078125,7.62901714549451,True,True,True,True,True,True
47,1.2715137452248746,0.9865115866501343,1.0411598774863724,0.000631809233546875,6.2055872482405725,True,True,True,True,True,True
48,1.4663673131536663,1.0601809505240285,1.0386942666767152,0.000623703004421875,7.840126630708103,True,True,True,True,True,True
49,1.4052490650988738,1.0458958801830671,1.0998215747476614,0.000683307646890625,7.854224487717374,True,True,True,True,True,True
50,1.4339858757415265,1.0503089461414667,1.0524766755479513,0.000691413879109375,7.163604132053755,True,True,True,True,True,True
51,1.5672352653497486,1.2220497181477055,1.0445420943316697,0.000595569610125,7.667539748755287,True,True,True,True,True,True
52,1.5540270259687021,1.26438049448508,1.0743571901368443,0.000561237335515625,8.184744189462664,True,True,True,True,False,False
53,1.362211958645386,1.0613701217264153,1.0793983703849213,0.00066375732446875,6.582272614442791,True,True,True,True,True,True
54,1.3402826828944943,0.9864253004536366,1.0524722418285506,0.00061702728084375,7.131163552393329,True,True,True,True,True,True
55,1.735064685028763,1.3659420732307146,1.1442631035479693,0.0006766319279687499,8.685951521324236,True,True,True,True,False,False
56,1.2573787965530305,0.8340015692902615,1.000337903887667,0.000586509704109375,5.9972729278820545,True,True,True,True,True,True
57,1.3010818197909482,0.9360568420617031,1.067288959568766,0.0006518363942031249,7.538595154441884,True,True,True,True,True,True
58,1.3649114648034153,1.070500897472335,1.0371298356507777,0.000587463378359375,7.07354827306189,True,True,True,True,True,True
59,1.381556134867813,1.0927419408116545,1.0536861929214094,0.000673294068,6.642900426686001,True,True,True,True,True,True
60,1.3989932144773154,1.1118143634018767,1.076496779408512,0.000623226164671875,7.428316106751398,True,True,True,True,True,True
61,1.381471937085258,0.9833047326402725,1.0106587623177836,0.000627517699921875,5.843247889033033,True,True,True,True,True,True
62,1.2592530142777585,0.9306666613266961,1.0056632869829172,0.0005941391012031249,5.830701905659354,True,True,True,True,True,True
63,1.4818968089624784,1.213853779130419,1.0850550584665382,0.000667095182484375,7.813494438266298,True,True,True,True,True,True
64,1.5342205009162309,1.1624318909937736,1.079434937416112,0.000676631926640625,7.440980042642646,True,True,True,True,True,True
65,1.6344114341235907,1.1817777878104496,1.1373633038396855,0.0007758140540624999,10.122516937130452,True,True,True,True,False,False
66,1.3838614092804524,1.0932989675833436,1.0737728119436007,0.00064420700109375,8.061647030250441,True,True,True,True,False,False
67,1.53830533562228,1.1569098422403126,1.1152891782699461,0.00065040588078125,9.41552692804275,True,True,True,True,False,False
68,1.4498836468495353,1.130497161056854,1.041265951217379,0.0006222724907656251,7.3405088017776645,True,True,True,True,True,True
69,1.4069486963056255,1.1294465844200658,1.0568914528131166,0.0006265640244999999,6.7421343340458755,True,True,True,True,True,True
70,1.4663525182102322,1.0318525016981406,1.0431112976794346,0.000680446623109375,6.772032446256479,True,True,True,True,True,True
71,1.3954108018599798,1.0626655192564065,1.0383271385127315,0.0006957054123749999,6.983305920214315,True,True,True,True,True,True
72,1.6450403210258164,1.2690721880904838,1.1845356556487339,0.00075483322040625,11.427104220810282,True,True,True,True,False,False
73,1.4375627280479342,1.0826271334627982,1.040802644359839,0.0006608963001875001,7.301930806694191,True,True,True,True,True,True
74,1.6526849801615808,1.1536412363220883,1.1450001590898389,0.0007224082930156249,11.114533406601836,True,True,True,True,False,False
75,1.4683816277063142,1.0882616508371683,1.1109302578648064,0.0006766319277968749,8.665013567571712,True,True,True,True,False,False
76,1.566929533552781,1.1871945186791615,1.1155255373475341,0.000640392302890625,9.856520834915427,True,True,True,True,False,False
77,1.3744960458908193,0.9580419826506367,0.9708806802158405,0.000531673430515625,7.191293571998487,True,True,True,True,True,True
78,1.4120279004911742,1.1201091451637237,1.1290196403812613,0.0007700920098125,8.240623982166557,True,True,True,True,False,False
79,1.7292586777035466,1.2852697470966414,1.1071162091057585,0.0007510185240468751,10.209677979979741,True,True,True,True,False,False
80,1.4989255483566701,1.153015326325415,1.068943614419669,0.000783920289828125,7.586219744187326,True,True,True,True,True,True
81,1.6093388174424699,1.2114144069173236,1.1202977808925323,0.000658988955140625,9.321321049637055,True,True,True,True,False,False
82,1.4249659293690626,1.0787213441808754,1.0874535878812335,0.000639915465859375,6.662561352858643,True,True,True,True,True,True
83,1.3089281180642878,1.012079369072091,1.0210221080318391,0.0006804466229062499,6.653620208393379,True,True,True,True,True,True
84,1.789193573931885,1.3683060168780627,1.1257121058007928,0.00070619583278125,10.912786509448408,True,True,True,True,False,False
85,1.4505834400067712,1.1013333663440596,1.0450808946881367,0.00071477890028125,7.236950792067714,True,True,True,True,True,True
86,1.5542713132902664,1.2145790619006025,1.0432021167738463,0.000644683836359375,8.195475563699798,True,True,True,True,False,False
87,1.4307712189947848,1.017754352570173,1.0201906348527974,0.00064659118571875,7.2935266978577955,True,True,True,True,True,True
88,1.6695110001050837,1.28402064579952,1.1504788884898522,0.00062131881803125,9.706639128290742,True,True,True,True,False,False
89,1.5424673637798734,1.1719367562056586,1.0752333300229195,0.0007724761939687499,8.157635176750201,True,True,True,True,False,False
90,1.666867594943322,1.274488701036266,1.1487196171875012,0.0006999969460312499,10.128658756002809,True,True,True,True,False,False
91,1.4971613271648339,1.0696203000434932,1.038174131026244,0.00062990188496875,7.525907516212032,True,True,True,True,True,True
92,1.452855747524833,1.0862222354912396,1.11456025379397,0.0007557868949687499,7.592231195534752,True,True,True,True,True,True
93,1.4677058038791193,1.1226783627819585,1.0772406272310366,0.0006599426259687501,6.7406712661581745,True,True,True,True,True,True
94,1.603731237120745,1.2078533607632946,1.0940099353822559,0.0006399154640468749,8.469767435017296,True,True,True,True,False,False
95,1.4841561954790594,1.1316793800044287,1.151495986864107,0.0007457733160625,8.630510781094562,True,True,True,True,False,False
96,1.5290265357576107,1.1417399775925177,1.0804826823060838,0.0005717277529531249,7.003093401532679,True,True,True,True,True,True
97,1.4400231792295974,1.0441306595839968,1.0463361463757113,0.0006256103502031249,7.379531674190003,True,True,True,True,True,True
98,1.6671112034753226,1.2840108508079795,1.0787190073684796,0.000620365141984375,8.972184277446804,True,True,True,True,False,False
99,1.4416659045689588,1.0304720588822653,1.0844172760824027,0.0007266998289687499,8.370122719926549,True,True,True,True,False,False
100,1.4052490650988738,0.993611635264231,1.0557249119677954,0.0006508827216874999,6.90508118899132,True,True,True,True,True,True
101,1.4748079222841477,1.1119198737463036,1.1139840714897886,0.000720024106515625,8.11930233642,True,True,True,True,False,False
102,1.6874055705805966,1.333333351093767,1.0994876437031655,0.000685691833953125,8.55174887630308,True,True,True,True,False,False
103,1.5813418478590557,1.1588740371195152,1.1334971154153994,0.00070047378459375,9.48626062798615,True,True,True,True,False,False
104,1.3021473559607175,0.9033793337200404,1.010446507750942,0.000572204588125,6.318835187479571,True,True,True,True,True,True
105,1.3362484491821387,1.0598910627588203,1.0577601790074436,0.000664710996921875,7.860005674381179,True,True,True,True,True,True
106,1.5039631415575463,1.1089689835629886,1.0497335752736305,0.00071239471303125,7.231631115997897,True,True,True,True,True,True
107,1.4005456344875131,1.0096279697667088,1.0495807577065912,0.00063371658209375,7.650715208343581,True,True,True,True,True,True
108,1.720235666391109,1.3396017962954034,1.1331530429216734,0.00065279007053125,10.873788572111557,True,True,True,True,False,False
109,1.354386124800492,0.9682402853431695,1.1103535761462924,0.000627040863203125,7.457291013238069,True,True,True,True,True,True
110,1.5794483449833787,1.0928641273922461,1.0842730744246074,0.0006012916560468749,8.156757619676446,True,True,True,True,False,False
111,1.7205473584149513,1.2660455671950932,1.1570036161151966,0.0006656646722812499,9.526613307002304,True,True,True,True,False,False
112,1.5204503419302866,1.1479262726045405,1.1281198820369565,0.0007104873654999999,9.580385829546639,True,True,True,True,False,False
113,1.3881643595111803,1.0821355322836965,1.0099681153585878,0.000556468962859375,6.970940791501236,True,True,True,True,True,True
114,1.5277698537073556,1.1368421261402775,1.065635063531611,0.0007128715492656249,7.849533017548422,True,True,True,True,True,True
115,1.3391890219022826,0.9299362649013889,1.0447755669444716,0.0005960464478125,7.037244126200272,True,True,True,True,True,True
116,1.5490387127354628,1.1401152116012563,1.043078344483821,0.0006208419783906249,7.16993844431462,True,True,True,True,True,True
117,1.613207895739414,1.2287650039533335,1.06176840386378,0.0006890296914062499,7.740490218246328,True,True,True,True,True,True
118,1.4390575442541031,1.2230849122014331,1.0395594890570867,0.0005855560292812499,7.568620730660466,True,True,True,True,True,True
119,1.6263143023099043,1.2561904603488945,1.1447244814961863,0.0007500648468125,9.784046482748789,True,True,True,True,False,False
120,1.541945226689547,1.139172983455205,1.0945825830133247,0.0007061958293437499,8.567157922010297,True,True,True,True,False,False
121,1.3083496196908317,0.9883346712062079,0.9899870570507469,0.0006728172294687499,6.618448666433864,True,True,True,True,True,True
122,1.4821262142804201,1.0480686288463021,1.0322126817040524,0.0006957054138281249,6.859973576184668,True,True,True,True,True,True
123,1.4493404568393395,1.1559139793556794,1.0420250805420712,0.0006465911849375,7.579322906662985,True,True,True,True,True,True
124,1.6128120354025308,1.2371727862136412,1.0747109462932474,0.0006546974169375,8.348958449731892,True,True,True,True,False,False
125,1.5476693153744667,1.1679960358232986,1.0826842102307428,0.000591754912703125,7.759026522213749,True,True,True,True,True,True
126,1.6957331290132864,1.3123655950444215,1.1128364241003812,0.0006890296929531249,9.025973262265978,True,True,True,True,False,False
127,1.498617685644463,1.0846531930890373,1.0718848257380056,0.0006027221663749999,8.99826001800733,True,True,True,True,False,False
128,1.7752146396602753,1.2463768292922859,1.1325384232113749,0.000684738157671875,10.262027263464459,True,True,True,True,False,False
129,1.4045453878599625,1.1162458138255886,1.0747340490427388,0.0006766319264843749,7.354761798997516,True,True,True,True,True,True
130,1.3888843711507688,1.0938094944000583,1.0387016732466456,0.000643730163046875,7.440872284870924,True,True,True,True,True,True
131,1.6891313402889134,1.1661201871507612,1.155909709568547,0.0006837844828906249,10.631933194701764,True,True,True,True,False,False
132,1.4446685010113554,1.1593039216964987,1.124315038820062,0.000802993773375,8.103569295082135,True,True,True,True,False,False
133,1.4565196557569575,1.0928641273922461,1.0551045110208308,0.0006175041193281249,7.264098459859724,True,True,True,True,True,True
134,1.7701355251649806,1.275933637321121,1.167118695079044,0.0007858276349843749,9.057988312534775,True,True,True,True,False,False
135,1.4559232746293347,1.1343570608360587,1.093843361309327,0.000603675842609375,7.805695506276624,True,True,True,True,True,True
136,1.5792518748149098,1.221649493503837,1.150240060263015,0.0006709098815468749,10.690816706084185,True,True,True,True,False,False
137,1.3556864061721383,0.9719547620551503,0.9933518603529358,0.00057792663746875,6.609477806347383,True,True,True,True,True,True
138,1.8557778935995415,1.4045977006732093,1.2024033672671277,0.000711441037375,11.838560240224124,True,True,True,True,False,False
139,1.3840307206512814,1.012809531318274,1.0715544682984801,0.0006618499761875,6.857938850010725,True,True,True,True,True,True
140,1.5498027850983314,1.216631332591784,1.0666040578581581,0.0006246566778125,8.13813363736538,True,True,True,True,False,False
141,1.526923781161532,1.12654613280705,1.0884017906099503,0.000685691830328125,8.757101320284333,True,True,True,True,False,False
142,1.495873783512656,1.1145782101712385,1.084981103618405,0.000586986542,8.106851525875104,True,True,True,True,False,False
143,1.5554306674051723,1.158357765859828,1.117567188418078,0.0006566047648125,8.695671075467395,True,True,True,True,False,False
144,1.2307989759457796,0.8500000013212902,1.0040002594633075,0.000610828399296875,5.704585569325768,True,True,True,True,True,True
145,1.3073039785006972,0.9338095215506866,1.068087244946562,0.000594615937484375,6.360858422746691,True,True,True,True,True,True
146,1.5828256364685287,1.1999999938607966,1.1408802023434454,0.000733852387125,9.035984056848202,True,True,True,True,False,False
147,1.4336207249170239,1.0764444535062123,1.0533976321940133,0.000705718994671875,8.257703686118964,True,True,True,True,False,False
148,1.6331925703120083,1.1433149924811024,1.0530772714227086,0.000769615173296875,9.329960163092515,True,True,True,True,False,False
149,1.526607994430647,1.1488038496035313,1.017099350590421,0.0006599426250156249,7.358056285156845,True,True,True,True,True,True
150,1.5542713132902664,1.2027720685163406,1.1152664585692709,0.000681400299765625,8.218775963244699,True,True,True,True,False,False
151,1.4453393638077343,1.070537486420698,1.0610564257008073,0.000608444213265625,6.763096972206018,True,True,True,True,True,True
152,1.28162670630179,0.9224563251825318,0.9753875408281252,0.0006098747245625,5.998648716784128,True,True,True,True,True,True
153,1.395122793797757,0.9529837694697034,1.0310973570570847,0.0006046295154375,7.4670911807268086,True,True,True,True,True,True
154,1.563973068067046,1.132254982427342,1.0493318682678872,0.0006661415074375,8.512712247672656,True,True,True,True,False,False
155,1.7546950256566858,1.2222222477339566,1.1408413065579885,0.0006923675515781249,10.506752534204999,True,True,True,True,False,False
156,1.5072628917645974,1.0324675245721997,1.1061918636215746,0.000645637511625,8.364858631681491,True,True,True,True,False,False
157,1.731336118662712,1.318840616581151,1.1144449139354866,0.000702857970796875,9.87656749917663,True,True,True,True,False,False
158,1.522891850341457,1.111059902093143,1.0719467126487956,0.000676631924171875,7.8263429277306304,True,True,True,True,True,True
159,1.3883918568329998,0.9250200102902556,1.0250466265734355,0.00067853927378125,6.040708521926634,True,True,True,True,True,True
160,1.4677058038791193,1.1395812295220413,1.0845932214703646,0.000662803649734375,7.643047076190322,True,True,True,True,True,True
161,1.6245928820946285,1.1989503953140257,1.1584517749021395,0.0006842613226249999,9.123769181550449,True,True,True,True,False,False
162,1.479423391912716,1.184446691232322,1.0775218479467346,0.000625133513796875,8.428641779796992,True,True,True,True,False,False
163,1.6401781377141877,1.0579710366153572,1.0671400366093828,0.0006790161116718749,8.1211195939726,True,True,True,True,False,False
164,1.369070805542505,1.025021569910641,1.0556844340383595,0.0007371902462968749,6.204886571556668,True,True,True,True,True,True
165,1.345308133322324,1.0623809643884554,1.0226563865677056,0.00062942504640625,6.548306549486002,True,True,True,True,True,True
166,1.3808807493294204,0.9948893151892388,1.0300779769758128,0.0006237030011093749,6.637700589721673,True,True,True,True,True,True
167,1.8309135394217375,1.3218390847890078,1.1049550944172535,0.000646114346453125,9.692658880703727,True,True,True,True,False,False
168,1.4924176036535814,1.0393664507586682,1.0740561995525408,0.000608921047203125,8.43288117570669,True,True,True,True,False,False
169,1.4753973974256611,1.1020870643047442,1.0691890466538718,0.0006837844838281249,8.714653542354169,True,True,True,True,False,False
170,1.4930267531789463,1.2015267470263664,1.0589666336515364,0.0007066726675,8.764302981336725,True,True,True,True,False,False
171,1.320801429309399,1.0524444564189235,1.0285559822979138,0.00064611434890625,7.4567562723269845,True,True,True,True,True,True
172,1.1964473422065427,0.8688853322338842,0.9591771666226633,0.000569820402140625,5.809073995237266,True,True,True,True,True,True
173,1.5123347597372263,1.094222244229373,1.1297081302704137,0.0006623268147968749,8.335864865482817,True,True,True,True,False,False
174,1.4908761086654225,1.2127556414564282,1.1440594074110972,0.00076293945371875,8.768457348321869,True,True,True,True,False,False
175,1.5462860838836294,1.1577510817151466,1.0886706826316268,0.0006546974171874999,9.571656842789237,True,True,True,True,False,False
176,1.4528285820761557,1.0954319318158827,1.0781300934945302,0.000723361968828125,7.999485914377755,True,True,True,True,True,True
177,1.6902470329930808,1.2535980443536923,1.1127989635251632,0.0006532669047812499,9.730127788743756,True,True,True,True,False,False
178,1.395122793797757,0.9872232007499239,1.0630503428842888,0.0006408691395,7.302305511611626,True,True,True,True,True,True
179,1.3511589802443362,1.04306221701049,1.0675734123619425,0.000628948213,7.049438678692682,True,True,True,True,True,True
180,1.650450333014396,1.1831832095321753,1.1232036375301482,0.0007390975949375,9.252080967229652,True,True,True,True,False,False
181,1.4571280134075082,1.0597680648215935,1.0881860674086987,0.0007057189927812499,7.848197887109633,True,True,True,True,True,True
182,1.5688031062326273,1.1246261327910985,1.0497414870606263,0.00067329406684375,8.033432976550388,True,True,True,True,False,False
183,1.4310068784916798,1.1344912737025867,1.0524729776418027,0.000572681427,8.321920352095841,True,True,True,True,False,False
184,1.5953151213853185,1.2000000476048436,1.1763312703312414,0.0007581710808906249,11.094536153581444,True,True,True,True,False,False
185,1.585221424352021,1.2535980443536923,1.1864300170262911,0.0006923675511562499,9.847217112508636,True,True,True,True,False,False
186,1.7918372402271088,1.3751345639616195,1.180047981320946,0.0006804466227343749,11.891871895201033,True,True,True,True,False,False
187,1.543920878217593,1.241237123083754,1.0378340549963645,0.0006580352784843751,8.05728492931785,True,True,True,True,False,False
188,1.5957948477314317,1.115027798084683,1.0585629856878156,0.000778675077296875,8.077936627026792,True,True,True,True,False,False
189,1.3831851680258622,1.0808753436391967,1.099151725896214,0.00066804885703125,6.652784769070778,True,True,True,True,True,True
190,1.4610216665395395,1.1718281860129085,1.1145331585776501,0.0006790161116874999,8.189081475327743,True,True,True,True,False,False
191,1.4496354698952036,1.1099107422167345,1.1261556583180719,0.000689983368578125,8.221118867007172,True,True,True,True,False,False
192,1.4345304254486893,1.0524444564189235,1.0366136628702316,0.00070953369034375,8.107374000069234,True,True,True,True,False,False
193,1.8709815446618816,1.4251365888418908,1.1729588219222014,0.000769138335609375,11.747915030803016,True,True,True,True,False,False
194,1.516052265673759,1.1059160091127556,1.0570555901579157,0.000624179837421875,7.916930602334301,True,True,True,True,True,True
195,1.4654432016698578,0.9549752121370192,1.0702400234588838,0.0005712509165625,7.263699851115629,True,True,True,True,True,True
196,1.4488307965341904,1.180458657269906,1.0775655612913222,0.0006370544416093749,8.177394804557188,True,True,True,True,False,False
197,1.36773289563458,1.010247625054619,1.0618168184306864,0.000663757322375,7.740679772230889,True,True,True,True,True,True
198,1.5604802366239985,1.1516746635482817,1.1387138431510526,0.0005836486831562501,9.53582571967067,True,True,True,True,False,False
199,1.7253265190982896,1.33205898444022,1.121368650399025,0.00064897537228125,8.353698635612126,True,True,True,True,False,False
200,1.4787881458451713,1.1709486164408132,1.0798748011224488,0.000721454620234375,8.34731673652938,True,True,True,True,False,False
201,1.5744217002583292,1.1312615679700406,1.1248046636272777,0.00072193145534375,9.394413893226092,True,True,True,True,False,False
202,1.355563209608323,0.9837786284603461,1.0839984951372945,0.000632286069921875,6.223186359534851,True,True,True,True,True,True
203,1.744609792656313,1.2650103731413658,1.1400192322976146,0.0006937980646406249,10.012733758122815,True,True,True,True,False,False
204,1.694814254558059,1.2871179207816785,1.0940598865038906,0.000602722166640625,8.655384364111102,True,True,True,True,False,False
205,1.249053021383316,0.933126649193302,1.0232692787125064,0.0006422996512812501,6.126015411113167,True,True,True,True,True,True
206,1.6039135047363922,1.2520884668692533,1.0541340110052655,0.0006585121158125,7.847531725543004,True,True,True,True,True,True
207,1.6276329713423554,1.2474066541135316,1.1181515549003322,0.00064468383653125,8.673676150467033,True,True,True,True,False,False
208,1.4894845930292293,1.1246431881299404,1.0391064723461707,0.00062561034953125,8.545343630608816,True,True,True,True,False,False
209,1.4488307965341904,1.1391555211173574,1.0965969003595792,0.000624656678375,7.47740103249106,True,True,True,True,True,True
210,1.4593376713547308,1.124063658435944,1.1070763806844246,0.0006947517386562498,7.45896040523702,True,True,True,True,True,True
211,1.5950791126319503,1.107482992590717,1.125377288829329,0.000768661499171875,8.922725635195434,True,True,True,True,False,False
212,1.548067774439456,1.1401152116012563,1.0760088771684821,0.00078964233371875,8.701423944402805,True,True,True,True,False,False
213,1.673496889728863,1.3173184462878935,1.0920035332110682,0.000665664669125,10.995529089384828,True,True,True,True,False,False
214,1.4481309354209624,1.0217942411725822,1.0270056908773617,0.000657081601265625,7.211524145779849,True,True,True,True,True,True
215,1.5561433453859277,1.2610333630443975,1.0785734291122058,0.0006027221686406249,9.241836310145972,True,True,True,True,False,False
216,1.7582462480262682,1.2781065119525863,1.1212407047540813,0.000680446625859375,10.438205794102483,True,True,True,True,False,False
217,1.3699798678222739,1.0867398060643998,1.0585662444653954,0.0006494522096562501,6.0706536658483765,True,True,True,True,True,True
218,1.6837737924063074,1.2609970793077687,1.1877462182948033,0.0007910728452656249,10.656295976006598,True,True,True,True,False,False
219,1.441008690209218,1.1832297715263036,1.0287588901886267,0.0005435943603281249,8.400134449500118,True,True,True,True,False,False
220,1.773880813333108,1.2658102767118375,1.1218497996655428,0.00079584121490625,10.339199989248153,True,True,True,True,False,False
221,1.414971852323402,1.0613700827540085,1.0638166712622292,0.0006856918303125,6.879081519948099,True,True,True,True,True,True
222,1.4334548378711143,1.0881261218404183,1.0912032352475898,0.000738143917546875,7.433578773835936,True,True,True,True,True,True
223,1.7268995888236154,1.2361256684714912,1.1760751823488478,0.0007081031773125,8.850750927819186,True,True,True,True,False,False
224,1.5201366489714008,1.1840796130500821,1.1157163098793,0.0006732940677499999,8.513609245012006,True,True,True,True,False,False
225,1.5844595963898795,1.1716140823364374,1.0750722620885682,0.000754833218453125,8.35674825737413,True,True,True,True,False,False
226,1.5191569951405877,1.081009314757431,1.0670222072847098,0.00071239470953125,6.779643775651037,True,True,True,True,True,True
227,1.6772321294477877,1.2084980246432846,1.111391676157817,0.00073051452240625,8.985256934936524,True,True,True,True,False,False
228,1.4678008256336808,1.1490566100437167,1.1029151540475852,0.00070285797240625,8.568782079123103,True,True,True,True,False,False
229,1.6146481424755434,1.2230849122014331,1.1467540866544368,0.000741958617890625,9.54585553301492,True,True,True,True,False,False
230,1.527145872423164,1.0590163649607436,1.1340090235000138,0.0006923675530624999,7.712311786870763,True,True,True,True,True,True
231,1.2793929997450688,1.0136804957946046,1.0263150446621718,0.0006356239309374999,7.244883265762279,True,True,True,True,True,True
232,1.3396848587788996,0.9256097778649223,1.0437229891829365,0.0007677078243281249,6.080618446313245,True,True,True,True,True,True
233,1.5235626958046287,1.0871244196689,1.0744235948829652,0.000752449031796875,8.954957120032226,True,True,True,True,False,False
234,1.4035278328194576,1.058691767835665,1.1421052023270846,0.0007348060624218749,8.442529708342843,True,True,True,True,False,False
235,1.6504801723353408,1.3708873790271072,1.1045184871207225,0.0007305145257031249,10.807378398895608,True,True,True,True,False,False
236,1.5444481299656208,1.1524926782498717,1.1134104527857773,0.0006117820719687499,8.574489887189836,True,True,True,True,False,False
237,1.522722816956863,1.12654613280705,1.1115321184705256,0.00069189071434375,8.003803042737186,True,True,True,True,False,False
238,1.4240303906054634,1.0643564641156398,1.0354876471047427,0.0006327629088437501,7.990293124719034,True,True,True,True,True,True
239,1.4978290843651298,1.0710085971168457,1.1184274398669445,0.00074768066334375,7.364355507211745,True,True,True,True,True,True
240,1.424506529817854,1.0795555639700545,1.0493793107001081,0.0006685256959218749,7.433729516469563,True,True,True,True,True,True
241,1.7323787567213336,1.2402402855506567,1.1174675682750232,0.0007781982401718749,10.46631298349144,True,True,True,True,False,False
242,1.7069118333279802,1.3476856938579929,1.1655193187267188,0.0008001327491249999,10.872887538257805,True,True,True,True,False,False
243,1.4894845930292293,1.0877353760575657,1.125236927371172,0.0007529258702499999,8.623330788716535,True,True,True,True,False,False
244,1.5309829076904915,1.2127329292625029,1.0814270375738355,0.0005936622616250001,8.756962817334273,True,True,True,True,False,False
245,1.305823470023024,0.9688888953615803,1.0185237609273363,0.0006117820728437501,5.792000978120905,True,True,True,True,True,True
246,1.741355489022797,1.2612021794909993,1.1356789195452186,0.000610828397703125,10.291647263929313,True,True,True,True,False,False
247,1.3748841187474508,1.07692304042548,1.057555659481588,0.000662326812546875,6.854899593025035,True,True,True,True,True,True
248,1.4841813663765444,1.0928641273922461,1.0363164237255684,0.0006446838373281251,7.674501141283926,True,True,True,True,True,True
249,1.3904625530464074,1.0484645266729802,1.0511977712052205,0.0006284713723437499,7.232846472495761,True,True,True,True,True,True
250,1.200430403451541,0.8983481409833126,1.006306496607505,0.000581264496703125,5.576939863825297,True,True,True,True,True,True
251,1.5288079019274765,1.1555343432089038,1.1362803985643541,0.0006885528587812499,8.176806362231892,True,True,True,True,False,False
252,1.605848014660811,1.234174194624638,1.0777756189011802,0.000677108760546875,9.295578402223938,True,True,True,True,False,False
253,1.684155572143461,1.3110871886290454,1.1999256760552968,0.0007042884834843751,9.488278680898814,True,True,True,True,False,False
254,1.5991407098707575,1.2487781067479258,1.0843861217613435,0.00066900253328125,8.882087332134683,True,True,True,True,False,False
255,1.3809980436674607,1.0754245886691134,1.0906226195732516,0.00064277648846875,7.08796049067987,True,True,True,True,True,True
256,1.455766522737425,1.1253456174574616,1.0969923623485027,0.000674724576625,7.563849531037871,True,True,True,True,True,True
257,1.5750954342998646,1.1969093045114316,1.1313640130158091,0.000639915465609375,9.306450304191788,True,True,True,True,False,False
258,1.4014025908001064,1.0843694515751383,1.0491764486510307,0.000690460205234375,7.628189957093625,True,True,True,True,True,True
259,1.2928845849420836,0.9999999858636753,1.0796460661939988,0.00067710876203125,6.426723376305238,True,True,True,True,True,True
260,1.3631731849387452,1.0102215091785993,1.0650680586020134,0.000705242158296875,5.349991249038642,True,True,True,True,True,True
261,1.544082185697006,1.126912723285279,1.140493675039322,0.0007052421562812499,10.019609043517423,True,True,True,True,False,False
262,1.7981790006156826,1.3103103415022637,1.1533287222477344,0.0007972717274531249,11.270523855841084,True,True,True,True,False,False
263,1.546626707573489,1.1362764418038565,1.0853774051295337,0.000664710995625,8.32916756850335,True,True,True,True,False,False
264,1.2593421512425684,1.0324675245721997,1.0348303847252438,0.00060749053846875,6.270740478210054,True,True,True,True,True,True
265,1.4674230907754708,1.0881601939396783,1.0195508789081293,0.000661849976078125,6.727078217213929,True,True,True,True,True,True
266,1.5954209687998933,1.2069479089128947,1.0869189510163113,0.0006814002984375,9.345097682804466,True,True,True,True,False,False
267,1.6125647745479927,1.1260236048853243,1.108849403928379,0.0006675720195468749,7.976715383178392,True,True,True,True,True,True
268,1.4821814483078737,1.0773429864258792,1.0648749314365942,0.0006871223436718749,8.231559940312883,True,True,True,True,False,False
269,1.5801253737019711,1.1396103708589744,1.0835196453291278,0.0006804466228593749,9.623893326568645,True,True,True,True,False,False
270,1.5514816290310118,1.1769691346993527,1.0628638738010026,0.000688552855171875,8.056166550299432,True,True,True,True,False,False
271,1.561633861793647,1.162857147404539,1.0936224436421724,0.0006399154657343749,8.212700612983932,True,True,True,True,False,False
272,1.561963334318414,1.234554991858267,1.0633387487260002,0.0005888938877187499,7.476182336353179,True,True,True,True,True,True
273,1.4418505996903437,1.0502583231141758,1.0376108128167694,0.000617504120609375,6.8684433070118995,True,True,True,True,True,True
274,1.3169632221460603,1.0072398002189968,1.020663128614515,0.000623226164625,6.9829958277630775,True,True,True,True,True,True
275,1.453938576739616,1.1679960358232986,1.0419105745207955,0.000697612762578125,7.6146270372507745,True,True,True,True,True,True
276,1.7065947403284487,1.3428411541886502,1.1328353013862527,0.000664234160171875,10.782351608383731,True,True,True,True,False,False
277,1.516052265673759,1.1307251839776236,1.089750518405908,0.00065803527715625,7.960580239471776,True,True,True,True,True,True
278,1.4438817822386327,1.1946169909206181,1.0718588589984894,0.0006637573208593749,8.77338071723405,True,True,True,True,False,False
279,1.558108569631098,1.2183450003316005,1.0800140293843628,0.0006299018832499999,8.109112912205385,True,True,True,True,False,False
280,1.6876149142782502,1.331576200413029,1.1091996800945871,0.000703811645390625,10.247952922994648,True,True,True,True,False,False
281,1.1912634181462591,0.8050082108322184,0.9888020459596891,0.000615596770375,5.570829682903572,True,True,True,True,True,True
282,1.343478025584051,0.9290322590387394,1.0528238191920107,0.000605583190109375,6.876654241495295,True,True,True,True,True,True
283,1.5050967887118893,1.0881601939396783,1.0610923625838204,0.0006790161129218749,7.486218220787537,True,True,True,True,True,True
284,1.5347910823804076,1.1072589480914583,1.0121144059821867,0.000536918640578125,7.456601417859858,True,True,True,True,True,True
285,1.4265914883081974,0.9922944704072075,1.0546617657256203,0.000669956206875,6.074446476287818,True,True,True,True,True,True
286,1.4488244161794808,1.091477027043704,1.0581053138284826,0.000707149502890625,6.923476469610342,True,True,True,True,True,True
287,1.4971613271648339,1.0755231549589401,1.0800208483981706,0.0006771087621875,6.9134278978571615,True,True,True,True,True,True
288,1.4977630343045387,1.1279385727372597,1.0964006454086501,0.000711441040171875,7.997193534810062,True,True,True,True,True,True
289,1.524164762190638,1.0371057315121457,1.0571102448340777,0.0006446838339375,8.000733933873256,True,True,True,True,False,False
290,1.304930235505477,0.9702486567375358,0.9985627483266317,0.0006675720245468749,6.441234960539298,True,True,True,True,True,True
291,1.759304267364347,1.303487786039184,1.1188518450822111,0.000654697418296875,9.748859278811251,True,True,True,True,False,False
292,1.442572068412435,1.014592236712647,1.054169415587474,0.000634193421421875,8.281785662065037,True,True,True,True,False,False
293,1.7756108458703879,1.482681517099816,1.1877039003890888,0.000685691833265625,11.33046058059749,True,True,True,True,False,False
294,1.4660858614951437,1.1455152614770698,1.0807176732349684,0.000686645508890625,7.338633994168929,True,True,True,True,True,True
295,1.5358178211761169,1.2626069889996485,1.0790249221752077,0.0007066726671875,9.222339654471513,True,True,True,True,False,False
296,1.6056364839643464,1.186186204901358,1.1262620746680663,0.000636577604984375,9.024203736649758,True,True,True,True,False,False
297,1.42010580698701,1.0687193291663626,1.0626457684614716,0.0006151199324531249,7.185582594906995,True,True,True,True,True,True
298,1.2271431018855883,0.9292682718902234,1.002433601650978,0.0006055831916875,6.30155857749238,True,True,True,True,True,True
299,1.6689576301107392,1.2220497181477055,1.076071615988791,0.0006728172267499999,8.330744100169824,True,True,True,True,False,False
300,1.2770499582582742,0.9854824612153233,1.0075539891728689,0.000602722166421875,5.821170588229504,True,True,True,True,True,True
301,1.3384689622394108,1.0500454398813077,1.0212099409939452,0.00059509277075,6.503555775301511,True,True,True,True,True,True
302,1.3885360464721757,1.0998023914746988,1.0663052321492457,0.0006890296914218749,6.48796138302943,True,True,True,True,True,True
303,1.3694314312606077,0.8575533603207497,0.9927401040933475,0.00060319900365625,6.426589092940057,True,True,True,True,True,True
304,1.390206757251105,1.081335587723026,1.0377641292553343,0.000724792481,7.1516195894544765,True,True,True,True,True,True
305,1.5641666186362455,1.151351342255778,1.1201905548834068,0.0006914138794374999,8.385390959035822,True,True,True,True,False,False
306,1.5622467230491768,1.1605184466203384,1.052214018508162,0.000640392301703125,7.759267187338772,True,True,True,True,True,True
307,1.407329099956257,1.1310314516523021,1.0826867787209786,0.00073146820190625,6.665456665225292,True,True,True,True,True,True
308,1.547717998131377,1.2346680261926768,1.1062175288180716,0.000676155091078125,9.840089203064306,True,True,True,True,False,False
309,1.4652644310480194,1.1502392526562892,1.1099116143264702,0.00066947936996875,8.08827641629667,True,True,True,True,False,False
310,1.4601267318965157,1.1948453537027781,1.094699160809134,0.0005998611446249999,8.310238334734626,True,True,True,True,False,False
311,1.3468496971917583,0.9856321870003585,1.02393376753091,0.0005822181702812499,6.423906834996949,True,True,True,True,True,True
312,1.767738546837299,1.2852697470966414,1.1579605715942942,0.0007438659649687499,10.435319374167504,True,True,True,True,False,False
313,1.3318641952669024,0.9528225826590634,1.0015066898919582,0.0006561279289062499,5.241143713479765,True,True,True,True,True,True
314,1.6350452014605326,1.315195073388377,1.1601041229277729,0.00071668624815625,11.106737511918375,True,True,True,True,False,False
315,1.516052265673759,1.1354961797452363,1.0725755370675893,0.000721931454265625,7.572809874679693,True,True,True,True,True,True
316,1.6102426852140623,1.2732152509801489,1.112055254255036,0.00060939788846875,9.450185095481277,True,True,True,True,False,False
317,1.3259354456994346,1.031774079238695,1.0684818843463038,0.000688552854234375,6.719474221796492,True,True,True,True,True,True
318,1.5426566740988097,1.2158524760422789,1.1337154607167703,0.000709533691203125,9.073932852831701,True,True,True,True,False,False
319,1.5694548512909423,1.1539589501523606,1.0177645094810728,0.0006537437431249999,8.211674748210811,True,True,True,True,False,False
320,1.216981243421794,0.8545603395443232,0.9961941533031519,0.0006623268130625,5.586786175459906,True,True,True,True,True,True
321,1.6477086004475077,1.210867427463636,1.1240497137966852,0.0006685256952499999,9.310263819564069,True,True,True,True,False,False
322,1.3940840264692709,0.975369460546709,1.028282178971738,0.000695228573953125,6.064590780572289,True,True,True,True,True,True
323,1.4559232746293347,1.1619818860558142,1.1070288880652965,0.000682353973046875,7.739334071242283,True,True,True,True,True,True
324,1.3753021983754534,1.0089552359771123,1.0211214089162266,0.0006961822499999999,5.9390910076778844,True,True,True,True,True,True
325,1.440473492905871,1.1555334143766909,1.0763338229944137,0.000559329986265625,8.419973499214864,True,True,True,True,False,False
326,1.5857535598453485,1.1362764418038565,1.1035171719333332,0.0006675720201249999,9.102256843767808,True,True,True,True,False,False
327,1.5728268533339969,1.2135523704805267,1.1599228453745785,0.000729560851390625,8.708446262172115,True,True,True,True,False,False
328,1.714019025382659,1.2726287128153242,1.1927714928232047,0.0007648467979218749,10.07001234584682,True,True,True,True,False,False
329,1.4241099181850636,1.083739088606716,1.0442440275464588,0.000623703001765625,7.221881994841064,True,True,True,True,True,True
330,1.4489977072533895,1.152235948303882,1.0084302476120983,0.000659942625578125,7.472548303546467,True,True,True,True,True,True
331,1.4256907323742112,1.0865979537464812,1.07307165694057,0.0006275176972499999,6.8537736685559505,True,True,True,True,True,True
332,1.4363381888239488,1.0470046008838754,1.0363314317898473,0.0006985664362343749,6.6418488732369925,True,True,True,True,True,True
333,1.407329099956257,1.0107526877348918,1.0441394918711013,0.000709533689671875,6.693281017429604,True,True,True,True,True,True
334,1.4025337453685152,1.1038095078193342,1.0712667732202747,0.000666141510296875,7.437421165473797,True,True,True,True,True,True
335,1.4265597534883165,1.0557939587623881,1.0865822315674831,0.0006794929496406249,7.61663593041648,True,True,True,True,True,True
336,1.5659607912161395,1.2529601426131085,1.0945569400408879,0.000637054442171875,9.483057323560358,True,True,True,True,False,False
337,1.4044731283287122,1.0502583231141758,1.12823810847658,0.0006651878365156249,9.091602950555252,True,True,True,True,False,False
338,1.5832767685056577,1.227318091040157,1.1431237528856415,0.00072145462053125,10.965048343866385,True,True,True,True,False,False
339,1.6473888281483846,1.3296943205275262,1.0594110008151867,0.0006599426260625,8.939877543026707,True,True,True,True,False,False
340,1.5223343949643702,1.1335877798748324,1.0881253129362896,0.0006070137025156251,7.377631454928369,True,True,True,True,True,True
341,1.6707126066426712,1.2690721880904838,1.1448285786312058,0.000713348388734375,9.049845359367866,True,True,True,True,False,False
342,1.4782668399090353,1.0829133948390026,1.0565567205466053,0.0006656646703593749,8.254814835156397,True,True,True,True,False,False
343,1.4683907328269963,1.1633587384002946,1.0467196508070358,0.0006465911872500001,7.772685822336079,True,True,True,True,True,True
344,1.7334888112440137,1.2800207293220687,1.161576417051046,0.0007038116440312499,9.594254599816667,True,True,True,True,False,False
345,1.737109929280646,1.2799083959042064,1.1645382651103202,0.0006542205801875,9.932192199533741,True,True,True,True,False,False
346,1.5456715784092117,1.1382339267792765,1.0993823915552592,0.0007977485638125,8.885158245457248,True,True,True,True,False,False
347,1.340182589131628,1.026112973988367,1.0368083809899165,0.0007252693158281249,6.540005240256968,True,True,True,True,True,True
348,1.8000203017555438,1.378902046254025,1.1254792115149728,0.000666141507765625,9.85843764429886,True,True,True,True,False,False
349,1.3671670425994364,1.005579349466627,1.0237117683494497,0.0006499290468593749,5.908148077375789,True,True,True,True,True,True
350,1.4512805026034,1.0995712106630038,1.0542280361513896,0.0006074905399687499,7.7309308560732735,True,True,True,True,True,True
351,1.3027225203994268,0.8763944677672542,1.0069052344079874,0.0005779266350625,6.417527896493803,True,True,True,True,True,True
352,1.4286440474393323,1.1656019602767627,1.044049612957516,0.0006346702578906249,7.607960329716183,True,True,True,True,True,True
353,1.39135396736742,1.0914285871215457,1.053879016907588,0.0006484985363749999,6.648006052379799,True,True,True,True,True,True
354,1.6308264152620982,1.2642642977053216,1.111464181400821,0.00067615509034375,9.466605266814916,True,True,True,True,False,False
355,1.5826912970283102,1.2033235656612822,1.1016425568719181,0.00072336196825,9.874081915424615,True,True,True,True,False,False
356,1.357853065985951,1.1226783627819585,1.0543877815353755,0.0006122589117187499,6.985228911069993,True,True,True,True,True,True
357,1.6472401574632731,1.2621761772392281,1.1311925019303646,0.000648498536015625,9.833565849413969,True,True,True,True,False,False
358,1.5652759557973095,1.1202346163169103,1.0866655864359973,0.0006523132325468749,7.400437490925648,True,True,True,True,True,True
359,1.471853293477209,1.0754884505459144,1.102948378183069,0.000696659086984375,7.4186159097468325,True,True,True,True,True,True
360,1.441598779540019,1.0759494128424494,1.0676548597299675,0.00074291229109375,6.775181594357477,True,True,True,True,True,True
361,1.6784896996324152,1.3080082334478451,1.1296868796769304,0.0007219314583281249,9.00198381375223,True,True,True,True,False,False
362,1.5782688396227198,1.2736790052510478,1.1611250815881975,0.000758647918359375,11.712854739495084,True,True,True,True,False,False
363,1.5007526841398378,1.0569285378487039,1.0405456095375187,0.0007352828957968749,7.827597057271991,True,True,True,True,True,True
364,1.4381966903872927,1.1630110035796508,1.100920900218336,0.00059747696003125,8.369655893403014,True,True,True,True,False,False
365,1.4405940642017843,1.0533333430423704,1.0342457983917366,0.00069713592665625,7.262265856713144,True,True,True,True,True,True
366,1.5041135127028722,1.0779165075580177,1.108923882839635,0.0006961822497343749,7.684384208045992,True,True,True,True,True,True
367,1.6381971001265756,1.27341227752415,1.1454445767386054,0.00069284439096875,8.423397181095188,True,True,True,True,False,False
368,1.3629222114159871,0.9901362011361061,1.0037476085744788,0.0006313323981875,6.447870441551989,True,True,True,True,True,True
369,1.4321722717679055,1.1271186489129226,1.0733354567036144,0.000591278077203125,7.494571985208028,True,True,True,True,True,True
370,1.5082395324824358,1.089400918666729,1.0846220283833332,0.000610828398109375,7.3339439846373695,True,True,True,True,True,True
371,1.752987436775538,1.265763423029658,1.0879053279852717,0.0006604194611875001,9.391797495221757,True,True,True,True,False,False
372,1.344709138658367,1.0496014363355335,1.0533914358937446,0.000721931456859375,6.875505484692277,True,True,True,True,True,True
373,1.5341300965348088,1.048701248862011,1.0511815658963435,0.0007371902465781251,7.20321947349583,True,True,True,True,True,True
374,1.5780875397027634,1.165076334744129,1.0954479145510212,0.0007133483860312499,10.106643044911996,True,True,True,True,False,False
375,1.3671670425994364,1.06003585042371,1.0660541566817947,0.000638961791515625,7.386949862280104,True,True,True,True,True,True
376,1.3517381104520956,1.0304147439690459,1.0157126811752042,0.000581264493671875,6.43291350154407,True,True,True,True,True,True
377,1.4536910303778563,1.1135531239952234,1.062300222802857,0.0006999969478750001,7.994511820661671,True,True,True,True,True,True
378,1.5065672080116421,1.1329175251102106,0.9957603175255022,0.000678539277484375,7.062886278468533,True,True,True,True,True,True
379,1.5248467870338627,1.1264120348632836,1.1041139938396842,0.00063228607225,7.906980900116364,True,True,True,True,True,True
380,1.5493149200723697,1.126623345831579,1.0943041725089728,0.000666141509265625,9.319835043912974,True,True,True,True,False,False
381,1.4152947503974336,1.1699604766759675,1.0567745144789888,0.0006895065301406251,7.22139978989123,True,True,True,True,True,True
382,1.3277939129637701,1.0813898083129716,1.0378092969684696,0.000675201416328125,6.200577491491609,True,True,True,True,True,True
383,1.4360921216748874,1.021702106536156,1.0535624905248422,0.00069046020378125,7.019695686005185,True,True,True,True,True,True
384,1.375031367609936,1.0257777848977383,1.0398574789284267,0.000605106354015625,6.308441113065807,True,True,True,True,True,True
385,1.499006898185997,1.1192747925719944,1.09740883735849,0.000678062438109375,7.742663322663048,True,True,True,True,True,True
386,1.566929533552781,1.1689059968744608,1.0865012225790365,0.0006985664374531249,8.46632721874602,True,True,True,True,False,False
387,1.3602784617027746,0.9685114529474971,0.991390463452006,0.0005784034712968749,6.990604466194062,True,True,True,True,True,True
388,1.6848333423965673,1.3081457807248298,1.1471483216587481,0.000692367552953125,9.042044384357801,True,True,True,True,False,False
389,1.4704509706074353,1.0840000116508444,1.0646779309402838,0.0006918907181875,7.986056183981096,True,True,True,True,True,True
390,1.4254974301003658,1.0029644354842602,1.0280708758120225,0.00058078765775,6.951881025387707,True,True,True,True,True,True
391,1.3861321212157882,0.9772539329188901,1.0394867195427617,0.000691413878109375,7.071449452921969,True,True,True,True,True,True
392,1.3638862514475418,1.0638085760686435,1.0378861588216757,0.00059890747165625,6.831759385214162,True,True,True,True,True,True
393,1.4303536086116562,1.0336097549833283,1.057959789727813,0.0006504058815625,7.762027895845129,True,True,True,True,True,True
394,1.6202114019941438,1.2158524760422789,1.1449287704559725,0.0007247924783125,9.08289508195223,True,True,True,True,False,False
395,1.5275528451314626,1.1085714003954068,1.0546994095147357,0.000608921049203125,7.85709029916531,True,True,True,True,True,True
396,1.3755788319784517,1.0533333430423704,1.0673510252257665,0.000626087189640625,7.187923229438052,True,True,True,True,True,True
397,1.592304517673823,1.1625357458973735,1.1034200994684689,0.000739097592140625,8.373049505343742,True,True,True,True,False,False
398,1.5461096109644354,1.2155090302963698,1.1434465140389065,0.0006775856000156249,9.27244746733385,True,True,True,True,False,False
399,1.5082395324824358,1.0967741867288243,1.0878446809793072,0.0006499290465312499,7.4965254265173185,True,True,True,True,True,True
400,1.5203400490053427,1.1348566386779206,1.0905356891851703,0.0007252693155,8.15765692063643,True,True,True,True,False,False
401,1.4637075736747973,1.0661113937680449,1.070647191545129,0.0005898475654062499,8.085671080021864,True,True,True,True,False,False
402,1.546626707573489,1.1769691346993527,1.1071357807271827,0.000622272489734375,8.798105783932103,True,True,True,True,False,False
403,1.5289650456963115,1.1242802714460987,1.096095905749275,0.0006947517378593749,9.010758565882215,True,True,True,True,False,False
404,1.4357754981278537,1.106768327225933,1.0839475267941263,0.00068426132071875,7.700668256123585,True,True,True,True,True,True
405,1.252918671061289,0.8818827677948063,1.031211191253754,0.0006279945374843749,6.094261569840017,True,True,True,True,True,True
406,1.688829694732677,1.1899563289487234,1.078622813189815,0.000626087186484375,8.525502014591925,True,True,True,True,False,False
407,1.5990874627305773,1.198547242987301,1.1678046047509492,0.0007052421564687499,8.784112577551147,True,True,True,True,False,False
408,1.5832853295562939,1.1366559517997816,1.079056607419265,0.000595092773328125,9.805182194394886,True,True,True,True,False,False
409,1.4322130459506501,1.1280547331301856,1.0429491249033622,0.000611305239015625,6.943884229247133,True,True,True,True,True,True
410,1.5733090999432209,1.2217782483654056,1.119189211171271,0.000726699828828125,9.108743047656926,True,True,True,True,False,False
411,1.5772718896416218,1.180458657269906,1.1041833803040824,0.000674724576875,8.120840104121278,True,True,True,True,False,False
412,1.5596469473226988,1.2493174998404835,1.1056639775884323,0.0006880760188125,9.781180915322194,True,True,True,True,False,False
413,1.5176497097186072,1.1064603644373894,1.0914954878094487,0.0007138252230625,8.281731486283412,True,True,True,True,False,False
414,1.4939066706364694,1.1019257548548853,1.1018726593749366,0.0006756782502656249,7.864732395092534,True,True,True,True,True,True
415,1.4071908279709078,0.9816238742039319,1.0317252062506297,0.000711917877171875,6.372973186896873,True,True,True,True,True,True
416,1.7762571201076731,1.2987552068913417,1.1246812206854315,0.0007300376862343749,10.401885733922336,True,True,True,True,False,False
417,1.5417243651235066,1.1488549553876812,1.101101344380583,0.0006718635545312499,7.8576946691472696,True,True,True,True,True,True
418,1.4860689705874959,1.1140425378829446,1.1274944462490586,0.0007157325733125,8.422323071394628,True,True,True,True,False,False
419,1.3790654378471456,1.0163581793816827,1.037877090912465,0.0007081031801249998,6.112282650178492,True,True,True,True,True,True
420,1.2885252212308511,0.9884861351533989,0.9746797253192043,0.0006985664352812499,6.39007774411898,True,True,True,True,True,True
421,1.5070654276643622,1.1590163802039164,1.0704126698224263,0.0005922317502031249,8.218365584077816,True,True,True,True,False,False
422,1.418874848827784,1.0322862308290042,1.070987278937745,0.0007400512675781248,6.6745979075356345,True,True,True,True,True,True
423,1.4045638832186194,0.9862903180839958,1.0546043001411929,0.00067186355578125,6.666574288507233,True,True,True,True,True,True
424,1.4641458850381308,0.9774193373026908,1.067389042588278,0.000679016112484375,7.482518696672166,True,True,True,True,True,True
425,1.3718816007141967,0.9777365306956816,1.0149303922265283,0.0004963874805,7.8270782692730325,True,True,True,True,True,True
426,1.5371246125431544,1.1906158277927894,1.1043915513058769,0.000701427458640625,8.303666078970052,True,True,True,True,False,False
427,1.4101226841822994,1.1555334143766909,1.093301800535635,0.0006179809567031249,6.83455954504073,True,True,True,True,True,True
428,1.6333618226699722,1.1428571684955342,1.1115361059978581,0.0007076263429843749,8.434648781323416,True,True,True,True,False,False
429,1.5954209687998933,1.2220497181477055,1.1092320313231032,0.000651359557390625,8.127253239572664,True,True,True,True,False,False
430,1.395122793797757,1.0339806049875326,1.0178237671963732,0.000648498532734375,6.6928809420802216,True,True,True,True,True,True
431,1.7101496377166903,1.2536232046290396,1.133019275765543,0.00072860717534375,9.300791106943095,True,True,True,True,False,False
432,1.3146080982388624,1.06057869445883,1.0554308848258676,0.0006656646698125,6.245445513766669,True,True,True,True,True,True
433,1.367064209725241,1.0049443766237003,1.0218889765479693,0.0006771087645,7.399867528660627,True,True,True,True,True,True
434,1.3884197230613051,1.0636942131535934,1.0017857050564953,0.00060796737721875,6.970625975749936,True,True,True,True,True,True
435,1.6332965981753589,1.17032968831608,1.0691169961103022,0.0006451606753125,7.402217203204901,True,True,True,True,True,True
436,1.4560532525921699,1.069683225379334,1.0648565057091106,0.0006070137002343749,7.697313056933817,True,True,True,True,True,True
437,1.546626707573489,1.1735092822246491,1.097911184655684,0.00066614150790625,8.358692430284059,True,True,True,True,False,False
438,1.4688584088339571,1.086635948806116,1.0769193913079378,0.0006890296936875,7.390386792924552,True,True,True,True,True,True
439,1.2099194530804895,0.8640776957356626,0.9408119012560732,0.000601768492125,5.645706673449304,True,True,True,True,True,True
440,1.2942376025282945,1.0437767804555342,0.9723186368210008,0.0006265640251093751,7.024388821125237,True,True,True,True,True,True
441,1.4556266573286796,1.2156057533206786,1.1341166813138945,0.00064325332678125,9.952299516433056,True,True,True,True,False,False
442,1.6490210100675784,1.1588740371195152,1.1446327064070152,0.000752925872140625,10.340565199247557,True,True,True,True,False,False
443,1.5986171224867047,1.2302904641889776,1.154444762666953,0.0006546974185625001,9.747405634202776,True,True,True,True,False,False
444,1.2307429629208333,0.8334841501486051,1.0034284349710885,0.00061893463228125,6.135747056291981,True,True,True,True,True,True
445,1.5711961080928183,1.162857147404539,1.1111797414705884,0.00076723098609375,8.625429076893012,True,True,True,True,False,False
446,1.3820564989155455,1.0756422068047382,1.0196906205336025,0.00062084198028125,7.004042143749701,True,True,True,True,True,True
447,1.60813923250716,1.1632555870297487,1.099669460767034,0.00067520141475,8.220740425420455,True,True,True,True,False,False
448,1.6146927283256622,1.2500000108016878,1.088679756093355,0.000756263729390625,9.548310282973633,True,True,True,True,False,False
449,1.412075128759312,1.041333337216948,1.08355293694058,0.0006904602044375,6.73165957855411,True,True,True,True,True,True
450,1.4799336897760398,1.0576419017144603,1.057464439689786,0.000736713405984375,7.4464650396635115,True,True,True,True,True,True
451,1.5991407098707575,1.168972336911122,1.0895679137282293,0.00071334838628125,9.876669855496997,True,True,True,True,False,False
452,1.7358393483860952,1.27009647770336,1.1438370530587956,0.00074291229153125,10.683882157945662,True,True,True,True,False,False
453,1.5989465502815359,1.1434363826877934,1.124183453923434,0.000626564024015625,8.651331181642298,True,True,True,True,False,False
454,1.69178985401669,1.2786259589720876,1.1466824992937081,0.00077629089278125,10.725986508864786,True,True,True,True,False,False
455,1.5020733848721888,1.1201091451637237,1.1029347155581428,0.000735759733515625,8.643079244678752,True,True,True,True,False,False
456,1.3917567085474674,1.0063938453708006,1.069821228288313,0.0006775856005937499,6.96027072943679,True,True,True,True,True,True
457,1.648504966043056,1.265763423029658,1.1022420168707343,0.000635147096453125,8.786464257249904,True,True,True,True,False,False
458,1.4660298617278738,1.0215703205945919,1.0889361044312622,0.0006523132313437499,8.00640889728562,True,True,True,True,False,False
459,1.4021844578256129,1.0990476152432618,1.053653923883517,0.0006351470930625,7.6915127862960455,True,True,True,True,True,True
460,1.6254264412723023,1.274488701036266,1.111485748012515,0.000616073609203125,8.843445152010219,True,True,True,True,False,False
461,1.7069118333279802,1.3021505409494738,1.1514418344075783,0.000678062438640625,10.444590014803007,True,True,True,True,False,False
462,1.4319853032614398,1.100806465701931,1.049913723524242,0.0006971359232968749,6.732587336154036,True,True,True,True,True,True
463,1.2593059060825529,0.9884861351533989,1.0175615871841641,0.0006432533261562499,5.825155761130024,True,True,True,True,True,True
464,1.6953537390521793,1.2592223790744788,1.140591423778691,0.000743389128921875,9.615171805352336,True,True,True,True,False,False
465,1.4696277863330112,1.1056994673502105,1.1381654977505005,0.00072431564046875,9.282913995904952,True,True,True,True,False,False
466,1.5215759077590214,1.1247025223967173,1.1265228652131953,0.0006623268125624999,8.696097092412929,True,True,True,True,False,False
467,1.455973129505543,1.1172774616170915,1.0600051071206216,0.0006322860695156249,8.298822369430775,True,True,True,True,False,False
468,1.4474362857438818,1.080365276409483,1.0691870476632421,0.000717163085203125,6.656238283003982,True,True,True,True,True,True
469,1.6023837945386712,1.3028509966852584,1.1362899737671885,0.000695228576265625,9.73982927959014,True,True,True,True,False,False
470,1.2835346040858164,0.975107255425565,1.020762031346423,0.000590324400921875,5.908888700788786,True,True,True,True,True,True
471,1.4193517411334757,1.1266666702035302,1.1185436455300655,0.0006527900685625,7.923844563306137,True,True,True,True,True,True
472,1.562346097899936,1.2143569582016869,1.1015085855358666,0.0007033348051875,9.841427995155893,True,True,True,True,False,False
473,1.5230346685921896,1.2406779897696398,1.105590202824711,0.000668525694640625,8.801094326199804,True,True,True,True,False,False
474,1.5898866555058788,1.195940021543587,1.1418048477481018,0.0008034706102343749,9.52361900147166,True,True,True,True,False,False
475,1.4565628860042323,1.100778967486996,1.0339131855908077,0.00068330764559375,7.338891455685018,True,True,True,True,True,True
476,1.689978771045113,1.2153209143968213,1.1498748929448892,0.000656127928125,11.063865420517486,True,True,True,True,False,False
477,1.3652840802740431,1.0258064608680242,1.0209043422485204,0.0006003379802499999,6.422479852875081,True,True,True,True,True,True
478,1.5209025143888373,1.2233211802887018,1.083046827992577,0.00063991546628125,7.940354789111441,True,True,True,True,True,True
479,1.5098545872356177,1.2152489662698645,1.1592936369170446,0.0007061958281875,8.588166293209312,True,True,True,True,False,False
480,1.4847741021588698,1.1301097090965997,1.0625889014338974,0.000665664672796875,7.843530957488605,True,True,True,True,True,True
481,1.6283819980103267,1.249486654289962,1.0870161535525824,0.000622272491328125,8.735532944367375,True,True,True,True,False,False
482,1.4971613271648339,1.0636200779989982,1.0721488466515636,0.00066709518446875,7.51823711723634,True,True,True,True,True,True
483,1.2931991021657658,0.9135577369746463,0.9940965983655105,0.0005621910110468749,6.293283184048315,True,True,True,True,True,True
484,1.43641236635529,1.1521739499144843,1.0242883734804333,0.000668525695265625,7.415512181436071,True,True,True,True,True,True
485,1.3394841729124853,1.0796703110187986,1.1002107152083762,0.00070381164371875,7.97942105710068,True,True,True,True,True,True
486,1.609241855879732,1.2303551606778353,1.124004761761228,0.0005764961228124999,8.560174411501523,True,True,True,True,False,False
487,1.527264954763176,1.1741935542324364,1.119179718577884,0.0007266998297656251,8.170633075203082,True,True,True,True,False,False
488,1.4061423674912334,1.1096710360601558,1.0498640306819023,0.00064706802353125,8.106830661121782,True,True,True,True,False,False
489,1.543971144607527,1.1386666773466074,1.1188212254205878,0.000731945036921875,8.631860001412557,True,True,True,True,False,False
490,1.5419427978077864,1.0809826568138057,0.994358053042005,0.00057935714515625,7.733382330033626,True,True,True,True,True,True
491,1.3673913832235425,1.0750681970922056,1.071465463108308,0.0006408691414218749,7.057613851074148,True,True,True,True,True,True
492,1.5659607912161395,1.22412010625516,1.085867287589848,0.00061511993346875,8.803390563049312,True,True,True,True,False,False
493,1.46161276669047,1.0935621992868108,1.1234413499988742,0.0007376670848124999,7.799537001841258,True,True,True,True,True,True
494,1.4845349926073719,1.148399613738062,1.0694910649441307,0.0006628036501875,7.23466835443031,True,True,True,True,True,True
495,1.7550907814201842,1.2774193596692336,1.0827219272604685,0.0007257461531249999,9.084123256817508,True,True,True,True,False,False
496,1.5008166409262482,1.1128889070124248,1.11621392829694,0.000716209411375,8.14685161051674,True,True,True,True,False,False
497,1.2255419708598305,0.9308283210094223,1.0059038845903565,0.0006279945392187499,6.307023383212864,True,True,True,True,True,True
498,1.563471093964767,1.141935497022982,1.0375470089981949,0.00068664550434375,8.902585265731634,True,True,True,True,False,False
499,1.6701463924048676,1.288711333718191,1.0867806256398973,0.000777721405328125,8.445013020022225,True,True,True,True,False,False
500,1.3421016559780143,0.9949832358535606,1.083285509777585,0.000668525694828125,7.068696857021306,True,True,True,True,True,True
501,1.7428355250324805,1.3303370556921605,1.1216019725335695,0.0006890296920156249,10.0960349345098,True,True,True,True,False,False
502,1.536189406190593,1.1703139850922752,1.0194813665425033,0.0006728172303125,7.5921742813936435,True,True,True,True,True,True
503,1.6249554713694183,1.195297571661528,1.141273328519717,0.000696659085796875,8.872364469985548,True,True,True,True,False,False
504,1.3987130677405932,1.082936128061592,1.0889050220190235,0.0006251335128125,7.227248531443026,True,True,True,True,True,True
505,1.6227781270145396,1.24219590749195,1.1165595044802168,0.0005512237544687499,9.267315295942286,True,True,True,True,False,False
506,1.4930711210768624,1.1170825535078348,1.090055376984411,0.0006670951826562501,7.961892986428112,True,True,True,True,True,True
507,1.6023837945386712,1.2034445728749388,1.0294133723674377,0.0005702972418750001,7.667864267683013,True,True,True,True,True,True
508,1.3921695319151122,1.0215447608228978,1.0568510968804028,0.00070428848225,6.7108451400541105,True,True,True,True,True,True
509,1.710752360396021,1.3225131052271066,1.1424244821405194,0.000704288482203125,9.386224814738428,True,True,True,True,False,False
510,1.3991713977446842,1.117301992433731,1.0294022617575476,0.000618934632140625,7.129927052701365,True,True,True,True,True,True
511,1.3931685331377273,1.0180257041744463,1.0536499432535156,0.000651836396875,6.480352577027567,True,True,True,True,True,True
512,1.4674230907754708,1.0841242630416004,1.0651915643637757,0.000738143920515625,8.097599227866981,True,True,True,True,False,False
513,1.524164762190638,1.0897435600247969,1.073751616967058,0.000706672667203125,7.657556693262946,True,True,True,True,True,True
514,1.5640080494532511,1.1965767297229728,1.0824434945849646,0.00057840347015625,8.836550275134787,True,True,True,True,False,False
515,1.6309162420948855,1.086472136174352,1.042905970870561,0.000570297239859375,8.071809224580287,True,True,True,True,False,False
516,1.5832767685056577,1.1980861543485402,1.1619650639083032,0.0007119178766875,9.72580444336558,True,True,True,True,False,False
517,1.5417750538667223,1.1603234865650423,1.0973703865828506,0.000679969786171875,8.100662254439207,True,True,True,True,False,False
518,1.5954830897865453,1.2081425146213653,1.1310431545920614,0.0006599426245937499,8.799988541075592,True,True,True,True,False,False
519,1.4105836871734496,1.0775775853755658,1.0849543516324895,0.0005912780781562499,7.079472694653988,True,True,True,True,True,True
520,1.6224858128848496,1.2118365355497778,1.1714951645295446,0.000794887541015625,10.89260132732012,True,True,True,True,False,False
521,1.6586587323268425,1.2360604517182385,1.1368405008772389,0.00067472458103125,9.935230507064253,True,True,True,True,False,False
522,1.5744217002583292,1.2199999987516954,1.1042651462491064,0.0007762908908437499,10.878206336864238,True,True,True,True,False,False
523,1.7051578838532029,1.2596774166554283,1.1225540954536688,0.000643253325359375,9.128818757442755,True,True,True,True,False,False
524,1.5596469473226988,1.1818996320265156,1.0888235185292023,0.000674724575453125,9.128334295171294,True,True,True,True,False,False
525,1.6303270213091838,1.2572463922974169,1.1686009633600134,0.000731945038359375,10.306990988455837,True,True,True,True,False,False
526,1.2635215526366028,0.9493127024423422,0.9853423455167151,0.0006365776056875,7.014837180408738,True,True,True,True,True,True
527,1.6688595859702324,1.378902046254025,1.1724765398679555,0.000782489775578125,12.38075666779211,True,True,True,True,False,False
528,1.620774353210831,1.2650415064170384,1.0779017313733772,0.000654697415390625,8.86841556077622,True,True,True,True,False,False
529,1.5008138979393169,1.1623036618185207,1.0987180525295737,0.0006675720191406249,8.169214604722027,True,True,True,True,False,False
530,1.5753587646171745,1.2207792499008532,1.1369115013179487,0.000664710999375,8.98471690618631,True,True,True,True,False,False
531,1.4353444279342231,0.9905578941624584,1.1089658837113516,0.0006670951850625,6.976354333224183,True,True,True,True,True,True
532,1.4667609591870843,1.090212742401275,1.039893235941525,0.0007610321037656249,7.800084979014059,True,True,True,True,True,True
533,1.5330452926376499,1.1297709879508187,1.1168308675457157,0.000687122343609375,8.34069836263011,True,True,True,True,False,False
534,1.5317561359491123,1.1819835939368173,1.0983922698626183,0.0006890296925156249,8.954095187196176,True,True,True,True,False,False
535,1.3710796966171976,1.0515097681378809,1.0524286561888254,0.0006351470925,7.237249587483793,True,True,True,True,True,True
536,1.5256778223807095,1.0493333532368592,1.0257059834745283,0.000658512113359375,8.059293438426437,True,True,True,True,False,False
537,1.6666913913721284,1.2546201282116973,1.1232071073313612,0.0007243156406406251,10.372763562898003,True,True,True,True,False,False
538,1.516052265673759,1.1524926782498717,1.071703115929785,0.00062465667590625,8.446657997378713,True,True,True,True,False,False
539,1.5227260698128395,1.1718229451235664,1.0911610004063992,0.000674247740734375,7.80395972000587,True,True,True,True,True,True
540,1.532625780148847,1.1573802512581688,1.0607288765593197,0.0006170272806406249,7.6120183037724445,True,True,True,True,True,True
541,1.664148726041489,1.3347022524232088,1.1812015489407293,0.000781536100875,13.302628239994522,True,True,True,True,False,False
542,1.6062064386517356,1.215715733166793,1.1065532686938828,0.0006875991827343749,8.389106895766497,True,True,True,True,False,False
543,1.5538142652391822,1.1734985785981944,1.1339364406556083,0.0007247924788125,8.86570051435688,True,True,True,True,False,False
544,1.5079440902964056,1.1000429262203655,1.0680312812761974,0.00075817108109375,7.662945026877314,True,True,True,True,True,True
545,1.6976557019281937,1.2894736934727795,1.1818738996128926,0.000724792479015625,10.135696125330233,True,True,True,True,False,False
546,1.4806662226523806,1.092165888527342,1.0768603678104398,0.0007200241071875001,8.040575079197708,True,True,True,True,False,False
547,1.6242302928198384,1.195297571661528,1.1242326864659091,0.00072193145684375,9.334748480677113,True,True,True,True,False,False
548,1.3954961833914414,1.0430107309034569,1.0804395933131288,0.0006251335131875,7.985980515965763,True,True,True,True,True,True
549,1.5820144862127445,1.198547242987301,1.093083516084907,0.000713348388125,9.473271508603744,True,True,True,True,False,False
550,1.4787881458451713,1.05949548946377,1.100191320293626,0.00065517425440625,7.278550468322932,True,True,True,True,True,True
551,1.376402218782481,1.0401366014212245,1.077998716566375,0.00075054168753125,6.732588226386291,True,True,True,True,True,True
552,1.4987072755988617,1.172924904065366,1.0314030766028675,0.0006208419795624999,8.817417976356174,True,True,True,True,False,False
553,1.4363381888239488,1.0728110240007478,1.0178887929766707,0.0006065368620468749,7.507307073852851,True,True,True,True,True,True
554,1.777723732230769,1.3120218557904313,1.107279160070856,0.0006775856022343751,9.299875808935719,True,True,True,True,False,False
555,1.3916240112807485,1.0788530506993488,1.0549761531656396,0.00060606002921875,6.872883687369747,True,True,True,True,True,True
556,1.6023699540225356,1.2236025092282967,1.1256088582728316,0.000636100768390625,9.648671272509455,True,True,True,True,False,False
557,1.509485876402355,1.1588962702627288,1.1295545004752852,0.000696659086375,7.790047572186939,True,True,True,True,True,True
558,1.3376613759338543,1.0210065681412495,0.9893979087783631,0.0006232261676562499,6.826349353297446,True,True,True,True,True,True
559,1.4538992980873298,1.0728177286292355,1.0464256534168135,0.00069904327059375,8.128914401024307,True,True,True,True,False,False
560,1.566929533552781,1.1969093045114316,1.0902658710133162,0.000689506528625,8.53089347610181,True,True,True,True,False,False
561,1.4599356856883892,1.0672766458689218,1.0104503291202136,0.0005974769573125,8.327362537594668,True,True,True,True,False,False
562,1.896549712683524,1.337696346800318,1.2072734151301177,0.000819683074421875,11.25854742871612,True,True,True,True,False,False
563,1.4484062801196786,1.0716596987957305,1.1172504523763689,0.0006518363948593749,8.377887071219881,True,True,True,True,False,False
564,1.8514577497722735,1.421361474224603,1.154620482986337,0.000756263731984375,12.378954755005545,True,True,True,True,False,False
565,1.554329578862287,1.1325071460557379,1.078993840669521,0.0006618499764218749,8.115615280214717,True,True,True,True,False,False
566,1.650677986868405,1.3324235801318818,1.1641831043186177,0.00074768066471875,10.540533902123883,True,True,True,True,False,False
567,1.5185030107568578,1.1276190487187447,1.071459231596717,0.0006828308075,8.314379695569228,True,True,True,True,False,False
568,1.5738484322228863,1.1452772228319217,1.0619997037105409,0.000663757321953125,8.08865416519663,True,True,True,True,False,False
569,1.6766846704342342,1.3414351644444442,1.1490490974339667,0.00066661834353125,10.780205191220496,True,True,True,True,False,False
570,1.532245083437141,1.201216431878325,1.0935757570129905,0.0006504058845312501,8.42387813365064,True,True,True,True,False,False
571,1.8780156466089488,1.3834544404600728,1.1842700343755153,0.0008034706095156249,13.232463273362448,True,True,True,True,False,False
572,1.6093388174424699,1.1941747690186069,1.1292781240309242,0.0007400512683125,8.656165289728142,True,True,True,True,False,False
573,1.525821481135103,1.1549364647540203,1.1433397348285201,0.000648975371078125,8.009828655829946,True,True,True,True,False,False
574,1.3233854141041268,1.0475567338183835,1.0602055979774407,0.000664710998265625,6.498561888549455,True,True,True,True,True,True
575,1.5222028996424422,1.091097331137945,1.0064164388979757,0.0005540847790156251,7.379219445408693,True,True,True,True,True,True
576,1.5103199040876394,1.1362764418038565,1.0414682393245118,0.000644207000359375,7.903861699730585,True,True,True,True,True,True
577,1.476873874332749,1.068325762838272,1.0632099499330423,0.000643253325671875,7.5157333767757475,True,True,True,True,True,True
578,1.5683509575254122,1.1285714272339593,1.0957625014200816,0.000677108765390625,7.5975494308861435,True,True,True,True,True,True
579,1.5864207454138664,1.234439848199859,1.0694595174486488,0.00066137313871875,8.145416260902024,True,True,True,True,False,False
580,1.4345304254486893,1.0458958801830671,1.048816499121535,0.0006594657926250001,6.741122420251219,True,True,True,True,True,True
581,1.704425132281287,1.288135604398736,1.1730149154099134,0.0007362365697656249,10.20016828255697,True,True,True,True,False,False
582,1.265165218659763,0.9499586158319799,0.9987286049548482,0.0006208419793125,6.001427897661417,True,True,True,True,True,True
583,1.3414686211973166,1.0153015355819563,1.0247969997682402,0.00066661834871875,6.341225844887077,True,True,True,True,True,True
584,1.5407038921104648,1.188311657717274,1.0958478327774672,0.00070190429628125,8.099068382543852,True,True,True,True,False,False
585,1.4182379336010675,1.0107526877348918,1.0346187073810558,0.0007419586155156249,7.026792075523213,True,True,True,True,True,True
586,1.38742132452796,0.948833366005206,1.0530737978053673,0.000648498534953125,6.489482225231682,True,True,True,True,True,True
587,1.3177914198899974,1.0185504836276904,1.0666593915828873,0.000684261322046875,6.602501434328434,True,True,True,True,True,True
588,1.5122676085489595,1.154298620259668,1.0869167012649747,0.000708103179375,7.499114005457415,True,True,True,True,True,True
589,1.3449938865999609,0.9105090245170822,1.0263929848516562,0.0006790161139374999,5.71599181808874,True,True,True,True,True,True
590,1.3908142590186927,1.084586448827633,1.0363784698221343,0.00060892105159375,7.673520338761313,True,True,True,True,True,True
591,1.3925336158474573,1.0406002183858563,1.0434022717081979,0.0006184577949687501,7.039939393665777,True,True,True,True,True,True
592,1.401225946877007,1.0127659384594663,1.0645015263492743,0.0007042884827812499,6.043650591565093,True,True,True,True,True,True
593,1.5159812493340223,1.1136986060021772,1.07986624625063,0.0006961822476875001,6.877514547955324,True,True,True,True,True,True
594,1.3010818197909482,0.9444949539071441,1.0279336420683594,0.000627040862859375,6.903988965533856,True,True,True,True,True,True
595,1.4192247028890344,1.0759494128424494,1.057875458555052,0.0007061958298906249,6.927600033290822,True,True,True,True,True,True
596,1.344709138658367,1.0795863099011442,1.1033317362507467,0.0006551742554375,7.699141311252045,True,True,True,True,True,True
597,1.5600174596276566,1.2132867368652613,1.0112301555158278,0.000649452208328125,7.6034957848946565,True,True,True,True,True,True
598,1.868684683588134,1.3088083186577684,1.1361493384569317,0.0006980895993125001,10.426305459146008,True,True,True,True,False,False
599,1.4356402748990147,1.1196029741245492,1.0462725277946545,0.00058174133296875,8.008643414017518,True,True,True,True,False,False
600,1.443633431144301,1.0276679457951226,1.0620347628205853,0.0005955696083437499,7.503104202191861,True,True,True,True,True,True
601,1.6157594903093297,1.2010362667909473,1.1199639882198582,0.000688552853359375,9.088370486345086,True,True,True,True,False,False
602,1.437918491194553,1.0244587039112958,1.0404508833682347,0.0007290840149062499,6.739615943642458,True,True,True,True,True,True
603,1.357853065985951,1.0479248919230733,1.0806549216812196,0.0006117820739687499,7.394661945792437,True,True,True,True,True,True
604,1.6146481424755434,1.1906158277927894,1.098705676404169,0.000637054442328125,7.6624281808148496,True,True,True,True,True,True
605,1.5604802366239985,1.1636450328871277,1.0570006378913588,0.0006947517385156251,8.163988566070033,True,True,True,True,False,False
606,1.3715150278668247,1.0343890510402356,1.0598876016230137,0.00065803527825,7.117142011136565,True,True,True,True,True,True
607,1.732778053489444,1.311457200080079,1.122758141575753,0.00071573257275,8.534754842489479,True,True,True,True,False,False
608,1.3441952664302224,1.0380952342314378,1.0226825153291528,0.000632762907390625,6.406731813715552,True,True,True,True,True,True
609,1.487216799843928,1.140342512894021,1.1407554628121457,0.0007085800175468749,8.220223196302983,True,True,True,True,False,False
610,1.5339816807988729,1.152111374097209,1.0616406971876238,0.0006575584393750001,7.764111349127087,True,True,True,True,True,True
611,1.3209747415411326,1.0224331311565635,1.055612811639576,0.0005807876578125,7.12820188635645,True,True,True,True,True,True
612,1.468095719971518,1.1146616364502233,1.0478455524760222,0.000653743744,7.946899568060258,True,True,True,True,True,True
613,1.3555784388496457,0.9592944298179018,1.0419972990349806,0.000578880308125,7.143603187020414,True,True,True,True,True,True
614,1.4641458850381308,1.0733031254888326,1.0842016387620828,0.00073862075890625,7.706639818029667,True,True,True,True,True,True
615,1.7223693515666125,1.4234637002412658,1.1908874790686774,0.00073766708353125,12.8990080694042,True,True,True,True,False,False
616,1.5734027043049075,1.2168998667763873,1.0957752490015458,0.0005764961234374999,9.086084570182441,True,True,True,True,False,False
617,1.610648974910021,1.1950718408123826,1.118730298715004,0.00066423415940625,9.345127286790705,True,True,True,True,False,False
618,1.534221800662482,1.230731242206065,1.0937610020734292,0.000596523284109375,8.195751379689582,True,True,True,True,False,False
619,1.6109849202599065,1.2947598226328256,1.042076985933336,0.0006299018874062499,9.117948482185382,True,True,True,True,False,False
620,1.6418963374357352,1.2235621064534417,1.1654566256070975,0.0008316040025312501,9.19115777565845,True,True,True,True,False,False
621,1.554329578862287,1.1814556637186358,1.0559422172008106,0.000657081602765625,7.840265629714391,True,True,True,True,True,True
622,1.6320609675539162,1.332258096624905,1.1003429695642828,0.0006570816026093751,11.036984393853334,True,True,True,True,False,False
623,1.489497761862288,1.0680680590388183,1.0282537043609414,0.0006031990056406249,7.34704335980453,True,True,True,True,True,True
624,1.4915781923601714,1.2186858359915842,1.0892380103925694,0.000595569609171875,8.095251142652673,True,True,True,True,False,False
625,1.5540421757547298,1.1798525782977471,1.15312039078777,0.00073957443071875,10.310075693456424,True,True,True,True,False,False
626,1.3160896084340215,1.025322079890801,1.0514082923564145,0.00071477889828125,6.792849794268028,True,True,True,True,True,True
627,1.470084491197118,1.098474322397954,1.0618574491214137,0.0007457733145625,7.4672935632564785,True,True,True,True,True,True
628,1.5020733848721888,1.1614285718298123,1.0688453058619072,0.0006604194602031249,9.56433608085211,True,True,True,True,False,False
629,1.3676951774600716,1.0647619106764916,1.0562832316671185,0.0006737709030156249,7.035059667438067,True,True,True,True,True,True
630,1.5912446356058259,1.1713052309460126,1.103142729207467,0.000712394713,8.904495290824784,True,True,True,True,False,False
631,1.6175704983515966,1.1888112171970135,1.088447404016931,0.0006175041204375,7.8256096273422315,True,True,True,True,True,True
632,1.4363381888239488,1.0687161431884626,1.0674158289486235,0.0006771087625625,6.670391678507704,True,True,True,True,True,True
633,1.4624238109800258,1.0701357128930213,1.0041938902138985,0.0006437301621406251,7.718647095044865,True,True,True,True,True,True
634,1.2637073996095383,0.8738700135598584,1.0137882317972666,0.0005846023554999999,6.368656946713482,True,True,True,True,True,True
635,1.5244928613078,1.2191256949680958,1.0701658184646325,0.0006680488562343749,7.441319334378965,True,True,True,True,True,True
636,1.635919103312943,1.2331606391797474,1.0789912077637673,0.0007214546168749999,9.02635591895626,True,True,True,True,False,False
637,1.6551874849742232,1.2714640363714074,1.1295276840863384,0.00071191787578125,10.192205532188739,True,True,True,True,False,False
638,1.6168500729837176,1.2563685473980195,1.1280804769983848,0.0006790161134375,9.307808830596159,True,True,True,True,False,False
639,1.447331548668128,1.0444064591854425,1.0108887918019682,0.000676631924875,7.06489082490193,True,True,True,True,True,True
640,1.3782283322883209,1.0194742031281665,1.036994908907267,0.00054407119909375,8.440844518004978,True,True,True,True,False,False
641,1.4966520832852188,1.1600790385532036,1.1217995403263108,0.0006990432746093751,8.149169054462828,True,True,True,True,False,False
642,1.515703744232429,1.1350947413402472,1.1022554270038474,0.0007820129379218749,6.706319076592052,True,True,True,True,True,True
643,1.820628020234381,1.4127516817882677,1.171158146544094,0.0007457733160625,10.931601437257058,True,True,True,True,False,False
644,1.3949583733319413,1.1068464555748005,1.0549260934881128,0.0006303787214218749,7.02641507579878,True,True,True,True,True,True
645,1.4489977072533895,1.1655470723190107,1.0844977504737798,0.0006861686703125,7.794633606907976,True,True,True,True,True,True
646,1.4751010364100663,1.1082801959043282,1.117559916378345,0.000692844390078125,8.131253572170541,True,True,True,True,False,False
647,1.6639092929802448,1.2075098848784391,1.1139274994039114,0.000727176665625,10.088747627247711,True,True,True,True,False,False
648,1.487478648486157,1.0860805583402982,1.0566895911568515,0.000700950623671875,6.867330452189322,True,True,True,True,True,True
649,1.4194533335522328,1.061829107213406,0.9835390466252457,0.0006785392742343749,7.468274989523146,True,True,True,True,True,True
650,1.4087172952860996,1.0751152033024103,1.070576356960301,0.000684738157046875,6.445299732497636,True,True,True,True,True,True
651,1.4106253532396333,1.144144105728791,1.0786096032568575,0.000605583190703125,7.265265251595532,True,True,True,True,True,True
652,1.5496621242644297,1.1253574902111063,1.0691590413570293,0.00069904327178125,7.6420719238271335,True,True,True,True,True,True
653,1.4482540833420812,1.1138755910645706,1.109708190945841,0.0007104873634218749,7.7683120910764245,True,True,True,True,True,True
654,1.3861321212157882,0.9858368764024843,1.054719289881909,0.00068187713440625,7.134183255534183,True,True,True,True,True,True
655,1.505358584283136,1.1141141520369624,1.0361069872014526,0.0006051063537343749,7.354609990441665,True,True,True,True,True,True
656,1.5688285948545806,1.1811414579294897,1.1125782325784475,0.0006599426279687501,8.609320202000882,True,True,True,True,False,False
657,1.5659607912161395,1.2785340399646765,1.1379869274130632,0.000751495360015625,10.35386664602848,True,True,True,True,False,False
658,1.3487523192546613,1.0078201408367355,1.0651613772324304,0.000580787657078125,6.556421607851039,True,True,True,True,True,True
659,1.435936530360128,1.0904203408880977,1.11052726511444,0.0006642341622968749,6.938503997418164,True,True,True,True,True,True
660,1.4463184077152254,1.0862222354912396,1.0698005140922788,0.000735282897484375,7.468173613411015,True,True,True,True,True,True
661,1.4517517069031294,1.086635948806116,1.09231571688433,0.0007367134093125,7.425704992792319,True,True,True,True,True,True
662,1.5810465656402644,1.1862648232702275,1.0770811397519093,0.0006618499751874999,7.7673134483617865,True,True,True,True,True,True
663,1.4789124798511475,1.0100052836028166,1.0950747403712153,0.000607490539234375,7.067604025840535,True,True,True,True,True,True
664,1.4371989880305651,1.0783858492702432,1.0491874166973765,0.0006318092339999999,7.558843566315254,True,True,True,True,True,True
665,1.7567074330001509,1.3625698276467275,1.1871597751356529,0.000749111175234375,11.791555589721604,True,True,True,True,False,False
666,1.39137322541361,1.0719131628730407,1.0447012989853788,0.000676631926328125,7.210122530250341,True,True,True,True,True,True
667,1.4740448621735784,1.1048617544165225,1.088551908953461,0.0006842613202031249,7.879361869959932,True,True,True,True,True,True
668,1.3385339721922158,0.9597780759586618,1.0106348746723335,0.0005893707254062499,7.017659863100854,True,True,True,True,True,True
669,1.2924940585867666,0.9914821338332827,1.0130014968295986,0.000610828397609375,6.993328295364343,True,True,True,True,True,True
670,1.6098786935870544,1.2127329292625029,1.0835800761665673,0.000677585599875,7.640104102471718,True,True,True,True,True,True
671,1.5494965862940697,1.1349282475640323,1.0468686891053187,0.0006456375118906251,8.299653875208984,True,True,True,True,False,False
672,1.6034465841437535,1.2901639434966512,1.077362875453056,0.00063467025740625,8.475309146804888,True,True,True,True,False,False
673,1.5348177571001445,1.0776942783840147,1.1087687951620737,0.0007581710817968749,7.931589931599972,True,True,True,True,True,True
674,1.694814254558059,1.240995763989658,1.1370291246133795,0.000677108760875,10.054852065249445,True,True,True,True,False,False
675,1.7573050422566143,1.231884078618778,1.1641113248347716,0.0007381439197187499,10.04081115337158,True,True,True,True,False,False
676,1.525821481135103,1.1997929611892544,1.0688503500670268,0.000690460204515625,8.351470382814275,True,True,True,True,False,False
677,1.4816558484813742,1.069306953981767,1.0490627319151664,0.000707626340171875,7.589045430302651,True,True,True,True,True,True
678,1.5912446356058259,1.2015810300996423,1.084455821122604,0.0006914138772812499,8.797566580803558,True,True,True,True,False,False
679,1.4878810318178441,1.0753512376720686,1.0264050395276292,0.0006737709039374999,7.445321342472444,True,True,True,True,True,True
680,1.5104042464214236,1.0896090938478171,1.0534914418008479,0.0006008148180156249,7.790653744996254,True,True,True,True,True,True
681,1.650450333014396,1.2236025092282967,1.1453375108216455,0.000698566435609375,9.48476987487994,True,True,True,True,False,False
682,1.6450118612688727,1.2835968734276744,1.103102737233723,0.0007171630852656249,9.92099727260384,True,True,True,True,False,False
683,1.561963334318414,1.188188210014347,1.1057431206391712,0.000642776487796875,9.478117163437364,True,True,True,True,False,False
684,1.5163093306814768,1.21971252741166,1.076196780538169,0.000665187836015625,8.256057459465904,True,True,True,True,False,False
685,1.367955106720497,0.9957374015004559,1.0630661383782394,0.0005979537982812499,7.018705117764976,True,True,True,True,True,True
686,1.472145036627235,1.1192747925719944,1.0676213252376434,0.0006413459761875,7.895895661544283,True,True,True,True,True,True
687,1.3031510216067668,0.9956859330538167,1.0045017128749785,0.00071954726784375,7.064721902452526,True,True,True,True,True,True
688,1.5461120498922394,1.1006678918813588,1.063548977164795,0.0006208419784375001,8.23230798979971,True,True,True,True,False,False
689,1.5592935013087006,1.2679900998031988,1.0925958203278472,0.000709056856328125,8.771504297163954,True,True,True,True,False,False
690,1.7292586777035466,1.2701894826804943,1.1337055603502453,0.0007019042950625,9.229277829723934,True,True,True,True,False,False
691,1.6415161909138416,1.2634854852884767,1.2173149948354536,0.00075244903521875,11.467236032963221,True,True,True,True,False,False
692,1.5330452926376499,1.1096710360601558,1.1039011027535428,0.000615119933390625,7.017696650619368,True,True,True,True,True,True
693,1.304930235505477,0.9937777936358717,1.0839515692349007,0.00064182281653125,6.213336989133767,True,True,True,True,True,True
694,1.6765676312847226,1.2200346889216345,1.0975320207489252,0.0006470680230624999,8.900659983920576,True,True,True,True,False,False
695,1.6124677067698623,1.259793827458,1.124804736780687,0.0007200241062499999,9.956560224728653,True,True,True,True,False,False
696,1.4133180005411228,1.0511111192019753,1.0893209565184445,0.00068855285559375,7.003499630963615,True,True,True,True,True,True
697,1.448711889390858,1.0188840780716555,1.0667605851380493,0.0006704330430937499,8.139957929596559,True,True,True,True,False,False
698,1.3680542703172884,1.0737743676321907,1.045738666818474,0.000690460204234375,7.637971975497685,True,True,True,True,True,True
699,1.469986198431934,1.1637577104466774,1.0643959324495706,0.0006341934198124999,7.285976297233783,True,True,True,True,True,True
700,1.362211958645386,1.011516364424831,1.0620591201902851,0.0005936622605937499,6.803324854279706,True,True,True,True,True,True
701,1.3626541747573246,0.9839901483464939,1.004020770746809,0.00061416626040625,5.919250778486231,True,True,True,True,True,True
702,1.740557924070761,1.282383439086537,1.1664289598300508,0.0007290840120624999,9.027311315953536,True,True,True,True,False,False
703,1.5684921912762344,1.1911912135837304,1.073779667167105,0.0006480216977656249,8.377242642709822,True,True,True,True,False,False
704,1.7875493279189503,1.4191011111849516,1.1480152155410162,0.00065469741715625,10.600702468729192,True,True,True,True,False,False
705,1.5215532442301838,1.1621881477635603,1.1136740873706166,0.0006642341595625,8.398915772929463,True,True,True,True,False,False
706,1.4382224312082348,1.0679873729450695,1.0439309275372683,0.00073385238428125,6.993743433769041,True,True,True,True,True,True
707,1.963435395497061,1.4667049743781322,1.1612675087673296,0.00068426132228125,12.65261438825913,True,True,True,True,False,False
708,1.5474226809564413,1.1150774815429896,1.0609425047417564,0.0006990432745468749,7.842507941475462,True,True,True,True,True,True
709,1.4026261834565488,1.0353808011547345,1.054478836985708,0.000585079192015625,7.646262119420944,True,True,True,True,True,True
710,1.555862275576528,1.1441991290853704,1.0341351804823298,0.00070285796934375,7.958427148214439,True,True,True,True,True,True
711,1.697102444836107,1.3120260033784412,1.1671983930563052,0.0006885528567343749,10.411429788563563,True,True,True,True,False,False
712,1.6097631987783996,1.3136094767383113,1.0944020976184423,0.000679016112359375,8.854972944406635,True,True,True,True,False,False
713,1.2911187127779613,1.0026478670504158,1.001825136266335,0.00063037872109375,7.444103043421308,True,True,True,True,True,True
714,1.3520484048106198,0.991021792121012,1.0806416675963153,0.000620841979515625,6.677859294648924,True,True,True,True,True,True
715,1.3665708513048211,1.1553349744220145,1.0970325358627437,0.0006065368635624999,7.688873753339117,True,True,True,True,True,True
716,1.4442014338743798,1.0660036726233717,1.0494976714737665,0.000644206999125,7.36599764801416,True,True,True,True,True,True
717,1.3005591268132355,0.9122171702831319,1.0322890968369818,0.0005216598500937499,7.186258212514463,True,True,True,True,True,True
718,1.4818220328153051,1.1940993514920972,1.11875571123741,0.00065040588340625,9.181888302600044,True,True,True,True,False,False
719,1.6710905793228896,1.2172172390515845,1.0773161249326324,0.000744342802765625,8.404223296926546,True,True,True,True,False,False
720,1.5299378830968313,1.0833333052014662,1.0617585313487694,0.0006456375121249999,9.011693527718794,True,True,True,True,False,False
721,1.4722867057429467,1.0862222354912396,1.115427400404993,0.0007886886597499999,8.660396797139931,True,True,True,True,False,False
722,1.7532988489627632,1.2890052516982144,1.1776814902853692,0.0007405281054687499,10.419913842776545,True,True,True,True,False,False
723,1.5513952869737333,1.1575440201659979,1.1169587992416505,0.000737190243375,8.365638162641204,True,True,True,True,False,False
724,1.4688584088339571,1.126912723285279,1.0276276327544496,0.0006146430980937499,8.277813240581954,True,True,True,True,False,False
725,1.5427130023913616,1.223484827529319,1.0777274415158244,0.0005741119396093749,8.266175040500357,True,True,True,True,False,False
726,1.9666461933853607,1.3719100927095067,1.2191090651518852,0.0007443428002968749,12.000588458456537,True,True,True,True,False,False
727,1.5638837483059522,1.2185676109317838,1.0854537448880615,0.00066184997596875,9.057174318057916,True,True,True,True,False,False
728,1.8838550978055293,1.435239192056609,1.2306185660801707,0.00070333480728125,13.686269121251707,True,True,True,True,False,False
729,1.437492990495476,1.1070217580714705,1.0469150667332399,0.000636577606609375,6.865042177506701,True,True,True,True,True,True
730,1.6848765442996207,1.262422379526716,1.1434552420090065,0.0007643699633281249,9.720436667806366,True,True,True,True,False,False
731,1.6477902652434386,1.1871945186791615,1.1355213617321038,0.0006580352775781249,9.119776871750956,True,True,True,True,False,False
732,1.5313932366123786,1.109677409612606,1.0862394328473812,0.000653743743296875,8.197923117081253,True,True,True,True,False,False
733,1.4446685010113554,1.086805560888889,1.0941082359158139,0.00074672699034375,7.080013947367094,True,True,True,True,True,True
734,1.678340592796891,1.2230768631980529,1.161952845775708,0.00081205367865625,10.612643644233726,True,True,True,True,False,False
735,1.466639969295455,1.023076863198053,1.0876813030521784,0.000638961790375,7.215364757369768,True,True,True,True,True,True
736,1.689587231930817,1.3315665083870643,1.1532859774680073,0.0006289482087812499,11.299919269330244,True,True,True,True,False,False
737,1.2315922330682039,0.8996509793343145,1.0198503273396744,0.0006341934206874999,5.952467269534731,True,True,True,True,True,True
738,1.3680787545738544,0.9547395160941664,1.0372325526659905,0.000691413877796875,6.480637978148777,True,True,True,True,True,True
739,1.580649418455624,1.1828172100420666,1.146194785859787,0.000714778898828125,8.801086520213333,True,True,True,True,False,False
740,1.638531669601892,1.269354855332362,1.1219422505761125,0.00060796737453125,10.647123760792784,True,True,True,True,False,False
741,1.4105836871734496,1.087976554383949,1.0240793050295398,0.000662326813390625,6.464766134656205,True,True,True,True,True,True
742,1.7108053190200214,1.330112758945583,1.134010033044243,0.00064992904725,9.582904199543169,True,True,True,True,False,False
743,1.6964162497283994,1.2714640363714074,1.1537634957697325,0.00075864791659375,11.627728172316125,True,True,True,True,False,False
744,1.4653275826137842,1.1020942669609572,1.0310166332416886,0.00063657760678125,6.3336116932058655,True,True,True,True,True,True
745,1.6081404216137327,1.184446691232322,1.1310276215549946,0.0007038116439374999,9.86674752559982,True,True,True,True,False,False
746,1.4341967960861846,1.0770609332414538,1.1301752613257627,0.0007128715512031249,8.439172609781139,True,True,True,True,False,False
747,1.4291367170334206,1.1395812295220413,1.0644540844929933,0.000607490540359375,7.135150022881154,True,True,True,True,True,True
748,1.5514816290310118,1.1452772228319217,1.135625357571907,0.0007004737822812499,8.644257243066034,True,True,True,True,False,False
749,1.6586194694304905,1.258549234981793,1.1347509826828726,0.0007066726671874999,9.706238892968276,True,True,True,True,False,False
750,1.6266860011415434,1.2204969270671147,1.1115197921475797,0.00073575973265625,8.288119591358226,True,True,True,True,False,False
751,1.5514816290310118,1.1391555211173574,1.1233911642179784,0.000673770904609375,8.46738554390844,True,True,True,True,False,False
752,1.6202114019941438,1.1838162085066188,1.130535112306079,0.0006999969453125,9.117764206604964,True,True,True,True,False,False
753,1.3636906460596065,1.075544800739811,1.041291801671703,0.00065755844225,6.995572664244245,True,True,True,True,True,True
754,1.4330779590533447,1.1709486164408132,1.0801881122788672,0.000659942627375,7.997113478835699,True,True,True,True,True,True
755,1.847537294208869,1.3413612588978416,1.1013629829448983,0.000661373138453125,10.980934841966391,True,True,True,True,False,False
756,1.5150929217323905,1.1257142916883156,1.0562778587672137,0.000664234161671875,9.047497903229841,True,True,True,True,False,False
757,1.6039598050138626,1.180458657269906,1.0660102708284402,0.000653266903984375,8.68356270745661,True,True,True,True,False,False
758,1.806099867195697,1.3571834257185629,1.1001348493711771,0.0007057189898124999,10.153077624184728,True,True,True,True,False,False
759,1.5204503419302866,1.1257142916883156,1.1038339456951491,0.0006928443911875,7.683610581014424,True,True,True,True,True,True
760,1.5816297170817986,1.1949152834464751,1.1277680807348605,0.000703811644703125,8.952067076088495,True,True,True,True,False,False
761,1.3546002133186716,0.9873536316946954,1.0590486661513416,0.0007100105283906249,6.898702507497495,True,True,True,True,True,True
762,1.465778218843321,1.054595018548655,1.001107148417161,0.00061798095440625,7.185796752770406,True,True,True,True,True,True
763,1.3636906460596065,1.082936128061592,1.1127343303218729,0.0006875991824999999,7.119878605634863,True,True,True,True,True,True
764,1.5600628693006793,1.1555343432089038,1.1555300887248385,0.00074386596803125,9.985418053414193,True,True,True,True,False,False
765,1.3836635070819954,1.0570135379282173,1.0424271877533164,0.000672817228171875,7.560798870628957,True,True,True,True,True,True
766,1.5194582485415506,1.1656050361938792,1.0500176517494928,0.0006613731372656249,7.727361884211166,True,True,True,True,True,True
767,1.3375055871845005,0.9680284137555407,1.06926224028173,0.0006222724943437501,6.4242494236905126,True,True,True,True,True,True
768,1.338363459999463,1.0257777848977383,1.0247378858427758,0.000570774076484375,6.31379695431476,True,True,True,True,True,True
769,1.5994818504529276,1.2172463040654629,1.1229655893768313,0.0007433891303437499,8.381350759683052,True,True,True,True,False,False
770,1.4888862116474093,1.0930875451475464,1.0676204131183042,0.000668048858265625,7.2677704835997465,True,True,True,True,True,True
771,1.5170400133614443,1.0773429864258792,1.057963527338398,0.000691413879046875,7.34257122449103,True,True,True,True,True,True
772,1.497218162115951,1.0744101184130506,1.014240815856049,0.000640869138828125,8.366039522158102,True,True,True,True,False,False
773,1.4291353303295793,1.0759494128424494,1.0355925470248715,0.00070667266553125,7.809178397919521,True,True,True,True,True,True
774,1.5138909549769008,1.2663212613812562,1.1158750841962604,0.000615119932984375,9.270299394263882,True,True,True,True,False,False
775,1.3129497438165605,0.9876051593165968,1.0189338798196266,0.0005941390976875001,6.786779963067292,True,True,True,True,True,True
776,1.3258183471066856,1.0293072655648217,1.021448424390202,0.0006446838358593749,6.500123775652834,True,True,True,True,True,True
777,1.4400231792295974,1.0171232502488285,1.0196653939626088,0.0006146430959531249,7.1000236903860845,True,True,True,True,True,True
778,1.3005591268132355,0.9313543397080973,1.0179983773861616,0.0006237030041093749,6.643425991690093,True,True,True,True,True,True
779,1.4025337453685152,1.0751391044122809,1.1363371232219113,0.000710487364875,8.019606064518968,True,True,True,True,False,False
780,1.4501520029591528,1.1402737056900285,1.0649820061689086,0.00064849853453125,7.022944988307935,True,True,True,True,True,True
781,1.390881299279634,0.9676320736772048,1.003514500479258,0.0006728172259062499,6.8682932981589655,True,True,True,True,True,True
782,1.2836964113863485,0.9284497846424975,1.0304390755423833,0.0006089210509843749,6.901080078729252,True,True,True,True,True,True
783,1.5238576483467312,1.1397557798432039,1.1181622114011576,0.0007052421569375,8.254984961943457,True,True,True,True,False,False
784,1.3730304748009046,1.0831419107220293,1.0589382900253994,0.000676155089890625,6.791602604790602,True,True,True,True,True,True
785,1.3132630301214538,0.9708825474480021,1.0015668519089116,0.000576019285921875,6.466499357569593,True,True,True,True,True,True
786,1.273257382441907,0.9328454813301179,1.0108119517822307,0.0006465911877812499,6.335292046778057,True,True,True,True,True,True
787,1.6461088641373833,1.2361885577364775,1.0904008008336779,0.0007081031768906249,9.319282112594655,True,True,True,True,False,False
788,1.6076974443811842,1.1405677468441018,1.124191798911444,0.00068902969275,9.018189407171572,True,True,True,True,False,False
789,1.3735234091731932,1.0922284575426784,1.0642048146274128,0.00064992904628125,7.1903785530610955,True,True,True,True,True,True
790,1.543920878217593,1.1564659485121067,1.0929565818998934,0.000664234160328125,8.36327422832572,True,True,True,True,False,False
791,1.465778218843321,1.0463821453920379,1.0439531944988651,0.0006198883043125,6.80056388442264,True,True,True,True,True,True
792,1.6058979488920286,1.1419530410245895,1.1444963928727527,0.0007190704338125001,10.101442118139506,True,True,True,True,False,False
793,1.4845211136567078,1.1875316812005396,1.1000842225308372,0.000620841977796875,7.975832620353497,True,True,True,True,True,True
794,1.418399706848215,1.048644004987112,1.068849889696886,0.000718593597953125,7.4991873446857005,True,True,True,True,True,True
795,1.7169758725080817,1.2219730744024617,1.0887473805317287,0.0005970001232031251,9.40833398358681,True,True,True,True,False,False
796,1.6645419900656673,1.2714640363714074,1.1260029715055653,0.00078439712359375,10.479197216612926,True,True,True,True,False,False
797,1.4056952067297122,1.1146244879473823,1.041878346129574,0.00059509277125,7.389755562777942,True,True,True,True,True,True
798,1.3908142590186927,1.0488687256139737,1.0416309980775103,0.00064611434925,6.976724298646178,True,True,True,True,True,True
799,1.4141538224520154,1.0620258911945641,1.03414271286531,0.000715732571484375,6.633875057673269,True,True,True,True,True,True
800,1.4792798618115712,1.1182078031291063,1.0106678863797391,0.00065279006790625,7.527183783875078,True,True,True,True,True,True
801,1.4321722717679055,1.1246261327910985,1.0540766680672446,0.0006227493282187499,6.555255383780011,True,True,True,True,True,True
802,1.6098511935934137,1.1525423981630243,1.1441202583413168,0.000710487366046875,9.34289860262723,True,True,True,True,False,False
803,1.7085256706228993,1.2810559233757963,1.1483631186875187,0.000785827635984375,9.804862122676527,True,True,True,True,False,False
804,1.801907585859303,1.3507853614672405,1.1683689811316575,0.0007572174095,11.582042378922171,True,True,True,True,False,False
805,1.2637071812798295,0.9914089564742983,1.0345916447065182,0.0006012916574687499,5.9111450534059315,True,True,True,True,True,True
806,1.5984612007456418,1.1603053389765163,1.1137039769593617,0.0006890296936875,9.379047057151832,True,True,True,True,False,False
807,1.6435094913628292,1.2381448739031344,1.1120055321491453,0.00068712234475,8.483909809139654,True,True,True,True,False,False
808,1.3092742548320557,1.0333016097942336,1.0624807954201756,0.0006418228119843749,6.90005633156843,True,True,True,True,True,True
809,1.456984252419764,1.0414078893540633,1.0792601102839257,0.0006070137040156251,6.74906027009722,True,True,True,True,True,True
810,1.5838067717421542,1.1974584620356854,1.0701512311423316,0.000631809233796875,9.145834360510907,True,True,True,True,False,False
811,1.4667609591870843,1.0911414470980294,1.0263041975629597,0.0006790161109531249,7.46919497276353,True,True,True,True,True,True
812,1.4580442159790654,1.1605184466203384,1.0432229033179854,0.0006504058823437499,8.129937641449125,True,True,True,True,False,False
813,1.3997087485513986,1.0684237367807152,1.0398352860796183,0.000656127929359375,7.430039266736251,True,True,True,True,True,True
814,1.5510840194602777,1.0387564375934946,1.097822213581892,0.000733375548984375,8.568236477053816,True,True,True,True,False,False
815,1.5511206785386262,1.1764981340380705,1.0806850725247918,0.0007553100576562499,8.658715923383728,True,True,True,True,False,False
816,1.542482591539654,1.1329175251102106,1.1225706745331456,0.000694751739984375,8.020146842303788,True,True,True,True,False,False
817,1.3384689622394108,0.9466546344501314,1.0717701956237589,0.0006031990044375,6.914980052009673,True,True,True,True,True,True
818,1.5254479009842468,1.1739130438302114,1.0598516633887347,0.000682353974421875,7.408253670861085,True,True,True,True,True,True
819,1.6011251119738983,1.2951612938744366,1.0694624736664289,0.000661849975203125,9.528586019727541,True,True,True,True,False,False
820,1.5146626829295182,1.1096450769585813,1.1068086237068482,0.000667572019875,8.447953335485805,True,True,True,True,False,False
821,1.2873790898866404,0.960396036829758,0.9961079061918786,0.0005865097039062499,6.870432383120694,True,True,True,True,True,True
822,1.575689112576305,1.2587991918583392,1.1214093600934998,0.0006976127618281249,10.25567764056671,True,True,True,True,False,False
823,1.6476452212368966,1.277168527821601,1.1256792517366956,0.000675678249875,9.974551423688725,True,True,True,True,False,False
824,1.5717868775879498,1.2089330155232998,1.1172750411871404,0.00070476531859375,9.652190788681922,True,True,True,True,False,False
825,1.5243006142308657,1.0991111279401087,1.0735564003341278,0.0007266998281249999,8.372710173449944,True,True,True,True,False,False
826,1.408170355992909,1.0162254203279404,1.041118022659474,0.0006852149935781249,6.921699415175398,True,True,True,True,True,True
827,1.6868104641893669,1.2075098848784391,1.1228648243357178,0.0007481575006406249,9.579808465068531,True,True,True,True,False,False
828,1.4756938775483521,1.0811059713337383,1.077367472737686,0.000663757322875,7.405695071289922,True,True,True,True,True,True
829,1.6173117886066264,1.2596774166554283,1.0979551109150745,0.0006809234603906251,9.097801552720894,True,True,True,True,False,False
830,1.5720704947521633,1.166030530770934,1.1639398249927495,0.0006856918331562499,9.406186406144247,True,True,True,True,False,False
831,1.5172138882514867,1.1600790385532036,1.1387188624302562,0.00067567825175,8.23762982506051,True,True,True,True,False,False
832,1.726081106081168,1.2443396177566393,1.127700583174712,0.0007615089389375,10.296068623538238,True,True,True,True,False,False
833,1.7145542429932403,1.2598547806523994,1.1483668065898218,0.0006828308102500001,10.394855287297247,True,True,True,True,False,False
834,1.2943685174466137,1.027360991589209,1.0097516928368955,0.00061273574728125,6.715578645437866,True,True,True,True,True,True
835,1.4496110751319515,1.0570918823783721,1.100782317035722,0.0006961822505625,7.2075248365789175,True,True,True,True,True,True
836,1.4833993418169564,1.1768642815196058,1.091362569331279,0.000658512114015625,8.155932798901498,True,True,True,True,False,False
837,1.6378882592694528,1.2766415568785816,1.1168682415030906,0.0006904602031406249,10.001751254619052,True,True,True,True,False,False
838,1.3638321346067899,1.0046082831010217,1.0280461774425977,0.000581264495515625,6.387645788210913,True,True,True,True,True,True
839,1.4902900533573522,1.2247422775662113,1.07815792335209,0.0006613731383125,8.174168678238786,True,True,True,True,False,False
840,1.4462876721785112,1.052397865330679,1.0574689783373772,0.0006551742532968749,7.12545773521175,True,True,True,True,True,True
841,1.6243803576342108,1.2417747253842237,1.099017299316683,0.000701427455078125,9.332020382702064,True,True,True,True,False,False
842,1.5803731054651262,1.2176591361608304,1.123074815159434,0.00071477889959375,8.033060796316315,True,True,True,True,False,False
843,1.5903902405280161,1.2448657426516163,1.0959740942549667,0.00060558318809375,9.291965069478898,True,True,True,True,False,False
844,1.5106631656432759,1.1165254388417123,1.0741801442143886,0.000633716582734375,7.9718559200612376,True,True,True,True,True,True
845,1.46986874514042,1.1496496382399615,1.0821834263103798,0.0007076263429531249,7.747781361691988,True,True,True,True,True,True
846,1.496605834540247,1.1990858659747163,1.1186510305641222,0.0005879402143750001,8.230452887048262,True,True,True,True,False,False
847,1.4624745961197185,1.0880584494992747,1.1145035729773467,0.000766754147765625,8.444630317402153,True,True,True,True,False,False
848,1.3646189049390862,0.9191056959843481,1.0145062302415488,0.0005507469169374998,6.579021020885503,True,True,True,True,True,True
849,1.6862922024766855,1.212362945304228,1.1888478018665651,0.000741481778859375,10.366554046326975,True,True,True,True,False,False
850,1.8847552163501595,1.4045977006732093,1.2006738892353148,0.00073337554775,11.142878498872223,True,True,True,True,False,False
851,1.603648376921237,1.2002147245023338,1.0767177703024113,0.0006432533273749999,7.990663453830574,True,True,True,True,True,True
852,1.542223083099869,1.1038095078193342,1.0195299628461323,0.000624656674609375,7.666263106550131,True,True,True,True,True,True
853,1.4737264375110473,1.1794616508211766,1.0702509593816258,0.000698089597296875,8.202109467408867,True,True,True,True,False,False
854,1.3867052331414826,1.0453074024281876,1.0711808797990303,0.0006518363942031249,6.625489372695687,True,True,True,True,True,True
855,1.5307954129225794,1.073263525958351,1.039281163993868,0.000576972957984375,7.490097180773334,True,True,True,True,True,True
856,1.7085803714114611,1.3570608833967062,1.1243710100390867,0.000634670256015625,10.744864748560303,True,True,True,True,False,False
857,1.6267025013499137,1.2293666545961761,1.1569109472653556,0.0007801055908437499,9.223812062916421,True,True,True,True,False,False
858,1.662904123905632,1.259402676319211,1.1050170240375219,0.000626564024015625,8.737165924996722,True,True,True,True,False,False
859,1.4161574762865023,1.0476611080124993,1.0228588186350922,0.000623226165484375,7.11881280980221,True,True,True,True,True,True
860,1.3407365313460236,1.0828024957347935,1.1308304319121398,0.0006570816027812499,8.129937678729286,True,True,True,True,False,False
861,1.4564733957579108,1.0782529021593485,1.073609699161234,0.000666618349375,6.961763147179175,True,True,True,True,True,True
862,1.3143593608667812,0.9290322590387394,1.0291168898063405,0.000606536864609375,6.5896129839484106,True,True,True,True,True,True
863,1.4666487503257823,1.096906226873814,1.068091762564275,0.00068998336565625,7.152094327028832,True,True,True,True,True,True
864,1.5117227397714759,1.0467331279188181,1.0985274129791358,0.0006093978876718749,7.81343782216825,True,True,True,True,True,True
865,1.284145898607821,0.9417475756234416,1.031259261940451,0.000631332399,6.0795000254987075,True,True,True,True,True,True
866,1.5706595223051156,1.1651651553150746,1.0478361085267676,0.0006518363928125,8.071128750584146,True,True,True,True,False,False
867,1.4229566798554083,1.0497335737522848,1.0331619700147716,0.0006675720197187499,7.380236445096814,True,True,True,True,True,True
868,1.4608328241115085,0.9818986195524521,1.0417347027252437,0.000675678250734375,7.69828320107808,True,True,True,True,True,True
869,1.4473781399327905,1.1969093045114316,1.1121208268814382,0.00072193145578125,8.097539361216432,True,True,True,True,False,False
870,1.5138566168474419,1.1019257548548853,1.0631045673745279,0.000689029689421875,8.176974315355238,True,True,True,True,False,False
871,1.3169632221460603,1.100185497880567,1.0378535611143085,0.0006446838376093749,7.131803991974357,True,True,True,True,True,True
872,1.5236040973555063,1.1547619350488028,1.0959649095119903,0.0005540847791406249,8.408870766002517,True,True,True,True,False,False
873,1.444815394912448,1.0750220923713463,1.066553800562154,0.0006742477395312499,8.00534456899938,True,True,True,True,False,False
874,1.4405930101936089,1.1207938179478336,1.1336824119835407,0.00073337554865625,7.781045786537782,True,True,True,True,True,True
875,1.3258183471066856,0.9863829441308398,1.0415066084262214,0.0006351470969687501,5.957116012805108,True,True,True,True,True,True
876,1.5632205900055791,1.1739130438302114,1.1206893265746438,0.000654220579703125,8.955452894254055,True,True,True,True,False,False
877,1.6150628338863355,1.0978260924871726,1.081686054876864,0.000620841980375,7.0431619465999376,True,True,True,True,True,True
878,1.5176497097186072,1.105882315437212,1.0863388554700038,0.000698089598625,9.353473039813736,True,True,True,True,False,False
879,1.3733808186425716,1.1500498380711899,1.0673194548399159,0.0006108283989843749,7.867028412352527,True,True,True,True,True,True
880,1.4242883650617613,1.0484715981933526,1.0131290673203794,0.000647068022109375,7.65622705398058,True,True,True,True,True,True
881,1.8818787953169351,1.3260869749572421,1.1674452368842,0.00073862075815625,12.940885224806667,True,True,True,True,False,False
882,1.6666818015163032,1.249045803973195,1.1303935702146475,0.000721931454453125,10.818495971530579,True,True,True,True,False,False
883,1.4771749176643554,1.1651651553150746,1.0921598182020156,0.00065374374421875,8.774604682187507,True,True,True,True,False,False
884,1.603731237120745,1.2795811577068261,1.096077113116585,0.000657081601140625,10.35120770761644,True,True,True,True,False,False
885,1.4924176036535814,1.1242857239154938,1.0749091049187893,0.0006790161110937499,7.253508330221904,True,True,True,True,True,True
886,1.6814514697678278,1.231884078618778,1.0777440482064413,0.000677108764640625,8.999301177463359,True,True,True,True,False,False
887,1.6671112034753226,1.331331879867432,1.1058960777272906,0.00067996978659375,9.717701255907551,True,True,True,True,False,False
888,1.5632287259779065,1.1688311505732119,1.1389925086678168,0.000771045681109375,8.757425013438413,True,True,True,True,False,False
889,1.5816948425903334,1.1885856239805432,1.0988739379393078,0.000750064848859375,8.52003184994614,True,True,True,True,False,False
890,1.3010818197909482,0.9476021055680776,1.0144202302686238,0.00053167343071875,6.259207516502236,True,True,True,True,True,True
891,1.5423169676691229,1.1995085959360452,1.0781376391029858,0.0006675720198749999,8.712586258672301,True,True,True,True,False,False
892,1.5274480686694925,1.1250000078167937,1.0264925110119398,0.0006546974133125,8.858287605225643,True,True,True,True,False,False
893,1.390206757251105,0.978162342204258,1.0093289410764026,0.00071287155053125,6.7572403993313985,True,True,True,True,True,True
894,1.7137462863101143,1.2608695799657939,1.201868214047089,0.0007576942440625,11.249409254608748,True,True,True,True,False,False
895,1.7121869455528234,1.2402402855506567,1.1158041751159111,0.00073432922109375,9.05722934746756,True,True,True,True,False,False
896,1.5476693153744667,1.1627791648661208,1.017152779187531,0.0006771087623281249,7.435511262297721,True,True,True,True,True,True
897,1.525318985580902,1.0906487945159373,1.1158789769235777,0.000685691832859375,7.576992441343704,True,True,True,True,True,True
898,1.447277666919948,1.0666370546427,1.0396368841554973,0.00068426132171875,7.00724781684379,True,True,True,True,True,True
899,1.5005124315467449,1.1167582096384505,1.0972685187736517,0.0007348060584999999,7.178085901787113,True,True,True,True,True,True
900,1.4403488744259985,1.0680680590388183,1.0978411858036556,0.0006332397457187501,8.353723468621386,True,True,True,True,False,False
901,1.3722690703436924,1.0635944577987047,1.1230742859331522,0.0006642341602968749,7.1117358715426455,True,True,True,True,True,True
902,1.76345013604051,1.248459962869886,1.102770235107943,0.0007429122912968749,9.132437256835667,True,True,True,True,False,False
903,1.5079957457913724,1.0700370387820517,1.0769381004299936,0.0006299018822656249,7.57476177065311,True,True,True,True,True,True
904,1.4971613271648339,1.0912442319071376,1.0812912390329892,0.0007076263411406249,7.51320584091533,True,True,True,True,True,True
905,1.5202010856517354,1.1533333310447746,1.0827364289478423,0.00064849853403125,7.807968812938383,True,True,True,True,True,True
906,1.8423400889212973,1.4794441139394388,1.1584919318125737,0.0006260871901093751,11.12047294787797,True,True,True,True,False,False
907,1.6689576301107392,1.2562240760163221,1.0859141283824751,0.0006632804871562499,9.143490853779051,True,True,True,True,False,False
908,1.5444481299656208,1.1329423061384825,1.0863984471414825,0.000588893890140625,7.263247217693609,True,True,True,True,True,True
909,1.4471491154940632,1.048926995711752,1.0989238194399404,0.000708580016625,7.688355856179708,True,True,True,True,True,True
910,1.5455366510430129,1.22977026881709,1.1028284236278865,0.000650882722546875,8.326095175262152,True,True,True,True,False,False
911,1.613716026392475,1.2787418808128326,1.126326634407139,0.0006389617895,8.744557009047087,True,True,True,True,False,False
912,1.5269541251617618,1.1441991290853704,1.097839188077608,0.000722885129640625,8.516754291347965,True,True,True,True,False,False
913,1.468834700765446,1.174611421176193,1.055004543220834,0.0006380081149687499,7.429815574484934,True,True,True,True,True,True
914,1.542739003500077,1.0904003610658435,1.136933770915942,0.0007848739597812499,7.872650373747625,True,True,True,True,True,True
915,1.4147170795609696,1.0796703110187986,1.0261143332323672,0.00063371658178125,7.1264038742266065,True,True,True,True,True,True
916,1.326801574976588,1.0108499563290831,1.0627291288954095,0.000567436219015625,6.885373370084023,True,True,True,True,True,True
917,1.5140581131715893,1.201216431878325,1.0832319112214113,0.0006618499760624999,7.854042582746979,True,True,True,True,True,True
918,1.4903610753246108,1.09647493232861,1.0184392358775223,0.00061178207421875,8.195642928422616,True,True,True,True,False,False
919,1.530920397495816,1.1090909142220442,1.0651266122595868,0.0006790161111718749,7.705528839380071,True,True,True,True,True,True
920,1.5416011601527329,1.0782529021593485,1.1270567728153684,0.00066184997196875,8.864824053275921,True,True,True,True,False,False
921,1.3598063640382876,0.9368889040997137,1.0542176644456454,0.00059556961078125,6.3800208123022735,True,True,True,True,True,True
922,1.4995539048203266,1.0919016754316342,1.1001188668693167,0.0006709098793437499,7.8652998131580265,True,True,True,True,True,True
923,1.4812422738051843,1.0650759153173945,1.0759253286841495,0.0006747245782187499,8.183695860019425,True,True,True,True,False,False
924,1.534858459196861,1.1669912597180894,1.1111577859524746,0.0007076263412499999,8.132573910912381,True,True,True,True,False,False
925,1.6320230181779671,1.2757732103727075,1.0949251693359277,0.0006861686691406249,9.879531830246558,True,True,True,True,False,False
926,1.3939351275255947,0.9907795707858855,1.0334934926736814,0.00063753127959375,6.614036432935828,True,True,True,True,True,True
927,1.4336531879146495,1.0579710366153572,1.088660338484737,0.0006546974177812499,7.7639902213043,True,True,True,True,True,True
928,1.544501223797494,1.1689059968744608,1.107501111992921,0.0006589889517499999,7.635622707816654,True,True,True,True,True,True
929,1.4966520832852188,1.0613701217264153,1.1176155737173934,0.0006690025333125,7.418005566758985,True,True,True,True,True,True
930,1.3877987266701106,1.0180257041744463,1.0733064103934455,0.000763416289203125,6.683122095891886,True,True,True,True,True,True
931,1.7540036086392337,1.324367956791364,1.1122344513528342,0.000744342801140625,9.948813724440749,True,True,True,True,False,False
932,1.4450797411075365,1.0929264789031006,1.0670357691570285,0.0006980895984062499,7.167165065073651,True,True,True,True,True,True
933,1.5058266585535556,1.2904493799760648,1.143921594317956,0.0005903244009375,9.408688750556253,True,True,True,True,False,False
934,1.4663180580361417,1.160160163033103,1.0541463559408937,0.00069618224921875,7.551913674056438,True,True,True,True,True,True
935,1.5222705159642649,1.196666686119416,1.1240854333868848,0.0007262229918125,8.68326615840734,True,True,True,True,False,False
936,1.5243006142308657,1.1524112282423773,1.0757508545900072,0.00068855285375,8.99290576908556,True,True,True,True,False,False
937,1.576887414145231,1.1703455404621137,1.1083520510721965,0.0007061958308124999,8.690441860113284,True,True,True,True,False,False
938,1.5688285948545806,1.215715733166793,1.0870359662449838,0.0006408691397968751,7.8303482818082495,True,True,True,True,True,True
939,1.4029107002782595,0.8982282624553978,1.0255307812817558,0.0007100105257187501,7.385910672733665,True,True,True,True,True,True
940,1.594438310002641,1.1708710199123384,1.0494147079170406,0.000730991364171875,8.673484604456661,True,True,True,True,False,False
941,1.674738719008304,1.3127371267648198,1.1378899357868622,0.00058364868375,9.520742416440159,True,True,True,True,False,False
942,1.7175459526605121,1.3245515614760002,1.125337719581098,0.000611782074421875,9.151827148810266,True,True,True,True,False,False
943,1.5400353525370363,1.2220497181477055,1.070183993784001,0.0006160736054375,8.480741575625853,True,True,True,True,False,False
944,1.7065947403284487,1.289402905432283,1.1361956528882318,0.0006356239310937499,9.717441390708261,True,True,True,True,False,False
945,1.4005661244850198,1.0567010702524546,1.0389678183921989,0.000694751737625,7.004594113173494,True,True,True,True,True,True
946,1.2626445996443703,0.9912740115672758,1.0119523989366852,0.0005874633782656249,6.10072808934281,True,True,True,True,True,True
947,1.5704368004923954,1.1257142916883156,1.0741907831502318,0.00068044662365625,8.377047418586724,True,True,True,True,False,False
948,1.7817050887827623,1.3048098402230128,1.1221336933774386,0.000629425046703125,8.670360459951507,True,True,True,True,False,False
949,1.4438817822386327,1.092734193935063,1.0415371282453336,0.000649929047359375,6.863217179407262,True,True,True,True,True,True
950,1.4075065132662679,1.1003552592479895,1.0183909898197814,0.0006070137032031251,7.836267231957232,True,True,True,True,True,True
951,1.5086698745454252,1.1229582128476279,1.0698111803360237,0.0006966590848437499,8.16916147475145,True,True,True,True,False,False
952,1.4624048886037344,1.0827306040689204,1.0400122061241406,0.00061893463028125,7.665621660565489,True,True,True,True,True,True
953,1.4081540606297265,1.0077653162622324,1.1003199073684924,0.000663280487390625,7.18594257365025,True,True,True,True,True,True
954,1.3763739389873657,1.1967742194058966,1.0369635659919065,0.00061798095596875,6.828832535380497,True,True,True,True,True,True
955,1.5204503419302866,1.2133333491451936,1.087950448621719,0.0006523132316718749,8.309361356188731,True,True,True,True,False,False
956,1.5300016400519427,1.2696025938459161,1.088773564349991,0.00064611434871875,7.8169283423908515,True,True,True,True,True,True
957,1.5616011489571937,1.217347993882871,1.1239605852129655,0.0006790161120625,9.448318100076342,True,True,True,True,False,False
958,1.534221800662482,1.161750702867356,1.1319574870865488,0.000620841980203125,8.340802625035854,True,True,True,True,False,False
959,1.2601269730007638,0.9890925162461803,1.0117681045533085,0.000654697418125,6.0954544596670335,True,True,True,True,True,True
960,1.345630162835203,0.9933109925539108,0.9943166876921179,0.0006008148175937499,5.874720280549882,True,True,True,True,True,True
961,1.2435348655296623,0.9682337420115421,1.0170373319333263,0.0006251335156718749,6.091828827822631,True,True,True,True,True,True
962,1.263775120251851,0.9302736417294852,1.0203723455643954,0.0006294250465625,6.504660114845681,True,True,True,True,True,True
963,1.5525394109132868,1.2166324447407546,1.0956100453065054,0.000727653500609375,8.917530666318157,True,True,True,True,False,False
964,1.4995539048203266,1.0714286137535538,1.1116432519944706,0.000717639925171875,7.810944178989443,True,True,True,True,True,True
965,1.7178962324465388,1.3229572127600853,1.1341080802909145,0.0006904602052968749,9.6318830019299,True,True,True,True,False,False
966,1.3826206031302646,1.0479098087366197,1.0139981612535527,0.0005283355710781249,6.89741422354351,True,True,True,True,True,True
967,1.4637556120529613,1.0993589422597925,1.1090333670344394,0.000664711000984375,6.971174168750228,True,True,True,True,True,True
968,1.650490526603149,1.2493410773140847,1.0847972543230349,0.000650882719125,8.811419411384641,True,True,True,True,False,False
969,1.67772921476457,1.2723358540120342,1.1144069983985678,0.00066328048584375,9.423328784546877,True,True,True,True,False,False
970,1.5253353526328546,1.27207394963841,1.074505460038034,0.000672817230578125,7.707999569802236,True,True,True,True,True,True
971,1.5796435923505723,1.2028571542702151,1.1124903892172022,0.0006575584400625,9.051201452767781,True,True,True,True,False,False
972,1.6645419900656673,1.3035190445581537,1.1139794938007075,0.0007114410409531249,10.351297017288937,True,True,True,True,False,False
973,1.3758564443117243,1.0090389872162713,1.0383013102858967,0.00056219101034375,7.1436150226284045,True,True,True,True,True,True
974,1.661410764907952,1.1443746920632747,1.0933534515380205,0.000689029692515625,7.368420272613437,True,True,True,True,True,True
975,1.45309724658534,1.0744101184130506,1.0785841393041535,0.0006370544440625001,7.09088114585543,True,True,True,True,True,True
976,1.6128436503435726,1.323687049791205,1.0947787382746252,0.00064706802521875,8.618723894531408,True,True,True,True,False,False
977,1.7318420174844793,1.422580622713562,1.1437294960367328,0.00069761276375,11.915987460563244,True,True,True,True,False,False
978,1.4308551602456943,1.1576086891410895,1.1264536921943824,0.0006585121135312499,8.824067895744507,True,True,True,True,False,False
979,1.4614188568965496,1.202150549758076,1.0407193284869884,0.0005774497971093749,8.294973063493888,True,True,True,True,False,False
980,1.5217059987069623,1.114063183096636,1.0717002564902218,0.00071954726865625,8.506220096458467,True,True,True,True,False,False
981,1.683490496470608,1.3082302367117848,1.1223187700377568,0.0007286071747968749,10.321221318379775,True,True,True,True,False,False
982,1.7766185790059055,1.3606377304987434,1.126141277651183,0.000669956204796875,9.192421341860786,True,True,True,True,False,False
983,1.2867411388765544,0.9318996100050101,1.0475926468893457,0.000657558440796875,6.153830867742074,True,True,True,True,True,True
984,1.4475667219615325,1.0879120554316317,1.0876591400812414,0.0007176399230156249,7.857132544780678,True,True,True,True,True,True
985,1.6002013753689488,1.2127329292625029,1.0812586808193292,0.000607013703328125,7.691970126387361,True,True,True,True,True,True
986,1.4740840556516044,1.0796812896370958,1.0800553144819247,0.000645160673578125,9.157130101726562,True,True,True,True,False,False
987,1.276943895705691,0.9529837694697034,0.9839015177667331,0.0005888938917499999,6.289415686247413,True,True,True,True,True,True
988,1.5072628917645974,1.0915395199230533,1.0708726866178135,0.000649452206890625,7.601533612117534,True,True,True,True,True,True
989,1.5641092448901373,1.126623345831579,1.151858910060322,0.000730037690671875,8.901105625715383,True,True,True,True,False,False
990,1.3883918568329998,1.0340570564961342,1.054443740734602,0.00067520141728125,6.775793267647399,True,True,True,True,True,True
991,1.7289232064765536,1.249045803973195,1.1203495962106562,0.0007739067079531249,10.326694612750746,True,True,True,True,False,False
992,1.5087224911518713,1.0990950212322925,1.058888080132525,0.000622272489484375,7.353850374951061,True,True,True,True,True,True
993,1.2352454329819555,1.0229479400915333,1.0013716308351825,0.0006074905408906249,6.489987975789938,True,True,True,True,True,True
994,1.465778218843321,1.0947757575431636,1.0957686487906753,0.0006923675517187499,7.75555181976883,True,True,True,True,True,True
995,1.7485764487246178,1.3447205527276478,1.184026852549589,0.0007658004761406249,10.792611475354605,True,True,True,True,False,False
996,1.5235136921370644,1.1703139850922752,1.0849921750492595,0.000720500945578125,7.269995867278546,True,True,True,True,True,True
997,1.539698844192589,1.090676897053098,1.108284451480471,0.0007543563825625,8.98156519388988,True,True,True,True,False,False
998,1.4449009953661283,1.2130390247704887,1.0822057366841638,0.0006027221681406251,8.347412491647047,True,True,True,True,False,False
999,1.5485558427885044,1.1997929611892544,1.0653584490819956,0.000600337982171875,7.518971098431524,True,True,True,True,True,True
1000,1.4331850782952635,1.1011450289787308,1.0931486311131098,0.00064849853234375,6.886316796452583,True,True,True,True,True,True
1001,2.0419795328920123,1.4170354275009795,1.2752102230290765,0.0007324218764999999,14.374791457138997,False,True,True,True,False,False
1002,1.585431072649385,1.1891892084707414,1.0425926396930814,0.00056409835825,7.6859799343079995,True,True,True,True,True,True
1003,1.362070688673715,0.9334402300644691,1.019511797841795,0.0006732940683125,5.584875463576455,True,True,True,True,True,True
1004,1.4818836647740863,1.1178957064916886,1.019870547565889,0.0007181167602499999,7.075433205018301,True,True,True,True,True,True
1005,1.5484903799627667,1.130600565436985,1.0497674827533947,0.0006761550879843749,8.890860433184411,True,True,True,True,False,False
1006,1.45924600824913,1.0873161788235295,1.05673141774525,0.0006561279280156249,6.751846451987805,True,True,True,True,True,True
1007,1.5340839621427933,1.180458657269906,1.1074777864365175,0.0006690025326093749,9.031495092976709,True,True,True,True,False,False
1008,1.4152506837431083,0.971157981216389,1.0133714780931837,0.0006489753687812499,5.961371119873318,True,True,True,True,True,True
1009,1.4405940642017843,1.035806730207937,1.0483546338882495,0.000607013701859375,8.165998010930496,True,True,True,True,False,False
1010,1.362211958645386,0.9724072242370957,1.0066630645180044,0.000621318816890625,7.8343554945688245,True,True,True,True,True,True
1011,1.3374649810349002,0.9611066505112807,1.0401978088050783,0.0005888938906875,7.0117014032551985,True,True,True,True,True,True
1012,1.2701767574882492,0.8943921116976996,0.9893831690929402,0.000655651091953125,6.40866172650102,True,True,True,True,True,True
1013,1.3958621424620645,1.0992578564925777,1.095510695837218,0.00065803527971875,8.037794786112757,True,True,True,True,False,False
1014,1.4314768336604637,1.0733031254888326,1.071853317109504,0.0006814002995625,7.690845742450856,True,True,True,True,True,True
1015,1.5394466888586023,1.092165888527342,1.129223890372383,0.0007047653174687501,7.920032794450267,True,True,True,True,True,True
1016,1.3282776615921164,1.1141141520369624,1.0396189464079857,0.000548839569,6.356542201986521,True,True,True,True,True,True
1017,1.650528580800187,1.1727447745336652,1.097101668403224,0.000654697415515625,8.517692194775803,True,True,True,True,False,False
1018,1.6262193325134033,1.229813682030992,1.0799897886830916,0.000680446622578125,8.24773513427685,True,True,True,True,False,False
1019,1.7685819170315846,1.3841749185537793,1.1402265426900857,0.0007882118205625,10.632807124824687,True,True,True,True,False,False
1020,1.478079976921971,1.1146526896027076,1.059489186384487,0.000608921050171875,7.033432541169282,True,True,True,True,True,True
1021,1.3669947139969902,1.011986270264591,1.0455113285389668,0.000673294067015625,6.439740926199412,True,True,True,True,True,True
1022,1.3137088546907485,0.9404659157243793,1.0125682225936035,0.000598907468390625,7.751675175903803,True,True,True,True,True,True
1023,1.7056261807022168,1.2194193148596468,1.0791202190562201,0.0007295608487499999,8.154968507509304,True,True,True,True,False,False
1024,1.5164572429140928,1.1573499201831208,1.0173405826145763,0.0006027221667656249,7.382549966227869,True,True,True,True,True,True
1025,1.7039100066350912,1.2795699006187076,1.17743837837467,0.0007238388067343749,9.481503838827665,True,True,True,True,False,False
1026,1.608643291287218,1.1299121426003347,1.1047417280048382,0.0007433891274999999,8.24732258022868,True,True,True,True,False,False
1027,1.2776847281431223,0.9249753340332519,0.9942099860291218,0.0005769729597343749,5.840149262765797,True,True,True,True,True,True
1028,1.3222272288691008,1.1639771120720366,1.06938763525675,0.0005431175214375,7.103682489405417,True,True,True,True,True,True
1029,1.5290265357576107,1.2176591361608304,1.063938133868626,0.000660419461421875,8.361841578093667,True,True,True,True,False,False
1030,1.3234509876674363,1.010962809272794,1.0858315160256486,0.0006141662605468751,7.082835328680748,True,True,True,True,True,True
1031,1.422602042461264,1.1121635521819797,1.0781927227506987,0.000609397886671875,7.053472225782769,True,True,True,True,True,True
1032,1.6853360803275932,1.3124352524260843,1.1736165161062555,0.000770568845859375,12.331195728934588,True,True,True,True,False,False
1033,1.4141398800997373,1.1314285705815077,1.0275499620856645,0.000654220579734375,7.314022781449889,True,True,True,True,True,True
1034,1.4496354698952036,1.1400289765002254,1.0585452465093474,0.0006203651430312499,7.928369242418235,True,True,True,True,True,True
1035,1.6332965981753589,1.2376963450847158,1.0841776593059786,0.000702857969109375,9.153355612422619,True,True,True,True,False,False
1036,1.6573242366462857,1.22371135236054,1.139957202230223,0.000747680662171875,9.809177410747498,True,True,True,True,False,False
1037,1.6391791176264567,1.2627817268912729,1.091406455152715,0.0005388259871875,8.435612266813617,True,True,True,True,False,False
1038,1.8996317087287458,1.3816254174542821,1.1767182387869692,0.000652313232203125,11.406789777367543,True,True,True,True,False,False
1039,1.313153639302461,1.005579349466627,1.0581478704231846,0.0006771087654218749,6.914034313120899,True,True,True,True,True,True
1040,1.4363532505702534,1.1080559258552949,1.0486268405136843,0.0006155967689062499,7.337831559755626,True,True,True,True,True,True
1041,1.3508372492214071,1.0298973713834787,1.0584005142155455,0.000674724579484375,7.264603901355155,True,True,True,True,True,True
1042,1.4235724928231417,1.0203230928238387,1.0839950724767697,0.0006055831924218749,7.308411295928417,True,True,True,True,True,True
1043,1.6874187197821073,1.2774193596692336,1.152515744029887,0.00075817108025,10.106982248974475,True,True,True,True,False,False
1044,1.388073096596693,1.1074856486688471,1.031030929662063,0.0006437301632499999,6.408026147355676,True,True,True,True,True,True
1045,1.4489977072533895,1.1096710360601558,1.0789200875386433,0.000619888304078125,8.119888413022768,True,True,True,True,False,False
1046,1.3118163094042392,0.8934707787692632,1.0277261617630211,0.000667572020828125,6.962806525189855,True,True,True,True,True,True
1047,1.2637071812798295,1.027360991589209,1.0352314216947,0.000649929045078125,7.18843642995707,True,True,True,True,True,True
1048,1.4736498588713767,1.1549364647540203,1.1286087507362503,0.000726222992953125,7.939810656062421,True,True,True,True,True,True
1049,1.5246958062592915,1.161750702867356,1.1136808459592547,0.000723838804203125,8.221946070186993,True,True,True,True,False,False
1050,1.5552944566242692,1.1689059968744608,1.090444212160275,0.000693798065125,8.441602788281646,True,True,True,True,False,False
1051,1.2739391208305442,0.9807855980866399,0.9956617980594913,0.0006675720224999999,6.479331401415934,True,True,True,True,True,True
1052,1.4585333876659246,1.111611614894975,1.0646544103640798,0.0006132125830781251,8.092465772437846,True,True,True,True,False,False
1053,1.5150929217323905,1.034786628042173,1.0777963863485085,0.000670433043171875,7.925866427294673,True,True,True,True,True,True
1054,1.5277698537073556,1.1011450289787308,1.1729010100503081,0.0007276535037343749,8.901026194369026,True,True,True,True,False,False
1055,1.5873038425600436,1.1539589501523606,1.058286649580963,0.0006427764890625,8.644015854874475,True,True,True,True,False,False
1056,1.4925902347489128,1.00811270316824,1.0628891287339668,0.000732898709703125,7.260374432958896,True,True,True,True,True,True
1057,1.2990071238889727,0.9334728349845984,0.9933854081470096,0.0006570816036562499,6.727677456887251,True,True,True,True,True,True
1058,1.4841813663765444,1.1728271844774611,1.07975121979875,0.000721454618625,8.07043541408461,True,True,True,True,False,False
1059,1.7590040432370468,1.3435953979532231,1.1876372383532403,0.0007691383348124999,12.510253086329588,True,True,True,True,False,False
1060,1.4931045785866073,1.150372207896002,1.0763284504021962,0.000622749326828125,7.9273117307791345,True,True,True,True,True,True
1061,1.4924176036535814,1.109132392779534,1.093721793223199,0.000685214995828125,7.3392038623923375,True,True,True,True,True,True
1062,1.3100610030115745,1.0132762323451874,0.9890206288783873,0.000618934631328125,6.496734960871736,True,True,True,True,True,True
1063,1.7324590404605005,1.2679900998031988,1.1750141239879117,0.000740051269640625,10.775067257822496,True,True,True,True,False,False
1064,1.5459413681692558,1.1555661092833054,1.1014435353582017,0.000595569613140625,7.920885139965743,True,True,True,True,True,True
1065,1.429818204128174,1.0198446994706483,1.0845518121956195,0.0006747245765468749,7.015281953896456,True,True,True,True,True,True
1066,1.4888862116474093,1.1276190487187447,1.0902890632668103,0.0006465911868437501,6.70756075680303,True,True,True,True,True,True
1067,1.7756810800405147,1.2920686161226993,1.170259589267389,0.0007414817806875001,9.816787995728767,True,True,True,True,False,False
1068,1.3883162642850706,1.0978260924871726,1.0422511719038388,0.000636577604609375,6.5599203635646495,True,True,True,True,True,True
1069,1.5003583524849384,1.0906487945159373,1.0759739270805027,0.0006303787232499999,7.724406398976494,True,True,True,True,True,True
1070,1.5467920371113273,1.1247779757018006,1.0816185796663007,0.0007324218725624999,8.464800498345275,True,True,True,True,False,False
1071,1.6302577463459624,1.1929490195959664,1.0864048983214454,0.00071859359459375,8.812677663318814,True,True,True,True,False,False
1072,1.2609960950864683,0.9299362649013889,1.0169771563974277,0.00057077407728125,6.516507509017431,True,True,True,True,True,True
1073,1.4250990559755812,1.0567056815775866,1.0454533669030834,0.0006594657891562499,6.934279612208108,True,True,True,True,True,True
1074,1.4074178010202643,1.0210934234594875,1.0508648035571202,0.000658512112390625,7.13513078229555,True,True,True,True,True,True
1075,1.5123121528427337,1.1895288002756765,1.170135177925339,0.000694751740484375,9.11596639496535,True,True,True,True,False,False
1076,1.5772718896416218,1.224637703282024,1.0896921460184732,0.00065660476734375,8.295810336212474,True,True,True,True,False,False
1077,1.7218161088995874,1.256068552464796,1.127200167303186,0.0008049011208281251,9.915235818614397,True,True,True,True,False,False
1078,1.3720651756735887,0.9599236652558707,1.0773775408884227,0.0006146430950781248,7.67178689549279,True,True,True,True,True,True
1079,1.4637556120529613,1.072398150461458,1.1187160697204783,0.000659465790828125,7.351017973006799,True,True,True,True,True,True
1080,1.6024271149228735,1.2461140080230668,1.145097710117912,0.0007090568532343749,9.509693488348788,True,True,True,True,False,False
1081,1.3063476605165594,0.9858962315907359,0.9956503341538896,0.0005474090558125,6.67349907016659,True,True,True,True,True,True
1082,1.3823446036722078,1.030977333636347,1.0474959725381863,0.000721931457953125,7.3188636988616285,True,True,True,True,True,True
1083,1.5772718896416218,1.08162214452027,1.0649385028128906,0.000628471370609375,8.174590310789128,True,True,True,True,False,False
1084,1.34664161887142,1.0452509052527075,1.033181110872863,0.00066900253509375,6.6472707976453504,True,True,True,True,True,True
1085,1.3786746119530402,1.0016941930239898,1.0506087728765423,0.000648021697203125,6.997047674495797,True,True,True,True,True,True
1086,1.6672021272163184,1.221649493503837,1.0923713075120922,0.0007505416866562501,9.533920551384272,True,True,True,True,False,False
1087,1.4987222804902778,1.094520520940865,1.108673778424947,0.0007104873654374999,7.69502333313853,True,True,True,True,True,True
1088,1.3661596981048825,1.0739228987538652,1.019137035558451,0.000643730161390625,7.409263664024644,True,True,True,True,True,True
1089,1.3692675782414552,1.0303030327296425,1.050026302491604,0.000589370726328125,7.861578845963136,True,True,True,True,True,True
1090,1.3429050066314498,1.0191972231607203,1.0299091007545236,0.0006332397444999999,6.865418625634924,True,True,True,True,True,True
1091,1.4353197793188184,1.005579349466627,1.1076832203523548,0.0006422996520156249,6.899089973124728,True,True,True,True,True,True
1092,1.4860025255854408,1.1385702146969257,1.1042983316959443,0.0007123947155156249,7.9179306507434655,True,True,True,True,True,True
1093,1.437492990495476,1.1194818190266047,1.0594377869226461,0.00065231323165625,7.000515053463253,True,True,True,True,True,True
1094,1.6574964834032693,1.2323651561944184,1.1316876278718375,0.00071907043334375,8.912615147818302,True,True,True,True,False,False
1095,1.6215953301538875,1.159235626059593,1.1272475226168988,0.000696182251078125,9.929587761477155,True,True,True,True,False,False
1096,1.5076642159065652,1.0947757575431636,1.139123670932128,0.000738620756875,7.801788131759277,True,True,True,True,True,True
1097,1.4241308418865934,1.1240946069908382,1.05957421726642,0.0006361007680312499,7.0703081499185165,True,True,True,True,True,True
1098,1.525760782704273,1.0783858492702432,1.1333202565273923,0.000663757322453125,8.851353711440485,True,True,True,True,False,False
1099,1.7115468801830709,1.275565124548382,1.1763958893378332,0.000679016113890625,10.137302146868793,True,True,True,True,False,False
1100,1.3856501288575436,0.9665305657883103,1.0228566597889568,0.0006585121150937501,5.963215413883124,True,True,True,True,True,True
1101,1.4025414903873483,1.0482846191540618,1.0482157784330686,0.000697135924984375,5.64367475939461,True,True,True,True,True,True
1102,1.4860306661064642,1.094222244229373,1.0900756331347146,0.0007176399201874999,7.765160253885082,True,True,True,True,True,True
1103,1.6007159684593804,1.324435338222449,1.1231741097962833,0.000749111175046875,9.657315648166719,True,True,True,True,False,False
1104,1.4623952104412348,1.1146616364502233,1.0380501137232534,0.000668525695734375,7.372538227606592,True,True,True,True,True,True
1105,1.585955475410451,1.2690246690712923,1.0863292668262496,0.0006728172296875,8.032255372468603,True,True,True,True,False,False
1106,1.6007159684593804,1.210867427463636,1.0844735448177005,0.0007057189910624999,9.20499881247032,True,True,True,True,False,False
1107,1.659872764733655,1.1871945186791615,1.0951903209055416,0.000741481778046875,9.627883112992834,True,True,True,True,False,False
1108,1.4499331549836312,1.0660831467421596,1.1458667439242307,0.0007162094115468749,8.568916210095702,True,True,True,True,False,False
1109,1.4719794372318324,1.2022821518582667,1.1039702956907786,0.00064563751028125,7.871070888965446,True,True,True,True,True,True
1110,1.806719550744096,1.292993629354646,1.141242638711902,0.0006690025329531249,10.415556828622623,True,True,True,True,False,False
1111,1.4526775912307262,1.0426666671521183,1.0342956759327295,0.0006937980619531251,8.376423433085987,True,True,True,True,False,False
1112,1.5797408259801782,1.2356262864762257,1.0881569227532848,0.000609874724140625,9.639633434262644,True,True,True,True,False,False
1113,1.5330328930641557,1.158714731165834,1.1048506901288215,0.0007467269883593749,8.564196802374683,True,True,True,True,False,False
1114,1.5433492792316656,1.1818182115775142,1.1394494624270948,0.0007348060591874999,8.453718267966972,True,True,True,True,False,False
1115,1.5350102549751181,1.2449864182855812,1.1369213511982221,0.000617504120703125,8.271810096102792,True,True,True,True,False,False
1116,1.458900058885354,1.0670365021955734,1.0514653071340068,0.0006599426250625,6.486191996336215,True,True,True,True,True,True
1117,1.446657429628903,1.0791010958752922,1.0757764276217645,0.0007271766657656249,7.385703710100312,True,True,True,True,True,True
1118,1.5277698537073556,1.2065217451135934,1.1578970240589934,0.000722408290125,8.710433001561656,True,True,True,True,False,False
1119,1.509646582042923,1.099009930046217,1.092786352025963,0.00070190429603125,8.109131724172341,True,True,True,True,False,False
1120,1.3092742548320557,1.0302222180149727,1.0351558875874658,0.000632286069546875,6.145105892678159,True,True,True,True,True,True
1121,1.732736718621997,1.3406698691821455,1.1539195125953388,0.000747203827828125,11.282482101765748,True,True,True,True,False,False
1122,1.4359681934439088,1.0446735670896667,1.0369342680942628,0.000679016110046875,7.699863675372548,True,True,True,True,True,True
1123,1.5890032092068145,1.2304928125544907,1.1545200372749704,0.000672817227921875,8.472669075542761,True,True,True,True,False,False
1124,1.6320609675539162,1.2462365467319687,1.0930809754775535,0.000627994535921875,8.62878023946041,True,True,True,True,False,False
1125,1.3769027744048095,1.1002421539382754,1.061724998306706,0.0006170272820312499,6.681593142518117,True,True,True,True,True,True
1126,1.2526232674343163,0.8806616916264013,1.035974682153759,0.0006213188175625,5.827426165732459,True,True,True,True,True,True
1127,1.5427130023913616,1.200107602074678,1.086015695945938,0.0005912780769687499,7.93750606946734,True,True,True,True,True,True
1128,1.4401358889235418,0.9064748108160036,1.018416129524658,0.0005922317467187499,6.7283332723081255,True,True,True,True,True,True
1129,1.3057529202666838,0.9501704131461651,1.0424176884249394,0.00061750411884375,6.330952089756915,True,True,True,True,True,True
1130,1.4152947503974336,1.085205965325366,1.0698592362891532,0.0006933212285312499,7.368402597084496,True,True,True,True,True,True
1131,1.5780875397027634,1.2103194112728828,1.0505816033887732,0.000677108762375,9.367394050616095,True,True,True,True,False,False
1132,1.7106304399096472,1.3476856938579929,1.1446344707575562,0.00074148177990625,9.89460694893995,True,True,True,True,False,False
1133,1.5393298086929514,1.1079749208525072,1.1112147782787847,0.000826835631265625,8.258407469223108,True,True,True,True,False,False
1134,1.3601439853184092,1.0229479400915333,1.054950044385671,0.0005970001208593749,6.3517417145188775,True,True,True,True,True,True
1135,1.7174974988317657,1.3311475346431174,1.132628565203677,0.0007028579687187501,10.313805620880125,True,True,True,True,False,False
1136,1.5855668815278006,1.2001819086062064,1.0929716307885669,0.0007300376889687499,9.858025090379904,True,True,True,True,False,False
1137,1.50787810058609,1.1080437532183134,1.1093440569774513,0.000698566435140625,7.814138964386684,True,True,True,True,True,True
1138,1.2929226791346724,0.9767025097498748,1.01618141852864,0.000635147093421875,6.39643842963423,True,True,True,True,True,True
1139,1.3024154146973121,1.0257777848977383,1.0526810995536602,0.000663757323203125,7.708621643739157,True,True,True,True,True,True
1140,1.6210942001034305,1.1824526701673652,1.1181213080784707,0.0006599426266562501,9.290179746929802,True,True,True,True,False,False
1141,1.6236917516256895,1.1756601661123194,1.1192772708581402,0.000611305239609375,8.12391531774797,True,True,True,True,False,False
1142,1.6110421380521636,1.2065217451135934,1.0522135473072975,0.0006480216972500001,8.019723383654327,True,True,True,True,False,False
1143,1.4383238551166322,1.0801594544897022,1.0461481822827954,0.0007038116468281251,6.974856775886421,True,True,True,True,True,True
1144,1.5342280772479062,1.12654613280705,1.1188161823576326,0.00072336197084375,8.095279359507384,True,True,True,True,False,False
1145,1.5532340933778748,1.1906158277927894,1.0567894574601826,0.0006361007689375,8.824583738680106,True,True,True,True,False,False
1146,1.558614375348061,1.1703455404621137,1.14646610901139,0.00079631805246875,9.204098428907702,True,True,True,True,False,False
1147,1.5125134629367738,1.1899383837120028,1.1677747975756672,0.00067853927428125,9.55128891359617,True,True,True,True,False,False
1148,1.5705874825001716,1.1771712284466445,1.1092986115673642,0.0007543563840937499,7.599346665131688,True,True,True,True,True,True
1149,1.4461817406554618,1.1679960358232986,1.078292006727651,0.000739574432046875,7.444796237500808,True,True,True,True,True,True
1150,1.853473181158424,1.3480976743186428,1.140817113203045,0.0006899833653125,10.870622797259085,True,True,True,True,False,False
1151,1.664148726041489,1.165076334744129,1.1261591607364758,0.0007262229888906249,9.172921268422229,True,True,True,True,False,False
1152,1.5615960925589518,1.1622137310301264,1.1196012764613346,0.00071287154890625,9.063617656131335,True,True,True,True,False,False
1153,1.4499871050309387,1.0893828933949512,1.090976049557844,0.0006747245779531251,7.857091687459766,True,True,True,True,True,True
1154,1.6526541147052687,1.1582278940426232,1.1161800823239687,0.0007843971256875,9.129779642447726,True,True,True,True,False,False
1155,1.3528983142966304,1.0165631557416253,1.0671383735083857,0.000668525695140625,7.093774945424616,True,True,True,True,True,True
1156,1.6800328168226382,1.2899729040608103,1.132624172903634,0.00065708160403125,10.021814896749763,True,True,True,True,False,False
1157,1.307813829210704,0.9978705683475898,1.0199460299617962,0.0007061958306875,6.024602798440399,True,True,True,True,True,True
1158,1.418424774584498,1.0444064591854425,1.0626502552135912,0.000690937041875,6.712472020053424,True,True,True,True,True,True
1159,1.5277698537073556,1.2185567178868235,1.084729446330549,0.000717639921640625,8.660964987481645,True,True,True,True,False,False
1160,1.4881424652314392,1.204968931457891,1.102357828835546,0.000696182249953125,9.05644208139139,True,True,True,True,False,False
1161,1.4253764515202134,0.9855334903195146,0.9775348751783137,0.000591754910765625,7.159971089586062,True,True,True,True,True,True
1162,1.426317137988641,1.084585659969182,1.0857870176685218,0.0007514953616249999,7.970572714787095,True,True,True,True,True,True
1163,1.4163708961622212,1.0281631046158357,1.0996686057888574,0.000708103180515625,8.114890042914706,True,True,True,True,False,False
1164,1.6771867492392116,1.1402838327677962,1.115128911225122,0.0007033348075625,9.562207849767105,True,True,True,True,False,False
1165,1.4930711210768624,1.1389814317579032,1.1097799252641922,0.0006294250482187499,8.091848229513811,True,True,True,True,False,False
1166,1.5135892435145888,1.1450648058275426,1.1019529959577425,0.0006427764889218751,8.772824853029695,True,True,True,True,False,False
1167,1.4454284847846413,1.052397865330679,1.0922398274504663,0.0006284713733593749,8.129247150443593,True,True,True,True,False,False
1168,1.3687296569881577,1.0184628543980876,1.0296944563016759,0.00072526931575,6.363858207902527,True,True,True,True,True,True
1169,1.6033685203210757,1.1020407882558032,1.1969464454519871,0.000735759735703125,9.679455090850482,True,True,True,True,False,False
1170,1.385964372795852,1.0705882004067087,1.0531246318616359,0.000703811645421875,7.097051513591368,True,True,True,True,True,True
1171,1.4192247028890344,1.0905367943773814,1.0509206229686188,0.00064134597575,6.838089421423734,True,True,True,True,True,True
1172,1.5594564345175637,1.1770949300856277,1.0787898145131145,0.00059080124159375,8.01764482164182,True,True,True,True,False,False
1173,1.4373195484113708,1.0840000116508444,1.0534956565003442,0.00063657760428125,6.456074250851998,True,True,True,True,True,True
1174,1.3638862514475418,1.0187746879115123,1.00362067752991,0.00063276291009375,6.504873307537384,True,True,True,True,True,True
1175,1.394705077982101,0.9911986812047088,1.0334933282726384,0.00067806243625,6.580388191497791,True,True,True,True,True,True
1176,1.7358393483860952,1.2626479983125714,1.0942320484961072,0.00068378448271875,9.522322330528127,True,True,True,True,False,False
1177,1.532625780148847,1.1422454653656118,1.0850683163494528,0.00068283081028125,8.505105287043635,True,True,True,True,False,False
1178,1.4374044861468827,1.1193548267754425,1.0347294844475339,0.000669002530578125,6.276097657282333,True,True,True,True,True,True
1179,1.3960769623538105,1.029264178974644,1.0576950217981864,0.0006461143494531249,6.422577146442073,True,True,True,True,True,True
1180,1.4841561954790594,1.0787213441808754,1.033539706606622,0.0006608963015625,7.007162668052771,True,True,True,True,True,True
1181,1.4231408106949466,1.1283316441881983,1.060108478583817,0.00064086914128125,7.450578389697518,True,True,True,True,True,True
1182,1.379478469572137,1.0543572067674656,1.0583703470503254,0.000716209410234375,6.599435280536075,True,True,True,True,True,True
1183,1.5794018342522185,1.2731182865788877,1.1402905813474067,0.0007710456841406249,9.384727335811332,True,True,True,True,False,False
1184,1.5864489295986564,1.1389388295562348,1.0624731163469168,0.0007319450368125,8.359872991677223,True,True,True,True,False,False
1185,1.63427397285138,1.2075569589938662,1.0317057989245502,0.00061178207384375,8.308051946582438,True,True,True,True,False,False
1186,1.5810501008120577,1.21934200678033,1.0891794228329146,0.0007114410387968749,8.091335810902041,True,True,True,True,False,False
1187,1.5083667692494618,1.1289875032803032,1.1186212306820675,0.0006952285738593749,8.374625041381721,True,True,True,True,False,False
1188,1.7604093179154485,1.3595263877636032,1.1397625106897118,0.0006861686692656249,10.64270714087782,True,True,True,True,False,False
1189,1.5011154854908293,1.0595763759776715,1.030556887378565,0.000608921051390625,7.823158721058272,True,True,True,True,True,True
1190,1.4528053063282824,1.083217728169447,1.110371815521322,0.0006680488591406249,7.472679900451115,True,True,True,True,True,True
1191,1.673496889728863,1.3035522064080662,1.1142699637264255,0.000747203825078125,8.817032017031591,True,True,True,True,False,False
1192,1.647467131560925,1.318840616581151,1.2019056853423364,0.0007367134101874998,10.802281853195883,True,True,True,True,False,False
1193,1.5951593401367086,1.1939182769977454,1.1028040374799475,0.0006480216955312499,8.733348938215045,True,True,True,True,False,False
1194,1.4383238551166322,1.1273885008476745,1.071360401328276,0.000658512115,7.222565607051075,True,True,True,True,True,True
1195,1.7997901004339047,1.2939890703141832,1.108479422873838,0.000676155088171875,9.02445850246168,True,True,True,True,False,False
1196,1.4250917518580954,1.0448662623131273,1.058920023586233,0.000652313232953125,7.105907127026833,True,True,True,True,True,True
1197,1.4203472371499493,1.0865298819460452,1.07018645033682,0.00074863433653125,7.102487451168769,True,True,True,True,True,True
1198,1.5548777391293045,1.1194653696706829,1.090431843689733,0.0007815360998906251,7.215611147627794,True,True,True,True,True,True
1199,1.7820144042458235,1.2722401037477742,1.165339044169286,0.0007071495037968749,11.33718378983693,True,True,True,True,False,False
1200,1.8092593110126516,1.3088083186577684,1.1634103071165898,0.000688552855671875,10.548445173768291,True,True,True,True,False,False
1201,1.3791523314841663,1.0093697225619276,1.039314904384693,0.0007505416860937499,5.967232937399409,True,True,True,True,True,True
1202,1.4560617531454916,1.227743285443206,1.076162232452014,0.00066137313971875,7.955815007737182,True,True,True,True,True,True
1203,1.5070654276643622,1.1092896241399384,1.0298722632759134,0.000617504120578125,6.985288150934377,True,True,True,True,True,True
1204,1.516052265673759,1.1076702846711781,1.1364977349291474,0.0006394386298125,8.115006437163423,True,True,True,True,False,False
1205,1.3313599963978657,1.0295675534898572,1.0648543986076773,0.000645160675671875,7.069529002351226,True,True,True,True,True,True
1206,1.5408121244001254,1.173704465017564,1.073012996661401,0.00066280365153125,7.880449339730835,True,True,True,True,True,True
1207,1.6768577917363685,1.2143569582016869,1.1064404875429144,0.000754833218328125,8.93125837415098,True,True,True,True,False,False
1208,1.6335079987899814,1.2002027497185281,1.0889606381074062,0.0006675720197031249,8.593050822816645,True,True,True,True,False,False
1209,1.5275528451314626,1.1297709879508187,1.122949525064097,0.0006046295171875,8.44575160473497,True,True,True,True,False,False
1210,1.2845008889809724,0.9565217391304347,1.0188818002737225,0.0006666183469375,7.032922905248221,True,True,True,True,True,True
1211,1.3007166342761367,0.9085849918290988,1.020356056468211,0.0006613731384999999,5.532422363589199,True,True,True,True,True,True
1212,1.6309430618721277,1.1482726042998097,1.1093729362406772,0.0006661415082968749,9.747411869333147,True,True,True,True,False,False
1213,1.4682370879995443,1.074626867551847,1.0277266497090793,0.0006375312786718751,8.277273002848988,True,True,True,True,False,False
1214,1.6110421380521636,1.2127329292625029,1.07624397867499,0.0006871223426718749,8.832813228306923,True,True,True,True,False,False
1215,1.3924902293405856,1.1242857239154938,1.067150282339264,0.0006208419812499999,6.954823750957559,True,True,True,True,True,True
1216,1.548067774439456,1.1266666702035302,1.1085362698599774,0.00072479247896875,8.234452836060548,True,True,True,True,False,False
1217,1.5815476703510598,1.207731961000472,1.137303603455307,0.000696182249375,7.678226302866193,True,True,True,True,True,True
1218,1.4196493779684904,1.106106082383805,1.0201201927193067,0.0005908012401875,7.698827473883017,True,True,True,True,True,True
1219,1.409488399716463,1.1049773404098373,1.0503839215541142,0.000693798065296875,7.791184015868141,True,True,True,True,True,True
1220,1.347336369701845,1.0291262143276372,1.04530350871203,0.00059366226078125,6.522900595807716,True,True,True,True,True,True
1221,1.216326892848777,0.8561872406180714,0.9702877424366857,0.0006847381604218751,5.76293642841085,True,True,True,True,True,True
1222,1.5023751648742705,1.1768488293455566,1.1056794889608796,0.0006952285755,9.731534357175928,True,True,True,True,False,False
1223,1.3699798678222739,1.0400763269273352,1.0421463765686716,0.0005741119391875001,7.0823360367975265,True,True,True,True,True,True
1224,1.5724634730540397,1.1170948373594964,1.1211616447382924,0.000671386717578125,8.882223839935303,True,True,True,True,False,False
1225,1.4841813663765444,1.1754736250262585,1.0592663677506133,0.00064516067534375,8.005169681806215,True,True,True,True,False,False
1226,1.4802000050451278,1.1506550299962244,1.0804794740384023,0.000618934629984375,8.645287910997654,True,True,True,True,False,False
1227,1.6224858128848496,1.2592223790744788,1.1660121017460925,0.0007605552659687498,10.590120848843048,True,True,True,True,False,False
1228,1.465460772889645,1.1011846254838729,1.1091985930585355,0.000627040862359375,7.504627853963153,True,True,True,True,True,True
1229,1.7741139872495815,1.3999999924671265,1.1410659838019552,0.0006651878356406251,10.631767474660567,True,True,True,True,False,False
1230,1.279048412023122,1.0242784904654956,1.0171803697464568,0.0006084442118906249,6.400395913090193,True,True,True,True,True,True
1231,1.4083386293361313,1.0308173611280331,1.0009862712798747,0.0005307197570625,7.145529053685842,True,True,True,True,True,True
1232,1.4081540606297265,0.9561856076409122,1.030712890134129,0.000635623930796875,6.482353317233276,True,True,True,True,True,True
1233,1.4484421200166335,1.0661088245871335,1.0546542706064315,0.000790119171109375,7.27501533037629,True,True,True,True,True,True
1234,1.5170400133614443,1.1110099580128343,1.050085224646453,0.0006761550876875,7.7086123641304765,True,True,True,True,True,True
1235,1.736008409084557,1.3308271033950076,1.144357767545249,0.000697612761109375,10.998571024560125,True,True,True,True,False,False
1236,1.5861075596665573,1.1969093045114316,1.1076944998556526,0.00071811675765625,9.702381914579794,True,True,True,True,False,False
1237,1.4418479310812782,1.1473526417932118,1.085171672927858,0.00068473815859375,7.609634515941628,True,True,True,True,True,True
1238,1.4478777797612197,1.0772286253505463,1.0438630549359573,0.00068759918240625,6.741485770124983,True,True,True,True,True,True
1239,1.7406542917593395,1.3509472010475305,1.2090805918474006,0.00071525573778125,11.81484712245542,True,True,True,True,False,False
1240,1.498741060546927,1.194233715335512,1.0963169231728516,0.0006694793709843749,8.99507574033898,True,True,True,True,False,False
1241,1.391209611804703,1.1551551707511318,1.0516441706902617,0.0007023811308593751,7.139088790767261,True,True,True,True,True,True
1242,1.6024271149228735,1.2236025092282967,1.104907074242997,0.0006952285751875,7.880422937195721,True,True,True,True,True,True
1243,1.4019560819546344,1.0038095296646676,1.0062171618022118,0.0006508827192499999,6.688475063684989,True,True,True,True,True,True
1244,1.4025337453685152,1.0819047629598768,1.076089083148392,0.000710487364796875,7.300720869110616,True,True,True,True,True,True
1245,1.4299682565634235,1.1395812295220413,1.072479247858342,0.00056648254390625,7.914498372830975,True,True,True,True,True,True
1246,1.622123774684655,1.2154511111324253,1.1081095622126886,0.0007648468011562499,9.161255534229019,True,True,True,True,False,False
1247,1.6188262760512193,1.1791626336819567,1.0386037194733262,0.000638961790953125,9.015902666093892,True,True,True,True,False,False
1248,1.5233547903115998,1.1233765933743591,1.0638736048141126,0.00071048736359375,9.377776448782397,True,True,True,True,False,False
1249,1.4747558969854184,1.1003552592479895,1.073917434983833,0.000761508941171875,8.892114003383337,True,True,True,True,False,False
1250,1.6499167636271153,1.1980861543485402,1.1184541099503285,0.0007271766661249999,10.501937361633063,True,True,True,True,False,False
1251,1.5305381969806855,1.101265864038274,1.1196343525367132,0.000727653503140625,8.026916835397024,True,True,True,True,False,False
1252,1.5591713947234827,1.1324444709824792,1.1023258347286138,0.000733375546828125,8.791484043832753,True,True,True,True,False,False
1253,1.648295307874459,1.230290472686903,1.0518147919405814,0.000677585601078125,8.930608829828858,True,True,True,True,False,False
1254,1.5471023021162795,1.1369193303886997,1.0804319959278008,0.0006661415079687499,8.073199728852503,True,True,True,True,False,False
1255,1.525760782704273,1.1287593830543277,1.118796152830584,0.0006875991795,8.275428179808697,True,True,True,True,False,False
1256,1.6083324708586364,1.1306266858492993,1.1218192097627693,0.000820636749,9.964323781489785,True,True,True,True,False,False
1257,1.382304239992654,1.0085106163437578,1.0381466223187734,0.0007562637315937501,6.596378910832862,True,True,True,True,True,True
1258,1.5615361098802405,1.201863349296709,1.178023584968053,0.0006961822500937499,9.276211333394857,True,True,True,True,False,False
1259,1.6574964834032693,1.2754555384242563,1.1054986987198752,0.000668525692859375,9.711041045918908,True,True,True,True,False,False
1260,1.2739650536820675,0.8697872213447679,0.984351565702122,0.000602722169203125,6.701617832593846,True,True,True,True,True,True
1261,1.3038770250947596,0.8910637970637361,1.0029351095605563,0.000611782072453125,7.169443294556702,True,True,True,True,True,True
1262,1.5273222882513766,1.0784050231700004,1.0909351405592744,0.0007052421559218749,7.832587110047168,True,True,True,True,True,True
1263,1.523342956837031,1.1645065132527452,1.1242703209389753,0.000594615937296875,9.136239938823557,True,True,True,True,False,False
1264,1.4946832277108957,1.2685624165701517,1.1052067099239598,0.0006403923010781249,8.140633706920449,True,True,True,True,False,False
1265,1.568563227812549,1.2033235656612822,1.0878017658687753,0.0007309913610781249,9.08910001405709,True,True,True,True,False,False
1266,1.5592777132163371,1.0889774509739074,1.0953915264719367,0.0007805824243125,8.679703739457377,True,True,True,True,False,False
1267,1.5082395324824358,1.0925589361223995,1.0754400076461996,0.0006885528528906249,8.365453620530891,True,True,True,True,False,False
1268,1.4071624599453645,1.086635948806116,0.9995549245295301,0.000633239745859375,6.8486476570808374,True,True,True,True,True,True
1269,1.490331641992387,1.1651651553150746,1.0465328316454805,0.0006618499757968749,7.685159056736956,True,True,True,True,True,True
1270,1.5816306237175168,1.1832297715263036,1.094097854069404,0.0006585121155625,8.081811556702315,True,True,True,True,False,False
1271,1.670695621633879,1.2707212187438601,1.06557044881214,0.000668048857046875,9.083149317458153,True,True,True,True,False,False
1272,1.4922132953235898,1.1278625958972086,1.1293017796961147,0.0007557868935624999,7.787448546123076,True,True,True,True,True,True
1273,1.4795030513803646,1.044635147320984,1.1171433512040416,0.00069189071575,7.679046459100017,True,True,True,True,True,True
1274,1.8622756767314108,1.3921348333222574,1.1734806751843125,0.0006465911861249999,12.371017447014369,True,True,True,True,False,False
1275,1.45309724658534,1.1217887711142758,1.018559219842194,0.000629425049171875,7.385162233843358,True,True,True,True,True,True
1276,1.5119326446183503,1.1314387337490288,1.095060205267824,0.0007114410397031251,8.37296999420957,True,True,True,True,False,False
1277,1.9706828653271298,1.362068960971542,1.222522067962153,0.00068187713578125,12.14170126422391,True,True,True,True,False,False
1278,1.3132569009011918,0.9745196627168039,1.0229464939630624,0.0006847381589687499,6.033861445984803,True,True,True,True,True,True
1279,1.5518551446005657,1.2207207418491648,1.1115735814986842,0.00067615509109375,8.972836008140638,True,True,True,True,False,False
1280,1.4113222713976312,0.9857859216787298,0.9824966095322512,0.0006394386265625,6.780575626610575,True,True,True,True,True,True
1281,1.483253676632073,1.0480874339053323,1.0664931067020116,0.00058412551715625,7.264374882788514,True,True,True,True,True,True
1282,1.6255892686032114,1.21934200678033,1.0961133563391108,0.00074720382484375,9.347658766492172,True,True,True,True,False,False
1283,1.495056231230383,1.119096507513208,1.0867900803875672,0.0006966590877499998,6.971322467157046,True,True,True,True,True,True
1284,1.4124332796323298,1.0566523256278377,1.09075251744743,0.00064420700065625,7.612196943851531,True,True,True,True,True,True
1285,1.3858458247126837,1.037147703784564,1.037518656310889,0.000732898711984375,6.116699889813793,True,True,True,True,True,True
1286,1.8656780778301705,1.3729903697902217,1.1031450506373206,0.000773906705578125,10.553638265744386,True,True,True,True,False,False
1287,1.467204394279387,1.1295238057491739,1.031651653925793,0.0006661415097968749,8.788389757277844,True,True,True,True,False,False
1288,1.4025414903873483,1.080101182942764,1.0440665681868728,0.00066089629921875,7.2338549170990305,True,True,True,True,True,True
1289,1.6874187197821073,1.2127329292625029,1.1173362276575567,0.000704288481578125,8.744956366955543,True,True,True,True,False,False
1290,1.202262798016888,0.8792748029795308,0.9693302305266038,0.00070524215721875,5.3069153444736665,True,True,True,True,True,True
1291,1.3534248878719346,1.0171673373089964,1.0980480115531905,0.0006537437420312501,6.59025913978822,True,True,True,True,True,True
1292,1.7254402250162477,1.2864864937107219,1.1226126478509968,0.000812530517234375,9.471424627632846,True,True,True,True,False,False
1293,1.5369530292281095,1.127497605145605,1.0587973066439498,0.00068426132,7.535608271848716,True,True,True,True,True,True
1294,1.5783400502364984,1.210867427463636,1.1688558079217144,0.0006799697867343749,10.04647406243093,True,True,True,True,False,False
1295,1.449851926884251,1.1922518515209688,1.0834107001688011,0.0006356239321875,8.555029810999784,True,True,True,True,False,False
1296,1.313830427290952,0.9156305338742399,1.0132227396783051,0.0005774497971874999,6.9341687011386695,True,True,True,True,True,True
1297,1.5657361903450842,1.2220497181477055,1.11317191707769,0.0006380081145624999,7.917186393916546,True,True,True,True,True,True
1298,1.615970762041472,1.223223246190351,1.0689068252530276,0.0006055831883125,9.854325945621817,True,True,True,True,False,False
1299,1.4105836871734496,1.0579710366153572,1.0318537379229358,0.0005722045906406249,7.383616202031757,True,True,True,True,True,True
1300,1.467417960426287,1.158357765859828,1.0727317819763627,0.00060367584175,8.481953376900567,True,True,True,True,False,False
1301,1.4513443705026834,1.0197424449371053,1.052222846884016,0.00069046020253125,7.230355551085215,True,True,True,True,True,True
1302,1.6341382562520455,1.1314285705815077,1.0725541797676663,0.000713348384890625,8.326754015734616,True,True,True,True,False,False
1303,1.3290120400414858,0.9376983796744787,0.9712068290128767,0.000628471373765625,6.254500004274285,True,True,True,True,True,True
1304,1.6681978658073455,1.2589680561353358,1.122609156526871,0.000704765316234375,9.602185857141057,True,True,True,True,False,False
1305,1.689097707477014,1.3447205527276478,1.0669853100942701,0.0006647109969375,8.305062332611056,True,True,True,True,False,False
1306,1.419225055956423,1.0446650199730312,1.0756306008962553,0.0006685256947187499,7.5308398188405015,True,True,True,True,True,True
1307,1.4674129107758516,1.0470692821738907,1.0348626874887217,0.000638008115765625,7.912213822859247,True,True,True,True,True,True
1308,1.4586558916102146,1.0394849320647666,1.0695808468783057,0.000674247740796875,7.544737426996718,True,True,True,True,True,True
1309,1.5274480686694925,1.1816817118475837,1.0778209001878938,0.000699043270984375,8.521447280340569,True,True,True,True,False,False
1310,1.5196962774334886,1.2233160876875087,1.0657946538326624,0.000633239744,8.389294564811017,True,True,True,True,False,False
1311,1.5849238199295166,1.2258373427490692,1.085764686289586,0.0007205009444843749,8.602006043125984,True,True,True,True,False,False
1312,1.4264969450036336,1.1005154907627457,1.102702213909411,0.00076436996221875,6.814566038824157,True,True,True,True,True,True
1313,1.7558743859329664,1.2639751790876386,1.1196944652521312,0.000723838803265625,10.02518974854145,True,True,True,True,False,False
1314,1.66102592326649,1.3215767934574132,1.1027843707257023,0.0006742477421875,10.111094510090835,True,True,True,True,False,False
1315,1.6356486142718445,1.2217616875010877,1.0604070551913685,0.000679016109671875,8.426879734024327,True,True,True,True,False,False
1316,1.5319671012160014,1.1316793878212223,1.1021694661219312,0.00067043304453125,8.045778764848217,True,True,True,True,False,False
1317,1.4366048464584966,1.0557786814460826,1.1027848847370265,0.0007247924792656249,7.539923542974698,True,True,True,True,True,True
1318,1.5767398709284675,1.1504854332639833,1.146402353933559,0.0007376670833906249,9.16457008653001,True,True,True,True,False,False
1319,1.3611656065110938,1.0867398060643998,1.017342096061043,0.0005955696114375,7.108608548444495,True,True,True,True,True,True
1320,1.4210908652528038,1.049955023633146,1.0884630138772846,0.0006556510918125,7.175284356168075,True,True,True,True,True,True
1321,1.4574005995521186,0.9983136636689426,1.1115238512807382,0.0006780624364687499,6.905512840418142,True,True,True,True,True,True
1322,1.566429256294507,1.2168998667763873,1.1305165724342838,0.000658988953078125,8.896605388055454,True,True,True,True,False,False
1323,1.4655677173496635,1.0888090265141903,1.0788539570523081,0.0006155967713906249,7.62737918371453,True,True,True,True,True,True
1324,1.3366075806892277,0.9590085830762275,1.0469652859866063,0.00060272216765625,7.071980491215556,True,True,True,True,True,True
1325,1.5703248689581168,1.1675675652610347,1.0628741224747913,0.0006885528550000001,8.39936561522436,True,True,True,True,False,False
1326,1.6215953301538875,1.2166666739484446,1.167504247387693,0.000754833219984375,9.347477083048192,True,True,True,True,False,False
1327,1.2516311862385987,0.8987123934477503,1.0531573493151851,0.0006685256976562499,6.059022849371566,True,True,True,True,True,True
1328,1.2757358913342263,0.9807855980866399,1.0033482054625014,0.000583171843796875,5.935771321364795,True,True,True,True,True,True
1329,1.6437537369968487,1.1636363633435962,1.1109142938491219,0.0007252693173281249,8.17152772978074,True,True,True,True,False,False
1330,1.4683907328269963,1.06003585042371,1.1689223851361097,0.0007777214045468748,8.79129458260753,True,True,True,True,False,False
1331,1.4473781399327905,1.2127329292625029,1.0696314713351804,0.000652313231296875,7.788370119032589,True,True,True,True,True,True
1332,1.618290815671599,1.2316715611797857,1.0659150646603983,0.000716686249265625,7.841331567869928,True,True,True,True,True,True
1333,1.4626515021946704,1.119119144318934,1.0762482691523407,0.000611782071171875,8.711552325787478,True,True,True,True,False,False
1334,1.269061066006533,0.9538203006078759,1.0175731837451634,0.000637054441578125,6.239282885178194,True,True,True,True,True,True
1335,1.4405940642017843,1.0304147439690459,1.0102988208541355,0.0005402565001562499,7.919508537913194,True,True,True,True,True,True
1336,1.7876566692742875,1.373655928422708,1.1712972083597868,0.0007119178768281249,11.406747753712507,True,True,True,True,False,False
1337,1.5849238199295166,1.1731789668104182,1.1396110145343534,0.00074625014934375,9.524616178142518,True,True,True,True,False,False
1338,1.807529279572857,1.374394848496693,1.182160592921873,0.000736713408453125,10.50604334098993,True,True,True,True,False,False
1339,1.2589519351585245,0.902173859438711,1.0010247211097887,0.00059747696021875,6.435361075273057,True,True,True,True,True,True
1340,1.6163278289176084,1.1862648232702275,1.0613402456939227,0.0006189346301562499,8.392187368323887,True,True,True,True,False,False
1341,1.4439177670812942,1.051724140250269,1.0305466409805857,0.0006704330426875,7.143315472331107,True,True,True,True,True,True
1342,1.5443991105301305,1.2427536416239087,1.0972652082633543,0.00070667266696875,8.668452890668659,True,True,True,True,False,False
1343,1.4538992980873298,1.0912442319071376,1.0433032004370912,0.000610351561015625,6.559622717172988,True,True,True,True,True,True
1344,1.6387061457601806,1.2787788081238403,1.1395741826179875,0.0007295608515625,10.045975232090205,True,True,True,True,False,False
1345,1.71668726143736,1.3754190024926563,1.150755537194288,0.0006618499729374999,10.864979532498069,True,True,True,True,False,False
1346,1.5246958062592915,1.109677409612606,1.1239567020873538,0.000701427459078125,8.819174462515832,True,True,True,True,False,False
1347,1.6056785870692993,1.2158524760422789,1.068609706049711,0.000713348385859375,9.056996734858368,True,True,True,True,False,False
1348,1.6425451214163989,1.2380039082602878,1.144626627819364,0.000796794889515625,9.8296355105907,True,True,True,True,False,False
1349,1.523342956837031,1.1949152834464751,1.0738543164199952,0.0006608962988124999,8.277009407168455,True,True,True,True,False,False
1350,1.5751835809574686,1.261290315761082,1.0873093011369828,0.0006327629093124999,9.222453745947984,True,True,True,True,False,False
1351,1.5750899054333967,1.2104722962202985,1.1505267537785944,0.000708103177046875,8.618250671700354,True,True,True,True,False,False
1352,1.6030775581838999,1.1666666770692065,1.0942687657573298,0.000757694241796875,8.376079421711921,True,True,True,True,False,False
1353,1.5341300965348088,1.211143714505838,1.0843429198098526,0.0006365776089062499,8.089836752852433,True,True,True,True,False,False
1354,1.3346638873519245,0.8452285508871009,1.0012541220614313,0.0006027221679375,6.590940648494448,True,True,True,True,True,True
1355,1.3137088546907485,0.995704478237149,0.9930106741930126,0.0006484985322187499,6.578462555755231,True,True,True,True,True,True
1356,1.508235834851003,1.2267080913894786,1.085455591541084,0.0006589889514374999,9.011720847802225,True,True,True,True,False,False
1357,1.3237817695963428,1.0401207971541204,1.0440638777397422,0.00070714950509375,7.278380555029575,True,True,True,True,True,True
1358,1.4249526879676644,1.1421421498170041,1.0778616686426308,0.0006589889519218749,8.308315836009756,True,True,True,True,False,False
1359,1.4841561954790594,1.1754736250262585,1.0482898583673292,0.000668525691609375,7.641717318718049,True,True,True,True,True,True
1360,1.3500107518644866,1.0279162622394036,1.012426155596721,0.0005669593795625,7.5140051120733276,True,True,True,True,True,True
1361,1.3414686211973166,1.069230737865647,1.054471676963957,0.000638961789484375,7.325922649391082,True,True,True,True,True,True
1362,1.6465147760196304,1.3074534480688251,1.1466585400805867,0.0007572174082812499,10.07616054468115,True,True,True,True,False,False
1363,1.7137462863101143,1.2592223790744788,1.120881126385572,0.0007495880125624999,9.89085297821047,True,True,True,True,False,False
1364,1.6649712618951562,1.24325727010265,1.0790085458622203,0.0006904602026875,9.234064633458969,True,True,True,True,False,False
1365,1.6701901270390018,1.218848139945918,1.1481599658163648,0.000691413875453125,9.689021991325589,True,True,True,True,False,False
1366,1.4223667704115728,1.0900090232928132,1.0586606975541863,0.0006270408636093749,7.0237181616908,True,True,True,True,True,True
1367,1.3884197230613051,1.0199822086638883,1.0345717270613777,0.000650882720671875,6.982053861835049,True,True,True,True,True,True
1368,1.63609894315717,1.2164031751414959,1.0672181794816842,0.0006780624376249999,8.850647064565841,True,True,True,True,False,False
1369,1.3904923153398216,1.0404427572047403,1.0087008167694624,0.000673294066421875,6.213752089870944,True,True,True,True,True,True
1370,1.435600949980204,1.0524444564189235,1.0571584718566338,0.000684738158578125,7.316333421778553,True,True,True,True,True,True
1371,1.4543671245469822,1.1061278982764875,1.0820068285239923,0.000726699827796875,8.159144983001672,True,True,True,True,False,False
1372,1.2957604054287017,0.8896734667258014,1.0698991653419359,0.000651359556234375,6.600399435754028,True,True,True,True,True,True
1373,1.3375055871845005,1.0635944577987047,0.9870627498491307,0.0006060600270000001,6.622818263576407,True,True,True,True,True,True
1374,1.4220592325644057,1.1146526896027076,1.0917144269467927,0.0006957054136249999,8.070999131888728,True,True,True,True,False,False
1375,1.3638321346067899,1.012992813032104,1.0414530465378173,0.0006241798390156249,6.965937194001311,True,True,True,True,True,True
1376,1.448777254466973,1.0086095628987128,1.0329964738884754,0.0006346702560156249,6.318305126449711,True,True,True,True,True,True
1377,1.2702309923345347,0.9991568318344713,1.00493316476428,0.00067615508928125,6.083906950851962,True,True,True,True,True,True
1378,1.6750940777013439,1.2650103731413658,1.1382552127627439,0.0007047653166718749,10.387692025358607,True,True,True,True,False,False
1379,1.6789233362247389,1.240223494739729,1.1153663792036432,0.00072288512909375,9.457258102548064,True,True,True,True,False,False
1380,1.5938233403687248,1.1421616501314291,1.0887229200859192,0.0006513595584531249,9.109993425892995,True,True,True,True,False,False
1381,1.3176108365317334,1.069683225379334,1.0254953848097499,0.000641822815265625,7.619785779114795,True,True,True,True,True,True
1382,1.6086741388954238,1.09904155093893,1.1143043346867216,0.0007486343387343749,9.565008321654416,True,True,True,True,False,False
1383,1.583946317374265,1.1636536475444657,1.0739822279604008,0.0006899833652812499,8.531135099579243,True,True,True,True,False,False
1384,1.4438817822386327,1.1494644952489905,1.0910587307020831,0.0006728172282187499,7.638308865410905,True,True,True,True,True,True
1385,1.5201416521792364,1.217794775124502,1.1258168846054784,0.0006265640269218749,9.076702596759239,True,True,True,True,False,False
1386,1.3838614092804524,1.0610105017066613,1.060585801662177,0.000648021698,6.56589212390521,True,True,True,True,True,True
1387,1.5395148384359185,1.0995707673449597,1.0524374743634286,0.0006546974191093749,7.096561057011872,True,True,True,True,True,True
1388,1.2868410729975592,1.001849278640063,0.9860130327364077,0.00060319900434375,6.566779339655113,True,True,True,True,True,True
1389,1.5201366489714008,1.14471327368559,1.0923820210215298,0.000635623930578125,8.140116488863974,True,True,True,True,False,False
1390,1.7134711984608018,1.28228230272122,1.1336523118802218,0.00074148177909375,9.400642480001636,True,True,True,True,False,False
1391,1.4747413827717433,1.0591397953650135,1.0523731661200253,0.000726699826359375,7.196953692316615,True,True,True,True,True,True
1392,1.5015717158172723,1.0714931754340833,1.0418625913839425,0.000712871549828125,7.393884985652204,True,True,True,True,True,True
1393,1.4206499413674436,1.1250000078167937,1.0732737466966928,0.00068187713384375,7.897842439671895,True,True,True,True,True,True
1394,1.5202010856517354,1.1630110035796508,1.0544894186490137,0.0005836486794687499,7.956251573717058,True,True,True,True,True,True
1395,1.3374843006672894,1.0208888720598912,1.0183203466043727,0.000613212583234375,6.416375637917436,True,True,True,True,True,True
1396,1.5990985084871174,1.2143569582016869,1.1238907372710656,0.0007152557381875,8.96968926644512,True,True,True,True,False,False
1397,1.319890450339588,1.0642551155199103,1.0427084654609218,0.00060176849375,6.281371304552818,True,True,True,True,True,True
1398,1.6533526614266731,1.1966604682054656,1.0924592418983858,0.00070238113325,9.475782626356793,True,True,True,True,False,False
1399,1.194862924751206,0.8987123934477503,0.9529696579701586,0.000503540038296875,5.349449776482962,True,True,True,True,True,True
1400,1.4249121219648175,1.0541740669915858,1.084603038602312,0.0006527900696875,7.895078227451084,True,True,True,True,True,True
1401,1.4781245705452077,1.2339602176897182,1.1146771541102327,0.000563621519265625,8.364493492288235,True,True,True,True,False,False
1402,1.3646189049390862,0.913978457465781,0.9612074665052248,0.0006122589114687499,7.0400536794362685,True,True,True,True,True,True
1403,1.4525134833544884,1.056000010194489,1.1216872483154683,0.0006961822494843749,7.644760840638578,True,True,True,True,True,True
1404,1.2586535034063007,0.8755238966069326,0.9986628777619924,0.00059318542453125,6.847994473631267,True,True,True,True,True,True
1405,1.4602144142799103,1.0218978032355484,1.0669597410208147,0.0006108283999375,7.821428532069387,True,True,True,True,True,True
1406,1.3226548358479715,0.9712199338108904,1.0251939525516174,0.000668048858171875,6.720047311179206,True,True,True,True,True,True
1407,1.6139796113128737,1.2826087398973813,1.1496099898285477,0.000741004944265625,9.644051465207022,True,True,True,True,False,False
1408,1.4551955866810076,1.1674254052711333,1.0502093395914058,0.00058317184346875,7.506696118940608,True,True,True,True,True,True
1409,1.3010818197909482,0.9350649204585696,1.0468368664097958,0.000609397886875,6.464660402916407,True,True,True,True,True,True
1410,1.5256617055301684,1.1622137310301264,1.1288530135135857,0.000711917877265625,8.721783536921556,True,True,True,True,False,False
1411,1.6735700180867554,1.1974078077357966,1.1276490730986992,0.0007867813071562499,8.666614749318512,True,True,True,True,False,False
1412,1.9325145881948678,1.3863905227808662,1.1534483661570338,0.0006260871857656249,11.341240099164265,True,True,True,True,False,False
1413,1.570749315769798,1.1306266858492993,1.0993376925041833,0.000764369961765625,10.337829751493494,True,True,True,True,False,False
1414,1.6063952252473106,1.2228202401834443,1.0386645734314954,0.000633716582609375,8.127708591643142,True,True,True,True,False,False
1415,1.6926385520572105,1.2344498002617894,1.1339644135968103,0.000756263730421875,10.759463738496931,True,True,True,True,False,False
1416,1.4514363994733213,1.0224331311565635,1.1168747098759764,0.0006403923046406249,7.95681246944758,True,True,True,True,True,True
1417,1.5072628917645974,1.1239631249769246,1.0520958309463424,0.00076532363728125,8.281356842280363,True,True,True,True,False,False
1418,1.4145342656893318,1.0719131628730407,1.0622522818065228,0.000761032100921875,7.594912296560791,True,True,True,True,True,True
1419,1.6639092929802448,1.2260077379025303,1.1128015177391717,0.0007605552662656249,11.538812068396318,True,True,True,True,False,False
1420,1.670695621633879,1.274327153546237,1.1276068911078199,0.0007805824270624999,9.443445683765004,True,True,True,True,False,False
1421,1.478079976921971,1.1856459788795028,1.1461049076874383,0.0007262229910156249,8.026178253565892,True,True,True,True,False,False
1422,1.38783673443511,1.0282655224015589,1.0460584081968247,0.000661373138890625,7.972045942998523,True,True,True,True,True,True
1423,1.448909990223555,1.116729434543562,1.0397221614596293,0.0006303787221406249,7.98431840553288,True,True,True,True,True,True
1424,1.6692774741444152,1.27462220664324,1.1583336511154512,0.000686645506765625,10.385880414581933,True,True,True,True,False,False
1425,1.3414686211973166,1.01176467535587,1.0387347887798901,0.00059652328453125,7.076420545672546,True,True,True,True,True,True
1426,1.6334181368693126,1.2484536164141737,1.1175719250354879,0.0007171630840312501,9.588857655608958,True,True,True,True,False,False
1427,1.4249229109798969,1.0547016749011329,1.0649521602227,0.000676631925875,6.793901158423824,True,True,True,True,True,True
1428,1.3446721255416019,0.9921798671710846,1.0670129273192508,0.000545024868140625,7.282137503030095,True,True,True,True,True,True
1429,1.6570608388135415,1.277168527821601,1.1279811896367808,0.0007243156408437499,10.006231493559898,True,True,True,True,False,False
1430,1.4071908279709078,1.0533333430423704,1.054884589748095,0.0006704330441718749,6.8664147068658385,True,True,True,True,True,True
1431,1.6495665876583745,1.1813820203359726,1.0998791708930709,0.000686168670421875,8.619011632625302,True,True,True,True,False,False
1432,1.4937335046986648,1.2362755340848928,1.1041542643336224,0.000703811645328125,8.111196648817893,True,True,True,True,False,False
1433,1.342397844980366,1.0107526753853624,1.0270894113599056,0.000655174254578125,5.366542635498837,True,True,True,True,True,True
1434,1.4638576580454232,1.1856459788795028,1.0831229667780078,0.0006341934204375,7.316930625387915,True,True,True,True,True,True
1435,1.5444481299656208,1.196640315085691,1.0737947656834832,0.000648021696546875,8.449486056951798,True,True,True,True,False,False
1436,1.7292586777035466,1.2592223790744788,1.1220964606691382,0.000699996948796875,8.692909255705798,True,True,True,True,False,False
1437,1.6695807280540074,1.2652733388590554,1.1328482725333981,0.00066471099625,9.371727040545654,True,True,True,True,False,False
1438,1.4282514252274887,1.0334538777048414,1.003102696514688,0.0005826950066875,6.966654881075619,True,True,True,True,True,True
1439,1.6011251119738983,1.2074688606270552,1.1174187172966945,0.0006928443876874999,7.597156134038392,True,True,True,True,True,True
1440,1.3168899988249034,1.0426666671521183,0.9949975619060477,0.000625610352171875,6.655289181713663,True,True,True,True,True,True
1441,1.6217201266443775,1.2787788081238403,1.128981019683657,0.0006847381564375,9.946800697408015,True,True,True,True,False,False
1442,1.8188269491220204,1.3798850543758594,1.1362551895405006,0.000679492947734375,9.348662593905614,True,True,True,True,False,False
1443,1.5284597583726978,1.147959158549393,1.0793378390376185,0.0006833076466875,8.119839450988561,True,True,True,True,False,False
1444,1.767094651989692,1.364245810158135,1.1521936157581125,0.0007619857768124999,10.921458177767583,True,True,True,True,False,False
1445,1.428394561130807,1.0529172078907298,1.109645118326514,0.0006618499725624999,7.808254468355786,True,True,True,True,True,True
1446,1.4326121856236813,1.1528471742673316,1.0704797820909857,0.0006012916560468749,7.9457638154009045,True,True,True,True,True,True
1447,1.4977305906375349,1.1306266858492993,1.143184204548755,0.0007414817807656249,8.579400820449974,True,True,True,True,False,False
1448,1.5659673283630882,1.227318091040157,1.1046953486788225,0.00068998336590625,9.839027235618737,True,True,True,True,False,False
1449,1.5720704947521633,1.152111374097209,1.0653797574969743,0.0006742477396874999,7.870186449700834,True,True,True,True,True,True
1450,1.226201278892567,0.8878191510920942,0.9846426648659529,0.000619411468265625,6.688529070878301,True,True,True,True,True,True
1451,1.485144544668329,1.1593352804614876,1.0737432997630245,0.00062561035240625,7.980378907576026,True,True,True,True,True,True
1452,1.7330454682788674,1.3855748457904866,1.205408319209367,0.0006608963000468749,11.524872007421008,True,True,True,True,False,False
1453,1.6290038898181125,1.1874391702108433,1.1368607106736999,0.000720024105984375,11.07013048569401,True,True,True,True,False,False
1454,1.538183313581979,1.1920821077030985,1.1148754662697635,0.00069570541259375,8.152351164527728,True,True,True,True,False,False
1455,1.5787964879963148,1.2293666545961761,1.1719238595230763,0.000671386716765625,10.605481929830841,True,True,True,True,False,False
1456,1.5176497097186072,1.1067872904645866,1.0865796480989494,0.000752449036328125,8.229261479694578,True,True,True,True,False,False
1457,1.5173448002932952,1.109482327908901,1.0772953990104146,0.000629901883890625,7.185382736419751,True,True,True,True,True,True
1458,1.5233836122410613,1.118381447539609,1.1169134850036602,0.00072860717690625,8.106141743921132,True,True,True,True,False,False
1459,1.730825734649053,1.3843575636827317,1.1340795509586334,0.0006537437407031251,10.839046176337954,True,True,True,True,False,False
1460,1.5890032092068145,1.138195822771654,1.0562167699196428,0.000658035276921875,7.611554526952709,True,True,True,True,True,True
1461,1.4768373870030373,1.0911414470980294,1.0642183736933812,0.0007958412163593749,8.700492033835715,True,True,True,True,False,False
1462,1.3095221626512106,1.0304720588822653,0.9851725191797271,0.000587940217765625,6.880070788653653,True,True,True,True,True,True
1463,1.5254479009842468,1.1276190487187447,1.0766048644612198,0.000596523285234375,8.693940904554932,True,True,True,True,False,False
1464,1.3720021581793953,1.0692717556457068,1.0500125069306774,0.0006666183488125,6.958460504043364,True,True,True,True,True,True
1465,1.2851893325587644,0.9823477940092978,1.040367662001879,0.0005698204032812499,6.157795036918833,True,True,True,True,True,True
1466,1.5053243981961322,1.1791563431880672,1.0804082197977127,0.000648975371421875,8.398097735172874,True,True,True,True,False,False
1467,1.4203563603187481,1.0421959346421157,1.0377689990708026,0.000653266907296875,7.213544162028516,True,True,True,True,True,True
1468,1.5919198868026574,1.1951456403186125,1.0938304990755086,0.000646114347140625,9.390207348421711,True,True,True,True,False,False
1469,1.5873584778187684,1.1814556637186358,1.1166873953847685,0.00069284438946875,8.882318434665118,True,True,True,True,False,False
1470,1.4751010364100663,1.100185497880567,1.0435963359029166,0.0006675720246874999,7.293916844688066,True,True,True,True,True,True
1471,1.4959721637887509,1.159255855700082,1.067725830555405,0.0007176399255781249,7.0509090728335435,True,True,True,True,True,True
1472,1.532630324005915,1.1468381777058185,1.091617367996362,0.0006251335109999998,8.646741467081617,True,True,True,True,False,False
1473,1.3863222458126185,1.0980018847055908,1.0049692872137825,0.0006489753712499999,6.760480707723093,True,True,True,True,True,True
1474,1.6078790833758585,1.232232265098701,1.1617075483534283,0.0007348060579999999,10.037674897180356,True,True,True,True,False,False
1475,1.5262172049673473,1.0770065060117728,1.0983573708170846,0.000620841980078125,8.177551145795027,True,True,True,True,False,False
1476,1.5919198868026574,1.2490784754786992,1.0919763655329304,0.0006637573235781251,9.670168473863415,True,True,True,True,False,False
1477,1.5740992756210819,1.1104868759443955,1.0677153305728024,0.0006456375135781249,8.963706428128951,True,True,True,True,False,False
1478,1.5147847777584644,1.1719367562056586,1.0965606072180556,0.00059795379509375,7.960424578024608,True,True,True,True,True,True
1479,1.5005124315467449,1.141935497022982,1.0887510747475249,0.0007009506222812498,8.589246944530393,True,True,True,True,False,False
1480,1.4249121219648175,1.0851254507912282,1.062191966759206,0.0006585121160625,7.895977631016277,True,True,True,True,True,True
1481,1.5990535986011793,1.188311657717274,1.0483842883094443,0.000771522520328125,8.681748282429956,True,True,True,True,False,False
1482,1.2871242888191718,1.0340501803164914,1.0645421079606663,0.00066661834778125,6.43327068720218,True,True,True,True,True,True
1483,1.4685691491051003,1.0434782859418494,1.0265521986867612,0.0006461143508125001,7.49309542021667,True,True,True,True,True,True
1484,1.5951593401367086,1.2310880971087335,1.1363028500699153,0.00063562393115625,9.75091684599827,True,True,True,True,False,False
1485,1.541899194640667,1.27207394963841,1.087911865210542,0.000689029691640625,9.24760968206428,True,True,True,True,False,False
1486,1.6274804085481511,1.2690246690712923,1.1888612079124794,0.000754833221421875,9.753742602105374,True,True,True,True,False,False
1487,1.681279938144227,1.2627119016450323,1.1455616551577807,0.0007009506217187499,9.81135168916816,True,True,True,True,False,False
1488,1.843923614770198,1.3396017962954034,1.0850934931653748,0.0006861686714218749,10.253999337819636,True,True,True,True,False,False
1489,1.5933327596366105,1.1580952392246568,1.0298735822173395,0.00073385238178125,8.14508517397942,True,True,True,True,False,False
1490,1.8850368439088798,1.4045977006732093,1.1720008823920678,0.0006675720212968749,10.807730074850886,True,True,True,True,False,False
1491,1.3663990520349094,1.0047664476422102,1.024748401919923,0.000594615934015625,7.010373038950866,True,True,True,True,True,True
1492,1.3407365313460236,1.023076863198053,1.0136103039300102,0.0005688667277343749,6.328531495912485,True,True,True,True,True,True
1493,1.605848014660811,1.1861904912444374,1.1240563958020235,0.000747203824828125,9.637901356578327,True,True,True,True,False,False
1494,1.3643802569219086,1.0467331279188181,1.0431614051222038,0.00065040588309375,6.20112350630248,True,True,True,True,True,True
1495,1.4565196557569575,1.0638085760686435,1.049164329858625,0.00061178207125,8.274853060713314,True,True,True,True,False,False
1496,1.561072618407281,1.1643639744520755,1.1095663618170604,0.0007095336893593751,9.022529279352867,True,True,True,True,False,False
1497,1.77803749608854,1.3780281970953707,1.188064781576511,0.0007743835425,11.169011473894336,True,True,True,True,False,False
1498,1.3586239222864287,0.9894434046771131,0.9868409508226863,0.0005626678451093749,7.015673030238251,True,True,True,True,True,True
1499,1.4922132953235898,1.1999999797311338,1.0247991838850385,0.0006761550883281249,7.9338987660834706,True,True,True,True,True,True
1500,1.460729494752286,1.0861456459607344,1.0355414434608672,0.000632762907078125,7.507678433605604,True,True,True,True,True,True
1501,1.5717895953047962,1.1837732095655333,1.170951233863765,0.0006861686688437499,8.614491012510777,True,True,True,True,False,False
1502,1.3168899988249034,0.9956859330538167,1.007228352118856,0.000582695007109375,6.725107871047982,True,True,True,True,True,True
1503,1.4292200535544684,1.0253333051771254,1.0779574722599103,0.00063419341846875,7.596354508656148,True,True,True,True,True,True
1504,1.5790369888568674,1.0840000116508444,1.0918727708490947,0.0007314682004218749,7.11640793896231,True,True,True,True,True,True
1505,1.6983272839444734,1.2652838260603725,1.1204357905405984,0.000676155087578125,9.608564170891478,True,True,True,True,False,False
1506,1.523342956837031,1.168494547215161,1.0718831263012412,0.00063896179240625,8.629067997790026,True,True,True,True,False,False
1507,1.5709294074305709,1.1246431881299404,1.0900271850443661,0.000714302059734375,7.706306638237705,True,True,True,True,True,True
1508,1.3407365313460236,1.0705244568985235,1.045958196879915,0.0006127357497656249,6.870398414640249,True,True,True,True,True,True
1509,1.5864615594877658,1.0854430820408834,1.051536378872946,0.0006303787226406249,8.320949227437051,True,True,True,True,False,False
1510,1.2688925803532163,0.9150129334645899,0.9860424725136092,0.0006160736086874999,7.550444025086589,True,True,True,True,True,True
1511,1.4423577097123825,1.133187781048874,1.1223230797829222,0.00054693222025,7.209531094267962,True,True,True,True,True,True
1512,1.7119695782633537,1.3303370556921605,1.113843419901195,0.000693798061859375,10.193980343882124,True,True,True,True,False,False
1513,1.6926385520572105,1.282652104127102,1.197676162028573,0.0007328987121562499,11.476937931600261,True,True,True,True,False,False
1514,1.7522386911730239,1.2621761772392281,1.074720392270446,0.000627040861828125,8.377456722244416,True,True,True,True,False,False
1515,1.380206023804374,1.00811270316824,1.0356971103192,0.0006613731394531249,6.737376860284897,True,True,True,True,True,True
1516,1.3991457159955119,1.1501976004304395,1.0723152006349688,0.0006775855998125,8.234297831230174,True,True,True,True,False,False
1517,1.5564456509031823,1.1016949027953424,1.0542425342288102,0.0006422996519374999,7.65220031228922,True,True,True,True,True,True
1518,1.5122676085489595,1.0927419408116545,1.0485972856219932,0.000650405882671875,7.652811972779129,True,True,True,True,True,True
1519,1.4627037987556673,1.1001037341753759,1.1042463885298537,0.00062274932584375,8.767810000271563,True,True,True,True,False,False
1520,1.4010991211269401,1.0429475617170194,1.0733101239045664,0.000648975371953125,7.206498951845652,True,True,True,True,True,True
1521,1.5440039017150522,1.1502392526562892,1.0992773083974867,0.000679492949140625,8.406283169024908,True,True,True,True,False,False
1522,1.5216920316412743,1.165076334744129,1.0770402977818156,0.00070333480690625,8.3404922614897,True,True,True,True,False,False
1523,1.3583586314708067,0.9635317144410186,1.0365606065015496,0.000591278077875,7.207122055061378,True,True,True,True,True,True
1524,1.5540270259687021,1.312284689593733,1.0723292596749348,0.0006246566768125,8.81199476836464,True,True,True,True,False,False
1525,1.6126777432364132,1.1873015901322106,1.1485255609580274,0.00079441070378125,8.420466257937077,True,True,True,True,False,False
1526,1.6683515407652494,1.2645161632349897,1.1410669140928813,0.0007414817808281249,10.030451572703164,True,True,True,True,False,False
1527,1.3712179868999212,0.9475190778234368,1.0963482664155582,0.0005660057060625,6.937166754644534,True,True,True,True,True,True
1528,1.4819005281668338,1.1418886563171884,1.0736871584226442,0.000635623928484375,6.9982810093269165,True,True,True,True,True,True
1529,1.2909720075201956,1.0342187765151911,1.0391718229304379,0.0006437301628281249,6.603155066942129,True,True,True,True,True,True
1530,1.7142758048104672,1.35921326947983,1.1469680991697542,0.0007228851304218751,9.216381108223517,True,True,True,True,False,False
1531,1.5509106094884195,1.1663653427722558,1.0728269665592534,0.0007162094114374999,8.558128761555214,True,True,True,True,False,False
1532,1.5846096057208332,1.2073778967255848,1.1306788633428406,0.000695228575484375,9.58387114535943,True,True,True,True,False,False
1533,1.5592553952197306,1.1345532917378431,1.1413509623419356,0.0005750656125,9.462653646500518,True,True,True,True,False,False
1534,1.585431072649385,1.1717850840497666,1.0594615278778905,0.0006155967697187499,7.853641559321374,True,True,True,True,True,True
1535,1.4143071291994216,1.1573499201831208,1.0291293194962094,0.0006222724874375,7.270653633849261,True,True,True,True,True,True
1536,1.4736498588713767,1.1109523856929668,1.1065219266619801,0.000656604767390625,8.144652051558767,True,True,True,True,False,False
1537,1.3433039695074376,1.0500454398813077,1.0430595956467774,0.000589370728234375,7.425870587519758,True,True,True,True,True,True
1538,1.5284525985608848,1.0776930137890024,1.1100412320759745,0.0006728172296406249,7.366548956228987,True,True,True,True,True,True
1539,1.6669644460029478,1.273311912379842,1.1432804181632312,0.00069522857634375,10.26227704207766,True,True,True,True,False,False
1540,1.3441057675438053,1.0108499563290831,1.0669631407783788,0.0006685256938750001,6.548554022536388,True,True,True,True,True,True
1541,1.6320219686440856,1.184446691232322,1.1486328814111815,0.0006604194638906249,9.702150508782053,True,True,True,True,False,False
1542,1.5706595223051156,1.2710681818451648,1.1156193227659332,0.00068807602240625,9.830553080506807,True,True,True,True,False,False
1543,1.8764089107623227,1.4757683350420336,1.1872273343703692,0.000709533690296875,11.989537208611154,True,True,True,True,False,False
1544,1.3944562860904346,1.0136804957946046,1.089563388982375,0.0006422996513125001,6.3125483257334905,True,True,True,True,True,True
1545,1.610648974910021,1.224637703282024,1.0903371588018258,0.0007429122916249998,8.985634139604304,True,True,True,True,False,False
1546,1.3540840228001136,1.0387038901913914,1.065219065500082,0.0006861686731718749,6.946756783093234,True,True,True,True,True,True
1547,1.466072706821331,1.0762828953958876,1.0901090054706666,0.0006432533246875,8.103510150061668,True,True,True,True,False,False
1548,1.5781755158720778,1.1754736250262585,1.11696003713176,0.0006794929468125,8.601057796152928,True,True,True,True,False,False
1549,1.6166977494612258,1.2125813518022595,1.133028440487689,0.000592231751046875,8.44503374059222,True,True,True,True,False,False
1550,1.378709712368208,1.0591397953650135,1.1050234275897994,0.0006384849551406249,7.169071588705555,True,True,True,True,True,True
1551,1.3840531141210308,1.0300207208417373,1.0257961813267855,0.00051307678021875,7.411794389948266,True,True,True,True,True,True
1552,1.504645159039816,1.1052631571507197,1.0880695861672554,0.00077486037971875,8.651997625809734,True,True,True,True,False,False
1553,1.4373195484113708,1.051075263134235,1.036599909486099,0.000668048857859375,6.463873664309436,True,True,True,True,True,True
1554,1.240542635418245,0.9902568892254373,0.9792435606908506,0.000515937802828125,6.074374288324588,True,True,True,True,True,True
1555,1.5739587611902601,1.2042574866618212,1.1612215804070023,0.000691413877859375,9.4628932896685,True,True,True,True,False,False
1556,1.4915781923601714,1.094009209317981,1.0949938687882892,0.0006327629085,7.701450285345397,True,True,True,True,True,True
1557,1.46986874514042,1.140316202781984,1.0746479403405502,0.0006194114677656249,7.377076423776573,True,True,True,True,True,True
1558,1.638526278872403,1.2455958661384738,1.1001068732014492,0.0006995201106562499,8.786367365799336,True,True,True,True,False,False
1559,1.4624048886037344,1.0759662396724026,1.0710693736005066,0.000675201414625,7.858285927114067,True,True,True,True,True,True
1560,1.375031367609936,1.0433996771788943,0.9978921377032567,0.00059509277078125,6.96936698377096,True,True,True,True,True,True
1561,1.5465968068776028,1.2218829710454275,1.1070229071468976,0.0006651878366406251,8.560996439975654,True,True,True,True,False,False
1562,1.8595593593242474,1.3597161761754355,1.1833495676223549,0.0007624626129531249,12.75727183166363,True,True,True,True,False,False
1563,1.456922596239483,1.0512268794990849,1.062396029228516,0.000713348387953125,7.57950177294886,True,True,True,True,True,True
1564,1.5424673637798734,1.1297709879508187,1.1414758901028097,0.0006375312777656249,8.364082186702236,True,True,True,True,False,False
1565,1.3778121507327228,1.0515555697954766,1.0523746023348297,0.00075435638240625,6.681727046371545,True,True,True,True,True,True
1566,1.3391265714787544,0.8914431646774067,1.073458237494312,0.000636100768234375,6.630207190551595,True,True,True,True,True,True
1567,1.7174974988317657,1.3438864776247594,1.1401395137226522,0.000684738158203125,11.384926108923231,True,True,True,True,False,False
1568,1.8298898394238763,1.302247148401667,1.1133891821184696,0.000651836394734375,10.481148193403683,True,True,True,True,False,False
1569,1.5512142633995394,1.1935483876134079,1.1355933836575212,0.000748157498625,9.375578698981116,True,True,True,True,False,False
1570,1.5288079019274765,1.1143540587488234,1.0560044318183421,0.0006265640282343749,7.852652834140711,True,True,True,True,True,True
1571,1.4295650993180204,1.0610105017066613,1.116972481697646,0.0006446838370156251,6.879452726567413,True,True,True,True,True,True
1572,1.4303536086116562,1.0609319054824065,1.0568157329683068,0.0006804466239375,6.807808243309416,True,True,True,True,True,True
1573,1.3915733346689632,1.0115285851821765,1.0136607522112753,0.0006518363939531249,7.167588878500216,True,True,True,True,True,True
1574,1.4133180005411228,1.069168221615978,1.0458147875134352,0.00068902969321875,7.363211783080221,True,True,True,True,True,True
1575,1.4999433982882442,1.1217887711142758,1.0550551986771175,0.000637531281828125,6.75714758282758,True,True,True,True,True,True
1576,1.4250917518580954,1.0661634081956026,1.0342771555692416,0.000711917875875,7.760108034285443,True,True,True,True,True,True
1577,1.4433123821096705,1.0577777907231607,1.0802834488238886,0.0006098747246406249,7.0855646522557665,True,True,True,True,True,True
1578,1.6796559385850849,1.2329389793677894,1.1594304071115165,0.000771999358921875,10.303471457996354,True,True,True,True,False,False
1579,1.4586889847553786,1.159235626059593,1.0761852709099433,0.00069141387746875,7.510181511452267,True,True,True,True,True,True
1580,1.3342746430229775,0.9647378085850977,1.0489837384046472,0.0006322860699218748,7.399179119315027,True,True,True,True,True,True
1581,1.4293751905905072,1.0734536332787765,1.0692699341116751,0.0007572174054375,7.2153082180468555,True,True,True,True,True,True
1582,1.5663127308881244,1.1131605586307092,1.0720648531323218,0.000615119933296875,7.7825253610326595,True,True,True,True,True,True
1583,1.6435094913628292,1.1864407122972789,1.1170514329700445,0.0006847381599375,8.117138882416592,True,True,True,True,False,False
1584,1.6275630581133347,1.2536232046290396,1.1597221838807155,0.0007190704363125,9.845625233778797,True,True,True,True,False,False
1585,1.532630324005915,1.257068066204536,1.0729493364432596,0.000727653504703125,8.517743499428517,True,True,True,True,False,False
1586,1.5340839621427933,1.1679960358232986,1.1106319947741878,0.000684738157625,8.868442341925071,True,True,True,True,False,False
1587,1.4065971504274495,1.0253279152756754,1.075462062992862,0.0006518363945937499,7.12916244503706,True,True,True,True,True,True
1588,1.4311922142456805,1.048000023301689,1.0293271730589657,0.000656127931421875,6.610004481050336,True,True,True,True,True,True
1589,1.447331548668128,1.0163089704435466,1.0975885433265824,0.000705718994234375,8.02441722199492,True,True,True,True,False,False
1590,1.2575353655938613,0.9526864438758001,0.9803671295833313,0.00059175491503125,5.9651370144321785,True,True,True,True,True,True
1591,1.4517517069031294,1.0346666511322071,1.0068964713931081,0.00065279006771875,7.16142538266886,True,True,True,True,True,True
1592,1.659426229858628,1.2652733388590554,1.1047368598035046,0.0007138252227656249,8.605356443070475,True,True,True,True,False,False
1593,1.5890032092068145,1.1884542077519957,1.0891034919115683,0.0006647109955625001,9.530197360650556,True,True,True,True,False,False
1594,1.5148993175483763,1.112950309544339,1.0500691824177395,0.00067806243746875,7.629740704362448,True,True,True,True,True,True
1595,1.2167246178154403,0.9504696723214083,0.9558240603115576,0.000533103942234375,6.258482516878687,True,True,True,True,True,True
1596,1.5423169676691229,1.1170948373594964,1.1186905079153748,0.000641345977390625,7.846211557588451,True,True,True,True,True,True
1597,1.7787623527083252,1.331331879867432,1.1291721916726902,0.000760078426625,11.390063688579628,True,True,True,True,False,False
1598,1.41770432570772,1.014517475823107,1.0910148524471313,0.0007138252245625,7.939862864090475,True,True,True,True,True,True
1599,1.7983236967788843,1.402808972320061,1.1719790333267013,0.00066614150834375,11.531660400737437,True,True,True,True,False,False
1600,1.538030196237,1.1262672740776658,1.1028770376010584,0.0007653236376875,8.08751575510047,True,True,True,True,False,False
1601,1.3361290245586552,0.983235548913451,0.986070964723882,0.0006184577944374999,6.096041988959227,True,True,True,True,True,True
1602,1.4143252999143328,1.1581108655828711,1.044254586925151,0.00061798095721875,6.633547941493493,True,True,True,True,True,True
1603,1.331961184915299,0.9990224853983406,1.0467308451743278,0.00056123733534375,6.575068333940894,True,True,True,True,True,True
1604,1.2038612526566563,0.8865280628600479,0.9684070632823308,0.0005412101737812499,6.260994751574325,True,True,True,True,True,True
1605,1.7613290201330445,1.2921900639567472,1.134344780975988,0.0006680488577968751,10.305264235052919,True,True,True,True,False,False
1606,1.5427476284382686,1.1621881477635603,1.155391216482233,0.000761508938875,9.822405095240434,True,True,True,True,False,False
1607,1.8875533546245744,1.4137931170853748,1.1787491953451184,0.0006756782525156249,12.920339298009678,True,True,True,True,False,False
1608,1.538522575745432,1.2442297297136857,1.1646371934668958,0.000638484953765625,9.112956840860646,True,True,True,True,False,False
1609,1.6806698868762013,1.2652849945903089,1.1510072573954782,0.000683784482703125,10.40265644243443,True,True,True,True,False,False
1610,1.2861495317863376,0.9486948963927282,1.0723032249836972,0.000668048857625,6.433165541627063,True,True,True,True,True,True
1611,1.407707551716467,1.0118576933678702,1.0482317972696853,0.000619888304125,7.170383673261244,True,True,True,True,True,True
1612,1.5968881610654801,1.2627119016450323,1.0695355539764888,0.000721454618359375,9.602680679297201,True,True,True,True,False,False
1613,1.4204826166884632,1.0601809505240285,1.0709945599139623,0.0006403923041406251,7.361898128618753,True,True,True,True,True,True
1614,1.440785531940767,1.1575274272741498,1.0525139247115929,0.000668048856171875,8.081346806403594,True,True,True,True,False,False
1615,1.2680134990282015,1.0305444762289697,1.0341965747901847,0.000652790065640625,5.839348032397327,True,True,True,True,True,True
1616,1.4087658692531202,1.080259264147658,1.0749231269451187,0.000582218170546875,7.1599109926454405,True,True,True,True,True,True
1617,1.4565196557569575,1.095482520744684,1.0848084202872694,0.0006113052385937499,7.194035909006766,True,True,True,True,True,True
1618,1.3248476805231317,1.016821588666931,1.079961335498078,0.000644683837078125,6.639716971072962,True,True,True,True,True,True
1619,1.6050997884983846,1.221837951943008,1.0439886217245997,0.00066709518271875,8.470285725710012,True,True,True,True,False,False
1620,1.407329099956257,1.027577413617064,1.068682155515313,0.0006794929486406249,6.104118243053283,True,True,True,True,True,True
1621,1.2599064405649167,0.9175627143848615,1.0116032142169704,0.0006690025333437499,6.163471667834456,True,True,True,True,True,True
1622,1.53868502566624,1.1837696098038013,1.1035715506963522,0.0006074905383125,8.603188434416579,True,True,True,True,False,False
1623,1.4268891421043854,1.0701040313606507,1.0673971217157132,0.000675201416125,7.346135720362372,True,True,True,True,True,True
1624,1.5703248689581168,1.1814556637186358,1.1689321663604018,0.000726699826734375,9.543357420865865,True,True,True,True,False,False
1625,1.379218141691519,1.0438684062565646,1.0496280898024604,0.000657081603078125,7.404457065122837,True,True,True,True,True,True
1626,1.485445646221761,1.227743285443206,1.083680318789236,0.00067329406653125,8.896379403627707,True,True,True,True,False,False
1627,1.385518941082478,1.0163089704435466,1.0245370891818348,0.0006680488560468749,7.625750725487745,True,True,True,True,True,True
1628,1.4236363427746157,1.0627240155997997,1.0833158215840264,0.0005941390992187499,7.16299859334236,True,True,True,True,True,True
1629,1.3984660802642532,1.091097331137945,1.0484580893500177,0.000581741333015625,7.872261578752971,True,True,True,True,True,True
1630,1.472145036627235,1.1679960358232986,1.0809097755600765,0.0006475448611562499,7.502110907943911,True,True,True,True,True,True
1631,1.5684784029918584,1.1653168066883313,1.1070820726282586,0.00067424773846875,8.674802719732542,True,True,True,True,False,False
1632,1.4444870015821156,1.0485437183120345,1.059861029989012,0.000707626343,7.231274297523425,True,True,True,True,True,True
1633,1.5238576483467312,1.1170598541541579,1.1138881427594602,0.000670909881515625,8.50844090457532,True,True,True,True,False,False
1634,1.232683824942864,0.841352436401031,0.9643050273767763,0.000530719756,5.840214367096535,True,True,True,True,True,True
1635,1.3168899988249034,0.948888909925136,1.0371680050154681,0.000694274902046875,6.024930453223163,True,True,True,True,True,True
1636,1.5152279730445062,1.1624318909937736,1.1131729613562018,0.00067520141403125,7.68041154323549,True,True,True,True,True,True
1637,1.5266346859765685,1.2285714443981497,1.127095058585105,0.00074720382534375,8.530677248292491,True,True,True,True,False,False
1638,1.5341300965348088,1.1573802512581688,1.0723689507831857,0.000581264496125,7.664131101327374,True,True,True,True,True,True
1639,1.4065971504274495,1.0764330706924097,1.0932998031557704,0.000639438628296875,8.186052843661322,True,True,True,True,False,False
1640,1.5859220091406308,1.1424694845220105,1.0800841632602063,0.000790119171515625,9.367836042627314,True,True,True,True,False,False
1641,1.3400801774902293,1.0615615690722555,0.9990459780833282,0.0005679130545,6.987148449290274,True,True,True,True,True,True
1642,1.4995539048203266,1.0983302151045886,1.0752358371169455,0.00066280364753125,7.381924559892452,True,True,True,True,True,True
1643,1.409563151872286,1.0995707673449597,1.0418516561826494,0.0007152557369375,7.3966363266031765,True,True,True,True,True,True
1644,1.322038207287271,0.9248554711167195,1.0063452171896627,0.0006160736066874999,6.195941805607135,True,True,True,True,True,True
1645,1.4216897842257437,1.0656488547708873,1.0740340502270123,0.0006046295145000001,6.718402333822522,True,True,True,True,True,True
1646,1.4037436814201394,1.0076661493285841,1.0450628799174182,0.0007209777806406251,6.709058366847823,True,True,True,True,True,True
1647,1.53047146169695,1.1769305913382775,1.094984990600689,0.000700950621,7.695005527467618,True,True,True,True,True,True
1648,1.4912754635450174,1.0108499563290831,1.0781618890008364,0.0006070137010937499,7.45505080724319,True,True,True,True,True,True
1649,1.6969820630314918,1.3729903697902217,1.1732666488577745,0.0007929801934531249,11.999643784038627,True,True,True,True,False,False
1650,1.7650024114636063,1.3120218557904313,1.1039468744503906,0.0006823539716093749,10.255911366896745,True,True,True,True,False,False
1651,1.647130358522707,1.23254620380532,1.118919286846069,0.0006694793729531249,8.917820932239453,True,True,True,True,False,False
1652,1.6237197030473327,1.222328237054717,1.1176199809936098,0.00077962875146875,9.052966308956252,True,True,True,True,False,False
1653,1.6342733061435795,1.0926829384385273,1.1303316847139262,0.000606536864671875,8.059959633143988,True,True,True,True,False,False
1654,1.673443965560446,1.2660455671950932,1.1349154496630982,0.0006780624382031249,11.94269075015557,True,True,True,True,False,False
1655,1.5464589102420416,1.2360604517182385,1.1211839540007467,0.0006513595587187499,8.95224318090389,True,True,True,True,False,False
1656,1.5103199040876394,1.1632453548837653,1.1102161744936032,0.0006709098812343749,8.376404180336998,True,True,True,True,False,False
1657,1.7263124114217,1.2313278144406608,1.0893327519673446,0.000680446621390625,9.780460379519218,True,True,True,True,False,False
1658,1.375308151618419,1.0879120554316317,1.1021103616016155,0.000614166259296875,7.292542563504847,True,True,True,True,True,True
1659,1.457854497903872,1.040378031251214,1.0645205913335039,0.0007205009455781249,7.372076314655159,True,True,True,True,True,True
1660,1.4974621202905085,1.0879120554316317,1.0877797660503392,0.00070381164428125,8.390820721977148,True,True,True,True,False,False
1661,1.3564245769473384,1.0693614394558915,0.980630792184603,0.0007019042970156249,6.204966072136946,True,True,True,True,True,True
1662,1.3059742368183616,1.0339806049875326,1.0793943779362958,0.00067710876378125,6.641868021681923,True,True,True,True,True,True
1663,1.5215532442301838,1.1308900352489941,1.0709320525657513,0.000704288480453125,8.167764356620914,True,True,True,True,False,False
1664,1.4193892914954547,0.9795150007431705,1.0556481616770854,0.0006856918319218749,6.225978428835312,True,True,True,True,True,True
1665,1.4086901901816697,1.1074856486688471,1.0892969105317603,0.0006375312789531249,7.452646834660072,True,True,True,True,True,True
1666,1.6137661833850518,1.223029071912674,1.0714570743790661,0.0007119178762187501,8.272640941532437,True,True,True,True,False,False
1667,1.347336369701845,1.058991440880028,0.9828214593914762,0.000578880310765625,6.947754610209688,True,True,True,True,True,True
1668,1.4005649190959895,1.0928641273922461,1.0341261691591301,0.0006079673745312499,7.033853455517801,True,True,True,True,True,True
1669,1.5339816807988729,1.152784378513475,1.0758136876019304,0.0006942749009843749,8.330733370625893,True,True,True,True,False,False
1670,1.7114536780075664,1.299327319254359,1.14462019894527,0.00066709518246875,9.604858784559141,True,True,True,True,False,False
1671,1.5307954129225794,1.1566666636499303,1.1131143500764775,0.00063800811559375,8.628925089662328,True,True,True,True,False,False
1672,1.6807656603170165,1.2652733388590554,1.0939139222072896,0.0006780624372031249,8.530710826428269,True,True,True,True,False,False
1673,1.5044911817471507,1.1461208864384962,1.0838689306468812,0.0006294250507812499,7.5735130426933805,True,True,True,True,True,True
1674,1.7814245884564064,1.335152839736237,1.1056332322958646,0.000750541688265625,9.890472899557167,True,True,True,True,False,False
1675,1.2394776280551891,0.9476110603126228,1.0415160170491218,0.000574111937609375,6.127883841680144,True,True,True,True,True,True
1676,1.5976902589439093,1.2153209143968213,1.0733092863265414,0.00071239471403125,8.512232826364544,True,True,True,True,False,False
1677,1.4806055858739624,1.0378820654696186,1.1073688876363068,0.0006728172274375001,7.355735754457496,True,True,True,True,True,True
1678,1.5821094211975886,1.1330316403941947,1.0688563431348648,0.0006923675511093749,8.0851698829576,True,True,True,True,False,False
1679,1.5448664376210122,1.157157700590555,1.0893726762860338,0.00054025650128125,8.030273870725944,True,True,True,True,False,False
1680,1.6144354425396736,1.1923809593952364,1.0522604642361806,0.000761508938640625,9.116461258549753,True,True,True,True,False,False
1681,1.3715150278668247,1.0095022377874336,1.0445879202048873,0.00064420699940625,6.703864732730555,True,True,True,True,True,True
1682,1.5797408259801782,1.1593352884693076,1.0971684259356358,0.0006742477403906249,8.23818555028857,True,True,True,True,False,False
1683,1.5757238236802225,1.1920821077030985,1.1505645067418924,0.0006842613230156249,8.968070740561247,True,True,True,True,False,False
1684,1.39137322541361,1.0950834702466261,1.0706540837109824,0.000638484955734375,6.420956427257027,True,True,True,True,True,True
1685,1.4406674396021262,1.1477754458925598,1.0233533320597568,0.00066423416090625,6.768060554421903,True,True,True,True,True,True
1686,1.439864976075272,1.098101307638796,1.0995894679065692,0.0007295608502343751,8.782130477918916,True,True,True,True,False,False
1687,1.5641666186362455,1.1578695327242112,1.1836844612617017,0.0006990432751249999,10.137574252422322,True,True,True,True,False,False
1688,1.5138566168474419,1.0826666744338964,1.0782125919722574,0.000694751737453125,8.03374540876698,True,True,True,True,False,False
1689,1.5210908046041791,1.1335877798748324,1.1159887175875751,0.0006766319266406249,8.173831137612916,True,True,True,True,False,False
1690,1.4320196446170381,1.0180412617819825,1.0483879134007639,0.00061464309440625,6.987584138270177,True,True,True,True,True,True
1691,1.4316996736387018,1.0854430820408834,1.0784415446104219,0.000664710997828125,7.340122888555582,True,True,True,True,True,True
1692,1.5518551446005657,1.1217887711142758,1.1223271673695265,0.000649452208453125,7.50972015174851,True,True,True,True,True,True
1693,1.5057053845893613,1.1511819610482688,1.0786878295464026,0.0006241798392187499,8.010210034462482,True,True,True,True,False,False
1694,1.4842045088144535,1.1577510817151466,1.0739413639869344,0.00064325332503125,7.957349920380375,True,True,True,True,True,True
1695,1.4928898067690424,1.060203643476728,1.030287277075487,0.000742912289203125,7.6899430795194625,True,True,True,True,True,True
1696,1.5293109133785547,1.24219590749195,1.1022721355089558,0.000614166258703125,8.589320718853026,True,True,True,True,False,False
1697,1.5280944712190578,1.168972336911122,1.106815036478024,0.000704288479609375,8.475896508709125,True,True,True,True,False,False
1698,1.4444991988069507,1.0465949878407523,1.055041270035435,0.000690937040375,6.944099972588724,True,True,True,True,True,True
1699,1.5767398709284675,1.2000988123575125,1.0817762824809856,0.00075149535921875,8.895639459993346,True,True,True,True,False,False
1700,1.5632962742644854,1.18353513489368,1.1425109624130318,0.0007076263415312499,8.56344005352433,True,True,True,True,False,False
1701,1.6485807503891967,1.1726190678837356,1.0843992655734447,0.0006022453299062501,8.310382454554777,True,True,True,True,False,False
1702,1.5684784029918584,1.134562213860426,1.098432897200674,0.000701427456203125,9.126649688589396,True,True,True,True,False,False
1703,1.5711961080928183,1.161750702867356,1.0865164259287206,0.0007090568534218751,8.095923517261948,True,True,True,True,False,False
1704,1.5310540363974534,1.0730286781368172,1.0587785780702998,0.000737190244890625,6.953295035737143,True,True,True,True,True,True
1705,1.4878810318178441,1.075164837444073,1.0551511283090036,0.0007233619695625,7.535778303239291,True,True,True,True,True,True
1706,1.307813829210704,0.9646246821412109,1.0448940563271232,0.00060415267859375,6.954009148302502,True,True,True,True,True,True
1707,1.5872844566830826,1.1771712284466445,1.1018740587811073,0.0006198883059375,7.790349791662258,True,True,True,True,True,True
1708,1.4178053643617896,1.0575601746050245,1.0715038381767987,0.000741481778890625,7.718156690722109,True,True,True,True,True,True
1709,1.5509924512440008,1.1128297894797732,1.07393879380734,0.000684261322796875,9.398473961202223,True,True,True,True,False,False
1710,1.3823599516421086,1.144144105728791,1.0732310845008972,0.00070762634028125,7.123302499896338,True,True,True,True,True,True
1711,1.411532356302396,1.1418886563171884,1.0454776845059905,0.000617504119984375,7.4918414242534705,True,True,True,True,True,True
1712,1.5706595223051156,1.1831832095321753,1.09234665067225,0.0005931854218281249,8.587730524340289,True,True,True,True,False,False
1713,1.90130840187339,1.382456109085627,1.1078798774931193,0.000699996945703125,9.907212517151804,True,True,True,True,False,False
1714,1.5495942264890412,1.0930875451475464,1.0242191293990757,0.0007128715506874998,7.307413636528746,True,True,True,True,True,True
1715,1.3042356705412015,1.0533936007508469,1.0661374822120147,0.0006413459767656249,6.572656004247734,True,True,True,True,True,True
1716,1.3504537271760624,1.0165631557416253,1.0664006833710145,0.00064754486209375,7.255345324099576,True,True,True,True,True,True
1717,1.4478153355862389,1.0592224591762847,1.0241706608826033,0.000586032867078125,7.575664817016889,True,True,True,True,True,True
1718,1.5955891992375604,1.1150684729614817,1.1353956778985874,0.0007495880108281249,8.99447819315751,True,True,True,True,False,False
1719,1.3323180273323771,1.0111316966558705,0.9993692580744684,0.00060224533025,6.685031806452256,True,True,True,True,True,True
1720,1.4660298617278738,1.1314387337490288,1.1113481856398804,0.0007228851297812499,9.090601702573077,True,True,True,True,False,False
1721,1.5006518034917058,1.2652838260603725,1.1149646463034386,0.000711441039140625,8.10694744814513,True,True,True,True,False,False
1722,1.307813829210704,0.9621276178319826,0.9878911972195636,0.0006809234624374999,6.52255511833946,True,True,True,True,True,True
1723,1.6341601481372319,1.195297571661528,1.1288273634053527,0.000710487365078125,10.300451447393879,True,True,True,True,False,False
1724,1.4124332796323298,1.0852575487679363,1.0487688782401317,0.0006723403907656249,6.916120521041452,True,True,True,True,True,True
1725,1.3601439853184092,1.0959275604817933,1.0523943838357568,0.000629901886296875,6.4294607732248,True,True,True,True,True,True
1726,1.4316996736387018,1.068325762838272,1.072970233473062,0.0005917549115781249,7.369452258494451,True,True,True,True,True,True
1727,1.43018746950262,1.0346666511322071,1.0975193329369919,0.0006341934202031249,7.674919590704618,True,True,True,True,True,True
1728,1.5510456979226355,1.0911414470980294,1.055262265612796,0.000755310058484375,7.9830346720973,True,True,True,True,True,True
1729,1.5537210058765034,1.2608695799657939,1.148182070887233,0.0006694793695156249,8.692084361342456,True,True,True,True,False,False
1730,1.4604377148799055,1.137236132287755,1.0891525677913152,0.000640869141515625,7.026907077943145,True,True,True,True,True,True
1731,1.3627358864660997,0.9056361727928507,1.0269968656608486,0.00060987472475,5.893989869225108,True,True,True,True,True,True
1732,1.3626949730103683,1.0070685820055016,1.025305250046657,0.00063228607309375,5.738430523052385,True,True,True,True,True,True
1733,1.2570352063509682,0.8567730791682514,1.0175033976149215,0.000597476958609375,6.979502108421987,True,True,True,True,True,True
1734,1.5424552811865369,1.2145790619006025,1.0846811557816882,0.00063991546571875,8.63507750013588,True,True,True,True,False,False
1735,1.225079868551317,0.9276507168895685,0.9768093473711703,0.00060272216646875,6.635020538441535,True,True,True,True,True,True
1736,1.2928845849420836,0.9937777936358717,1.0548454863450463,0.0006823539714375,6.129521071209497,True,True,True,True,True,True
1737,1.493462148658661,1.1521739499144843,1.0424855796166341,0.00059938430759375,7.949038819044399,True,True,True,True,True,True
1738,1.662904123905632,1.2871179207816785,1.0976617755247742,0.000646114348984375,9.253697977033465,True,True,True,True,False,False
1739,1.8402412377601685,1.3775862002728183,1.144089601599485,0.00064229965146875,9.853378162811147,True,True,True,True,False,False
1740,1.40781436164389,1.1030466106891743,1.1061883986294805,0.0006699562058906251,7.848357232608242,True,True,True,True,True,True
1741,1.5361899836468482,1.147849466391028,1.1163620222459738,0.0007157325750156249,9.945098368198131,True,True,True,True,False,False
1742,1.5650559608729346,1.1679841971462763,1.1006155234939188,0.0006718635521718749,8.353956969085877,True,True,True,True,False,False
1743,1.3367054263976972,0.9310645619964851,1.00406075064466,0.00055789947478125,6.52483830009732,True,True,True,True,True,True
1744,1.7097682421876295,1.301714911371866,1.1848075733512788,0.000684261322015625,10.670854072828682,True,True,True,True,False,False
1745,1.5003583524849384,1.1418581093190918,1.0445204296646675,0.00061321258571875,6.945873129310684,True,True,True,True,True,True
1746,1.6123798750027492,1.2642642977053216,1.142688821151035,0.0007944107054062499,9.843113368355176,True,True,True,True,False,False
1747,1.407329099956257,1.0417376977296997,1.107716807530063,0.0006785392773437499,6.5145899313921,True,True,True,True,True,True
1748,1.669827932291804,1.286709555401803,1.115691329748732,0.000718116757734375,11.328982219509454,True,True,True,True,False,False
1749,1.3031844144303464,0.9111721360080515,1.012488820140568,0.0005793571471250001,6.220973069175093,True,True,True,True,True,True
1750,1.344709138658367,1.023076863198053,1.0034345468314863,0.0006146430942031249,7.23886832537497,True,True,True,True,True,True
1751,1.8176284754308054,1.3263665801516533,1.1503602441725274,0.0007066726665781249,10.926858454426567,True,True,True,True,False,False
1752,1.38421552533308,1.0679374249717304,1.0983034851383249,0.0006017684924375,8.057340327015444,True,True,True,True,False,False
1753,1.5299754709675517,1.1794616508211766,1.110876530434913,0.00064611434796875,8.943840396616007,True,True,True,True,False,False
1754,1.566429256294507,1.239790580569015,1.1430561311110232,0.0006976127610624999,9.320308733748046,True,True,True,True,False,False
1755,1.38399221210464,1.045040866076982,1.0420138244272175,0.00067186355484375,6.987306876817035,True,True,True,True,True,True
1756,1.3945313240670405,1.0202324699907956,1.0374897491825859,0.00064420699928125,6.4752447231929455,True,True,True,True,True,True
1757,1.442864139934735,1.1946169909206181,1.1078318922510724,0.0006370544444531249,8.287058507901838,True,True,True,True,False,False
1758,1.2792317348807505,0.9347825729591407,0.9813046469341185,0.000516891478078125,5.774811198494375,True,True,True,True,True,True
1759,1.628166125592378,1.2188295353580898,1.1194065089995218,0.0006480216977656249,8.721395519568098,True,True,True,True,False,False
1760,1.5336586423280076,1.1550633450500172,1.1528490372523466,0.000765323636578125,10.238628704578451,True,True,True,True,False,False
1761,1.7265006604954987,1.2834688378938885,1.1653160520027783,0.00069332122715625,9.72830380204133,True,True,True,True,False,False
1762,1.395122793797757,1.010247625054619,1.1183413337973562,0.000649452208890625,7.73681469428305,True,True,True,True,True,True
1763,1.4113475972015395,1.1308182568017484,1.0986071730073734,0.0006065368647499999,7.24414408055016,True,True,True,True,True,True
1764,1.8194315634384026,1.4234637002412658,1.2117345717760812,0.000729560853453125,13.355996937675327,True,True,True,True,False,False
1765,1.4090138533575096,1.0313574144358244,1.088684190556282,0.0006632804856093749,7.292256701592855,True,True,True,True,True,True
1766,1.4231408106949466,1.1343570608360587,1.106881274833575,0.000626564023203125,8.252619143295231,True,True,True,True,False,False
1767,1.6465147760196304,1.148896173231746,1.1333220170683234,0.000745296477546875,9.121214291172004,True,True,True,True,False,False
1768,1.5613776442990592,1.2631284579736215,1.073209410495034,0.000651359557125,8.344942840774571,True,True,True,True,False,False
1769,1.6533537930041995,1.327510919998627,1.1433488678048518,0.0007176399189218751,10.048252676251519,True,True,True,True,False,False
1770,1.4931045785866073,1.1899383837120028,1.0511492918936516,0.0006580352744374999,7.806712535369815,True,True,True,True,True,True
1771,1.6206415444670406,1.3110871886290454,1.1468182338551811,0.000679016114265625,10.528168269745628,True,True,True,True,False,False
1772,1.242673638042895,0.9882796107534727,1.0228417333465925,0.00063180923453125,5.956426787074172,True,True,True,True,True,True
1773,1.714019025382659,1.32400432368294,1.1060755432099523,0.0006842613167500001,10.213211982132927,True,True,True,True,False,False
1774,1.3391890734437784,1.065969002487267,1.0773112841783983,0.000664234159328125,7.395808680981241,True,True,True,True,True,True
1775,1.5499418210780296,1.102272740886813,1.0445718072932937,0.0005741119364375,7.833953949203969,True,True,True,True,True,True
1776,1.237616191765796,0.8154681188922637,1.0141099338705817,0.000592708588203125,7.328552189732685,True,True,True,True,True,True
1777,1.4638576580454232,1.1130725183977621,1.0469283693514346,0.000619888307546875,6.89505557771645,True,True,True,True,True,True
1778,1.4410295690113992,1.031947495023351,1.0513091574106683,0.0007181167570468748,6.68562293839369,True,True,True,True,True,True
1779,1.5298780018845428,1.079723486403432,1.1158542352332317,0.00068521499503125,8.766354600374763,True,True,True,True,False,False
1780,1.564166250124456,1.2175660278975697,1.145835448445087,0.000655651092015625,8.675216829013243,True,True,True,True,False,False
1781,1.5138909549769008,1.2127329292625029,1.094565033973069,0.00065803527390625,7.6020718428244525,True,True,True,True,True,True
1782,1.4513443705026834,1.124063658435944,1.0369892404823713,0.0006561279287499999,7.677924653824544,True,True,True,True,True,True
1783,1.489519984548487,1.177982538755947,1.1105366126860559,0.0007014274567499999,7.739798796334299,True,True,True,True,True,True
1784,1.6155520559292593,1.1376554140986153,1.0896089392834332,0.00069952010940625,9.109775184923533,True,True,True,True,False,False
1785,1.6078790833758585,1.1784646443724471,1.0969085005211043,0.000648498534765625,8.43684166891601,True,True,True,True,False,False
1786,1.40781436164389,1.0402802148938077,1.0535794501728808,0.0006794929469375001,7.049415854690928,True,True,True,True,True,True
1787,1.7828283045632078,1.489944114084629,1.2104473613831541,0.0007662773111093749,12.393972288558842,True,True,True,True,False,False
1788,1.5564456509031823,1.1621621599458918,1.0956058207789248,0.0006299018843125,9.030957073781146,True,True,True,True,False,False
1789,1.6098511935934137,1.262422379526716,1.1363217451998806,0.00070714950471875,9.855366829735885,True,True,True,True,False,False
1790,1.3471829945510958,1.0414680523167825,1.003024114498507,0.0005083084078125001,6.754781080445437,True,True,True,True,True,True
1791,1.5150929217323905,1.1046082831010218,1.020079585298606,0.0006699562049999999,7.838126064868663,True,True,True,True,True,True
1792,1.405712848113015,1.1726726847390334,1.124618648021407,0.000758171080578125,8.005350526103683,True,True,True,True,False,False
1793,1.8923504357704073,1.404133207377804,1.1301254473901392,0.000701427459,12.446745751673092,True,True,True,True,False,False
1794,1.496605834540247,1.1726726847390334,1.1465135698850317,0.00067424774396875,8.91090289632686,True,True,True,True,False,False
1795,1.3414686211973166,1.0385304708566436,1.065575068475761,0.000688552854015625,6.868253180182627,True,True,True,True,True,True
1796,1.6243803576342108,1.2248704878739298,1.0801983830896957,0.0006399154648750001,8.222215801750357,True,True,True,True,False,False
1797,1.4730784296197066,1.0810439338372988,1.1038298126811958,0.000693798064390625,7.493133830382065,True,True,True,True,True,True
1798,1.2629840231312621,0.982127635958961,0.99474417736501,0.00059986114634375,6.0504578354499134,True,True,True,True,True,True
1799,1.5533056287133664,1.1912568243388815,1.1035449615624806,0.0006203651413593749,8.393441381579942,True,True,True,True,False,False
1800,1.4478153355862389,1.1493506434291498,1.0928393952140882,0.0006957054158125,7.351291400827269,True,True,True,True,True,True
1801,1.8379858894680272,1.3675587189451504,1.178917522940838,0.000720500945125,11.47745542953069,True,True,True,True,False,False
1802,1.5935086182034959,1.1473526417932118,1.0257711113831547,0.00064945220921875,7.277648125551921,True,True,True,True,True,True
1803,1.5409646401991282,1.1533333310447746,1.097997808120175,0.000682353973390625,8.26334998267395,True,True,True,True,False,False
1804,1.3356800184472042,1.0232959417185354,1.0492873735984278,0.000679969785765625,6.742665651003677,True,True,True,True,True,True
1805,1.3413913774643067,1.0334140380891907,1.0009217263326717,0.000516891478171875,7.2344656840899,True,True,True,True,True,True
1806,1.1970447724906974,0.8500000013212902,0.9917206639581543,0.0006279945380468751,5.841416247613507,True,True,True,True,True,True
1807,1.4598204316876442,1.1456082454075356,1.0997207551636525,0.0006375312778125,8.657626880875439,True,True,True,True,False,False
1808,1.4888862116474093,1.1130199475948996,1.1324446464066256,0.0006990432703437499,8.941014188522338,True,True,True,True,False,False
1809,1.3597012227493643,1.0493333532368592,1.0555336634447106,0.000703811644703125,6.7822547124405075,True,True,True,True,True,True
1810,1.6265352633576324,1.2051886969255965,1.1145087754597176,0.0008134841890000001,9.603635972327995,True,True,True,True,False,False
1811,1.4601267318965157,1.1283644018754424,1.1003406898618067,0.000718116758984375,7.235181243882553,True,True,True,True,True,True
1812,1.345308133322324,1.0119274659686497,1.0349107773833939,0.0005702972424218749,6.916000040838285,True,True,True,True,True,True
1813,1.450664700858396,1.0723327706085841,1.087031960136403,0.0007128715521249999,7.51331106930528,True,True,True,True,True,True
1814,1.3944709483019044,0.9656108006882762,1.071139576986942,0.0006947517419062499,6.639009368914332,True,True,True,True,True,True
1815,1.5341300965348088,1.1273854978838063,1.1260023026670403,0.0007076263392968749,8.26297745908167,True,True,True,True,False,False
1816,1.761547073765899,1.274327153546237,1.1266359488699385,0.00064468383971875,8.314806199938841,True,True,True,True,False,False
1817,1.5703124453392387,1.272874065768092,1.1114265598322384,0.000613212583171875,8.371993970431111,True,True,True,True,False,False
1818,1.478079976921971,1.0992578564925777,1.053732054591648,0.000616073609828125,7.095002024006071,True,True,True,True,True,True
1819,1.3045445991758768,1.0406002183858563,1.0114221578696068,0.000654220577921875,6.281947280956176,True,True,True,True,True,True
1820,1.469986198431934,1.1036649309691466,1.0232774730102874,0.000617980957625,8.595881187070589,True,True,True,True,False,False
1821,1.545899868092425,1.1253574902111063,1.0408879423364257,0.0006351470951875,7.898902468435775,True,True,True,True,True,True
1822,1.5254479009842468,1.1297709879508187,1.0731453067769574,0.0006294250502031249,7.155507890488601,True,True,True,True,True,True
1823,1.5943400793851694,1.2427536416239087,1.096043747721161,0.000695705414515625,8.206378115373402,True,True,True,True,False,False
1824,1.4046683077232627,0.9735557374015139,1.0338386663524717,0.000712394712640625,5.953902130440702,True,True,True,True,True,True
1825,1.58403630638268,1.286184196491228,1.1304739740341365,0.00067090987909375,9.19214409787939,True,True,True,True,False,False
1826,1.5599715951123243,1.1969093045114316,1.086781770516624,0.00064325332775,9.00566789222977,True,True,True,True,False,False
1827,1.4789124798511475,0.9892588888480217,1.1044957124853687,0.0005855560296406249,8.047718639138564,True,True,True,True,False,False
1828,1.2326573994982355,0.9206212021174064,1.0254142722451909,0.0006046295137812499,6.2108153812490725,True,True,True,True,True,True
1829,1.3425151714919643,0.9540322569776482,1.0244697351270622,0.0006432533245625,6.4878901292558915,True,True,True,True,True,True
1830,1.5710092767574013,1.1754736250262585,1.0641056398796007,0.0006279945323281249,7.684534815528429,True,True,True,True,True,True
1831,1.410149435169342,1.0861456459607344,1.0788133927709787,0.000720500945015625,7.587753270526162,True,True,True,True,True,True
1832,1.5925878301210645,1.1784646443724471,1.0551448047297527,0.0006422996525625,7.987455229015883,True,True,True,True,True,True
1833,1.5426498242533564,1.1199633370501159,1.0667690735567943,0.000683307645671875,8.11645868836713,True,True,True,True,False,False
1834,1.4136677081297955,1.0567056815775866,1.0044234472877196,0.000639915465390625,6.291436317402257,True,True,True,True,True,True
1835,1.5339816807988729,1.1555555654627363,1.1203338312619415,0.0007085800171874999,7.923020055824291,True,True,True,True,True,True
1836,1.4077261894393358,1.0410410187141692,1.0490166955006839,0.000630855560171875,7.308246623639384,True,True,True,True,True,True
1837,1.41381491524637,1.090212742401275,1.076932530141219,0.0007276535051562499,8.017879790644116,True,True,True,True,False,False
1838,1.6158910481655118,1.3129771371073176,1.1232775234599153,0.0008072853068906249,9.481050005557252,True,True,True,True,False,False
1839,1.4454284847846413,1.109895327909933,1.0730541165341392,0.00068998336709375,7.061412332202913,True,True,True,True,True,True
1840,1.5207681089235012,1.2120123333504125,1.1062869842446625,0.000710010527515625,7.861936872897018,True,True,True,True,True,True
1841,1.5140581131715893,1.0659340623367841,1.0706903705850972,0.000606536866671875,7.231050458202837,True,True,True,True,True,True
1842,1.3254115393727457,1.0458958801830671,1.0479492820044884,0.0006814002968124999,6.391728414696363,True,True,True,True,True,True
1843,1.5084350700874696,1.1758893314547643,1.1184610012266452,0.0006685256939218749,8.965171225890083,True,True,True,True,False,False
1844,1.4534972095691558,1.0564148500155939,0.9850921587356419,0.000697135923578125,7.524154947489168,True,True,True,True,True,True
1845,1.53047146169695,1.2120123333504125,1.0710400259457267,0.00067806243721875,9.205054309791882,True,True,True,True,False,False
1846,1.5857535598453485,1.2282502600739778,1.0928088698047198,0.00075626373240625,8.16361418966376,True,True,True,True,False,False
1847,1.3899114219843947,1.0315162304182233,1.0382420398950645,0.0006766319274062499,6.909926053589247,True,True,True,True,True,True
1848,1.4454284847846413,1.0592224591762847,1.0872178825744792,0.000661849974421875,7.436198409205617,True,True,True,True,True,True
1849,1.3887679638799026,1.1196029741245492,1.0631581018283218,0.00061225890959375,6.989901653569407,True,True,True,True,True,True
1850,1.618290815671599,1.185061845312282,1.0619912536544804,0.0006961822499999999,8.371060320653061,True,True,True,True,False,False
1851,1.4249659293690626,1.077966141769049,1.0465781090878166,0.0006318092348125001,7.0327404472568675,True,True,True,True,True,True
1852,1.850794128011092,1.4244354369655445,1.152074653224024,0.0006809234599374999,11.879786028193507,True,True,True,True,False,False
1853,1.5947854197141127,1.2303551606778353,1.0649256681530523,0.0005784034696093749,9.123156286314192,True,True,True,True,False,False
1854,1.3564454532461585,1.054415707242912,1.0776440761728412,0.000627994536046875,7.170116665065087,True,True,True,True,True,True
1855,1.3160896084340215,0.9646246821412109,1.0539272269257514,0.00060701370196875,6.148036623751173,True,True,True,True,True,True
1856,1.689978771045113,1.2723358540120342,1.108971248348226,0.0006923675504375,9.938112421449434,True,True,True,True,False,False
1857,1.28066161094954,0.9877740270635775,1.03216041349706,0.00064134597646875,6.988908615687697,True,True,True,True,True,True
1858,1.3661763711283723,1.0533333430423704,1.0001278428543559,0.000672340393515625,6.206107578761684,True,True,True,True,True,True
1859,1.4670883953855303,1.053494396205494,1.0411922786336536,0.000751018523078125,7.7587154028961,True,True,True,True,True,True
1860,1.7187699935511265,1.3116016534181112,1.10614093471248,0.0007615089425781251,9.166444785520762,True,True,True,True,False,False
1861,1.532630324005915,1.1575274272741498,1.1200205073618879,0.0006661415102968749,8.938728072673316,True,True,True,True,False,False
1862,1.461342453073081,1.1225806324963878,1.0965697486416988,0.0007119178758437499,8.378594853427142,True,True,True,True,False,False
1863,1.4086901901816697,1.1225296465404553,1.0273904394421378,0.000626087186921875,8.073536329304687,True,True,True,True,False,False
1864,1.5895931872191074,1.1180523225316341,1.1130231854930472,0.0007524490349218749,9.818714898708874,True,True,True,True,False,False
1865,1.53047146169695,1.1242802714460987,1.1050241167059052,0.0006957054114218749,7.823894487235806,True,True,True,True,True,True
1866,1.5925878301210645,1.2505133457100381,1.1295756282956637,0.0007224082954843749,9.893500717615366,True,True,True,True,False,False
1867,1.7119695782633537,1.3683060168780627,1.1162349932350848,0.00063800811859375,9.20763056195039,True,True,True,True,False,False
1868,1.4689289492219983,1.0727934077585317,1.0394674646716389,0.0006332397439375,8.38500608171866,True,True,True,True,False,False
1869,1.5122886786513132,1.2039473521108035,1.0837258661122147,0.000692844388640625,8.866681285301228,True,True,True,True,False,False
1870,1.5119841998564216,1.2180070986063722,1.0885280570532472,0.0006680488552968751,7.833644946456626,True,True,True,True,True,True
1871,1.7833199384974519,1.2958115256001976,1.1146223104330026,0.0007038116424375,11.299439593723093,True,True,True,True,False,False
1872,1.3877898549497327,1.0119641427247361,1.0536642302070631,0.000655651090765625,7.500729509584254,True,True,True,True,True,True
1873,1.582160881153778,1.1769691346993527,1.05537380022297,0.000623703003390625,7.346890182870092,True,True,True,True,True,True
1874,1.6034348915478573,1.2065217451135934,1.1352284492817535,0.000658512113671875,9.677394291172897,True,True,True,True,False,False
1875,1.5176497097186072,1.1273885008476745,1.1055564154480668,0.0007133483878437499,9.279920239326747,True,True,True,True,False,False
1876,1.5335440350128797,1.1856845988188902,1.0895629033259822,0.0006012916545,8.74310116580046,True,True,True,True,False,False
1877,1.5599715951123243,1.1414285683969743,1.0878800603238887,0.000662326812265625,8.471978243485658,True,True,True,True,False,False
1878,1.6656984840943663,1.1904762147057089,1.1331566027405187,0.0006389617904531249,9.19256600239664,True,True,True,True,False,False
1879,1.4675279320017465,1.1280547331301856,1.0609631144887042,0.00063180923471875,7.1578781187689975,True,True,True,True,True,True
1880,1.615970762041472,1.1837732095655333,1.0871914004365235,0.00074005126575,8.024410230868217,True,True,True,True,False,False
1881,1.4539800452918135,1.180458657269906,1.0858592973170988,0.00061655044465625,7.822075585956078,True,True,True,True,True,True
1882,1.3872712347971328,1.050751872376279,1.0189514561889326,0.0005769729607187499,7.21269744715109,True,True,True,True,True,True
1883,1.6807656603170165,1.2204969270671147,1.1167854862803188,0.0006785392729062499,8.021310770182572,True,True,True,True,False,False
1884,1.5443770552284084,1.1612903237984242,1.0642704719768659,0.000715732573875,8.424104600975287,True,True,True,True,False,False
1885,1.4061295181438345,1.019279147933103,1.032492343929606,0.00064706802340625,6.953665962165542,True,True,True,True,True,True
1886,1.4422328508701554,1.1779661411480824,1.0921586391607154,0.000782966610640625,6.6766730675956865,True,True,True,True,True,True
1887,1.4411669554747206,1.0359858246261604,1.052762182270912,0.0006356239320781251,6.4869344409293035,True,True,True,True,True,True
1888,1.5805149905654015,1.1593433074473252,1.0730200708379791,0.0006642341609687499,8.671269988516853,True,True,True,True,False,False
1889,1.4273764737587757,1.007240256020248,1.0143146313858318,0.000690460202765625,7.322100456869482,True,True,True,True,True,True
1890,1.3732792243376382,1.0345849646233498,1.0493556379346636,0.000718116760609375,6.792825336737608,True,True,True,True,True,True
1891,1.4404380567615687,1.0931593377070896,1.0902458900433003,0.00071525573878125,8.272479532088022,True,True,True,True,False,False
1892,1.8488687835833533,1.37704919074858,1.1860685752975022,0.0006084442111875,11.772863491605172,True,True,True,True,False,False
1893,1.4536910303778563,1.0741410917255168,0.9859508514629416,0.0006570816009999999,7.23310385222424,True,True,True,True,True,True
1894,1.5438412260502985,1.1146526896027076,1.1445112357337173,0.000613212585171875,8.708117265301043,True,True,True,True,False,False
1895,1.4556266573286796,1.1286939926275747,1.169322663677684,0.0007057189943906249,7.776634032084573,True,True,True,True,True,True
1896,1.4273764737587757,1.0473661084125017,1.0920468741541045,0.0007009506211875,7.340762783702065,True,True,True,True,True,True
1897,1.398598104185779,1.0470692821738907,1.0632531236189406,0.0006132125856406249,6.474300232339028,True,True,True,True,True,True
1898,1.4751010364100663,1.0384267774418678,1.070623033042811,0.0006489753738281249,7.314195911538415,True,True,True,True,True,True
1899,1.4936364001718558,1.1335877798748324,1.099410663363868,0.0007467269895624999,8.251220827411133,True,True,True,True,False,False
1900,1.3772125636578487,1.0980018847055908,1.0846938489313827,0.000620365141703125,7.0647657794100365,True,True,True,True,True,True
1901,1.4204311491237211,1.0887404415462967,1.065921922311893,0.0006294250476875,7.196240193993724,True,True,True,True,True,True
1902,1.5418218904517118,1.1026808417799334,1.0435250291459335,0.000561714173734375,7.793092964181308,True,True,True,True,True,True
1903,1.5547626623524864,1.1409112012611602,1.108058092990952,0.000671386717296875,8.903162256050708,True,True,True,True,False,False
1904,1.9620047293751584,1.4183617696766615,1.1815811343929377,0.000716209411390625,11.328095933372193,True,True,True,True,False,False
1905,1.4069801206982846,1.0085179359452559,0.9869485175490761,0.0006175041201718749,6.9094027684037504,True,True,True,True,True,True
1906,1.6316712375066322,1.2514822177421303,1.1400708800436545,0.00075960159146875,9.810057186761398,True,True,True,True,False,False
1907,1.5903902405280161,1.224637703282024,1.0955321978083508,0.0006771087627343751,8.501437162806182,True,True,True,True,False,False
1908,1.4090864447867513,1.0774617164357376,1.0536970924794693,0.000706672669125,7.047677682486463,True,True,True,True,True,True
1909,2.0236567036924895,1.4771929552251162,1.2209707865094717,0.0008020401008749999,13.328019390835765,False,True,True,True,False,False
1910,1.6123264501354782,1.2337986411243969,1.1195887332768564,0.000715732574953125,9.565921795669654,True,True,True,True,False,False
1911,1.4987072755988617,1.1456082454075356,1.0649841228203263,0.0007100105259999999,8.10500798715267,True,True,True,True,False,False
1912,1.3738633998480145,1.0326086518749475,1.0244089303744666,0.00064373016509375,6.426070679260515,True,True,True,True,True,True
1913,1.7336989228924606,1.2960172241870873,1.2351719124849176,0.0007410049438906249,11.828286346094675,True,True,True,True,False,False
1914,1.5424109492803137,1.2603550251530535,1.1095976720376668,0.000605583190546875,8.56896911814072,True,True,True,True,False,False
1915,1.4995539048203266,1.141929481928205,1.12200378678252,0.00074434280275,8.664202202216808,True,True,True,True,False,False
1916,1.6492110508854982,1.2459103114758379,1.1113463057261428,0.0006155967704218749,9.547748733407285,True,True,True,True,False,False
1917,1.6164557445729602,1.2256728973357514,1.1414288492378253,0.0006504058839375,10.653396660086198,True,True,True,True,False,False
1918,1.2938494673376388,0.9023972330118231,1.0501724217585902,0.000640392302125,5.874120258615777,True,True,True,True,True,True
1919,1.5150929217323905,1.0983302151045886,1.0423389149174915,0.0007119178762812499,7.592804284885493,True,True,True,True,True,True
1920,1.3955027428237572,1.0068317500364128,1.0326150538638206,0.00066614151015625,6.024585058842323,True,True,True,True,True,True
1921,1.8104462795902,1.4353932408453483,1.1549868615984322,0.0006771087615937499,10.289531642091193,True,True,True,True,False,False
1922,1.2670279706978578,0.9441391511685396,0.9929680737434564,0.000572204591078125,6.453823482343688,True,True,True,True,True,True
1923,1.3635168882346937,1.041333337216948,1.0893327394384993,0.000630855557890625,7.284662119371603,True,True,True,True,True,True
1924,1.4311922142456805,1.079777311352227,1.0391075960292049,0.00062942504740625,7.162603908489455,True,True,True,True,True,True
1925,1.4821262142804201,1.1529411503050315,1.0829935131164983,0.0007538795469375,7.629704376563874,True,True,True,True,True,True
1926,1.4390575442541031,1.0827517802694817,1.066897269039494,0.00057077407871875,7.7391264193934655,True,True,True,True,True,True
1927,1.4482815746756599,1.1271753872633692,1.0745770659154321,0.000698089599734375,7.403627216355792,True,True,True,True,True,True
1928,1.646537146104566,1.2518968354614277,1.1664133983142215,0.000741481778890625,10.341154726743419,True,True,True,True,False,False
1929,1.531107426807131,1.254975802753208,1.0654584724593634,0.000612735748046875,7.911764146872247,True,True,True,True,True,True
1930,1.4242883650617613,1.055805593851661,1.0435759286958808,0.000679969786234375,7.224790403371788,True,True,True,True,True,True
1931,1.3576536057504007,1.0366568776404286,1.0354774050668312,0.00058078765675,6.9329732117119525,True,True,True,True,True,True
1932,1.5135133586186498,1.089089978007973,1.0805440625511253,0.0006279945362499999,7.064129422449037,True,True,True,True,True,True
1933,1.8258775126426472,1.3313609547245038,1.168623642254185,0.000746250150265625,11.12580493809599,True,True,True,True,False,False
1934,1.5276106417431201,1.1309631401725557,1.1178646045028584,0.000710487363125,8.373238024627032,True,True,True,True,False,False
1935,1.4120279004911742,0.9476021055680776,1.0534448808275536,0.00063991546575,6.128157477210405,True,True,True,True,True,True
1936,1.6020195426677954,1.1335806790392715,1.0988575627814803,0.00067901611084375,9.304478325267192,True,True,True,True,False,False
1937,1.6604519387243588,1.3116016534181112,1.128979233509294,0.00074672699034375,9.701116009068572,True,True,True,True,False,False
1938,1.4998402477090893,1.0221519170169624,1.0560911951649778,0.000651359558234375,7.568189151340257,True,True,True,True,True,True
1939,1.6386291254018155,1.2298716255317392,1.1159107471518137,0.0005726814248437499,8.312004422099873,True,True,True,True,False,False
1940,1.4784758579285844,1.134632438956538,1.069247710199946,0.0006356239319374999,8.152219876435423,True,True,True,True,False,False
1941,1.4643438934803363,1.0707259368211937,1.0524754818144184,0.000629901885953125,6.635723543728147,True,True,True,True,True,True
1942,1.460729494752286,1.0635555683391211,1.03718546703291,0.0007052421561249999,7.8645483824210105,True,True,True,True,True,True
1943,1.3666223894860283,1.0267446717596056,1.041781863157881,0.0007433891305781248,6.721145453514975,True,True,True,True,True,True
1944,1.6377961314671612,1.332258096624905,1.164201821704521,0.0006814002980468749,10.511152648032809,True,True,True,True,False,False
1945,1.6415032692685327,1.289020453722166,1.1417912556830745,0.0006136894208749999,9.077829722826019,True,True,True,True,False,False
1946,1.4469360220508491,1.101265864038274,1.0882127858000377,0.0006861686703437499,7.410524983198497,True,True,True,True,True,True
1947,1.1681383106547263,0.8198160156332943,0.9401755828506381,0.000620841978359375,6.89051703860058,True,True,True,True,True,True
1948,1.3953311936497612,0.9686560505288466,1.0201293804131741,0.000689506529484375,6.447430909050565,True,True,True,True,True,True
1949,1.4079556540720803,1.1699604766759675,1.0744569062802865,0.00068998336771875,7.277089403496699,True,True,True,True,True,True
1950,1.4554312849550375,1.06057869445883,1.0293608564408292,0.0006513595563437499,6.967780632710241,True,True,True,True,True,True
1951,1.477101151347708,1.1146560683038036,1.139797238574262,0.0006465911872343749,8.485978776142845,True,True,True,True,False,False
1952,1.681279938144227,1.166030530770934,1.1859840597362838,0.0007524490328906249,9.671621948210932,True,True,True,True,False,False
1953,1.6349956842360656,1.2769709790748784,1.0894391411953777,0.000689506529546875,8.6216576031007,True,True,True,True,False,False
1954,1.4223354308237004,0.9955377250778521,1.0424143771142682,0.00066709518453125,7.633171007574675,True,True,True,True,True,True
1955,1.675372249959154,1.3225806667565734,1.0989718733410578,0.0006432533244375,10.053486065551901,True,True,True,True,False,False
1956,1.5747380156852362,1.1698629867455312,1.1556272982060434,0.0008101463304687499,10.227839969143956,True,True,True,True,False,False
1957,1.6025626096593364,1.2248704878739298,1.1277710764934612,0.000661849974546875,8.846359501602592,True,True,True,True,False,False
1958,1.4141992481498422,1.0404085168513513,1.0242165237770398,0.00059938430534375,6.743758567149798,True,True,True,True,True,True
1959,1.4886331264327435,1.0935621992868108,1.080739582027817,0.0007147788975156249,7.632783694495802,True,True,True,True,True,True
1960,1.460885158744327,1.045004504272869,1.0821194910872576,0.0006804466228906251,6.945722614560779,True,True,True,True,True,True
1961,1.5954886665274202,1.1997929611892544,1.0784477547702527,0.00056028366065625,9.423003675724802,True,True,True,True,False,False
1962,1.4083396272638,0.9858368412436878,1.0608993290943347,0.0006937980645156251,7.309916037752025,True,True,True,True,True,True
1963,1.3877732684339035,1.0043140386735343,1.0815746785770297,0.000633239744671875,7.051966369204755,True,True,True,True,True,True
1964,1.4120279004911742,1.079162817892818,1.0826843204026562,0.0006833076469375,6.537933608351661,True,True,True,True,True,True
1965,1.4128616238153229,1.1246261327910985,1.0733033960437168,0.000670433045046875,7.158198007430587,True,True,True,True,True,True
1966,1.436263720819421,1.0128866356665613,1.022189699520191,0.000650405882109375,5.919278369910649,True,True,True,True,True,True
1967,1.4183496733099028,1.167701860720394,1.0453077149331467,0.000657558441953125,7.7165771740237075,True,True,True,True,True,True
1968,1.3793521866395817,1.0200764778822575,1.0595189237325742,0.00063753127915625,6.923865790676973,True,True,True,True,True,True
1969,1.6689576301107392,1.2741935526493235,1.1216255400271653,0.0006780624380468749,10.111321090286882,True,True,True,True,False,False
1970,1.548067774439456,1.152235948303882,1.0316894757397441,0.0007205009439375,7.97784035545467,True,True,True,True,True,True
1971,1.5134228915943928,1.1573499201831208,1.0717393011817185,0.0006003379805156249,8.018103181170442,True,True,True,True,False,False
1972,1.4736704578750224,1.0960111116346156,1.1085589733203225,0.0006766319268125,8.034421875736058,True,True,True,True,False,False
1973,1.5657361903450842,1.1734795794588087,1.1162323601297728,0.0006690025324374999,8.848412459488681,True,True,True,True,False,False
1974,1.6303270213091838,1.2679528604392247,1.1246138586801455,0.000680923461359375,9.518120018483406,True,True,True,True,False,False
1975,1.454532154610299,1.0193132474408615,1.0094180859033548,0.0006713867183124999,6.846922098875852,True,True,True,True,True,True
1976,1.4250917518580954,1.0491803292593105,1.0585387896147194,0.000712871547140625,7.766124351854889,True,True,True,True,True,True
1977,1.435432842081765,1.040036292272656,1.0350353200951252,0.0006780624354999999,8.051217794362945,True,True,True,True,False,False
1978,1.4478153355862389,1.0728110240007478,1.080337197024255,0.0007004737822187499,7.864577696865935,True,True,True,True,True,True
1979,1.5564637473474474,1.1344912737025867,1.0855584965700869,0.0006718635555781249,8.509621811417134,True,True,True,True,False,False
1980,1.408058892257161,1.069230737865647,1.0840604772798996,0.00061464309584375,7.875143586710606,True,True,True,True,True,True
1981,1.4262111230146686,1.1107127348627368,1.0248820856245515,0.00065994262559375,6.168760187591074,True,True,True,True,True,True
1982,1.5252253617656886,1.2388620568762256,1.057091345148376,0.000589370726890625,8.996465989732997,True,True,True,True,False,False
1983,1.624527412090105,1.200753514094649,1.0581012568207744,0.0005846023541875,9.29027662645855,True,True,True,True,False,False
1984,1.6028667365733529,1.1991890675587313,1.1566552717663392,0.0006899833675156248,8.308736543008346,True,True,True,True,False,False
1985,1.4283151913253966,1.0671111221146863,1.0475297478729086,0.00065851211275,6.859840245316618,True,True,True,True,True,True
1986,1.9229602517433433,1.4724137884278716,1.1990624644695929,0.0007085800143125001,13.158131189080862,True,True,True,True,False,False
1987,1.4496354698952036,1.1316793878212223,1.085093902968585,0.0006465911855625,7.555549775372707,True,True,True,True,True,True
1988,1.798671320006705,1.3260869749572421,1.1248909322997256,0.000765323637328125,10.892771397985513,True,True,True,True,False,False
1989,1.22810560793873,0.9331562816909645,0.9727716808267378,0.000557422636828125,6.7764845040522275,True,True,True,True,True,True
1990,1.3735414426856842,1.0119274659686497,1.0668356948322302,0.00064992904675,7.112681268222761,True,True,True,True,True,True
1991,1.4915781923601714,1.2043121056464545,1.0692963015425871,0.0006132125875,8.16217938436549,True,True,True,True,False,False
1992,1.8711799313738386,1.3702246945902794,1.1666741633044906,0.0006537437421562499,10.809500608487044,True,True,True,True,False,False
1993,1.5951593401367086,1.221649493503837,1.0848695992164077,0.0006661415089374999,9.395521208277234,True,True,True,True,False,False
1994,1.7260979421322775,1.3530726178236134,1.1850864244559862,0.00076389312153125,11.454385455085163,True,True,True,True,False,False
1995,1.5010651059976814,1.1655470723190107,1.0578654668503056,0.00063467025534375,8.358965223417867,True,True,True,True,False,False
1996,1.536189406190593,1.0746780649610808,1.0301034456832205,0.000635623933015625,6.877641239403646,True,True,True,True,True,True
1997,1.3383072428538472,0.9923760966948836,1.0497710829974753,0.0006303787224375,6.540105904015041,True,True,True,True,True,True
1998,1.7593794776582012,1.27207394963841,1.1378223676359944,0.0006918907135625,11.902022083580816,True,True,True,True,False,False
1999,1.6354321593427574,1.283937864740316,1.1198573112263608,0.000692844390203125,9.880243768747034,True,True,True,True,False,False
